Timestamp,Lot_ID,Wafer_ID,Address,Step_Name,Phase,Dose_atoms_cm2_e13,Energy_keV,Beam_Current_mA,Tilt_Angle_deg,Status
09:00:00,,,step_13,LDD_이온주입,IDLE,0.2466000794658193,1.4992366082606714,0.6003946219930394,0.3472779949021055,NORMAL
09:00:05,,,step_13,LDD_이온주입,IDLE,0.2466000794658193,1.4992366082606714,0.6003946219930394,0.3472779949021055,NORMAL
09:00:10,,,step_13,LDD_이온주입,IDLE,0.2466000794658193,1.4992366082606714,0.6003946219930394,0.3472779949021055,NORMAL
09:00:15,,,step_13,LDD_이온주입,IDLE,0.2466000794658193,1.4992366082606714,0.6003946219930394,0.3472779949021055,NORMAL
09:00:20,,,step_13,LDD_이온주입,IDLE,0.2466000794658193,1.4992366082606714,0.6003946219930394,0.3472779949021055,NORMAL
09:00:25,,,step_13,LDD_이온주입,IDLE,0.2466000794658193,1.4992366082606714,0.6003946219930394,0.3472779949021055,NORMAL
09:00:30,,,step_13,LDD_이온주입,IDLE,0.2466000794658193,1.4992366082606714,0.6003946219930394,0.3472779949021055,NORMAL
09:00:35,,,step_13,LDD_이온주입,IDLE,0.2466000794658193,1.4992366082606714,0.6003946219930394,0.3472779949021055,NORMAL
09:00:40,,,step_13,LDD_이온주입,IDLE,0.2466000794658193,1.4992366082606714,0.6003946219930394,0.3472779949021055,NORMAL
09:00:45,,,step_13,LDD_이온주입,IDLE,0.2466000794658193,1.4992366082606714,0.6003946219930394,0.3472779949021055,NORMAL
09:00:50,,,step_13,LDD_이온주입,IDLE,0.2466000794658193,1.4992366082606714,0.6003946219930394,0.3472779949021055,NORMAL
09:00:55,,,step_13,LDD_이온주입,IDLE,0.2466000794658193,1.4992366082606714,0.6003946219930394,0.3472779949021055,NORMAL
09:01:00,,,step_13,LDD_이온주입,IDLE,0.2466000794658193,1.4992366082606714,0.6003946219930394,0.3472779949021055,NORMAL
09:01:05,,,step_13,LDD_이온주입,IDLE,0.2466000794658193,1.4992366082606714,0.6003946219930394,0.3472779949021055,NORMAL
09:01:10,,,step_13,LDD_이온주입,IDLE,0.2466000794658193,1.4992366082606714,0.6003946219930394,0.3472779949021055,NORMAL
09:01:15,,,step_13,LDD_이온주입,IDLE,0.2466000794658193,1.4992366082606714,0.6003946219930394,0.3472779949021055,NORMAL
09:01:20,,,step_13,LDD_이온주입,IDLE,0.2466000794658193,1.4992366082606714,0.6003946219930394,0.3472779949021055,NORMAL
09:01:25,,,step_13,LDD_이온주입,IDLE,0.2466000794658193,1.4992366082606714,0.6003946219930394,0.3472779949021055,NORMAL
09:01:30,,,step_13,LDD_이온주입,IDLE,0.2466000794658193,1.4992366082606714,0.6003946219930394,0.3472779949021055,NORMAL
09:01:35,,,step_13,LDD_이온주입,IDLE,0.2466000794658193,1.4992366082606714,0.6003946219930394,0.3472779949021055,NORMAL
09:01:40,,,step_13,LDD_이온주입,IDLE,0.2466000794658193,1.4992366082606714,0.6003946219930394,0.3472779949021055,NORMAL
09:01:45,,,step_13,LDD_이온주입,IDLE,0.2466000794658193,1.4992366082606714,0.6003946219930394,0.3472779949021055,NORMAL
09:01:50,,,step_13,LDD_이온주입,IDLE,0.2466000794658193,1.4992366082606714,0.6003946219930394,0.3472779949021055,NORMAL
09:01:55,,,step_13,LDD_이온주입,IDLE,0.2466000794658193,1.4992366082606714,0.6003946219930394,0.3472779949021055,NORMAL
09:02:00,,,step_13,LDD_이온주입,IDLE,0.2466000794658193,1.4992366082606714,0.6003946219930394,0.3472779949021055,NORMAL
09:02:05,,,step_13,LDD_이온주입,IDLE,0.2466000794658193,1.4992366082606714,0.6003946219930394,0.3472779949021055,NORMAL
09:02:10,,,step_13,LDD_이온주입,IDLE,0.2466000794658193,1.4992366082606714,0.6003946219930394,0.3472779949021055,NORMAL
09:02:15,,,step_13,LDD_이온주입,IDLE,0.2466000794658193,1.4992366082606714,0.6003946219930394,0.3472779949021055,NORMAL
09:02:20,,,step_13,LDD_이온주입,IDLE,0.2466000794658193,1.4992366082606714,0.6003946219930394,0.3472779949021055,NORMAL
09:02:25,,,step_13,LDD_이온주입,IDLE,0.2466000794658193,1.4992366082606714,0.6003946219930394,0.3472779949021055,NORMAL
09:02:30,,,step_13,LDD_이온주입,IDLE,0.2466000794658193,1.4992366082606714,0.6003946219930394,0.3472779949021055,NORMAL
09:02:35,,,step_13,LDD_이온주입,IDLE,0.2466000794658193,1.4992366082606714,0.6003946219930394,0.3472779949021055,NORMAL
09:02:40,,,step_13,LDD_이온주입,IDLE,0.2466000794658193,1.4992366082606714,0.6003946219930394,0.3472779949021055,NORMAL
09:02:45,,,step_13,LDD_이온주입,IDLE,0.2466000794658193,1.4992366082606714,0.6003946219930394,0.3472779949021055,NORMAL
09:02:50,,,step_13,LDD_이온주입,IDLE,0.2466000794658193,1.4992366082606714,0.6003946219930394,0.3472779949021055,NORMAL
09:02:55,,,step_13,LDD_이온주입,IDLE,0.2466000794658193,1.4992366082606714,0.6003946219930394,0.3472779949021055,NORMAL
09:03:00,,,step_13,LDD_이온주입,IDLE,0.2466000794658193,1.4992366082606714,0.6003946219930394,0.3472779949021055,NORMAL
09:03:05,,,step_13,LDD_이온주입,IDLE,0.2466000794658193,1.4992366082606714,0.6003946219930394,0.3472779949021055,NORMAL
09:03:10,,,step_13,LDD_이온주입,IDLE,0.2466000794658193,1.4992366082606714,0.6003946219930394,0.3472779949021055,NORMAL
09:03:15,,,step_13,LDD_이온주입,IDLE,0.2466000794658193,1.4992366082606714,0.6003946219930394,0.3472779949021055,NORMAL
09:03:20,,,step_13,LDD_이온주입,IDLE,0.2466000794658193,1.4992366082606714,0.6003946219930394,0.3472779949021055,NORMAL
09:03:25,,,step_13,LDD_이온주입,IDLE,0.2466000794658193,1.4992366082606714,0.6003946219930394,0.3472779949021055,NORMAL
09:03:30,,,step_13,LDD_이온주입,IDLE,0.2466000794658193,1.4992366082606714,0.6003946219930394,0.3472779949021055,NORMAL
09:03:35,,,step_13,LDD_이온주입,IDLE,0.2466000794658193,1.4992366082606714,0.6003946219930394,0.3472779949021055,NORMAL
09:03:40,,,step_13,LDD_이온주입,IDLE,0.2466000794658193,1.4992366082606714,0.6003946219930394,0.3472779949021055,NORMAL
09:03:45,,,step_13,LDD_이온주입,IDLE,0.2466000794658193,1.4992366082606714,0.6003946219930394,0.3472779949021055,NORMAL
09:03:50,,,step_13,LDD_이온주입,IDLE,0.2466000794658193,1.4992366082606714,0.6003946219930394,0.3472779949021055,NORMAL
09:03:55,,,step_13,LDD_이온주입,IDLE,0.2466000794658193,1.4992366082606714,0.6003946219930394,0.3472779949021055,NORMAL
09:04:00,,,step_13,LDD_이온주입,IDLE,0.2466000794658193,1.4992366082606714,0.6003946219930394,0.3472779949021055,NORMAL
09:04:05,,,step_13,LDD_이온주입,IDLE,0.2466000794658193,1.4992366082606714,0.6003946219930394,0.3472779949021055,NORMAL
09:04:10,,,step_13,LDD_이온주입,IDLE,0.2466000794658193,1.4992366082606714,0.6003946219930394,0.3472779949021055,NORMAL
09:04:15,,,step_13,LDD_이온주입,IDLE,0.2466000794658193,1.4992366082606714,0.6003946219930394,0.3472779949021055,NORMAL
09:04:20,,,step_13,LDD_이온주입,IDLE,0.2466000794658193,1.4992366082606714,0.6003946219930394,0.3472779949021055,NORMAL
09:04:25,,,step_13,LDD_이온주입,IDLE,0.2466000794658193,1.4992366082606714,0.6003946219930394,0.3472779949021055,NORMAL
09:04:30,,,step_13,LDD_이온주입,IDLE,0.2466000794658193,1.4992366082606714,0.6003946219930394,0.3472779949021055,NORMAL
09:04:35,,,step_13,LDD_이온주입,IDLE,0.2466000794658193,1.4992366082606714,0.6003946219930394,0.3472779949021055,NORMAL
09:04:40,,,step_13,LDD_이온주입,IDLE,0.2466000794658193,1.4992366082606714,0.6003946219930394,0.3472779949021055,NORMAL
09:04:45,,,step_13,LDD_이온주입,IDLE,0.2466000794658193,1.4992366082606714,0.6003946219930394,0.3472779949021055,NORMAL
09:04:50,,,step_13,LDD_이온주입,IDLE,0.2466000794658193,1.4992366082606714,0.6003946219930394,0.3472779949021055,NORMAL
09:04:55,,,step_13,LDD_이온주입,IDLE,0.2466000794658193,1.4992366082606714,0.6003946219930394,0.3472779949021055,NORMAL
09:05:00,,,step_13,LDD_이온주입,IDLE,0.2466000794658193,1.4992366082606714,0.6003946219930394,0.3472779949021055,NORMAL
09:05:05,,,step_13,LDD_이온주입,IDLE,0.2466000794658193,1.4992366082606714,0.6003946219930394,0.3472779949021055,NORMAL
09:05:10,,,step_13,LDD_이온주입,IDLE,0.2466000794658193,1.4992366082606714,0.6003946219930394,0.3472779949021055,NORMAL
09:05:15,,,step_13,LDD_이온주입,IDLE,0.2466000794658193,1.4992366082606714,0.6003946219930394,0.3472779949021055,NORMAL
09:05:20,,,step_13,LDD_이온주입,IDLE,0.2466000794658193,1.4992366082606714,0.6003946219930394,0.3472779949021055,NORMAL
09:05:25,,,step_13,LDD_이온주입,IDLE,0.2466000794658193,1.4992366082606714,0.6003946219930394,0.3472779949021055,NORMAL
09:05:30,,,step_13,LDD_이온주입,IDLE,0.2466000794658193,1.4992366082606714,0.6003946219930394,0.3472779949021055,NORMAL
09:05:35,,,step_13,LDD_이온주입,IDLE,0.2466000794658193,1.4992366082606714,0.6003946219930394,0.3472779949021055,NORMAL
09:05:40,,,step_13,LDD_이온주입,IDLE,0.2466000794658193,1.4992366082606714,0.6003946219930394,0.3472779949021055,NORMAL
09:05:45,,,step_13,LDD_이온주입,IDLE,0.2466000794658193,1.4992366082606714,0.6003946219930394,0.3472779949021055,NORMAL
09:05:50,,,step_13,LDD_이온주입,IDLE,0.2466000794658193,1.4992366082606714,0.6003946219930394,0.3472779949021055,NORMAL
09:05:55,,,step_13,LDD_이온주입,IDLE,0.2466000794658193,1.4992366082606714,0.6003946219930394,0.3472779949021055,NORMAL
09:06:00,,,step_13,LDD_이온주입,IDLE,0.2466000794658193,1.4992366082606714,0.6003946219930394,0.3472779949021055,NORMAL
09:06:05,,,step_13,LDD_이온주입,IDLE,0.2466000794658193,1.4992366082606714,0.6003946219930394,0.3472779949021055,NORMAL
09:06:10,,,step_13,LDD_이온주입,IDLE,0.2466000794658193,1.4992366082606714,0.6003946219930394,0.3472779949021055,NORMAL
09:06:15,,,step_13,LDD_이온주입,IDLE,0.2466000794658193,1.4992366082606714,0.6003946219930394,0.3472779949021055,NORMAL
09:06:20,,,step_13,LDD_이온주입,IDLE,0.2466000794658193,1.4992366082606714,0.6003946219930394,0.3472779949021055,NORMAL
09:06:25,,,step_13,LDD_이온주입,IDLE,0.2466000794658193,1.4992366082606714,0.6003946219930394,0.3472779949021055,NORMAL
09:06:30,,,step_13,LDD_이온주입,IDLE,0.2466000794658193,1.4992366082606714,0.6003946219930394,0.3472779949021055,NORMAL
09:06:35,,,step_13,LDD_이온주입,IDLE,0.2466000794658193,1.4992366082606714,0.6003946219930394,0.3472779949021055,NORMAL
09:06:40,,,step_13,LDD_이온주입,IDLE,0.2466000794658193,1.4992366082606714,0.6003946219930394,0.3472779949021055,NORMAL
09:06:45,,,step_13,LDD_이온주입,IDLE,0.2466000794658193,1.4992366082606714,0.6003946219930394,0.3472779949021055,NORMAL
09:06:50,,,step_13,LDD_이온주입,IDLE,0.2466000794658193,1.4992366082606714,0.6003946219930394,0.3472779949021055,NORMAL
09:06:55,,,step_13,LDD_이온주입,IDLE,0.2466000794658193,1.4992366082606714,0.6003946219930394,0.3472779949021055,NORMAL
09:07:00,,,step_13,LDD_이온주입,IDLE,0.2466000794658193,1.4992366082606714,0.6003946219930394,0.3472779949021055,NORMAL
09:07:05,,,step_13,LDD_이온주입,IDLE,0.2466000794658193,1.4992366082606714,0.6003946219930394,0.3472779949021055,NORMAL
09:07:10,,,step_13,LDD_이온주입,IDLE,0.2466000794658193,1.4992366082606714,0.6003946219930394,0.3472779949021055,NORMAL
09:07:15,,,step_13,LDD_이온주입,IDLE,0.2466000794658193,1.4992366082606714,0.6003946219930394,0.3472779949021055,NORMAL
09:07:20,,,step_13,LDD_이온주입,IDLE,0.2466000794658193,1.4992366082606714,0.6003946219930394,0.3472779949021055,NORMAL
09:07:25,,,step_13,LDD_이온주입,IDLE,0.2466000794658193,1.4992366082606714,0.6003946219930394,0.3472779949021055,NORMAL
09:07:30,,,step_13,LDD_이온주입,IDLE,0.2466000794658193,1.4992366082606714,0.6003946219930394,0.3472779949021055,NORMAL
09:07:35,,,step_13,LDD_이온주입,IDLE,0.2466000794658193,1.4992366082606714,0.6003946219930394,0.3472779949021055,NORMAL
09:07:40,,,step_13,LDD_이온주입,IDLE,0.2466000794658193,1.4992366082606714,0.6003946219930394,0.3472779949021055,NORMAL
09:07:45,,,step_13,LDD_이온주입,IDLE,0.2466000794658193,1.4992366082606714,0.6003946219930394,0.3472779949021055,NORMAL
09:07:50,,,step_13,LDD_이온주입,IDLE,0.2466000794658193,1.4992366082606714,0.6003946219930394,0.3472779949021055,NORMAL
09:07:55,,,step_13,LDD_이온주입,IDLE,0.2466000794658193,1.4992366082606714,0.6003946219930394,0.3472779949021055,NORMAL
09:08:00,,,step_13,LDD_이온주입,IDLE,0.2466000794658193,1.4992366082606714,0.6003946219930394,0.3472779949021055,NORMAL
09:08:05,,,step_13,LDD_이온주입,IDLE,0.2466000794658193,1.4992366082606714,0.6003946219930394,0.3472779949021055,NORMAL
09:08:10,,,step_13,LDD_이온주입,IDLE,0.2466000794658193,1.4992366082606714,0.6003946219930394,0.3472779949021055,NORMAL
09:08:15,,,step_13,LDD_이온주입,IDLE,0.2466000794658193,1.4992366082606714,0.6003946219930394,0.3472779949021055,NORMAL
09:08:20,,,step_13,LDD_이온주입,IDLE,0.2466000794658193,1.4992366082606714,0.6003946219930394,0.3472779949021055,NORMAL
09:08:25,,,step_13,LDD_이온주입,IDLE,0.2466000794658193,1.4992366082606714,0.6003946219930394,0.3472779949021055,NORMAL
09:08:30,,,step_13,LDD_이온주입,IDLE,0.2466000794658193,1.4992366082606714,0.6003946219930394,0.3472779949021055,NORMAL
09:08:35,,,step_13,LDD_이온주입,IDLE,0.2466000794658193,1.4992366082606714,0.6003946219930394,0.3472779949021055,NORMAL
09:08:40,,,step_13,LDD_이온주입,IDLE,0.2466000794658193,1.4992366082606714,0.6003946219930394,0.3472779949021055,NORMAL
09:08:45,,,step_13,LDD_이온주입,IDLE,0.2466000794658193,1.4992366082606714,0.6003946219930394,0.3472779949021055,NORMAL
09:08:50,,,step_13,LDD_이온주입,IDLE,0.2466000794658193,1.4992366082606714,0.6003946219930394,0.3472779949021055,NORMAL
09:08:55,,,step_13,LDD_이온주입,IDLE,0.2466000794658193,1.4992366082606714,0.6003946219930394,0.3472779949021055,NORMAL
09:09:00,,,step_13,LDD_이온주입,IDLE,0.2466000794658193,1.4992366082606714,0.6003946219930394,0.3472779949021055,NORMAL
09:09:05,,,step_13,LDD_이온주입,IDLE,0.2466000794658193,1.4992366082606714,0.6003946219930394,0.3472779949021055,NORMAL
09:09:10,,,step_13,LDD_이온주입,IDLE,0.2466000794658193,1.4992366082606714,0.6003946219930394,0.3472779949021055,NORMAL
09:09:15,,,step_13,LDD_이온주입,IDLE,0.2466000794658193,1.4992366082606714,0.6003946219930394,0.3472779949021055,NORMAL
09:09:20,,,step_13,LDD_이온주입,IDLE,0.2466000794658193,1.4992366082606714,0.6003946219930394,0.3472779949021055,NORMAL
09:09:25,,,step_13,LDD_이온주입,IDLE,0.2466000794658193,1.4992366082606714,0.6003946219930394,0.3472779949021055,NORMAL
09:09:30,,,step_13,LDD_이온주입,IDLE,0.2466000794658193,1.4992366082606714,0.6003946219930394,0.3472779949021055,NORMAL
09:09:35,,,step_13,LDD_이온주입,IDLE,0.2466000794658193,1.4992366082606714,0.6003946219930394,0.3472779949021055,NORMAL
09:09:40,,,step_13,LDD_이온주입,IDLE,0.2466000794658193,1.4992366082606714,0.6003946219930394,0.3472779949021055,NORMAL
09:09:45,,,step_13,LDD_이온주입,IDLE,0.2466000794658193,1.4992366082606714,0.6003946219930394,0.3472779949021055,NORMAL
09:09:50,,,step_13,LDD_이온주입,IDLE,0.2466000794658193,1.4992366082606714,0.6003946219930394,0.3472779949021055,NORMAL
09:09:55,,,step_13,LDD_이온주입,IDLE,0.2466000794658193,1.4992366082606714,0.6003946219930394,0.3472779949021055,NORMAL
09:10:00,,,step_13,LDD_이온주입,IDLE,0.2466000794658193,1.4992366082606714,0.6003946219930394,0.3472779949021055,NORMAL
09:10:05,,,step_13,LDD_이온주입,IDLE,0.2466000794658193,1.4992366082606714,0.6003946219930394,0.3472779949021055,NORMAL
09:10:10,,,step_13,LDD_이온주입,IDLE,0.2466000794658193,1.4992366082606714,0.6003946219930394,0.3472779949021055,NORMAL
09:10:15,,,step_13,LDD_이온주입,IDLE,0.2466000794658193,1.4992366082606714,0.6003946219930394,0.3472779949021055,NORMAL
09:10:20,,,step_13,LDD_이온주입,IDLE,0.2466000794658193,1.4992366082606714,0.6003946219930394,0.3472779949021055,NORMAL
09:10:25,,,step_13,LDD_이온주입,IDLE,0.2466000794658193,1.4992366082606714,0.6003946219930394,0.3472779949021055,NORMAL
09:10:30,,,step_13,LDD_이온주입,IDLE,0.2466000794658193,1.4992366082606714,0.6003946219930394,0.3472779949021055,NORMAL
09:10:35,,,step_13,LDD_이온주입,IDLE,0.2466000794658193,1.4992366082606714,0.6003946219930394,0.3472779949021055,NORMAL
09:10:40,,,step_13,LDD_이온주입,IDLE,0.2466000794658193,1.4992366082606714,0.6003946219930394,0.3472779949021055,NORMAL
09:10:45,,,step_13,LDD_이온주입,IDLE,0.2466000794658193,1.4992366082606714,0.6003946219930394,0.3472779949021055,NORMAL
09:10:50,,,step_13,LDD_이온주입,IDLE,0.2466000794658193,1.4992366082606714,0.6003946219930394,0.3472779949021055,NORMAL
09:10:55,,,step_13,LDD_이온주입,IDLE,0.2466000794658193,1.4992366082606714,0.6003946219930394,0.3472779949021055,NORMAL
09:11:00,,,step_13,LDD_이온주입,IDLE,0.2466000794658193,1.4992366082606714,0.6003946219930394,0.3472779949021055,NORMAL
09:11:05,,,step_13,LDD_이온주입,IDLE,0.2466000794658193,1.4992366082606714,0.6003946219930394,0.3472779949021055,NORMAL
09:11:10,,,step_13,LDD_이온주입,IDLE,0.2466000794658193,1.4992366082606714,0.6003946219930394,0.3472779949021055,NORMAL
09:11:15,,,step_13,LDD_이온주입,IDLE,0.2466000794658193,1.4992366082606714,0.6003946219930394,0.3472779949021055,NORMAL
09:11:20,,,step_13,LDD_이온주입,IDLE,0.2466000794658193,1.4992366082606714,0.6003946219930394,0.3472779949021055,NORMAL
09:11:25,,,step_13,LDD_이온주입,IDLE,0.2466000794658193,1.4992366082606714,0.6003946219930394,0.3472779949021055,NORMAL
09:11:30,,,step_13,LDD_이온주입,IDLE,0.2466000794658193,1.4992366082606714,0.6003946219930394,0.3472779949021055,NORMAL
09:11:35,,,step_13,LDD_이온주입,IDLE,0.2466000794658193,1.4992366082606714,0.6003946219930394,0.3472779949021055,NORMAL
09:11:40,,,step_13,LDD_이온주입,IDLE,0.2466000794658193,1.4992366082606714,0.6003946219930394,0.3472779949021055,NORMAL
09:11:45,,,step_13,LDD_이온주입,IDLE,0.2466000794658193,1.4992366082606714,0.6003946219930394,0.3472779949021055,NORMAL
09:11:50,,,step_13,LDD_이온주입,IDLE,0.2466000794658193,1.4992366082606714,0.6003946219930394,0.3472779949021055,NORMAL
09:11:55,,,step_13,LDD_이온주입,IDLE,0.2466000794658193,1.4992366082606714,0.6003946219930394,0.3472779949021055,NORMAL
09:12:00,,,step_13,LDD_이온주입,IDLE,0.2466000794658193,1.4992366082606714,0.6003946219930394,0.3472779949021055,NORMAL
09:12:05,,,step_13,LDD_이온주입,IDLE,0.2466000794658193,1.4992366082606714,0.6003946219930394,0.3472779949021055,NORMAL
09:12:10,,,step_13,LDD_이온주입,IDLE,0.2466000794658193,1.4992366082606714,0.6003946219930394,0.3472779949021055,NORMAL
09:12:15,,,step_13,LDD_이온주입,IDLE,0.2466000794658193,1.4992366082606714,0.6003946219930394,0.3472779949021055,NORMAL
09:12:20,,,step_13,LDD_이온주입,IDLE,0.2466000794658193,1.4992366082606714,0.6003946219930394,0.3472779949021055,NORMAL
09:12:25,,,step_13,LDD_이온주입,IDLE,0.2466000794658193,1.4992366082606714,0.6003946219930394,0.3472779949021055,NORMAL
09:12:30,,,step_13,LDD_이온주입,IDLE,0.2466000794658193,1.4992366082606714,0.6003946219930394,0.3472779949021055,NORMAL
09:12:35,,,step_13,LDD_이온주입,IDLE,0.2466000794658193,1.4992366082606714,0.6003946219930394,0.3472779949021055,NORMAL
09:12:40,,,step_13,LDD_이온주입,IDLE,0.2466000794658193,1.4992366082606714,0.6003946219930394,0.3472779949021055,NORMAL
09:12:45,,,step_13,LDD_이온주입,IDLE,0.2466000794658193,1.4992366082606714,0.6003946219930394,0.3472779949021055,NORMAL
09:12:50,,,step_13,LDD_이온주입,IDLE,0.2466000794658193,1.4992366082606714,0.6003946219930394,0.3472779949021055,NORMAL
09:12:55,,,step_13,LDD_이온주입,IDLE,0.2466000794658193,1.4992366082606714,0.6003946219930394,0.3472779949021055,NORMAL
09:13:00,,,step_13,LDD_이온주입,IDLE,0.2466000794658193,1.4992366082606714,0.6003946219930394,0.3472779949021055,NORMAL
09:13:05,,,step_13,LDD_이온주입,IDLE,0.2466000794658193,1.4992366082606714,0.6003946219930394,0.3472779949021055,NORMAL
09:13:10,,,step_13,LDD_이온주입,IDLE,0.2466000794658193,1.4992366082606714,0.6003946219930394,0.3472779949021055,NORMAL
09:13:15,,,step_13,LDD_이온주입,IDLE,0.2466000794658193,1.4992366082606714,0.6003946219930394,0.3472779949021055,NORMAL
09:13:20,,,step_13,LDD_이온주입,IDLE,0.2466000794658193,1.4992366082606714,0.6003946219930394,0.3472779949021055,NORMAL
09:13:25,,,step_13,LDD_이온주입,IDLE,0.2466000794658193,1.4992366082606714,0.6003946219930394,0.3472779949021055,NORMAL
09:13:30,,,step_13,LDD_이온주입,IDLE,0.2466000794658193,1.4992366082606714,0.6003946219930394,0.3472779949021055,NORMAL
09:13:35,,,step_13,LDD_이온주입,IDLE,0.2466000794658193,1.4992366082606714,0.6003946219930394,0.3472779949021055,NORMAL
09:13:40,,,step_13,LDD_이온주입,IDLE,0.2466000794658193,1.4992366082606714,0.6003946219930394,0.3472779949021055,NORMAL
09:13:45,,,step_13,LDD_이온주입,IDLE,0.2466000794658193,1.4992366082606714,0.6003946219930394,0.3472779949021055,NORMAL
09:13:50,,,step_13,LDD_이온주입,IDLE,0.2466000794658193,1.4992366082606714,0.6003946219930394,0.3472779949021055,NORMAL
09:13:55,,,step_13,LDD_이온주입,IDLE,0.2466000794658193,1.4992366082606714,0.6003946219930394,0.3472779949021055,NORMAL
09:14:00,,,step_13,LDD_이온주입,IDLE,0.2466000794658193,1.4992366082606714,0.6003946219930394,0.3472779949021055,NORMAL
09:14:05,,,step_13,LDD_이온주입,IDLE,0.2466000794658193,1.4992366082606714,0.6003946219930394,0.3472779949021055,NORMAL
09:14:10,,,step_13,LDD_이온주입,IDLE,0.2466000794658193,1.4992366082606714,0.6003946219930394,0.3472779949021055,NORMAL
09:14:15,,,step_13,LDD_이온주입,IDLE,0.2466000794658193,1.4992366082606714,0.6003946219930394,0.3472779949021055,NORMAL
09:14:20,,,step_13,LDD_이온주입,IDLE,0.2466000794658193,1.4992366082606714,0.6003946219930394,0.3472779949021055,NORMAL
09:14:25,,,step_13,LDD_이온주입,IDLE,0.2466000794658193,1.4992366082606714,0.6003946219930394,0.3472779949021055,NORMAL
09:14:30,,,step_13,LDD_이온주입,IDLE,0.2466000794658193,1.4992366082606714,0.6003946219930394,0.3472779949021055,NORMAL
09:14:35,,,step_13,LDD_이온주입,IDLE,0.2466000794658193,1.4992366082606714,0.6003946219930394,0.3472779949021055,NORMAL
09:14:40,,,step_13,LDD_이온주입,IDLE,0.2466000794658193,1.4992366082606714,0.6003946219930394,0.3472779949021055,NORMAL
09:14:45,,,step_13,LDD_이온주입,IDLE,0.2466000794658193,1.4992366082606714,0.6003946219930394,0.3472779949021055,NORMAL
09:14:50,,,step_13,LDD_이온주입,IDLE,0.2466000794658193,1.4992366082606714,0.6003946219930394,0.3472779949021055,NORMAL
09:14:55,,,step_13,LDD_이온주입,IDLE,0.2466000794658193,1.4992366082606714,0.6003946219930394,0.3472779949021055,NORMAL
09:15:00,,,step_13,LDD_이온주입,IDLE,0.2466000794658193,1.4992366082606714,0.6003946219930394,0.3472779949021055,NORMAL
09:15:05,,,step_13,LDD_이온주입,IDLE,0.2466000794658193,1.4992366082606714,0.6003946219930394,0.3472779949021055,NORMAL
09:15:10,,,step_13,LDD_이온주입,IDLE,0.2466000794658193,1.4992366082606714,0.6003946219930394,0.3472779949021055,NORMAL
09:15:15,,,step_13,LDD_이온주입,IDLE,0.2466000794658193,1.4992366082606714,0.6003946219930394,0.3472779949021055,NORMAL
09:15:20,,,step_13,LDD_이온주입,IDLE,0.2466000794658193,1.4992366082606714,0.6003946219930394,0.3472779949021055,NORMAL
09:15:25,,,step_13,LDD_이온주입,IDLE,0.2466000794658193,1.4992366082606714,0.6003946219930394,0.3472779949021055,NORMAL
09:15:30,,,step_13,LDD_이온주입,IDLE,0.2466000794658193,1.4992366082606714,0.6003946219930394,0.3472779949021055,NORMAL
09:15:35,,,step_13,LDD_이온주입,IDLE,0.2466000794658193,1.4992366082606714,0.6003946219930394,0.3472779949021055,NORMAL
09:15:40,,,step_13,LDD_이온주입,IDLE,0.2466000794658193,1.4992366082606714,0.6003946219930394,0.3472779949021055,NORMAL
09:15:45,,,step_13,LDD_이온주입,IDLE,0.2466000794658193,1.4992366082606714,0.6003946219930394,0.3472779949021055,NORMAL
09:15:50,,,step_13,LDD_이온주입,IDLE,0.2466000794658193,1.4992366082606714,0.6003946219930394,0.3472779949021055,NORMAL
09:15:55,,,step_13,LDD_이온주입,IDLE,0.2466000794658193,1.4992366082606714,0.6003946219930394,0.3472779949021055,NORMAL
09:16:00,,,step_13,LDD_이온주입,IDLE,0.2466000794658193,1.4992366082606714,0.6003946219930394,0.3472779949021055,NORMAL
09:16:05,,,step_13,LDD_이온주입,IDLE,0.2466000794658193,1.4992366082606714,0.6003946219930394,0.3472779949021055,NORMAL
09:16:10,,,step_13,LDD_이온주입,IDLE,0.2466000794658193,1.4992366082606714,0.6003946219930394,0.3472779949021055,NORMAL
09:16:15,,,step_13,LDD_이온주입,IDLE,0.2466000794658193,1.4992366082606714,0.6003946219930394,0.3472779949021055,NORMAL
09:16:20,,,step_13,LDD_이온주입,IDLE,0.2466000794658193,1.4992366082606714,0.6003946219930394,0.3472779949021055,NORMAL
09:16:25,,,step_13,LDD_이온주입,IDLE,0.2466000794658193,1.4992366082606714,0.6003946219930394,0.3472779949021055,NORMAL
09:16:30,,,step_13,LDD_이온주입,IDLE,0.2466000794658193,1.4992366082606714,0.6003946219930394,0.3472779949021055,NORMAL
09:16:35,,,step_13,LDD_이온주입,IDLE,0.2466000794658193,1.4992366082606714,0.6003946219930394,0.3472779949021055,NORMAL
09:16:40,,,step_13,LDD_이온주입,IDLE,0.2466000794658193,1.4992366082606714,0.6003946219930394,0.3472779949021055,NORMAL
09:16:45,,,step_13,LDD_이온주입,IDLE,0.2466000794658193,1.4992366082606714,0.6003946219930394,0.3472779949021055,NORMAL
09:16:50,,,step_13,LDD_이온주입,IDLE,0.2466000794658193,1.4992366082606714,0.6003946219930394,0.3472779949021055,NORMAL
09:16:55,,,step_13,LDD_이온주입,IDLE,0.2466000794658193,1.4992366082606714,0.6003946219930394,0.3472779949021055,NORMAL
09:17:00,,,step_13,LDD_이온주입,IDLE,0.2466000794658193,1.4992366082606714,0.6003946219930394,0.3472779949021055,NORMAL
09:17:05,,,step_13,LDD_이온주입,IDLE,0.2466000794658193,1.4992366082606714,0.6003946219930394,0.3472779949021055,NORMAL
09:17:10,,,step_13,LDD_이온주입,IDLE,0.2466000794658193,1.4992366082606714,0.6003946219930394,0.3472779949021055,NORMAL
09:17:15,,,step_13,LDD_이온주입,IDLE,0.2466000794658193,1.4992366082606714,0.6003946219930394,0.3472779949021055,NORMAL
09:17:20,,,step_13,LDD_이온주입,IDLE,0.2466000794658193,1.4992366082606714,0.6003946219930394,0.3472779949021055,NORMAL
09:17:25,,,step_13,LDD_이온주입,IDLE,0.2466000794658193,1.4992366082606714,0.6003946219930394,0.3472779949021055,NORMAL
09:17:30,,,step_13,LDD_이온주입,IDLE,0.2466000794658193,1.4992366082606714,0.6003946219930394,0.3472779949021055,NORMAL
09:17:35,,,step_13,LDD_이온주입,IDLE,0.2466000794658193,1.4992366082606714,0.6003946219930394,0.3472779949021055,NORMAL
09:17:40,,,step_13,LDD_이온주입,IDLE,0.2466000794658193,1.4992366082606714,0.6003946219930394,0.3472779949021055,NORMAL
09:17:45,,,step_13,LDD_이온주입,IDLE,0.2466000794658193,1.4992366082606714,0.6003946219930394,0.3472779949021055,NORMAL
09:17:50,,,step_13,LDD_이온주입,IDLE,0.2466000794658193,1.4992366082606714,0.6003946219930394,0.3472779949021055,NORMAL
09:17:55,,,step_13,LDD_이온주입,IDLE,0.2466000794658193,1.4992366082606714,0.6003946219930394,0.3472779949021055,NORMAL
09:18:00,,,step_13,LDD_이온주입,IDLE,0.2466000794658193,1.4992366082606714,0.6003946219930394,0.3472779949021055,NORMAL
09:18:05,,,step_13,LDD_이온주입,IDLE,0.2466000794658193,1.4992366082606714,0.6003946219930394,0.3472779949021055,NORMAL
09:18:10,,,step_13,LDD_이온주입,IDLE,0.2466000794658193,1.4992366082606714,0.6003946219930394,0.3472779949021055,NORMAL
09:18:15,,,step_13,LDD_이온주입,IDLE,0.2466000794658193,1.4992366082606714,0.6003946219930394,0.3472779949021055,NORMAL
09:18:20,,,step_13,LDD_이온주입,IDLE,0.2466000794658193,1.4992366082606714,0.6003946219930394,0.3472779949021055,NORMAL
09:18:25,,,step_13,LDD_이온주입,IDLE,0.2466000794658193,1.4992366082606714,0.6003946219930394,0.3472779949021055,NORMAL
09:18:30,,,step_13,LDD_이온주입,IDLE,0.2466000794658193,1.4992366082606714,0.6003946219930394,0.3472779949021055,NORMAL
09:18:35,,,step_13,LDD_이온주입,IDLE,0.2466000794658193,1.4992366082606714,0.6003946219930394,0.3472779949021055,NORMAL
09:18:40,,,step_13,LDD_이온주입,IDLE,0.2466000794658193,1.4992366082606714,0.6003946219930394,0.3472779949021055,NORMAL
09:18:45,,,step_13,LDD_이온주입,IDLE,0.2466000794658193,1.4992366082606714,0.6003946219930394,0.3472779949021055,NORMAL
09:18:50,,,step_13,LDD_이온주입,IDLE,0.2466000794658193,1.4992366082606714,0.6003946219930394,0.3472779949021055,NORMAL
09:18:55,,,step_13,LDD_이온주입,IDLE,0.2466000794658193,1.4992366082606714,0.6003946219930394,0.3472779949021055,NORMAL
09:19:00,,,step_13,LDD_이온주입,IDLE,0.2466000794658193,1.4992366082606714,0.6003946219930394,0.3472779949021055,NORMAL
09:19:05,,,step_13,LDD_이온주입,IDLE,0.2466000794658193,1.4992366082606714,0.6003946219930394,0.3472779949021055,NORMAL
09:19:10,,,step_13,LDD_이온주입,IDLE,0.2466000794658193,1.4992366082606714,0.6003946219930394,0.3472779949021055,NORMAL
09:19:15,,,step_13,LDD_이온주입,IDLE,0.2466000794658193,1.4992366082606714,0.6003946219930394,0.3472779949021055,NORMAL
09:19:20,,,step_13,LDD_이온주입,IDLE,0.2466000794658193,1.4992366082606714,0.6003946219930394,0.3472779949021055,NORMAL
09:19:25,,,step_13,LDD_이온주입,IDLE,0.2466000794658193,1.4992366082606714,0.6003946219930394,0.3472779949021055,NORMAL
09:19:30,,,step_13,LDD_이온주입,IDLE,0.2466000794658193,1.4992366082606714,0.6003946219930394,0.3472779949021055,NORMAL
09:19:35,,,step_13,LDD_이온주입,IDLE,0.2466000794658193,1.4992366082606714,0.6003946219930394,0.3472779949021055,NORMAL
09:19:40,,,step_13,LDD_이온주입,IDLE,0.2466000794658193,1.4992366082606714,0.6003946219930394,0.3472779949021055,NORMAL
09:19:45,,,step_13,LDD_이온주입,IDLE,0.2466000794658193,1.4992366082606714,0.6003946219930394,0.3472779949021055,NORMAL
09:19:50,,,step_13,LDD_이온주입,IDLE,0.2466000794658193,1.4992366082606714,0.6003946219930394,0.3472779949021055,NORMAL
09:19:55,,,step_13,LDD_이온주입,IDLE,0.2466000794658193,1.4992366082606714,0.6003946219930394,0.3472779949021055,NORMAL
09:20:00,,,step_13,LDD_이온주입,IDLE,0.2466000794658193,1.4992366082606714,0.6003946219930394,0.3472779949021055,NORMAL
09:20:05,,,step_13,LDD_이온주입,IDLE,0.2466000794658193,1.4992366082606714,0.6003946219930394,0.3472779949021055,NORMAL
09:20:10,,,step_13,LDD_이온주입,IDLE,0.2466000794658193,1.4992366082606714,0.6003946219930394,0.3472779949021055,NORMAL
09:20:15,,,step_13,LDD_이온주입,IDLE,0.2466000794658193,1.4992366082606714,0.6003946219930394,0.3472779949021055,NORMAL
09:20:20,,,step_13,LDD_이온주입,IDLE,0.2466000794658193,1.4992366082606714,0.6003946219930394,0.3472779949021055,NORMAL
09:20:25,,,step_13,LDD_이온주입,IDLE,0.2466000794658193,1.4992366082606714,0.6003946219930394,0.3472779949021055,NORMAL
09:20:30,,,step_13,LDD_이온주입,IDLE,0.2466000794658193,1.4992366082606714,0.6003946219930394,0.3472779949021055,NORMAL
09:20:35,,,step_13,LDD_이온주입,IDLE,0.2466000794658193,1.4992366082606714,0.6003946219930394,0.3472779949021055,NORMAL
09:20:40,,,step_13,LDD_이온주입,IDLE,0.2466000794658193,1.4992366082606714,0.6003946219930394,0.3472779949021055,NORMAL
09:20:45,,,step_13,LDD_이온주입,IDLE,0.2466000794658193,1.4992366082606714,0.6003946219930394,0.3472779949021055,NORMAL
09:20:50,,,step_13,LDD_이온주입,IDLE,0.2466000794658193,1.4992366082606714,0.6003946219930394,0.3472779949021055,NORMAL
09:20:55,,,step_13,LDD_이온주입,IDLE,0.2466000794658193,1.4992366082606714,0.6003946219930394,0.3472779949021055,NORMAL
09:21:00,,,step_13,LDD_이온주입,IDLE,0.2466000794658193,1.4992366082606714,0.6003946219930394,0.3472779949021055,NORMAL
09:21:05,,,step_13,LDD_이온주입,IDLE,0.2466000794658193,1.4992366082606714,0.6003946219930394,0.3472779949021055,NORMAL
09:21:10,,,step_13,LDD_이온주입,IDLE,0.2466000794658193,1.4992366082606714,0.6003946219930394,0.3472779949021055,NORMAL
09:21:15,,,step_13,LDD_이온주입,IDLE,0.2466000794658193,1.4992366082606714,0.6003946219930394,0.3472779949021055,NORMAL
09:21:20,,,step_13,LDD_이온주입,IDLE,0.2466000794658193,1.4992366082606714,0.6003946219930394,0.3472779949021055,NORMAL
09:21:25,,,step_13,LDD_이온주입,IDLE,0.2466000794658193,1.4992366082606714,0.6003946219930394,0.3472779949021055,NORMAL
09:21:30,,,step_13,LDD_이온주입,IDLE,0.2466000794658193,1.4992366082606714,0.6003946219930394,0.3472779949021055,NORMAL
09:21:35,,,step_13,LDD_이온주입,IDLE,0.2466000794658193,1.4992366082606714,0.6003946219930394,0.3472779949021055,NORMAL
09:21:40,,,step_13,LDD_이온주입,IDLE,0.2466000794658193,1.4992366082606714,0.6003946219930394,0.3472779949021055,NORMAL
09:21:45,,,step_13,LDD_이온주입,IDLE,0.2466000794658193,1.4992366082606714,0.6003946219930394,0.3472779949021055,NORMAL
09:21:50,,,step_13,LDD_이온주입,IDLE,0.2466000794658193,1.4992366082606714,0.6003946219930394,0.3472779949021055,NORMAL
09:21:55,,,step_13,LDD_이온주입,IDLE,0.2466000794658193,1.4992366082606714,0.6003946219930394,0.3472779949021055,NORMAL
09:22:00,,,step_13,LDD_이온주입,IDLE,0.2466000794658193,1.4992366082606714,0.6003946219930394,0.3472779949021055,NORMAL
09:22:05,,,step_13,LDD_이온주입,IDLE,0.2466000794658193,1.4992366082606714,0.6003946219930394,0.3472779949021055,NORMAL
09:22:10,,,step_13,LDD_이온주입,IDLE,0.2466000794658193,1.4992366082606714,0.6003946219930394,0.3472779949021055,NORMAL
09:22:15,,,step_13,LDD_이온주입,IDLE,0.2466000794658193,1.4992366082606714,0.6003946219930394,0.3472779949021055,NORMAL
09:22:20,,,step_13,LDD_이온주입,IDLE,0.2466000794658193,1.4992366082606714,0.6003946219930394,0.3472779949021055,NORMAL
09:22:25,,,step_13,LDD_이온주입,IDLE,0.2466000794658193,1.4992366082606714,0.6003946219930394,0.3472779949021055,NORMAL
09:22:30,,,step_13,LDD_이온주입,IDLE,0.2466000794658193,1.4992366082606714,0.6003946219930394,0.3472779949021055,NORMAL
09:22:35,,,step_13,LDD_이온주입,IDLE,0.2466000794658193,1.4992366082606714,0.6003946219930394,0.3472779949021055,NORMAL
09:22:40,,,step_13,LDD_이온주입,IDLE,0.2466000794658193,1.4992366082606714,0.6003946219930394,0.3472779949021055,NORMAL
09:22:45,,,step_13,LDD_이온주입,IDLE,0.2466000794658193,1.4992366082606714,0.6003946219930394,0.3472779949021055,NORMAL
09:22:50,,,step_13,LDD_이온주입,IDLE,0.2466000794658193,1.4992366082606714,0.6003946219930394,0.3472779949021055,NORMAL
09:22:55,,,step_13,LDD_이온주입,IDLE,0.2466000794658193,1.4992366082606714,0.6003946219930394,0.3472779949021055,NORMAL
09:23:00,,,step_13,LDD_이온주입,IDLE,0.2466000794658193,1.4992366082606714,0.6003946219930394,0.3472779949021055,NORMAL
09:23:05,,,step_13,LDD_이온주입,IDLE,0.2466000794658193,1.4992366082606714,0.6003946219930394,0.3472779949021055,NORMAL
09:23:10,,,step_13,LDD_이온주입,IDLE,0.2466000794658193,1.4992366082606714,0.6003946219930394,0.3472779949021055,NORMAL
09:23:15,,,step_13,LDD_이온주입,IDLE,0.2466000794658193,1.4992366082606714,0.6003946219930394,0.3472779949021055,NORMAL
09:23:20,,,step_13,LDD_이온주입,IDLE,0.2466000794658193,1.4992366082606714,0.6003946219930394,0.3472779949021055,NORMAL
09:23:25,,,step_13,LDD_이온주입,IDLE,0.2466000794658193,1.4992366082606714,0.6003946219930394,0.3472779949021055,NORMAL
09:23:30,,,step_13,LDD_이온주입,IDLE,0.2466000794658193,1.4992366082606714,0.6003946219930394,0.3472779949021055,NORMAL
09:23:35,,,step_13,LDD_이온주입,IDLE,0.2466000794658193,1.4992366082606714,0.6003946219930394,0.3472779949021055,NORMAL
09:23:40,,,step_13,LDD_이온주입,IDLE,0.2466000794658193,1.4992366082606714,0.6003946219930394,0.3472779949021055,NORMAL
09:23:45,,,step_13,LDD_이온주입,IDLE,0.2466000794658193,1.4992366082606714,0.6003946219930394,0.3472779949021055,NORMAL
09:23:50,,,step_13,LDD_이온주입,IDLE,0.2466000794658193,1.4992366082606714,0.6003946219930394,0.3472779949021055,NORMAL
09:23:55,,,step_13,LDD_이온주입,IDLE,0.2466000794658193,1.4992366082606714,0.6003946219930394,0.3472779949021055,NORMAL
09:24:00,,,step_13,LDD_이온주입,IDLE,0.2466000794658193,1.4992366082606714,0.6003946219930394,0.3472779949021055,NORMAL
09:24:05,,,step_13,LDD_이온주입,IDLE,0.2466000794658193,1.4992366082606714,0.6003946219930394,0.3472779949021055,NORMAL
09:24:10,,,step_13,LDD_이온주입,IDLE,0.2466000794658193,1.4992366082606714,0.6003946219930394,0.3472779949021055,NORMAL
09:24:15,,,step_13,LDD_이온주입,IDLE,0.2466000794658193,1.4992366082606714,0.6003946219930394,0.3472779949021055,NORMAL
09:24:20,,,step_13,LDD_이온주입,IDLE,0.2466000794658193,1.4992366082606714,0.6003946219930394,0.3472779949021055,NORMAL
09:24:25,,,step_13,LDD_이온주입,IDLE,0.2466000794658193,1.4992366082606714,0.6003946219930394,0.3472779949021055,NORMAL
09:24:30,,,step_13,LDD_이온주입,IDLE,0.2466000794658193,1.4992366082606714,0.6003946219930394,0.3472779949021055,NORMAL
09:24:35,,,step_13,LDD_이온주입,IDLE,0.2466000794658193,1.4992366082606714,0.6003946219930394,0.3472779949021055,NORMAL
09:24:40,,,step_13,LDD_이온주입,IDLE,0.2466000794658193,1.4992366082606714,0.6003946219930394,0.3472779949021055,NORMAL
09:24:45,,,step_13,LDD_이온주입,IDLE,0.2466000794658193,1.4992366082606714,0.6003946219930394,0.3472779949021055,NORMAL
09:24:50,,,step_13,LDD_이온주입,IDLE,0.2466000794658193,1.4992366082606714,0.6003946219930394,0.3472779949021055,NORMAL
09:24:55,,,step_13,LDD_이온주입,IDLE,0.2466000794658193,1.4992366082606714,0.6003946219930394,0.3472779949021055,NORMAL
09:25:00,,,step_13,LDD_이온주입,IDLE,0.2466000794658193,1.4992366082606714,0.6003946219930394,0.3472779949021055,NORMAL
09:25:05,,,step_13,LDD_이온주입,IDLE,0.2466000794658193,1.4992366082606714,0.6003946219930394,0.3472779949021055,NORMAL
09:25:10,,,step_13,LDD_이온주입,IDLE,0.2466000794658193,1.4992366082606714,0.6003946219930394,0.3472779949021055,NORMAL
09:25:15,,,step_13,LDD_이온주입,IDLE,0.2466000794658193,1.4992366082606714,0.6003946219930394,0.3472779949021055,NORMAL
09:25:20,,,step_13,LDD_이온주입,IDLE,0.2466000794658193,1.4992366082606714,0.6003946219930394,0.3472779949021055,NORMAL
09:25:25,,,step_13,LDD_이온주입,IDLE,0.2466000794658193,1.4992366082606714,0.6003946219930394,0.3472779949021055,NORMAL
09:25:30,,,step_13,LDD_이온주입,IDLE,0.2466000794658193,1.4992366082606714,0.6003946219930394,0.3472779949021055,NORMAL
09:25:35,,,step_13,LDD_이온주입,IDLE,0.2466000794658193,1.4992366082606714,0.6003946219930394,0.3472779949021055,NORMAL
09:25:40,,,step_13,LDD_이온주입,IDLE,0.2466000794658193,1.4992366082606714,0.6003946219930394,0.3472779949021055,NORMAL
09:25:45,,,step_13,LDD_이온주입,IDLE,0.2466000794658193,1.4992366082606714,0.6003946219930394,0.3472779949021055,NORMAL
09:25:50,,,step_13,LDD_이온주입,IDLE,0.2466000794658193,1.4992366082606714,0.6003946219930394,0.3472779949021055,NORMAL
09:25:55,,,step_13,LDD_이온주입,IDLE,0.2466000794658193,1.4992366082606714,0.6003946219930394,0.3472779949021055,NORMAL
09:26:00,,,step_13,LDD_이온주입,IDLE,0.2466000794658193,1.4992366082606714,0.6003946219930394,0.3472779949021055,NORMAL
09:26:05,,,step_13,LDD_이온주입,IDLE,0.2466000794658193,1.4992366082606714,0.6003946219930394,0.3472779949021055,NORMAL
09:26:10,,,step_13,LDD_이온주입,IDLE,0.2466000794658193,1.4992366082606714,0.6003946219930394,0.3472779949021055,NORMAL
09:26:15,,,step_13,LDD_이온주입,IDLE,0.2466000794658193,1.4992366082606714,0.6003946219930394,0.3472779949021055,NORMAL
09:26:20,,,step_13,LDD_이온주입,IDLE,0.2466000794658193,1.4992366082606714,0.6003946219930394,0.3472779949021055,NORMAL
09:26:25,,,step_13,LDD_이온주입,IDLE,0.2466000794658193,1.4992366082606714,0.6003946219930394,0.3472779949021055,NORMAL
09:26:30,,,step_13,LDD_이온주입,IDLE,0.2466000794658193,1.4992366082606714,0.6003946219930394,0.3472779949021055,NORMAL
09:26:35,,,step_13,LDD_이온주입,IDLE,0.2466000794658193,1.4992366082606714,0.6003946219930394,0.3472779949021055,NORMAL
09:26:40,,,step_13,LDD_이온주입,IDLE,0.2466000794658193,1.4992366082606714,0.6003946219930394,0.3472779949021055,NORMAL
09:26:45,,,step_13,LDD_이온주입,IDLE,0.2466000794658193,1.4992366082606714,0.6003946219930394,0.3472779949021055,NORMAL
09:26:50,,,step_13,LDD_이온주입,IDLE,0.2466000794658193,1.4992366082606714,0.6003946219930394,0.3472779949021055,NORMAL
09:26:55,,,step_13,LDD_이온주입,IDLE,0.2466000794658193,1.4992366082606714,0.6003946219930394,0.3472779949021055,NORMAL
09:27:00,,,step_13,LDD_이온주입,IDLE,0.2466000794658193,1.4992366082606714,0.6003946219930394,0.3472779949021055,NORMAL
09:27:05,,,step_13,LDD_이온주입,IDLE,0.2466000794658193,1.4992366082606714,0.6003946219930394,0.3472779949021055,NORMAL
09:27:10,,,step_13,LDD_이온주입,IDLE,0.2466000794658193,1.4992366082606714,0.6003946219930394,0.3472779949021055,NORMAL
09:27:15,,,step_13,LDD_이온주입,IDLE,0.2466000794658193,1.4992366082606714,0.6003946219930394,0.3472779949021055,NORMAL
09:27:20,,,step_13,LDD_이온주입,IDLE,0.2466000794658193,1.4992366082606714,0.6003946219930394,0.3472779949021055,NORMAL
09:27:25,,,step_13,LDD_이온주입,IDLE,0.2466000794658193,1.4992366082606714,0.6003946219930394,0.3472779949021055,NORMAL
09:27:30,,,step_13,LDD_이온주입,IDLE,0.2466000794658193,1.4992366082606714,0.6003946219930394,0.3472779949021055,NORMAL
09:27:35,,,step_13,LDD_이온주입,IDLE,0.2466000794658193,1.4992366082606714,0.6003946219930394,0.3472779949021055,NORMAL
09:27:40,,,step_13,LDD_이온주입,IDLE,0.2466000794658193,1.4992366082606714,0.6003946219930394,0.3472779949021055,NORMAL
09:27:45,,,step_13,LDD_이온주입,IDLE,0.2466000794658193,1.4992366082606714,0.6003946219930394,0.3472779949021055,NORMAL
09:27:50,,,step_13,LDD_이온주입,IDLE,0.2466000794658193,1.4992366082606714,0.6003946219930394,0.3472779949021055,NORMAL
09:27:55,,,step_13,LDD_이온주입,IDLE,0.2466000794658193,1.4992366082606714,0.6003946219930394,0.3472779949021055,NORMAL
09:28:00,,,step_13,LDD_이온주입,IDLE,0.2466000794658193,1.4992366082606714,0.6003946219930394,0.3472779949021055,NORMAL
09:28:05,,,step_13,LDD_이온주입,IDLE,0.2466000794658193,1.4992366082606714,0.6003946219930394,0.3472779949021055,NORMAL
09:28:10,,,step_13,LDD_이온주입,IDLE,0.2466000794658193,1.4992366082606714,0.6003946219930394,0.3472779949021055,NORMAL
09:28:15,,,step_13,LDD_이온주입,IDLE,0.2466000794658193,1.4992366082606714,0.6003946219930394,0.3472779949021055,NORMAL
09:28:20,,,step_13,LDD_이온주입,IDLE,0.2466000794658193,1.4992366082606714,0.6003946219930394,0.3472779949021055,NORMAL
09:28:25,,,step_13,LDD_이온주입,IDLE,0.2466000794658193,1.4992366082606714,0.6003946219930394,0.3472779949021055,NORMAL
09:28:30,,,step_13,LDD_이온주입,IDLE,0.2466000794658193,1.4992366082606714,0.6003946219930394,0.3472779949021055,NORMAL
09:28:35,,,step_13,LDD_이온주입,IDLE,0.2466000794658193,1.4992366082606714,0.6003946219930394,0.3472779949021055,NORMAL
09:28:40,,,step_13,LDD_이온주입,IDLE,0.2466000794658193,1.4992366082606714,0.6003946219930394,0.3472779949021055,NORMAL
09:28:45,,,step_13,LDD_이온주입,IDLE,0.2466000794658193,1.4992366082606714,0.6003946219930394,0.3472779949021055,NORMAL
09:28:50,,,step_13,LDD_이온주입,IDLE,0.2466000794658193,1.4992366082606714,0.6003946219930394,0.3472779949021055,NORMAL
09:28:55,,,step_13,LDD_이온주입,IDLE,0.2466000794658193,1.4992366082606714,0.6003946219930394,0.3472779949021055,NORMAL
09:29:00,,,step_13,LDD_이온주입,IDLE,0.2466000794658193,1.4992366082606714,0.6003946219930394,0.3472779949021055,NORMAL
09:29:05,,,step_13,LDD_이온주입,IDLE,0.2466000794658193,1.4992366082606714,0.6003946219930394,0.3472779949021055,NORMAL
09:29:10,,,step_13,LDD_이온주입,IDLE,0.2466000794658193,1.4992366082606714,0.6003946219930394,0.3472779949021055,NORMAL
09:29:15,,,step_13,LDD_이온주입,IDLE,0.2466000794658193,1.4992366082606714,0.6003946219930394,0.3472779949021055,NORMAL
09:29:20,,,step_13,LDD_이온주입,IDLE,0.2466000794658193,1.4992366082606714,0.6003946219930394,0.3472779949021055,NORMAL
09:29:25,,,step_13,LDD_이온주입,IDLE,0.2466000794658193,1.4992366082606714,0.6003946219930394,0.3472779949021055,NORMAL
09:29:30,,,step_13,LDD_이온주입,IDLE,0.2466000794658193,1.4992366082606714,0.6003946219930394,0.3472779949021055,NORMAL
09:29:35,,,step_13,LDD_이온주입,IDLE,0.2466000794658193,1.4992366082606714,0.6003946219930394,0.3472779949021055,NORMAL
09:29:40,,,step_13,LDD_이온주입,IDLE,0.2466000794658193,1.4992366082606714,0.6003946219930394,0.3472779949021055,NORMAL
09:29:45,,,step_13,LDD_이온주입,IDLE,0.2466000794658193,1.4992366082606714,0.6003946219930394,0.3472779949021055,NORMAL
09:29:50,,,step_13,LDD_이온주입,IDLE,0.2466000794658193,1.4992366082606714,0.6003946219930394,0.3472779949021055,NORMAL
09:29:55,,,step_13,LDD_이온주입,IDLE,0.2466000794658193,1.4992366082606714,0.6003946219930394,0.3472779949021055,NORMAL
09:30:00,LOT-20260812-A01,W01,step_13,LDD_이온주입,IDLE,0.2466000794658193,1.4992366082606714,0.6003946219930394,0.3472779949021055,NORMAL
09:30:05,LOT-20260812-A01,W02,step_13,LDD_이온주입,IDLE,0.2510079254165859,1.515362339048614,0.5894057859291795,0.3552392452844488,NORMAL
09:30:10,LOT-20260812-A01,W03,step_13,LDD_이온주입,IDLE,0.2510550358985267,1.5246607826690188,0.595073451467866,0.3561524217817918,NORMAL
09:30:15,LOT-20260812-A01,W04,step_13,LDD_이온주입,IDLE,0.2494582124715339,1.4837185755501563,0.616733591579734,0.3433083468658977,NORMAL
09:30:20,LOT-20260812-A01,W05,step_13,LDD_이온주입,IDLE,0.254668078217952,1.493813430144514,0.5886366377684402,0.3576639194238405,NORMAL
09:30:25,LOT-20260812-A01,W06,step_13,LDD_이온주입,IDLE,0.2460901768377483,1.5180323889784948,0.6058704242406784,0.3518235588660424,NORMAL
09:30:30,LOT-20260812-A01,W07,step_13,LDD_이온주입,IDLE,0.244456790724366,1.4715666190388192,0.603929073590144,0.351416349750733,NORMAL
09:30:35,LOT-20260812-A01,W08,step_13,LDD_이온주입,IDLE,0.2481729127507558,1.460585574363089,0.599758285736418,0.3550331231579826,NORMAL
09:30:40,LOT-20260812-A01,W09,step_13,LDD_이온주입,IDLE,0.2517760613352286,1.5045263190579696,0.6051943662319175,0.3471651180449786,NORMAL
09:30:45,LOT-20260812-A01,W10,step_13,LDD_이온주입,IDLE,0.2473603884064154,1.5099269282214098,0.5883997961805671,0.3547708225709546,NORMAL
09:30:50,LOT-20260812-A01,W11,step_13,LDD_이온주입,IDLE,0.2475475727036848,1.485553996240928,0.6165632250780356,0.3481161226513107,NORMAL
09:30:55,LOT-20260812-A01,W12,step_13,LDD_이온주입,IDLE,0.2523775533404453,1.4884269789175908,0.616733591579734,0.3426252466014483,NORMAL
09:31:00,LOT-20260812-A01,W13,step_13,LDD_이온주입,IDLE,0.2511563698069943,1.484796153565182,0.6004710469775932,0.3450112186044654,NORMAL
09:31:05,LOT-20260812-A01,W14,step_13,LDD_이온주입,IDLE,0.250942652274071,1.4826614952131114,0.616733591579734,0.3528351091645161,NORMAL
09:31:10,LOT-20260812-A01,W15,step_13,LDD_이온주입,IDLE,0.2519535722986638,1.513869916412092,0.5960097206845009,0.3452726583000267,NORMAL
09:31:15,LOT-20260812-A01,W16,step_13,LDD_이온주입,IDLE,0.2489370176168178,1.4763900302600472,0.6040043199385629,0.3580503806159483,NORMAL
09:31:20,LOT-20260812-A01,W17,step_13,LDD_이온주입,IDLE,0.2490525398148545,1.494689542771333,0.6143188906377453,0.3559464172671982,NORMAL
09:31:25,LOT-20260812-A01,W18,step_13,LDD_이온주입,IDLE,0.2520244481814035,1.481893276649703,0.595409955397771,0.3566671958301649,NORMAL
09:31:30,LOT-20260812-A01,W19,step_13,LDD_이온주입,IDLE,0.246637783048047,1.4708942204819755,0.5866490261368201,0.3506238928983871,NORMAL
09:31:35,LOT-20260812-A01,W20,step_13,LDD_이온주입,IDLE,0.2446432003840036,1.5174035634949354,0.5866490261368201,0.3512893080864748,NORMAL
09:31:40,LOT-20260812-A01,W21,step_13,LDD_이온주입,RAMP,0.2456671582637214,1.4584139822261168,0.6824330625561065,0.3261257629151144,NORMAL
09:31:45,LOT-20260812-A01,W22,step_13,LDD_이온주입,RAMP,0.5093087328906569,3.0150752064336603,1.1788390139744491,0.7199156702031498,NORMAL
09:31:50,LOT-20260812-A01,W23,step_13,LDD_이온주입,RAMP,0.7525555969898681,4.379353929615919,1.79257052946326,1.0575966691007417,NORMAL
09:31:55,LOT-20260812-A01,W24,step_13,LDD_이온주입,RAMP,1.00857291504123,5.940644843699482,2.355489436867158,1.4113461125058453,NORMAL
09:32:00,LOT-20260812-A01,W25,step_13,LDD_이온주입,RAMP,1.2298370568957684,7.560487030455601,3.037933571173168,1.7837662362290578,NORMAL
09:32:05,LOT-20260812-A01,W01,step_13,LDD_이온주입,RAMP,1.503154968083235,9.206981716467626,3.5687376056310165,2.08788074032105,NORMAL
09:32:10,LOT-20260812-A01,W02,step_13,LDD_이온주입,RAMP,1.7565386450464238,10.341902714848777,4.180349478893547,2.447477169002454,NORMAL
09:32:15,LOT-20260812-A01,W03,step_13,LDD_이온주입,RAMP,1.9864920257738927,11.983911376376843,4.811980816776647,2.806533418430844,NORMAL
09:32:20,LOT-20260812-A01,W04,step_13,LDD_이온주입,RAMP,2.2586205759054656,13.53298244785148,5.357438162910177,3.1312912918908262,NORMAL
09:32:25,LOT-20260812-A01,W05,step_13,LDD_이온주입,RAMP,2.498884811034942,14.950711987740858,5.992856709219431,3.496248023574464,NORMAL
09:32:30,LOT-20260812-B02,W01,step_13,LDD_이온주입,RAMP,2.78071336701606,16.56796175895953,6.656088383580131,3.85985899620934,NORMAL
09:32:35,LOT-20260812-B02,W02,step_13,LDD_이온주입,RAMP,2.9782276393110325,17.930661386347175,7.217130175900674,4.193491574572543,NORMAL
09:32:40,LOT-20260812-B02,W03,step_13,LDD_이온주입,RAMP,3.2636911436767475,19.51230781281733,7.805221691697133,4.576179788194582,NORMAL
09:32:45,LOT-20260812-B02,W04,step_13,LDD_이온주입,RAMP,3.4960584190347395,20.95823424764013,8.408594588378556,4.86978150876366,NORMAL
09:32:50,LOT-20260812-B02,W05,step_13,LDD_이온주입,RAMP,3.7338284828556,22.597554486636383,8.984434596160938,5.272455424804667,NORMAL
09:32:55,LOT-20260812-B02,W06,step_13,LDD_이온주입,RAMP,3.9947304485643502,23.94589083975715,9.679846092790196,5.613223709496321,NORMAL
09:33:00,LOT-20260812-B02,W07,step_13,LDD_이온주입,RAMP,4.252774792413375,25.47185009629708,10.167513714778636,5.938623428248868,NORMAL
09:33:05,LOT-20260812-B02,W08,step_13,LDD_이온주입,RAMP,4.51037466669565,27.075655122999773,10.808437046478556,6.2815118286354,NORMAL
09:33:10,LOT-20260812-B02,W09,step_13,LDD_이온주입,RAMP,4.767219642881321,28.41775690727257,11.404601022653711,6.608394347655151,NORMAL
09:33:15,LOT-20260812-B02,W10,step_13,LDD_이온주입,RAMP,5.014218930887044,30.005500004541087,12.040350500285326,6.984096499751724,NORMAL
09:33:20,LOT-20260812-B02,W11,step_13,LDD_이온주입,ACTIVE,4.985519269689433,29.781295878757607,12.066190436327618,7.03141529965009,NORMAL
09:33:25,LOT-20260812-B02,W12,step_13,LDD_이온주입,ACTIVE,5.016952470383992,29.869447984964516,11.998078871730776,6.99831742821164,NORMAL
09:33:30,LOT-20260812-B02,W13,step_13,LDD_이온주입,ACTIVE,5.005869274356813,30.045855753106892,12.017439989586784,7.034889426411755,NORMAL
09:33:35,LOT-20260812-B02,W14,step_13,LDD_이온주입,ACTIVE,4.990180954686065,29.88111629885565,12.019712085234836,6.981403867881263,NORMAL
09:33:40,LOT-20260812-B02,W15,step_13,LDD_이온주입,ACTIVE,4.996821341097838,29.934651248181144,11.863671500665763,7.021213184803197,NORMAL
09:33:45,LOT-20260812-B02,W16,step_13,LDD_이온주입,ACTIVE,4.989352360108329,30.059170368245752,11.904660623851331,6.978475041937467,NORMAL
09:33:50,LOT-20260812-B02,W17,step_13,LDD_이온주입,ACTIVE,5.000556385129046,29.93049766306237,11.96369617855668,6.971032749813705,NORMAL
09:33:55,LOT-20260812-B02,W18,step_13,LDD_이온주입,ACTIVE,4.989055131765588,30.098741048785964,11.966304079417387,6.99678618348488,NORMAL
09:34:00,LOT-20260812-B02,W19,step_13,LDD_이온주입,ACTIVE,4.984580088901739,30.025879534498326,11.928043054682153,6.9800510046604005,NORMAL
09:34:05,LOT-20260812-B02,W20,step_13,LDD_이온주입,ACTIVE,5.0071867869167415,30.05228197343094,12.044974954282418,6.953715335528884,NORMAL
09:34:10,LOT-20260812-B02,W21,step_13,LDD_이온주입,ACTIVE,5.009430958223895,30.148915871848622,12.000127105261049,6.99453055897849,NORMAL
09:34:15,LOT-20260812-B02,W22,step_13,LDD_이온주입,ACTIVE,4.997186044998625,30.038378767513688,11.98711832715679,7.003193062492938,NORMAL
09:34:20,LOT-20260812-B02,W23,step_13,LDD_이온주입,ACTIVE,5.02051476955904,30.18466167485632,11.924630683529555,7.038050758344882,NORMAL
09:34:25,LOT-20260812-B02,W24,step_13,LDD_이온주입,ACTIVE,4.9960935412025735,30.109351473964537,11.997327308145312,7.028104170313992,NORMAL
09:34:30,LOT-20260812-B02,W25,step_13,LDD_이온주입,ACTIVE,4.995458381823117,29.937185708419864,11.842398914640084,7.036598295976985,NORMAL
09:34:35,LOT-20260812-B02,W01,step_13,LDD_이온주입,ACTIVE,5.0099073347351855,30.155177769002552,11.99022262135165,7.021610724951805,NORMAL
09:34:40,LOT-20260812-B02,W02,step_13,LDD_이온주입,ACTIVE,4.99801361622585,30.031663922508358,12.003791020128466,7.009978382768499,NORMAL
09:34:45,LOT-20260812-B02,W03,step_13,LDD_이온주입,ACTIVE,5.001271965935392,29.95263843496074,12.01451489905929,6.963131652805843,NORMAL
09:34:50,LOT-20260812-B02,W04,step_13,LDD_이온주입,ACTIVE,4.962193422940714,30.033406283438502,11.906153894191243,7.0044961659380585,NORMAL
09:34:55,LOT-20260812-B02,W05,step_13,LDD_이온주입,ACTIVE,5.00025061077107,30.13347921892683,12.013489004201489,7.017903813319925,NORMAL
09:35:00,LOT-20260812-B02,W06,step_13,LDD_이온주입,ACTIVE,4.972592060937931,30.054605411309065,11.937514123808128,7.043723138481113,NORMAL
09:35:05,LOT-20260812-B02,W07,step_13,LDD_이온주입,ACTIVE,4.981685741435017,30.21868713990617,11.95125181006246,7.020588656251954,NORMAL
09:35:10,LOT-20260812-B02,W08,step_13,LDD_이온주입,ACTIVE,4.979970161918668,30.130383666947857,12.04307588314936,7.037211503038162,NORMAL
09:35:15,LOT-20260812-B02,W09,step_13,LDD_이온주입,ACTIVE,4.984361252696993,30.062779204008255,12.120846823401584,6.969040063259043,NORMAL
09:35:20,LOT-20260812-B02,W10,step_13,LDD_이온주입,ACTIVE,4.991767192105516,29.87687183007106,12.00308152552816,6.990207471215557,NORMAL
09:35:25,LOT-20260812-B02,W11,step_13,LDD_이온주입,ACTIVE,4.992702610766818,29.978432098318784,11.950974272481586,7.012880521409838,NORMAL
09:35:30,LOT-20260812-C03,W01,step_13,LDD_이온주입,ACTIVE,5.0099641280638565,30.0085996967701,12.0113202268506,7.034828580722277,NORMAL
09:35:35,LOT-20260812-C03,W02,step_13,LDD_이온주입,ACTIVE,5.003335817212021,30.08359578014613,12.056341749449947,6.995643140624832,NORMAL
09:35:40,LOT-20260812-C03,W03,step_13,LDD_이온주입,ACTIVE,4.97148388356773,30.076479964952664,12.037259853952364,6.997526621225526,NORMAL
09:35:45,LOT-20260812-C03,W04,step_13,LDD_이온주입,ACTIVE,5.0012494195632025,30.020344849226195,12.164586772347825,7.020614209180089,NORMAL
09:35:50,LOT-20260812-C03,W05,step_13,LDD_이온주입,ACTIVE,5.004773828698752,30.01444198984526,11.95707974585432,6.966223875185646,NORMAL
09:35:55,LOT-20260812-C03,W06,step_13,LDD_이온주입,ACTIVE,4.995071502256206,30.086454827409128,12.015133888795155,7.048222136494703,NORMAL
09:36:00,LOT-20260812-C03,W07,step_13,LDD_이온주입,ACTIVE,4.9990867103464,29.8969696529244,12.092935077205093,6.973625917206769,NORMAL
09:36:05,LOT-20260812-C03,W08,step_13,LDD_이온주입,ACTIVE,5.002854651880956,30.203461898309985,12.089169554221112,6.942442317293221,NORMAL
09:36:10,LOT-20260812-C03,W09,step_13,LDD_이온주입,ACTIVE,5.011468993964534,29.754339973780382,11.882995324408537,7.000302010255678,NORMAL
09:36:15,LOT-20260812-C03,W10,step_13,LDD_이온주입,ACTIVE,4.976376800188059,30.174649137860644,11.9997985427976,7.050953761071267,NORMAL
09:36:20,LOT-20260812-C03,W11,step_13,LDD_이온주입,ACTIVE,4.996335244420405,29.99457773658898,12.089071245950922,7.017593593910008,NORMAL
09:36:25,LOT-20260812-C03,W12,step_13,LDD_이온주입,ACTIVE,5.0226250414708655,30.12030957771259,12.173438579423948,7.022532716290109,NORMAL
09:36:30,LOT-20260812-C03,W13,step_13,LDD_이온주입,ACTIVE,5.021249919624469,30.043660852115117,12.042227753025047,7.001241572869214,NORMAL
09:36:35,LOT-20260812-C03,W14,step_13,LDD_이온주입,ACTIVE,5.012764053916636,30.04152412930929,11.97792820237821,6.995428675081865,NORMAL
09:36:40,LOT-20260812-C03,W15,step_13,LDD_이온주입,ACTIVE,5.008052370259335,30.066510537123182,11.939447810853755,6.953652718912206,NORMAL
09:36:45,LOT-20260812-C03,W16,step_13,LDD_이온주입,ACTIVE,5.024819521226031,30.09708651469053,12.13312460145185,6.932218412262874,NORMAL
09:36:50,LOT-20260812-C03,W17,step_13,LDD_이온주입,ACTIVE,5.0287677200241,29.96054030080953,12.043724495187943,7.005888170153226,NORMAL
09:36:55,LOT-20260812-C03,W18,step_13,LDD_이온주입,ACTIVE,4.998063800179297,30.12417589566315,11.949115984386877,7.039376475830207,NORMAL
09:37:00,LOT-20260812-C03,W19,step_13,LDD_이온주입,ACTIVE,4.985458513350675,29.869863525170548,11.987810618019973,7.010324011144842,NORMAL
09:37:05,LOT-20260812-C03,W20,step_13,LDD_이온주입,ACTIVE,4.995945615235633,29.999360331200865,12.018611191009722,7.01870798581156,NORMAL
09:37:10,LOT-20260812-C03,W21,step_13,LDD_이온주입,ACTIVE,5.046450432706581,30.100316390912678,12.032628399233287,7.0475115263691865,NORMAL
09:37:15,LOT-20260812-C03,W22,step_13,LDD_이온주입,ACTIVE,4.976459654859122,30.119402109553903,11.946022880547252,7.009863005543232,NORMAL
09:37:20,LOT-20260812-C03,W23,step_13,LDD_이온주입,ACTIVE,4.9929419129070585,30.05529466179137,11.96314857491247,6.996320346990771,NORMAL
09:37:25,LOT-20260812-C03,W24,step_13,LDD_이온주입,ACTIVE,4.97880963271261,29.95279290744531,11.900823926257624,6.975444255830498,NORMAL
09:37:30,LOT-20260812-C03,W25,step_13,LDD_이온주입,ACTIVE,5.001871457943161,30.107604933404243,12.062385737376289,7.060666376889163,NORMAL
09:37:35,LOT-20260812-C03,W01,step_13,LDD_이온주입,ACTIVE,4.981959634566577,29.91967605130575,11.97950289199378,7.015796433374611,NORMAL
09:37:40,LOT-20260812-C03,W02,step_13,LDD_이온주입,ACTIVE,4.998368734657496,30.21016908884987,12.027979298950996,6.9716919485224205,NORMAL
09:37:45,LOT-20260812-C03,W03,step_13,LDD_이온주입,ACTIVE,4.970748572599718,29.98983949230004,12.08533551051458,6.964864969965963,NORMAL
09:37:50,LOT-20260812-C03,W04,step_13,LDD_이온주입,ACTIVE,5.0092643099762695,29.815244916695285,12.013192208542437,7.037591911807867,NORMAL
09:37:55,LOT-20260812-C03,W05,step_13,LDD_이온주입,ACTIVE,5.018335178847019,29.856637983838013,11.993221771443055,6.96887674910775,NORMAL
09:38:00,LOT-20260812-C03,W06,step_13,LDD_이온주입,ACTIVE,4.994240845669048,30.00523723642555,12.011635288613036,7.055615024725067,NORMAL
09:38:05,LOT-20260812-C03,W07,step_13,LDD_이온주입,ACTIVE,4.997973049893864,30.016779032559125,12.003791616231014,6.917306116087278,NORMAL
09:38:10,LOT-20260812-C03,W08,step_13,LDD_이온주입,ACTIVE,4.99754889153903,30.236358802194133,12.074769899872678,7.042677855933699,NORMAL
09:38:15,LOT-20260812-C03,W09,step_13,LDD_이온주입,ACTIVE,5.002713660128375,29.87538007948629,12.018650303852327,7.014606844334859,NORMAL
09:38:20,,,step_13,LDD_이온주입,IDLE,5.002713660128375,29.87538007948629,12.018650303852327,7.014606844334859,NORMAL
09:38:25,,,step_13,LDD_이온주입,IDLE,5.002713660128375,29.87538007948629,12.018650303852327,7.014606844334859,NORMAL
09:38:30,,,step_13,LDD_이온주입,IDLE,5.002713660128375,29.87538007948629,12.018650303852327,7.014606844334859,NORMAL
09:38:35,,,step_13,LDD_이온주입,IDLE,5.002713660128375,29.87538007948629,12.018650303852327,7.014606844334859,NORMAL
09:38:40,,,step_13,LDD_이온주입,IDLE,5.002713660128375,29.87538007948629,12.018650303852327,7.014606844334859,NORMAL
09:38:45,,,step_13,LDD_이온주입,IDLE,5.002713660128375,29.87538007948629,12.018650303852327,7.014606844334859,NORMAL
09:38:50,,,step_13,LDD_이온주입,IDLE,5.002713660128375,29.87538007948629,12.018650303852327,7.014606844334859,NORMAL
09:38:55,,,step_13,LDD_이온주입,IDLE,5.002713660128375,29.87538007948629,12.018650303852327,7.014606844334859,NORMAL
09:39:00,,,step_13,LDD_이온주입,IDLE,5.002713660128375,29.87538007948629,12.018650303852327,7.014606844334859,NORMAL
09:39:05,,,step_13,LDD_이온주입,IDLE,5.002713660128375,29.87538007948629,12.018650303852327,7.014606844334859,NORMAL
09:39:10,,,step_13,LDD_이온주입,IDLE,5.002713660128375,29.87538007948629,12.018650303852327,7.014606844334859,NORMAL
09:39:15,,,step_13,LDD_이온주입,IDLE,5.002713660128375,29.87538007948629,12.018650303852327,7.014606844334859,NORMAL
09:39:20,,,step_13,LDD_이온주입,IDLE,5.002713660128375,29.87538007948629,12.018650303852327,7.014606844334859,NORMAL
09:39:25,,,step_13,LDD_이온주입,IDLE,5.002713660128375,29.87538007948629,12.018650303852327,7.014606844334859,NORMAL
09:39:30,,,step_13,LDD_이온주입,IDLE,5.002713660128375,29.87538007948629,12.018650303852327,7.014606844334859,NORMAL
09:39:35,,,step_13,LDD_이온주입,IDLE,5.002713660128375,29.87538007948629,12.018650303852327,7.014606844334859,NORMAL
09:39:40,,,step_13,LDD_이온주입,IDLE,5.002713660128375,29.87538007948629,12.018650303852327,7.014606844334859,NORMAL
09:39:45,,,step_13,LDD_이온주입,IDLE,5.002713660128375,29.87538007948629,12.018650303852327,7.014606844334859,NORMAL
09:39:50,,,step_13,LDD_이온주입,IDLE,5.002713660128375,29.87538007948629,12.018650303852327,7.014606844334859,NORMAL
09:39:55,,,step_13,LDD_이온주입,IDLE,5.002713660128375,29.87538007948629,12.018650303852327,7.014606844334859,NORMAL
09:40:00,,,step_13,LDD_이온주입,IDLE,5.002713660128375,29.87538007948629,12.018650303852327,7.014606844334859,NORMAL
09:40:05,,,step_13,LDD_이온주입,IDLE,5.002713660128375,29.87538007948629,12.018650303852327,7.014606844334859,NORMAL
09:40:10,,,step_13,LDD_이온주입,IDLE,5.002713660128375,29.87538007948629,12.018650303852327,7.014606844334859,NORMAL
09:40:15,,,step_13,LDD_이온주입,IDLE,5.002713660128375,29.87538007948629,12.018650303852327,7.014606844334859,NORMAL
09:40:20,,,step_13,LDD_이온주입,IDLE,5.002713660128375,29.87538007948629,12.018650303852327,7.014606844334859,NORMAL
09:40:25,,,step_13,LDD_이온주입,IDLE,5.002713660128375,29.87538007948629,12.018650303852327,7.014606844334859,NORMAL
09:40:30,,,step_13,LDD_이온주입,IDLE,5.002713660128375,29.87538007948629,12.018650303852327,7.014606844334859,NORMAL
09:40:35,,,step_13,LDD_이온주입,IDLE,5.002713660128375,29.87538007948629,12.018650303852327,7.014606844334859,NORMAL
09:40:40,,,step_13,LDD_이온주입,IDLE,5.002713660128375,29.87538007948629,12.018650303852327,7.014606844334859,NORMAL
09:40:45,,,step_13,LDD_이온주입,IDLE,5.002713660128375,29.87538007948629,12.018650303852327,7.014606844334859,NORMAL
09:40:50,,,step_13,LDD_이온주입,IDLE,5.002713660128375,29.87538007948629,12.018650303852327,7.014606844334859,NORMAL
09:40:55,,,step_13,LDD_이온주입,IDLE,5.002713660128375,29.87538007948629,12.018650303852327,7.014606844334859,NORMAL
09:41:00,,,step_13,LDD_이온주입,IDLE,5.002713660128375,29.87538007948629,12.018650303852327,7.014606844334859,NORMAL
09:41:05,,,step_13,LDD_이온주입,IDLE,5.002713660128375,29.87538007948629,12.018650303852327,7.014606844334859,NORMAL
09:41:10,,,step_13,LDD_이온주입,IDLE,5.002713660128375,29.87538007948629,12.018650303852327,7.014606844334859,NORMAL
09:41:15,,,step_13,LDD_이온주입,IDLE,5.002713660128375,29.87538007948629,12.018650303852327,7.014606844334859,NORMAL
09:41:20,,,step_13,LDD_이온주입,IDLE,5.002713660128375,29.87538007948629,12.018650303852327,7.014606844334859,NORMAL
09:41:25,,,step_13,LDD_이온주입,IDLE,5.002713660128375,29.87538007948629,12.018650303852327,7.014606844334859,NORMAL
09:41:30,,,step_13,LDD_이온주입,IDLE,5.002713660128375,29.87538007948629,12.018650303852327,7.014606844334859,NORMAL
09:41:35,,,step_13,LDD_이온주입,IDLE,5.002713660128375,29.87538007948629,12.018650303852327,7.014606844334859,NORMAL
09:41:40,,,step_13,LDD_이온주입,IDLE,5.002713660128375,29.87538007948629,12.018650303852327,7.014606844334859,NORMAL
09:41:45,,,step_13,LDD_이온주입,IDLE,5.002713660128375,29.87538007948629,12.018650303852327,7.014606844334859,NORMAL
09:41:50,,,step_13,LDD_이온주입,IDLE,5.002713660128375,29.87538007948629,12.018650303852327,7.014606844334859,NORMAL
09:41:55,,,step_13,LDD_이온주입,IDLE,5.002713660128375,29.87538007948629,12.018650303852327,7.014606844334859,NORMAL
09:42:00,,,step_13,LDD_이온주입,IDLE,5.002713660128375,29.87538007948629,12.018650303852327,7.014606844334859,NORMAL
09:42:05,,,step_13,LDD_이온주입,IDLE,5.002713660128375,29.87538007948629,12.018650303852327,7.014606844334859,NORMAL
09:42:10,,,step_13,LDD_이온주입,IDLE,5.002713660128375,29.87538007948629,12.018650303852327,7.014606844334859,NORMAL
09:42:15,,,step_13,LDD_이온주입,IDLE,5.002713660128375,29.87538007948629,12.018650303852327,7.014606844334859,NORMAL
09:42:20,,,step_13,LDD_이온주입,IDLE,5.002713660128375,29.87538007948629,12.018650303852327,7.014606844334859,NORMAL
09:42:25,,,step_13,LDD_이온주입,IDLE,5.002713660128375,29.87538007948629,12.018650303852327,7.014606844334859,NORMAL
09:42:30,,,step_13,LDD_이온주입,IDLE,5.002713660128375,29.87538007948629,12.018650303852327,7.014606844334859,NORMAL
09:42:35,,,step_13,LDD_이온주입,IDLE,5.002713660128375,29.87538007948629,12.018650303852327,7.014606844334859,NORMAL
09:42:40,,,step_13,LDD_이온주입,IDLE,5.002713660128375,29.87538007948629,12.018650303852327,7.014606844334859,NORMAL
09:42:45,,,step_13,LDD_이온주입,IDLE,5.002713660128375,29.87538007948629,12.018650303852327,7.014606844334859,NORMAL
09:42:50,,,step_13,LDD_이온주입,IDLE,5.002713660128375,29.87538007948629,12.018650303852327,7.014606844334859,NORMAL
09:42:55,,,step_13,LDD_이온주입,IDLE,5.002713660128375,29.87538007948629,12.018650303852327,7.014606844334859,NORMAL
09:43:00,,,step_13,LDD_이온주입,IDLE,5.002713660128375,29.87538007948629,12.018650303852327,7.014606844334859,NORMAL
09:43:05,,,step_13,LDD_이온주입,IDLE,5.002713660128375,29.87538007948629,12.018650303852327,7.014606844334859,NORMAL
09:43:10,,,step_13,LDD_이온주입,IDLE,5.002713660128375,29.87538007948629,12.018650303852327,7.014606844334859,NORMAL
09:43:15,,,step_13,LDD_이온주입,IDLE,5.002713660128375,29.87538007948629,12.018650303852327,7.014606844334859,NORMAL
09:43:20,,,step_13,LDD_이온주입,IDLE,5.002713660128375,29.87538007948629,12.018650303852327,7.014606844334859,NORMAL
09:43:25,,,step_13,LDD_이온주입,IDLE,5.002713660128375,29.87538007948629,12.018650303852327,7.014606844334859,NORMAL
09:43:30,,,step_13,LDD_이온주입,IDLE,5.002713660128375,29.87538007948629,12.018650303852327,7.014606844334859,NORMAL
09:43:35,,,step_13,LDD_이온주입,IDLE,5.002713660128375,29.87538007948629,12.018650303852327,7.014606844334859,NORMAL
09:43:40,,,step_13,LDD_이온주입,IDLE,5.002713660128375,29.87538007948629,12.018650303852327,7.014606844334859,NORMAL
09:43:45,,,step_13,LDD_이온주입,IDLE,5.002713660128375,29.87538007948629,12.018650303852327,7.014606844334859,NORMAL
09:43:50,,,step_13,LDD_이온주입,IDLE,5.002713660128375,29.87538007948629,12.018650303852327,7.014606844334859,NORMAL
09:43:55,,,step_13,LDD_이온주입,IDLE,5.002713660128375,29.87538007948629,12.018650303852327,7.014606844334859,NORMAL
09:44:00,,,step_13,LDD_이온주입,IDLE,5.002713660128375,29.87538007948629,12.018650303852327,7.014606844334859,NORMAL
09:44:05,,,step_13,LDD_이온주입,IDLE,5.002713660128375,29.87538007948629,12.018650303852327,7.014606844334859,NORMAL
09:44:10,,,step_13,LDD_이온주입,IDLE,5.002713660128375,29.87538007948629,12.018650303852327,7.014606844334859,NORMAL
09:44:15,,,step_13,LDD_이온주입,IDLE,5.002713660128375,29.87538007948629,12.018650303852327,7.014606844334859,NORMAL
09:44:20,,,step_13,LDD_이온주입,IDLE,5.002713660128375,29.87538007948629,12.018650303852327,7.014606844334859,NORMAL
09:44:25,,,step_13,LDD_이온주입,IDLE,5.002713660128375,29.87538007948629,12.018650303852327,7.014606844334859,NORMAL
09:44:30,,,step_13,LDD_이온주입,IDLE,5.002713660128375,29.87538007948629,12.018650303852327,7.014606844334859,NORMAL
09:44:35,,,step_13,LDD_이온주입,IDLE,5.002713660128375,29.87538007948629,12.018650303852327,7.014606844334859,NORMAL
09:44:40,,,step_13,LDD_이온주입,IDLE,5.002713660128375,29.87538007948629,12.018650303852327,7.014606844334859,NORMAL
09:44:45,,,step_13,LDD_이온주입,IDLE,5.002713660128375,29.87538007948629,12.018650303852327,7.014606844334859,NORMAL
09:44:50,,,step_13,LDD_이온주입,IDLE,5.002713660128375,29.87538007948629,12.018650303852327,7.014606844334859,NORMAL
09:44:55,,,step_13,LDD_이온주입,IDLE,5.002713660128375,29.87538007948629,12.018650303852327,7.014606844334859,NORMAL
09:45:00,,,step_13,LDD_이온주입,IDLE,5.002713660128375,29.87538007948629,12.018650303852327,7.014606844334859,NORMAL
09:45:05,,,step_13,LDD_이온주입,IDLE,5.002713660128375,29.87538007948629,12.018650303852327,7.014606844334859,NORMAL
09:45:10,,,step_13,LDD_이온주입,IDLE,5.002713660128375,29.87538007948629,12.018650303852327,7.014606844334859,NORMAL
09:45:15,,,step_13,LDD_이온주입,IDLE,5.002713660128375,29.87538007948629,12.018650303852327,7.014606844334859,NORMAL
09:45:20,,,step_13,LDD_이온주입,IDLE,5.002713660128375,29.87538007948629,12.018650303852327,7.014606844334859,NORMAL
09:45:25,,,step_13,LDD_이온주입,IDLE,5.002713660128375,29.87538007948629,12.018650303852327,7.014606844334859,NORMAL
09:45:30,,,step_13,LDD_이온주입,IDLE,5.002713660128375,29.87538007948629,12.018650303852327,7.014606844334859,NORMAL
09:45:35,,,step_13,LDD_이온주입,IDLE,5.002713660128375,29.87538007948629,12.018650303852327,7.014606844334859,NORMAL
09:45:40,,,step_13,LDD_이온주입,IDLE,5.002713660128375,29.87538007948629,12.018650303852327,7.014606844334859,NORMAL
09:45:45,,,step_13,LDD_이온주입,IDLE,5.002713660128375,29.87538007948629,12.018650303852327,7.014606844334859,NORMAL
09:45:50,,,step_13,LDD_이온주입,IDLE,5.002713660128375,29.87538007948629,12.018650303852327,7.014606844334859,NORMAL
09:45:55,,,step_13,LDD_이온주입,IDLE,5.002713660128375,29.87538007948629,12.018650303852327,7.014606844334859,NORMAL
09:46:00,,,step_13,LDD_이온주입,IDLE,5.002713660128375,29.87538007948629,12.018650303852327,7.014606844334859,NORMAL
09:46:05,,,step_13,LDD_이온주입,IDLE,5.002713660128375,29.87538007948629,12.018650303852327,7.014606844334859,NORMAL
09:46:10,,,step_13,LDD_이온주입,IDLE,5.002713660128375,29.87538007948629,12.018650303852327,7.014606844334859,NORMAL
09:46:15,,,step_13,LDD_이온주입,IDLE,5.002713660128375,29.87538007948629,12.018650303852327,7.014606844334859,NORMAL
09:46:20,,,step_13,LDD_이온주입,IDLE,5.002713660128375,29.87538007948629,12.018650303852327,7.014606844334859,NORMAL
09:46:25,,,step_13,LDD_이온주입,IDLE,5.002713660128375,29.87538007948629,12.018650303852327,7.014606844334859,NORMAL
09:46:30,,,step_13,LDD_이온주입,IDLE,5.002713660128375,29.87538007948629,12.018650303852327,7.014606844334859,NORMAL
09:46:35,,,step_13,LDD_이온주입,IDLE,5.002713660128375,29.87538007948629,12.018650303852327,7.014606844334859,NORMAL
09:46:40,,,step_13,LDD_이온주입,IDLE,5.002713660128375,29.87538007948629,12.018650303852327,7.014606844334859,NORMAL
09:46:45,,,step_13,LDD_이온주입,IDLE,5.002713660128375,29.87538007948629,12.018650303852327,7.014606844334859,NORMAL
09:46:50,,,step_13,LDD_이온주입,IDLE,5.002713660128375,29.87538007948629,12.018650303852327,7.014606844334859,NORMAL
09:46:55,,,step_13,LDD_이온주입,IDLE,5.002713660128375,29.87538007948629,12.018650303852327,7.014606844334859,NORMAL
09:47:00,,,step_13,LDD_이온주입,IDLE,5.002713660128375,29.87538007948629,12.018650303852327,7.014606844334859,NORMAL
09:47:05,,,step_13,LDD_이온주입,IDLE,5.002713660128375,29.87538007948629,12.018650303852327,7.014606844334859,NORMAL
09:47:10,,,step_13,LDD_이온주입,IDLE,5.002713660128375,29.87538007948629,12.018650303852327,7.014606844334859,NORMAL
09:47:15,,,step_13,LDD_이온주입,IDLE,5.002713660128375,29.87538007948629,12.018650303852327,7.014606844334859,NORMAL
09:47:20,,,step_13,LDD_이온주입,IDLE,5.002713660128375,29.87538007948629,12.018650303852327,7.014606844334859,NORMAL
09:47:25,,,step_13,LDD_이온주입,IDLE,5.002713660128375,29.87538007948629,12.018650303852327,7.014606844334859,NORMAL
09:47:30,,,step_13,LDD_이온주입,IDLE,5.002713660128375,29.87538007948629,12.018650303852327,7.014606844334859,NORMAL
09:47:35,,,step_13,LDD_이온주입,IDLE,5.002713660128375,29.87538007948629,12.018650303852327,7.014606844334859,NORMAL
09:47:40,,,step_13,LDD_이온주입,IDLE,5.002713660128375,29.87538007948629,12.018650303852327,7.014606844334859,NORMAL
09:47:45,,,step_13,LDD_이온주입,IDLE,5.002713660128375,29.87538007948629,12.018650303852327,7.014606844334859,NORMAL
09:47:50,,,step_13,LDD_이온주입,IDLE,5.002713660128375,29.87538007948629,12.018650303852327,7.014606844334859,NORMAL
09:47:55,,,step_13,LDD_이온주입,IDLE,5.002713660128375,29.87538007948629,12.018650303852327,7.014606844334859,NORMAL
09:48:00,,,step_13,LDD_이온주입,IDLE,5.002713660128375,29.87538007948629,12.018650303852327,7.014606844334859,NORMAL
09:48:05,,,step_13,LDD_이온주입,IDLE,5.002713660128375,29.87538007948629,12.018650303852327,7.014606844334859,NORMAL
09:48:10,,,step_13,LDD_이온주입,IDLE,5.002713660128375,29.87538007948629,12.018650303852327,7.014606844334859,NORMAL
09:48:15,,,step_13,LDD_이온주입,IDLE,5.002713660128375,29.87538007948629,12.018650303852327,7.014606844334859,NORMAL
09:48:20,,,step_13,LDD_이온주입,IDLE,5.002713660128375,29.87538007948629,12.018650303852327,7.014606844334859,NORMAL
09:48:25,,,step_13,LDD_이온주입,IDLE,5.002713660128375,29.87538007948629,12.018650303852327,7.014606844334859,NORMAL
09:48:30,,,step_13,LDD_이온주입,IDLE,5.002713660128375,29.87538007948629,12.018650303852327,7.014606844334859,NORMAL
09:48:35,,,step_13,LDD_이온주입,IDLE,5.002713660128375,29.87538007948629,12.018650303852327,7.014606844334859,NORMAL
09:48:40,,,step_13,LDD_이온주입,IDLE,5.002713660128375,29.87538007948629,12.018650303852327,7.014606844334859,NORMAL
09:48:45,,,step_13,LDD_이온주입,IDLE,5.002713660128375,29.87538007948629,12.018650303852327,7.014606844334859,NORMAL
09:48:50,,,step_13,LDD_이온주입,IDLE,5.002713660128375,29.87538007948629,12.018650303852327,7.014606844334859,NORMAL
09:48:55,,,step_13,LDD_이온주입,IDLE,5.002713660128375,29.87538007948629,12.018650303852327,7.014606844334859,NORMAL
09:49:00,,,step_13,LDD_이온주입,IDLE,5.002713660128375,29.87538007948629,12.018650303852327,7.014606844334859,NORMAL
09:49:05,,,step_13,LDD_이온주입,IDLE,5.002713660128375,29.87538007948629,12.018650303852327,7.014606844334859,NORMAL
09:49:10,,,step_13,LDD_이온주입,IDLE,5.002713660128375,29.87538007948629,12.018650303852327,7.014606844334859,NORMAL
09:49:15,,,step_13,LDD_이온주입,IDLE,5.002713660128375,29.87538007948629,12.018650303852327,7.014606844334859,NORMAL
09:49:20,,,step_13,LDD_이온주입,IDLE,5.002713660128375,29.87538007948629,12.018650303852327,7.014606844334859,NORMAL
09:49:25,,,step_13,LDD_이온주입,IDLE,5.002713660128375,29.87538007948629,12.018650303852327,7.014606844334859,NORMAL
09:49:30,,,step_13,LDD_이온주입,IDLE,5.002713660128375,29.87538007948629,12.018650303852327,7.014606844334859,NORMAL
09:49:35,,,step_13,LDD_이온주입,IDLE,5.002713660128375,29.87538007948629,12.018650303852327,7.014606844334859,NORMAL
09:49:40,,,step_13,LDD_이온주입,IDLE,5.002713660128375,29.87538007948629,12.018650303852327,7.014606844334859,NORMAL
09:49:45,,,step_13,LDD_이온주입,IDLE,5.002713660128375,29.87538007948629,12.018650303852327,7.014606844334859,NORMAL
09:49:50,,,step_13,LDD_이온주입,IDLE,5.002713660128375,29.87538007948629,12.018650303852327,7.014606844334859,NORMAL
09:49:55,,,step_13,LDD_이온주입,IDLE,5.002713660128375,29.87538007948629,12.018650303852327,7.014606844334859,NORMAL
09:50:00,,,step_13,LDD_이온주입,IDLE,5.002713660128375,29.87538007948629,12.018650303852327,7.014606844334859,NORMAL
09:50:05,,,step_13,LDD_이온주입,IDLE,5.002713660128375,29.87538007948629,12.018650303852327,7.014606844334859,NORMAL
09:50:10,,,step_13,LDD_이온주입,IDLE,5.002713660128375,29.87538007948629,12.018650303852327,7.014606844334859,NORMAL
09:50:15,,,step_13,LDD_이온주입,IDLE,5.002713660128375,29.87538007948629,12.018650303852327,7.014606844334859,NORMAL
09:50:20,,,step_13,LDD_이온주입,IDLE,5.002713660128375,29.87538007948629,12.018650303852327,7.014606844334859,NORMAL
09:50:25,,,step_13,LDD_이온주입,IDLE,5.002713660128375,29.87538007948629,12.018650303852327,7.014606844334859,NORMAL
09:50:30,,,step_13,LDD_이온주입,IDLE,5.002713660128375,29.87538007948629,12.018650303852327,7.014606844334859,NORMAL
09:50:35,,,step_13,LDD_이온주입,IDLE,5.002713660128375,29.87538007948629,12.018650303852327,7.014606844334859,NORMAL
09:50:40,,,step_13,LDD_이온주입,IDLE,5.002713660128375,29.87538007948629,12.018650303852327,7.014606844334859,NORMAL
09:50:45,,,step_13,LDD_이온주입,IDLE,5.002713660128375,29.87538007948629,12.018650303852327,7.014606844334859,NORMAL
09:50:50,,,step_13,LDD_이온주입,IDLE,5.002713660128375,29.87538007948629,12.018650303852327,7.014606844334859,NORMAL
09:50:55,,,step_13,LDD_이온주입,IDLE,5.002713660128375,29.87538007948629,12.018650303852327,7.014606844334859,NORMAL
09:51:00,,,step_13,LDD_이온주입,IDLE,5.002713660128375,29.87538007948629,12.018650303852327,7.014606844334859,NORMAL
09:51:05,,,step_13,LDD_이온주입,IDLE,5.002713660128375,29.87538007948629,12.018650303852327,7.014606844334859,NORMAL
09:51:10,,,step_13,LDD_이온주입,IDLE,5.002713660128375,29.87538007948629,12.018650303852327,7.014606844334859,NORMAL
09:51:15,,,step_13,LDD_이온주입,IDLE,5.002713660128375,29.87538007948629,12.018650303852327,7.014606844334859,NORMAL
09:51:20,,,step_13,LDD_이온주입,IDLE,5.002713660128375,29.87538007948629,12.018650303852327,7.014606844334859,NORMAL
09:51:25,,,step_13,LDD_이온주입,IDLE,5.002713660128375,29.87538007948629,12.018650303852327,7.014606844334859,NORMAL
09:51:30,,,step_13,LDD_이온주입,IDLE,5.002713660128375,29.87538007948629,12.018650303852327,7.014606844334859,NORMAL
09:51:35,,,step_13,LDD_이온주입,IDLE,5.002713660128375,29.87538007948629,12.018650303852327,7.014606844334859,NORMAL
09:51:40,,,step_13,LDD_이온주입,IDLE,5.002713660128375,29.87538007948629,12.018650303852327,7.014606844334859,NORMAL
09:51:45,,,step_13,LDD_이온주입,IDLE,5.002713660128375,29.87538007948629,12.018650303852327,7.014606844334859,NORMAL
09:51:50,,,step_13,LDD_이온주입,IDLE,5.002713660128375,29.87538007948629,12.018650303852327,7.014606844334859,NORMAL
09:51:55,,,step_13,LDD_이온주입,IDLE,5.002713660128375,29.87538007948629,12.018650303852327,7.014606844334859,NORMAL
09:52:00,,,step_13,LDD_이온주입,IDLE,5.002713660128375,29.87538007948629,12.018650303852327,7.014606844334859,NORMAL
09:52:05,,,step_13,LDD_이온주입,IDLE,5.002713660128375,29.87538007948629,12.018650303852327,7.014606844334859,NORMAL
09:52:10,,,step_13,LDD_이온주입,IDLE,5.002713660128375,29.87538007948629,12.018650303852327,7.014606844334859,NORMAL
09:52:15,,,step_13,LDD_이온주입,IDLE,5.002713660128375,29.87538007948629,12.018650303852327,7.014606844334859,NORMAL
09:52:20,,,step_13,LDD_이온주입,IDLE,5.002713660128375,29.87538007948629,12.018650303852327,7.014606844334859,NORMAL
09:52:25,,,step_13,LDD_이온주입,IDLE,5.002713660128375,29.87538007948629,12.018650303852327,7.014606844334859,NORMAL
09:52:30,,,step_13,LDD_이온주입,IDLE,5.002713660128375,29.87538007948629,12.018650303852327,7.014606844334859,NORMAL
09:52:35,,,step_13,LDD_이온주입,IDLE,5.002713660128375,29.87538007948629,12.018650303852327,7.014606844334859,NORMAL
09:52:40,,,step_13,LDD_이온주입,IDLE,5.002713660128375,29.87538007948629,12.018650303852327,7.014606844334859,NORMAL
09:52:45,,,step_13,LDD_이온주입,IDLE,5.002713660128375,29.87538007948629,12.018650303852327,7.014606844334859,NORMAL
09:52:50,,,step_13,LDD_이온주입,IDLE,5.002713660128375,29.87538007948629,12.018650303852327,7.014606844334859,NORMAL
09:52:55,,,step_13,LDD_이온주입,IDLE,5.002713660128375,29.87538007948629,12.018650303852327,7.014606844334859,NORMAL
09:53:00,,,step_13,LDD_이온주입,IDLE,5.002713660128375,29.87538007948629,12.018650303852327,7.014606844334859,NORMAL
09:53:05,,,step_13,LDD_이온주입,IDLE,5.002713660128375,29.87538007948629,12.018650303852327,7.014606844334859,NORMAL
09:53:10,,,step_13,LDD_이온주입,IDLE,5.002713660128375,29.87538007948629,12.018650303852327,7.014606844334859,NORMAL
09:53:15,,,step_13,LDD_이온주입,IDLE,5.002713660128375,29.87538007948629,12.018650303852327,7.014606844334859,NORMAL
09:53:20,,,step_13,LDD_이온주입,IDLE,5.002713660128375,29.87538007948629,12.018650303852327,7.014606844334859,NORMAL
09:53:25,,,step_13,LDD_이온주입,IDLE,5.002713660128375,29.87538007948629,12.018650303852327,7.014606844334859,NORMAL
09:53:30,,,step_13,LDD_이온주입,IDLE,5.002713660128375,29.87538007948629,12.018650303852327,7.014606844334859,NORMAL
09:53:35,,,step_13,LDD_이온주입,IDLE,5.002713660128375,29.87538007948629,12.018650303852327,7.014606844334859,NORMAL
09:53:40,,,step_13,LDD_이온주입,IDLE,5.002713660128375,29.87538007948629,12.018650303852327,7.014606844334859,NORMAL
09:53:45,,,step_13,LDD_이온주입,IDLE,5.002713660128375,29.87538007948629,12.018650303852327,7.014606844334859,NORMAL
09:53:50,,,step_13,LDD_이온주입,IDLE,5.002713660128375,29.87538007948629,12.018650303852327,7.014606844334859,NORMAL
09:53:55,,,step_13,LDD_이온주입,IDLE,5.002713660128375,29.87538007948629,12.018650303852327,7.014606844334859,NORMAL
09:54:00,,,step_13,LDD_이온주입,IDLE,5.002713660128375,29.87538007948629,12.018650303852327,7.014606844334859,NORMAL
09:54:05,,,step_13,LDD_이온주입,IDLE,5.002713660128375,29.87538007948629,12.018650303852327,7.014606844334859,NORMAL
09:54:10,,,step_13,LDD_이온주입,IDLE,5.002713660128375,29.87538007948629,12.018650303852327,7.014606844334859,NORMAL
09:54:15,,,step_13,LDD_이온주입,IDLE,5.002713660128375,29.87538007948629,12.018650303852327,7.014606844334859,NORMAL
09:54:20,,,step_13,LDD_이온주입,IDLE,5.002713660128375,29.87538007948629,12.018650303852327,7.014606844334859,NORMAL
09:54:25,,,step_13,LDD_이온주입,IDLE,5.002713660128375,29.87538007948629,12.018650303852327,7.014606844334859,NORMAL
09:54:30,,,step_13,LDD_이온주입,IDLE,5.002713660128375,29.87538007948629,12.018650303852327,7.014606844334859,NORMAL
09:54:35,,,step_13,LDD_이온주입,IDLE,5.002713660128375,29.87538007948629,12.018650303852327,7.014606844334859,NORMAL
09:54:40,,,step_13,LDD_이온주입,IDLE,5.002713660128375,29.87538007948629,12.018650303852327,7.014606844334859,NORMAL
09:54:45,,,step_13,LDD_이온주입,IDLE,5.002713660128375,29.87538007948629,12.018650303852327,7.014606844334859,NORMAL
09:54:50,,,step_13,LDD_이온주입,IDLE,5.002713660128375,29.87538007948629,12.018650303852327,7.014606844334859,NORMAL
09:54:55,,,step_13,LDD_이온주입,IDLE,5.002713660128375,29.87538007948629,12.018650303852327,7.014606844334859,NORMAL
09:55:00,,,step_13,LDD_이온주입,IDLE,5.002713660128375,29.87538007948629,12.018650303852327,7.014606844334859,NORMAL
09:55:05,,,step_13,LDD_이온주입,IDLE,5.002713660128375,29.87538007948629,12.018650303852327,7.014606844334859,NORMAL
09:55:10,,,step_13,LDD_이온주입,IDLE,5.002713660128375,29.87538007948629,12.018650303852327,7.014606844334859,NORMAL
09:55:15,,,step_13,LDD_이온주입,IDLE,5.002713660128375,29.87538007948629,12.018650303852327,7.014606844334859,NORMAL
09:55:20,,,step_13,LDD_이온주입,IDLE,5.002713660128375,29.87538007948629,12.018650303852327,7.014606844334859,NORMAL
09:55:25,,,step_13,LDD_이온주입,IDLE,5.002713660128375,29.87538007948629,12.018650303852327,7.014606844334859,NORMAL
09:55:30,,,step_13,LDD_이온주입,IDLE,5.002713660128375,29.87538007948629,12.018650303852327,7.014606844334859,NORMAL
09:55:35,,,step_13,LDD_이온주입,IDLE,5.002713660128375,29.87538007948629,12.018650303852327,7.014606844334859,NORMAL
09:55:40,,,step_13,LDD_이온주입,IDLE,5.002713660128375,29.87538007948629,12.018650303852327,7.014606844334859,NORMAL
09:55:45,,,step_13,LDD_이온주입,IDLE,5.002713660128375,29.87538007948629,12.018650303852327,7.014606844334859,NORMAL
09:55:50,,,step_13,LDD_이온주입,IDLE,5.002713660128375,29.87538007948629,12.018650303852327,7.014606844334859,NORMAL
09:55:55,,,step_13,LDD_이온주입,IDLE,5.002713660128375,29.87538007948629,12.018650303852327,7.014606844334859,NORMAL
09:56:00,,,step_13,LDD_이온주입,IDLE,5.002713660128375,29.87538007948629,12.018650303852327,7.014606844334859,NORMAL
09:56:05,,,step_13,LDD_이온주입,IDLE,5.002713660128375,29.87538007948629,12.018650303852327,7.014606844334859,NORMAL
09:56:10,,,step_13,LDD_이온주입,IDLE,5.002713660128375,29.87538007948629,12.018650303852327,7.014606844334859,NORMAL
09:56:15,,,step_13,LDD_이온주입,IDLE,5.002713660128375,29.87538007948629,12.018650303852327,7.014606844334859,NORMAL
09:56:20,,,step_13,LDD_이온주입,IDLE,5.002713660128375,29.87538007948629,12.018650303852327,7.014606844334859,NORMAL
09:56:25,,,step_13,LDD_이온주입,IDLE,5.002713660128375,29.87538007948629,12.018650303852327,7.014606844334859,NORMAL
09:56:30,,,step_13,LDD_이온주입,IDLE,5.002713660128375,29.87538007948629,12.018650303852327,7.014606844334859,NORMAL
09:56:35,,,step_13,LDD_이온주입,IDLE,5.002713660128375,29.87538007948629,12.018650303852327,7.014606844334859,NORMAL
09:56:40,,,step_13,LDD_이온주입,IDLE,5.002713660128375,29.87538007948629,12.018650303852327,7.014606844334859,NORMAL
09:56:45,,,step_13,LDD_이온주입,IDLE,5.002713660128375,29.87538007948629,12.018650303852327,7.014606844334859,NORMAL
09:56:50,,,step_13,LDD_이온주입,IDLE,5.002713660128375,29.87538007948629,12.018650303852327,7.014606844334859,NORMAL
09:56:55,,,step_13,LDD_이온주입,IDLE,5.002713660128375,29.87538007948629,12.018650303852327,7.014606844334859,NORMAL
09:57:00,,,step_13,LDD_이온주입,IDLE,5.002713660128375,29.87538007948629,12.018650303852327,7.014606844334859,NORMAL
09:57:05,,,step_13,LDD_이온주입,IDLE,5.002713660128375,29.87538007948629,12.018650303852327,7.014606844334859,NORMAL
09:57:10,,,step_13,LDD_이온주입,IDLE,5.002713660128375,29.87538007948629,12.018650303852327,7.014606844334859,NORMAL
09:57:15,,,step_13,LDD_이온주입,IDLE,5.002713660128375,29.87538007948629,12.018650303852327,7.014606844334859,NORMAL
09:57:20,,,step_13,LDD_이온주입,IDLE,5.002713660128375,29.87538007948629,12.018650303852327,7.014606844334859,NORMAL
09:57:25,,,step_13,LDD_이온주입,IDLE,5.002713660128375,29.87538007948629,12.018650303852327,7.014606844334859,NORMAL
09:57:30,,,step_13,LDD_이온주입,IDLE,5.002713660128375,29.87538007948629,12.018650303852327,7.014606844334859,NORMAL
09:57:35,,,step_13,LDD_이온주입,IDLE,5.002713660128375,29.87538007948629,12.018650303852327,7.014606844334859,NORMAL
09:57:40,,,step_13,LDD_이온주입,IDLE,5.002713660128375,29.87538007948629,12.018650303852327,7.014606844334859,NORMAL
09:57:45,,,step_13,LDD_이온주입,IDLE,5.002713660128375,29.87538007948629,12.018650303852327,7.014606844334859,NORMAL
09:57:50,,,step_13,LDD_이온주입,IDLE,5.002713660128375,29.87538007948629,12.018650303852327,7.014606844334859,NORMAL
09:57:55,,,step_13,LDD_이온주입,IDLE,5.002713660128375,29.87538007948629,12.018650303852327,7.014606844334859,NORMAL
09:58:00,,,step_13,LDD_이온주입,IDLE,5.002713660128375,29.87538007948629,12.018650303852327,7.014606844334859,NORMAL
09:58:05,,,step_13,LDD_이온주입,IDLE,5.002713660128375,29.87538007948629,12.018650303852327,7.014606844334859,NORMAL
09:58:10,,,step_13,LDD_이온주입,IDLE,5.002713660128375,29.87538007948629,12.018650303852327,7.014606844334859,NORMAL
09:58:15,,,step_13,LDD_이온주입,IDLE,5.002713660128375,29.87538007948629,12.018650303852327,7.014606844334859,NORMAL
09:58:20,,,step_13,LDD_이온주입,IDLE,5.002713660128375,29.87538007948629,12.018650303852327,7.014606844334859,NORMAL
09:58:25,,,step_13,LDD_이온주입,IDLE,5.002713660128375,29.87538007948629,12.018650303852327,7.014606844334859,NORMAL
09:58:30,,,step_13,LDD_이온주입,IDLE,5.002713660128375,29.87538007948629,12.018650303852327,7.014606844334859,NORMAL
09:58:35,,,step_13,LDD_이온주입,IDLE,5.002713660128375,29.87538007948629,12.018650303852327,7.014606844334859,NORMAL
09:58:40,,,step_13,LDD_이온주입,IDLE,5.002713660128375,29.87538007948629,12.018650303852327,7.014606844334859,NORMAL
09:58:45,,,step_13,LDD_이온주입,IDLE,5.002713660128375,29.87538007948629,12.018650303852327,7.014606844334859,NORMAL
09:58:50,,,step_13,LDD_이온주입,IDLE,5.002713660128375,29.87538007948629,12.018650303852327,7.014606844334859,NORMAL
09:58:55,,,step_13,LDD_이온주입,IDLE,5.002713660128375,29.87538007948629,12.018650303852327,7.014606844334859,NORMAL
09:59:00,,,step_13,LDD_이온주입,IDLE,5.002713660128375,29.87538007948629,12.018650303852327,7.014606844334859,NORMAL
09:59:05,,,step_13,LDD_이온주입,IDLE,5.002713660128375,29.87538007948629,12.018650303852327,7.014606844334859,NORMAL
09:59:10,,,step_13,LDD_이온주입,IDLE,5.002713660128375,29.87538007948629,12.018650303852327,7.014606844334859,NORMAL
09:59:15,,,step_13,LDD_이온주입,IDLE,5.002713660128375,29.87538007948629,12.018650303852327,7.014606844334859,NORMAL
09:59:20,,,step_13,LDD_이온주입,IDLE,5.002713660128375,29.87538007948629,12.018650303852327,7.014606844334859,NORMAL
09:59:25,,,step_13,LDD_이온주입,IDLE,5.002713660128375,29.87538007948629,12.018650303852327,7.014606844334859,NORMAL
09:59:30,,,step_13,LDD_이온주입,IDLE,5.002713660128375,29.87538007948629,12.018650303852327,7.014606844334859,NORMAL
09:59:35,,,step_13,LDD_이온주입,IDLE,5.002713660128375,29.87538007948629,12.018650303852327,7.014606844334859,NORMAL
09:59:40,,,step_13,LDD_이온주입,IDLE,5.002713660128375,29.87538007948629,12.018650303852327,7.014606844334859,NORMAL
09:59:45,,,step_13,LDD_이온주입,IDLE,5.002713660128375,29.87538007948629,12.018650303852327,7.014606844334859,NORMAL
09:59:50,,,step_13,LDD_이온주입,IDLE,5.002713660128375,29.87538007948629,12.018650303852327,7.014606844334859,NORMAL
09:59:55,,,step_13,LDD_이온주입,IDLE,5.002713660128375,29.87538007948629,12.018650303852327,7.014606844334859,NORMAL
10:00:00,,,step_13,LDD_이온주입,IDLE,5.002713660128375,29.87538007948629,12.018650303852327,7.014606844334859,NORMAL
10:00:05,,,step_13,LDD_이온주입,IDLE,5.002713660128375,29.87538007948629,12.018650303852327,7.014606844334859,NORMAL
10:00:10,,,step_13,LDD_이온주입,IDLE,5.002713660128375,29.87538007948629,12.018650303852327,7.014606844334859,NORMAL
10:00:15,,,step_13,LDD_이온주입,IDLE,5.002713660128375,29.87538007948629,12.018650303852327,7.014606844334859,NORMAL
10:00:20,,,step_13,LDD_이온주입,IDLE,5.002713660128375,29.87538007948629,12.018650303852327,7.014606844334859,NORMAL
10:00:25,,,step_13,LDD_이온주입,IDLE,5.002713660128375,29.87538007948629,12.018650303852327,7.014606844334859,NORMAL
10:00:30,,,step_13,LDD_이온주입,IDLE,5.002713660128375,29.87538007948629,12.018650303852327,7.014606844334859,NORMAL
10:00:35,,,step_13,LDD_이온주입,IDLE,5.002713660128375,29.87538007948629,12.018650303852327,7.014606844334859,NORMAL
10:00:40,,,step_13,LDD_이온주입,IDLE,5.002713660128375,29.87538007948629,12.018650303852327,7.014606844334859,NORMAL
10:00:45,,,step_13,LDD_이온주입,IDLE,5.002713660128375,29.87538007948629,12.018650303852327,7.014606844334859,NORMAL
10:00:50,,,step_13,LDD_이온주입,IDLE,5.002713660128375,29.87538007948629,12.018650303852327,7.014606844334859,NORMAL
10:00:55,,,step_13,LDD_이온주입,IDLE,5.002713660128375,29.87538007948629,12.018650303852327,7.014606844334859,NORMAL
10:01:00,,,step_13,LDD_이온주입,IDLE,5.002713660128375,29.87538007948629,12.018650303852327,7.014606844334859,NORMAL
10:01:05,,,step_13,LDD_이온주입,IDLE,5.002713660128375,29.87538007948629,12.018650303852327,7.014606844334859,NORMAL
10:01:10,,,step_13,LDD_이온주입,IDLE,5.002713660128375,29.87538007948629,12.018650303852327,7.014606844334859,NORMAL
10:01:15,,,step_13,LDD_이온주입,IDLE,5.002713660128375,29.87538007948629,12.018650303852327,7.014606844334859,NORMAL
10:01:20,,,step_13,LDD_이온주입,IDLE,5.002713660128375,29.87538007948629,12.018650303852327,7.014606844334859,NORMAL
10:01:25,,,step_13,LDD_이온주입,IDLE,5.002713660128375,29.87538007948629,12.018650303852327,7.014606844334859,NORMAL
10:01:30,,,step_13,LDD_이온주입,IDLE,5.002713660128375,29.87538007948629,12.018650303852327,7.014606844334859,NORMAL
10:01:35,,,step_13,LDD_이온주입,IDLE,5.002713660128375,29.87538007948629,12.018650303852327,7.014606844334859,NORMAL
10:01:40,,,step_13,LDD_이온주입,IDLE,5.002713660128375,29.87538007948629,12.018650303852327,7.014606844334859,NORMAL
10:01:45,,,step_13,LDD_이온주입,IDLE,5.002713660128375,29.87538007948629,12.018650303852327,7.014606844334859,NORMAL
10:01:50,,,step_13,LDD_이온주입,IDLE,5.002713660128375,29.87538007948629,12.018650303852327,7.014606844334859,NORMAL
10:01:55,,,step_13,LDD_이온주입,IDLE,5.002713660128375,29.87538007948629,12.018650303852327,7.014606844334859,NORMAL
10:02:00,,,step_13,LDD_이온주입,IDLE,5.002713660128375,29.87538007948629,12.018650303852327,7.014606844334859,NORMAL
10:02:05,,,step_13,LDD_이온주입,IDLE,5.002713660128375,29.87538007948629,12.018650303852327,7.014606844334859,NORMAL
10:02:10,,,step_13,LDD_이온주입,IDLE,5.002713660128375,29.87538007948629,12.018650303852327,7.014606844334859,NORMAL
10:02:15,,,step_13,LDD_이온주입,IDLE,5.002713660128375,29.87538007948629,12.018650303852327,7.014606844334859,NORMAL
10:02:20,,,step_13,LDD_이온주입,IDLE,5.002713660128375,29.87538007948629,12.018650303852327,7.014606844334859,NORMAL
10:02:25,,,step_13,LDD_이온주입,IDLE,5.002713660128375,29.87538007948629,12.018650303852327,7.014606844334859,NORMAL
10:02:30,,,step_13,LDD_이온주입,IDLE,5.002713660128375,29.87538007948629,12.018650303852327,7.014606844334859,NORMAL
10:02:35,,,step_13,LDD_이온주입,IDLE,5.002713660128375,29.87538007948629,12.018650303852327,7.014606844334859,NORMAL
10:02:40,,,step_13,LDD_이온주입,IDLE,5.002713660128375,29.87538007948629,12.018650303852327,7.014606844334859,NORMAL
10:02:45,,,step_13,LDD_이온주입,IDLE,5.002713660128375,29.87538007948629,12.018650303852327,7.014606844334859,NORMAL
10:02:50,,,step_13,LDD_이온주입,IDLE,5.002713660128375,29.87538007948629,12.018650303852327,7.014606844334859,NORMAL
10:02:55,,,step_13,LDD_이온주입,IDLE,5.002713660128375,29.87538007948629,12.018650303852327,7.014606844334859,NORMAL
10:03:00,,,step_13,LDD_이온주입,IDLE,5.002713660128375,29.87538007948629,12.018650303852327,7.014606844334859,NORMAL
10:03:05,,,step_13,LDD_이온주입,IDLE,5.002713660128375,29.87538007948629,12.018650303852327,7.014606844334859,NORMAL
10:03:10,,,step_13,LDD_이온주입,IDLE,5.002713660128375,29.87538007948629,12.018650303852327,7.014606844334859,NORMAL
10:03:15,,,step_13,LDD_이온주입,IDLE,5.002713660128375,29.87538007948629,12.018650303852327,7.014606844334859,NORMAL
10:03:20,,,step_13,LDD_이온주입,IDLE,5.002713660128375,29.87538007948629,12.018650303852327,7.014606844334859,NORMAL
10:03:25,,,step_13,LDD_이온주입,IDLE,5.002713660128375,29.87538007948629,12.018650303852327,7.014606844334859,NORMAL
10:03:30,,,step_13,LDD_이온주입,IDLE,5.002713660128375,29.87538007948629,12.018650303852327,7.014606844334859,NORMAL
10:03:35,,,step_13,LDD_이온주입,IDLE,5.002713660128375,29.87538007948629,12.018650303852327,7.014606844334859,NORMAL
10:03:40,,,step_13,LDD_이온주입,IDLE,5.002713660128375,29.87538007948629,12.018650303852327,7.014606844334859,NORMAL
10:03:45,,,step_13,LDD_이온주입,IDLE,5.002713660128375,29.87538007948629,12.018650303852327,7.014606844334859,NORMAL
10:03:50,,,step_13,LDD_이온주입,IDLE,5.002713660128375,29.87538007948629,12.018650303852327,7.014606844334859,NORMAL
10:03:55,,,step_13,LDD_이온주입,IDLE,5.002713660128375,29.87538007948629,12.018650303852327,7.014606844334859,NORMAL
10:04:00,,,step_13,LDD_이온주입,IDLE,5.002713660128375,29.87538007948629,12.018650303852327,7.014606844334859,NORMAL
10:04:05,,,step_13,LDD_이온주입,IDLE,5.002713660128375,29.87538007948629,12.018650303852327,7.014606844334859,NORMAL
10:04:10,,,step_13,LDD_이온주입,IDLE,5.002713660128375,29.87538007948629,12.018650303852327,7.014606844334859,NORMAL
10:04:15,,,step_13,LDD_이온주입,IDLE,5.002713660128375,29.87538007948629,12.018650303852327,7.014606844334859,NORMAL
10:04:20,,,step_13,LDD_이온주입,IDLE,5.002713660128375,29.87538007948629,12.018650303852327,7.014606844334859,NORMAL
10:04:25,,,step_13,LDD_이온주입,IDLE,5.002713660128375,29.87538007948629,12.018650303852327,7.014606844334859,NORMAL
10:04:30,,,step_13,LDD_이온주입,IDLE,5.002713660128375,29.87538007948629,12.018650303852327,7.014606844334859,NORMAL
10:04:35,,,step_13,LDD_이온주입,IDLE,5.002713660128375,29.87538007948629,12.018650303852327,7.014606844334859,NORMAL
10:04:40,,,step_13,LDD_이온주입,IDLE,5.002713660128375,29.87538007948629,12.018650303852327,7.014606844334859,NORMAL
10:04:45,,,step_13,LDD_이온주입,IDLE,5.002713660128375,29.87538007948629,12.018650303852327,7.014606844334859,NORMAL
10:04:50,,,step_13,LDD_이온주입,IDLE,5.002713660128375,29.87538007948629,12.018650303852327,7.014606844334859,NORMAL
10:04:55,,,step_13,LDD_이온주입,IDLE,5.002713660128375,29.87538007948629,12.018650303852327,7.014606844334859,NORMAL
10:05:00,,,step_13,LDD_이온주입,IDLE,5.002713660128375,29.87538007948629,12.018650303852327,7.014606844334859,NORMAL
10:05:05,,,step_13,LDD_이온주입,IDLE,5.002713660128375,29.87538007948629,12.018650303852327,7.014606844334859,NORMAL
10:05:10,,,step_13,LDD_이온주입,IDLE,5.002713660128375,29.87538007948629,12.018650303852327,7.014606844334859,NORMAL
10:05:15,,,step_13,LDD_이온주입,IDLE,5.002713660128375,29.87538007948629,12.018650303852327,7.014606844334859,NORMAL
10:05:20,,,step_13,LDD_이온주입,IDLE,5.002713660128375,29.87538007948629,12.018650303852327,7.014606844334859,NORMAL
10:05:25,,,step_13,LDD_이온주입,IDLE,5.002713660128375,29.87538007948629,12.018650303852327,7.014606844334859,NORMAL
10:05:30,,,step_13,LDD_이온주입,IDLE,5.002713660128375,29.87538007948629,12.018650303852327,7.014606844334859,NORMAL
10:05:35,,,step_13,LDD_이온주입,IDLE,5.002713660128375,29.87538007948629,12.018650303852327,7.014606844334859,NORMAL
10:05:40,,,step_13,LDD_이온주입,IDLE,5.002713660128375,29.87538007948629,12.018650303852327,7.014606844334859,NORMAL
10:05:45,,,step_13,LDD_이온주입,IDLE,5.002713660128375,29.87538007948629,12.018650303852327,7.014606844334859,NORMAL
10:05:50,,,step_13,LDD_이온주입,IDLE,5.002713660128375,29.87538007948629,12.018650303852327,7.014606844334859,NORMAL
10:05:55,,,step_13,LDD_이온주입,IDLE,5.002713660128375,29.87538007948629,12.018650303852327,7.014606844334859,NORMAL
10:06:00,,,step_13,LDD_이온주입,IDLE,5.002713660128375,29.87538007948629,12.018650303852327,7.014606844334859,NORMAL
10:06:05,,,step_13,LDD_이온주입,IDLE,5.002713660128375,29.87538007948629,12.018650303852327,7.014606844334859,NORMAL
10:06:10,,,step_13,LDD_이온주입,IDLE,5.002713660128375,29.87538007948629,12.018650303852327,7.014606844334859,NORMAL
10:06:15,,,step_13,LDD_이온주입,IDLE,5.002713660128375,29.87538007948629,12.018650303852327,7.014606844334859,NORMAL
10:06:20,,,step_13,LDD_이온주입,IDLE,5.002713660128375,29.87538007948629,12.018650303852327,7.014606844334859,NORMAL
10:06:25,,,step_13,LDD_이온주입,IDLE,5.002713660128375,29.87538007948629,12.018650303852327,7.014606844334859,NORMAL
10:06:30,,,step_13,LDD_이온주입,IDLE,5.002713660128375,29.87538007948629,12.018650303852327,7.014606844334859,NORMAL
10:06:35,,,step_13,LDD_이온주입,IDLE,5.002713660128375,29.87538007948629,12.018650303852327,7.014606844334859,NORMAL
10:06:40,,,step_13,LDD_이온주입,IDLE,5.002713660128375,29.87538007948629,12.018650303852327,7.014606844334859,NORMAL
10:06:45,,,step_13,LDD_이온주입,IDLE,5.002713660128375,29.87538007948629,12.018650303852327,7.014606844334859,NORMAL
10:06:50,,,step_13,LDD_이온주입,IDLE,5.002713660128375,29.87538007948629,12.018650303852327,7.014606844334859,NORMAL
10:06:55,,,step_13,LDD_이온주입,IDLE,5.002713660128375,29.87538007948629,12.018650303852327,7.014606844334859,NORMAL
10:07:00,,,step_13,LDD_이온주입,IDLE,5.002713660128375,29.87538007948629,12.018650303852327,7.014606844334859,NORMAL
10:07:05,,,step_13,LDD_이온주입,IDLE,5.002713660128375,29.87538007948629,12.018650303852327,7.014606844334859,NORMAL
10:07:10,,,step_13,LDD_이온주입,IDLE,5.002713660128375,29.87538007948629,12.018650303852327,7.014606844334859,NORMAL
10:07:15,,,step_13,LDD_이온주입,IDLE,5.002713660128375,29.87538007948629,12.018650303852327,7.014606844334859,NORMAL
10:07:20,,,step_13,LDD_이온주입,IDLE,5.002713660128375,29.87538007948629,12.018650303852327,7.014606844334859,NORMAL
10:07:25,,,step_13,LDD_이온주입,IDLE,5.002713660128375,29.87538007948629,12.018650303852327,7.014606844334859,NORMAL
10:07:30,,,step_13,LDD_이온주입,IDLE,5.002713660128375,29.87538007948629,12.018650303852327,7.014606844334859,NORMAL
10:07:35,,,step_13,LDD_이온주입,IDLE,5.002713660128375,29.87538007948629,12.018650303852327,7.014606844334859,NORMAL
10:07:40,,,step_13,LDD_이온주입,IDLE,5.002713660128375,29.87538007948629,12.018650303852327,7.014606844334859,NORMAL
10:07:45,,,step_13,LDD_이온주입,IDLE,5.002713660128375,29.87538007948629,12.018650303852327,7.014606844334859,NORMAL
10:07:50,,,step_13,LDD_이온주입,IDLE,5.002713660128375,29.87538007948629,12.018650303852327,7.014606844334859,NORMAL
10:07:55,,,step_13,LDD_이온주입,IDLE,5.002713660128375,29.87538007948629,12.018650303852327,7.014606844334859,NORMAL
10:08:00,,,step_13,LDD_이온주입,IDLE,5.002713660128375,29.87538007948629,12.018650303852327,7.014606844334859,NORMAL
10:08:05,,,step_13,LDD_이온주입,IDLE,5.002713660128375,29.87538007948629,12.018650303852327,7.014606844334859,NORMAL
10:08:10,,,step_13,LDD_이온주입,IDLE,5.002713660128375,29.87538007948629,12.018650303852327,7.014606844334859,NORMAL
10:08:15,,,step_13,LDD_이온주입,IDLE,5.002713660128375,29.87538007948629,12.018650303852327,7.014606844334859,NORMAL
10:08:20,,,step_13,LDD_이온주입,IDLE,5.002713660128375,29.87538007948629,12.018650303852327,7.014606844334859,NORMAL
10:08:25,,,step_13,LDD_이온주입,IDLE,5.002713660128375,29.87538007948629,12.018650303852327,7.014606844334859,NORMAL
10:08:30,,,step_13,LDD_이온주입,IDLE,5.002713660128375,29.87538007948629,12.018650303852327,7.014606844334859,NORMAL
10:08:35,,,step_13,LDD_이온주입,IDLE,5.002713660128375,29.87538007948629,12.018650303852327,7.014606844334859,NORMAL
10:08:40,,,step_13,LDD_이온주입,IDLE,5.002713660128375,29.87538007948629,12.018650303852327,7.014606844334859,NORMAL
10:08:45,,,step_13,LDD_이온주입,IDLE,5.002713660128375,29.87538007948629,12.018650303852327,7.014606844334859,NORMAL
10:08:50,,,step_13,LDD_이온주입,IDLE,5.002713660128375,29.87538007948629,12.018650303852327,7.014606844334859,NORMAL
10:08:55,,,step_13,LDD_이온주입,IDLE,5.002713660128375,29.87538007948629,12.018650303852327,7.014606844334859,NORMAL
10:09:00,,,step_13,LDD_이온주입,IDLE,5.002713660128375,29.87538007948629,12.018650303852327,7.014606844334859,NORMAL
10:09:05,,,step_13,LDD_이온주입,IDLE,5.002713660128375,29.87538007948629,12.018650303852327,7.014606844334859,NORMAL
10:09:10,,,step_13,LDD_이온주입,IDLE,5.002713660128375,29.87538007948629,12.018650303852327,7.014606844334859,NORMAL
10:09:15,,,step_13,LDD_이온주입,IDLE,5.002713660128375,29.87538007948629,12.018650303852327,7.014606844334859,NORMAL
10:09:20,,,step_13,LDD_이온주입,IDLE,5.002713660128375,29.87538007948629,12.018650303852327,7.014606844334859,NORMAL
10:09:25,,,step_13,LDD_이온주입,IDLE,5.002713660128375,29.87538007948629,12.018650303852327,7.014606844334859,NORMAL
10:09:30,,,step_13,LDD_이온주입,IDLE,5.002713660128375,29.87538007948629,12.018650303852327,7.014606844334859,NORMAL
10:09:35,,,step_13,LDD_이온주입,IDLE,5.002713660128375,29.87538007948629,12.018650303852327,7.014606844334859,NORMAL
10:09:40,,,step_13,LDD_이온주입,IDLE,5.002713660128375,29.87538007948629,12.018650303852327,7.014606844334859,NORMAL
10:09:45,,,step_13,LDD_이온주입,IDLE,5.002713660128375,29.87538007948629,12.018650303852327,7.014606844334859,NORMAL
10:09:50,,,step_13,LDD_이온주입,IDLE,5.002713660128375,29.87538007948629,12.018650303852327,7.014606844334859,NORMAL
10:09:55,,,step_13,LDD_이온주입,IDLE,5.002713660128375,29.87538007948629,12.018650303852327,7.014606844334859,NORMAL
10:10:00,,,step_13,LDD_이온주입,IDLE,5.002713660128375,29.87538007948629,12.018650303852327,7.014606844334859,NORMAL
10:10:05,,,step_13,LDD_이온주입,IDLE,5.002713660128375,29.87538007948629,12.018650303852327,7.014606844334859,NORMAL
10:10:10,,,step_13,LDD_이온주입,IDLE,5.002713660128375,29.87538007948629,12.018650303852327,7.014606844334859,NORMAL
10:10:15,,,step_13,LDD_이온주입,IDLE,5.002713660128375,29.87538007948629,12.018650303852327,7.014606844334859,NORMAL
10:10:20,,,step_13,LDD_이온주입,IDLE,5.002713660128375,29.87538007948629,12.018650303852327,7.014606844334859,NORMAL
10:10:25,,,step_13,LDD_이온주입,IDLE,5.002713660128375,29.87538007948629,12.018650303852327,7.014606844334859,NORMAL
10:10:30,,,step_13,LDD_이온주입,IDLE,5.002713660128375,29.87538007948629,12.018650303852327,7.014606844334859,NORMAL
10:10:35,,,step_13,LDD_이온주입,IDLE,5.002713660128375,29.87538007948629,12.018650303852327,7.014606844334859,NORMAL
10:10:40,,,step_13,LDD_이온주입,IDLE,5.002713660128375,29.87538007948629,12.018650303852327,7.014606844334859,NORMAL
10:10:45,,,step_13,LDD_이온주입,IDLE,5.002713660128375,29.87538007948629,12.018650303852327,7.014606844334859,NORMAL
10:10:50,,,step_13,LDD_이온주입,IDLE,5.002713660128375,29.87538007948629,12.018650303852327,7.014606844334859,NORMAL
10:10:55,,,step_13,LDD_이온주입,IDLE,5.002713660128375,29.87538007948629,12.018650303852327,7.014606844334859,NORMAL
10:11:00,,,step_13,LDD_이온주입,IDLE,5.002713660128375,29.87538007948629,12.018650303852327,7.014606844334859,NORMAL
10:11:05,,,step_13,LDD_이온주입,IDLE,5.002713660128375,29.87538007948629,12.018650303852327,7.014606844334859,NORMAL
10:11:10,,,step_13,LDD_이온주입,IDLE,5.002713660128375,29.87538007948629,12.018650303852327,7.014606844334859,NORMAL
10:11:15,,,step_13,LDD_이온주입,IDLE,5.002713660128375,29.87538007948629,12.018650303852327,7.014606844334859,NORMAL
10:11:20,,,step_13,LDD_이온주입,IDLE,5.002713660128375,29.87538007948629,12.018650303852327,7.014606844334859,NORMAL
10:11:25,,,step_13,LDD_이온주입,IDLE,5.002713660128375,29.87538007948629,12.018650303852327,7.014606844334859,NORMAL
10:11:30,,,step_13,LDD_이온주입,IDLE,5.002713660128375,29.87538007948629,12.018650303852327,7.014606844334859,NORMAL
10:11:35,,,step_13,LDD_이온주입,IDLE,5.002713660128375,29.87538007948629,12.018650303852327,7.014606844334859,NORMAL
10:11:40,,,step_13,LDD_이온주입,IDLE,5.002713660128375,29.87538007948629,12.018650303852327,7.014606844334859,NORMAL
10:11:45,,,step_13,LDD_이온주입,IDLE,5.002713660128375,29.87538007948629,12.018650303852327,7.014606844334859,NORMAL
10:11:50,,,step_13,LDD_이온주입,IDLE,5.002713660128375,29.87538007948629,12.018650303852327,7.014606844334859,NORMAL
10:11:55,,,step_13,LDD_이온주입,IDLE,5.002713660128375,29.87538007948629,12.018650303852327,7.014606844334859,NORMAL
10:12:00,,,step_13,LDD_이온주입,IDLE,5.002713660128375,29.87538007948629,12.018650303852327,7.014606844334859,NORMAL
10:12:05,,,step_13,LDD_이온주입,IDLE,5.002713660128375,29.87538007948629,12.018650303852327,7.014606844334859,NORMAL
10:12:10,,,step_13,LDD_이온주입,IDLE,5.002713660128375,29.87538007948629,12.018650303852327,7.014606844334859,NORMAL
10:12:15,,,step_13,LDD_이온주입,IDLE,5.002713660128375,29.87538007948629,12.018650303852327,7.014606844334859,NORMAL
10:12:20,,,step_13,LDD_이온주입,IDLE,5.002713660128375,29.87538007948629,12.018650303852327,7.014606844334859,NORMAL
10:12:25,,,step_13,LDD_이온주입,IDLE,5.002713660128375,29.87538007948629,12.018650303852327,7.014606844334859,NORMAL
10:12:30,,,step_13,LDD_이온주입,IDLE,5.002713660128375,29.87538007948629,12.018650303852327,7.014606844334859,NORMAL
10:12:35,,,step_13,LDD_이온주입,IDLE,5.002713660128375,29.87538007948629,12.018650303852327,7.014606844334859,NORMAL
10:12:40,,,step_13,LDD_이온주입,IDLE,5.002713660128375,29.87538007948629,12.018650303852327,7.014606844334859,NORMAL
10:12:45,,,step_13,LDD_이온주입,IDLE,5.002713660128375,29.87538007948629,12.018650303852327,7.014606844334859,NORMAL
10:12:50,,,step_13,LDD_이온주입,IDLE,5.002713660128375,29.87538007948629,12.018650303852327,7.014606844334859,NORMAL
10:12:55,,,step_13,LDD_이온주입,IDLE,5.002713660128375,29.87538007948629,12.018650303852327,7.014606844334859,NORMAL
10:13:00,,,step_13,LDD_이온주입,IDLE,5.002713660128375,29.87538007948629,12.018650303852327,7.014606844334859,NORMAL
10:13:05,,,step_13,LDD_이온주입,IDLE,5.002713660128375,29.87538007948629,12.018650303852327,7.014606844334859,NORMAL
10:13:10,,,step_13,LDD_이온주입,IDLE,5.002713660128375,29.87538007948629,12.018650303852327,7.014606844334859,NORMAL
10:13:15,,,step_13,LDD_이온주입,IDLE,5.002713660128375,29.87538007948629,12.018650303852327,7.014606844334859,NORMAL
10:13:20,,,step_13,LDD_이온주입,IDLE,5.002713660128375,29.87538007948629,12.018650303852327,7.014606844334859,NORMAL
10:13:25,,,step_13,LDD_이온주입,IDLE,5.002713660128375,29.87538007948629,12.018650303852327,7.014606844334859,NORMAL
10:13:30,,,step_13,LDD_이온주입,IDLE,5.002713660128375,29.87538007948629,12.018650303852327,7.014606844334859,NORMAL
10:13:35,,,step_13,LDD_이온주입,IDLE,5.002713660128375,29.87538007948629,12.018650303852327,7.014606844334859,NORMAL
10:13:40,,,step_13,LDD_이온주입,IDLE,5.002713660128375,29.87538007948629,12.018650303852327,7.014606844334859,NORMAL
10:13:45,,,step_13,LDD_이온주입,IDLE,5.002713660128375,29.87538007948629,12.018650303852327,7.014606844334859,NORMAL
10:13:50,,,step_13,LDD_이온주입,IDLE,5.002713660128375,29.87538007948629,12.018650303852327,7.014606844334859,NORMAL
10:13:55,,,step_13,LDD_이온주입,IDLE,5.002713660128375,29.87538007948629,12.018650303852327,7.014606844334859,NORMAL
10:14:00,,,step_13,LDD_이온주입,IDLE,5.002713660128375,29.87538007948629,12.018650303852327,7.014606844334859,NORMAL
10:14:05,,,step_13,LDD_이온주입,IDLE,5.002713660128375,29.87538007948629,12.018650303852327,7.014606844334859,NORMAL
10:14:10,,,step_13,LDD_이온주입,IDLE,5.002713660128375,29.87538007948629,12.018650303852327,7.014606844334859,NORMAL
10:14:15,,,step_13,LDD_이온주입,IDLE,5.002713660128375,29.87538007948629,12.018650303852327,7.014606844334859,NORMAL
10:14:20,,,step_13,LDD_이온주입,IDLE,5.002713660128375,29.87538007948629,12.018650303852327,7.014606844334859,NORMAL
10:14:25,,,step_13,LDD_이온주입,IDLE,5.002713660128375,29.87538007948629,12.018650303852327,7.014606844334859,NORMAL
10:14:30,,,step_13,LDD_이온주입,IDLE,5.002713660128375,29.87538007948629,12.018650303852327,7.014606844334859,NORMAL
10:14:35,,,step_13,LDD_이온주입,IDLE,5.002713660128375,29.87538007948629,12.018650303852327,7.014606844334859,NORMAL
10:14:40,,,step_13,LDD_이온주입,IDLE,5.002713660128375,29.87538007948629,12.018650303852327,7.014606844334859,NORMAL
10:14:45,,,step_13,LDD_이온주입,IDLE,5.002713660128375,29.87538007948629,12.018650303852327,7.014606844334859,NORMAL
10:14:50,,,step_13,LDD_이온주입,IDLE,5.002713660128375,29.87538007948629,12.018650303852327,7.014606844334859,NORMAL
10:14:55,,,step_13,LDD_이온주입,IDLE,5.002713660128375,29.87538007948629,12.018650303852327,7.014606844334859,NORMAL
10:15:00,,,step_13,LDD_이온주입,IDLE,5.002713660128375,29.87538007948629,12.018650303852327,7.014606844334859,NORMAL
10:15:05,,,step_13,LDD_이온주입,IDLE,5.002713660128375,29.87538007948629,12.018650303852327,7.014606844334859,NORMAL
10:15:10,,,step_13,LDD_이온주입,IDLE,5.002713660128375,29.87538007948629,12.018650303852327,7.014606844334859,NORMAL
10:15:15,,,step_13,LDD_이온주입,IDLE,5.002713660128375,29.87538007948629,12.018650303852327,7.014606844334859,NORMAL
10:15:20,,,step_13,LDD_이온주입,IDLE,5.002713660128375,29.87538007948629,12.018650303852327,7.014606844334859,NORMAL
10:15:25,,,step_13,LDD_이온주입,IDLE,5.002713660128375,29.87538007948629,12.018650303852327,7.014606844334859,NORMAL
10:15:30,,,step_13,LDD_이온주입,IDLE,5.002713660128375,29.87538007948629,12.018650303852327,7.014606844334859,NORMAL
10:15:35,,,step_13,LDD_이온주입,IDLE,5.002713660128375,29.87538007948629,12.018650303852327,7.014606844334859,NORMAL
10:15:40,,,step_13,LDD_이온주입,IDLE,5.002713660128375,29.87538007948629,12.018650303852327,7.014606844334859,NORMAL
10:15:45,,,step_13,LDD_이온주입,IDLE,5.002713660128375,29.87538007948629,12.018650303852327,7.014606844334859,NORMAL
10:15:50,,,step_13,LDD_이온주입,IDLE,5.002713660128375,29.87538007948629,12.018650303852327,7.014606844334859,NORMAL
10:15:55,,,step_13,LDD_이온주입,IDLE,5.002713660128375,29.87538007948629,12.018650303852327,7.014606844334859,NORMAL
10:16:00,,,step_13,LDD_이온주입,IDLE,5.002713660128375,29.87538007948629,12.018650303852327,7.014606844334859,NORMAL
10:16:05,,,step_13,LDD_이온주입,IDLE,5.002713660128375,29.87538007948629,12.018650303852327,7.014606844334859,NORMAL
10:16:10,,,step_13,LDD_이온주입,IDLE,5.002713660128375,29.87538007948629,12.018650303852327,7.014606844334859,NORMAL
10:16:15,,,step_13,LDD_이온주입,IDLE,5.002713660128375,29.87538007948629,12.018650303852327,7.014606844334859,NORMAL
10:16:20,,,step_13,LDD_이온주입,IDLE,5.002713660128375,29.87538007948629,12.018650303852327,7.014606844334859,NORMAL
10:16:25,,,step_13,LDD_이온주입,IDLE,5.002713660128375,29.87538007948629,12.018650303852327,7.014606844334859,NORMAL
10:16:30,,,step_13,LDD_이온주입,IDLE,5.002713660128375,29.87538007948629,12.018650303852327,7.014606844334859,NORMAL
10:16:35,,,step_13,LDD_이온주입,IDLE,5.002713660128375,29.87538007948629,12.018650303852327,7.014606844334859,NORMAL
10:16:40,,,step_13,LDD_이온주입,IDLE,5.002713660128375,29.87538007948629,12.018650303852327,7.014606844334859,NORMAL
10:16:45,,,step_13,LDD_이온주입,IDLE,5.002713660128375,29.87538007948629,12.018650303852327,7.014606844334859,NORMAL
10:16:50,,,step_13,LDD_이온주입,IDLE,5.002713660128375,29.87538007948629,12.018650303852327,7.014606844334859,NORMAL
10:16:55,,,step_13,LDD_이온주입,IDLE,5.002713660128375,29.87538007948629,12.018650303852327,7.014606844334859,NORMAL
10:17:00,,,step_13,LDD_이온주입,IDLE,5.002713660128375,29.87538007948629,12.018650303852327,7.014606844334859,NORMAL
10:17:05,,,step_13,LDD_이온주입,IDLE,5.002713660128375,29.87538007948629,12.018650303852327,7.014606844334859,NORMAL
10:17:10,,,step_13,LDD_이온주입,IDLE,5.002713660128375,29.87538007948629,12.018650303852327,7.014606844334859,NORMAL
10:17:15,,,step_13,LDD_이온주입,IDLE,5.002713660128375,29.87538007948629,12.018650303852327,7.014606844334859,NORMAL
10:17:20,,,step_13,LDD_이온주입,IDLE,5.002713660128375,29.87538007948629,12.018650303852327,7.014606844334859,NORMAL
10:17:25,,,step_13,LDD_이온주입,IDLE,5.002713660128375,29.87538007948629,12.018650303852327,7.014606844334859,NORMAL
10:17:30,,,step_13,LDD_이온주입,IDLE,5.002713660128375,29.87538007948629,12.018650303852327,7.014606844334859,NORMAL
10:17:35,,,step_13,LDD_이온주입,IDLE,5.002713660128375,29.87538007948629,12.018650303852327,7.014606844334859,NORMAL
10:17:40,,,step_13,LDD_이온주입,IDLE,5.002713660128375,29.87538007948629,12.018650303852327,7.014606844334859,NORMAL
10:17:45,,,step_13,LDD_이온주입,IDLE,5.002713660128375,29.87538007948629,12.018650303852327,7.014606844334859,NORMAL
10:17:50,,,step_13,LDD_이온주입,IDLE,5.002713660128375,29.87538007948629,12.018650303852327,7.014606844334859,NORMAL
10:17:55,,,step_13,LDD_이온주입,IDLE,5.002713660128375,29.87538007948629,12.018650303852327,7.014606844334859,NORMAL
10:18:00,,,step_13,LDD_이온주입,IDLE,5.002713660128375,29.87538007948629,12.018650303852327,7.014606844334859,NORMAL
10:18:05,,,step_13,LDD_이온주입,IDLE,5.002713660128375,29.87538007948629,12.018650303852327,7.014606844334859,NORMAL
10:18:10,,,step_13,LDD_이온주입,IDLE,5.002713660128375,29.87538007948629,12.018650303852327,7.014606844334859,NORMAL
10:18:15,,,step_13,LDD_이온주입,IDLE,5.002713660128375,29.87538007948629,12.018650303852327,7.014606844334859,NORMAL
10:18:20,,,step_13,LDD_이온주입,IDLE,5.002713660128375,29.87538007948629,12.018650303852327,7.014606844334859,NORMAL
10:18:25,,,step_13,LDD_이온주입,IDLE,5.002713660128375,29.87538007948629,12.018650303852327,7.014606844334859,NORMAL
10:18:30,,,step_13,LDD_이온주입,IDLE,5.002713660128375,29.87538007948629,12.018650303852327,7.014606844334859,NORMAL
10:18:35,,,step_13,LDD_이온주입,IDLE,5.002713660128375,29.87538007948629,12.018650303852327,7.014606844334859,NORMAL
10:18:40,,,step_13,LDD_이온주입,IDLE,5.002713660128375,29.87538007948629,12.018650303852327,7.014606844334859,NORMAL
10:18:45,,,step_13,LDD_이온주입,IDLE,5.002713660128375,29.87538007948629,12.018650303852327,7.014606844334859,NORMAL
10:18:50,,,step_13,LDD_이온주입,IDLE,5.002713660128375,29.87538007948629,12.018650303852327,7.014606844334859,NORMAL
10:18:55,,,step_13,LDD_이온주입,IDLE,5.002713660128375,29.87538007948629,12.018650303852327,7.014606844334859,NORMAL
10:19:00,,,step_13,LDD_이온주입,IDLE,5.002713660128375,29.87538007948629,12.018650303852327,7.014606844334859,NORMAL
10:19:05,,,step_13,LDD_이온주입,IDLE,5.002713660128375,29.87538007948629,12.018650303852327,7.014606844334859,NORMAL
10:19:10,,,step_13,LDD_이온주입,IDLE,5.002713660128375,29.87538007948629,12.018650303852327,7.014606844334859,NORMAL
10:19:15,,,step_13,LDD_이온주입,IDLE,5.002713660128375,29.87538007948629,12.018650303852327,7.014606844334859,NORMAL
10:19:20,,,step_13,LDD_이온주입,IDLE,5.002713660128375,29.87538007948629,12.018650303852327,7.014606844334859,NORMAL
10:19:25,,,step_13,LDD_이온주입,IDLE,5.002713660128375,29.87538007948629,12.018650303852327,7.014606844334859,NORMAL
10:19:30,,,step_13,LDD_이온주입,IDLE,5.002713660128375,29.87538007948629,12.018650303852327,7.014606844334859,NORMAL
10:19:35,,,step_13,LDD_이온주입,IDLE,5.002713660128375,29.87538007948629,12.018650303852327,7.014606844334859,NORMAL
10:19:40,,,step_13,LDD_이온주입,IDLE,5.002713660128375,29.87538007948629,12.018650303852327,7.014606844334859,NORMAL
10:19:45,,,step_13,LDD_이온주입,IDLE,5.002713660128375,29.87538007948629,12.018650303852327,7.014606844334859,NORMAL
10:19:50,,,step_13,LDD_이온주입,IDLE,5.002713660128375,29.87538007948629,12.018650303852327,7.014606844334859,NORMAL
10:19:55,,,step_13,LDD_이온주입,IDLE,5.002713660128375,29.87538007948629,12.018650303852327,7.014606844334859,NORMAL
10:20:00,,,step_13,LDD_이온주입,IDLE,5.002713660128375,29.87538007948629,12.018650303852327,7.014606844334859,NORMAL
10:20:05,,,step_13,LDD_이온주입,IDLE,5.002713660128375,29.87538007948629,12.018650303852327,7.014606844334859,NORMAL
10:20:10,,,step_13,LDD_이온주입,IDLE,5.002713660128375,29.87538007948629,12.018650303852327,7.014606844334859,NORMAL
10:20:15,,,step_13,LDD_이온주입,IDLE,5.002713660128375,29.87538007948629,12.018650303852327,7.014606844334859,NORMAL
10:20:20,,,step_13,LDD_이온주입,IDLE,5.002713660128375,29.87538007948629,12.018650303852327,7.014606844334859,NORMAL
10:20:25,,,step_13,LDD_이온주입,IDLE,5.002713660128375,29.87538007948629,12.018650303852327,7.014606844334859,NORMAL
10:20:30,,,step_13,LDD_이온주입,IDLE,5.002713660128375,29.87538007948629,12.018650303852327,7.014606844334859,NORMAL
10:20:35,,,step_13,LDD_이온주입,IDLE,5.002713660128375,29.87538007948629,12.018650303852327,7.014606844334859,NORMAL
10:20:40,,,step_13,LDD_이온주입,IDLE,5.002713660128375,29.87538007948629,12.018650303852327,7.014606844334859,NORMAL
10:20:45,,,step_13,LDD_이온주입,IDLE,5.002713660128375,29.87538007948629,12.018650303852327,7.014606844334859,NORMAL
10:20:50,,,step_13,LDD_이온주입,IDLE,5.002713660128375,29.87538007948629,12.018650303852327,7.014606844334859,NORMAL
10:20:55,,,step_13,LDD_이온주입,IDLE,5.002713660128375,29.87538007948629,12.018650303852327,7.014606844334859,NORMAL
10:21:00,,,step_13,LDD_이온주입,IDLE,5.002713660128375,29.87538007948629,12.018650303852327,7.014606844334859,NORMAL
10:21:05,,,step_13,LDD_이온주입,IDLE,5.002713660128375,29.87538007948629,12.018650303852327,7.014606844334859,NORMAL
10:21:10,,,step_13,LDD_이온주입,IDLE,5.002713660128375,29.87538007948629,12.018650303852327,7.014606844334859,NORMAL
10:21:15,,,step_13,LDD_이온주입,IDLE,5.002713660128375,29.87538007948629,12.018650303852327,7.014606844334859,NORMAL
10:21:20,,,step_13,LDD_이온주입,IDLE,5.002713660128375,29.87538007948629,12.018650303852327,7.014606844334859,NORMAL
10:21:25,,,step_13,LDD_이온주입,IDLE,5.002713660128375,29.87538007948629,12.018650303852327,7.014606844334859,NORMAL
10:21:30,,,step_13,LDD_이온주입,IDLE,5.002713660128375,29.87538007948629,12.018650303852327,7.014606844334859,NORMAL
10:21:35,,,step_13,LDD_이온주입,IDLE,5.002713660128375,29.87538007948629,12.018650303852327,7.014606844334859,NORMAL
10:21:40,,,step_13,LDD_이온주입,IDLE,5.002713660128375,29.87538007948629,12.018650303852327,7.014606844334859,NORMAL
10:21:45,,,step_13,LDD_이온주입,IDLE,5.002713660128375,29.87538007948629,12.018650303852327,7.014606844334859,NORMAL
10:21:50,,,step_13,LDD_이온주입,IDLE,5.002713660128375,29.87538007948629,12.018650303852327,7.014606844334859,NORMAL
10:21:55,,,step_13,LDD_이온주입,IDLE,5.002713660128375,29.87538007948629,12.018650303852327,7.014606844334859,NORMAL
10:22:00,,,step_13,LDD_이온주입,IDLE,5.002713660128375,29.87538007948629,12.018650303852327,7.014606844334859,NORMAL
10:22:05,,,step_13,LDD_이온주입,IDLE,5.002713660128375,29.87538007948629,12.018650303852327,7.014606844334859,NORMAL
10:22:10,,,step_13,LDD_이온주입,IDLE,5.002713660128375,29.87538007948629,12.018650303852327,7.014606844334859,NORMAL
10:22:15,,,step_13,LDD_이온주입,IDLE,5.002713660128375,29.87538007948629,12.018650303852327,7.014606844334859,NORMAL
10:22:20,,,step_13,LDD_이온주입,IDLE,5.002713660128375,29.87538007948629,12.018650303852327,7.014606844334859,NORMAL
10:22:25,,,step_13,LDD_이온주입,IDLE,5.002713660128375,29.87538007948629,12.018650303852327,7.014606844334859,NORMAL
10:22:30,,,step_13,LDD_이온주입,IDLE,5.002713660128375,29.87538007948629,12.018650303852327,7.014606844334859,NORMAL
10:22:35,,,step_13,LDD_이온주입,IDLE,5.002713660128375,29.87538007948629,12.018650303852327,7.014606844334859,NORMAL
10:22:40,,,step_13,LDD_이온주입,IDLE,5.002713660128375,29.87538007948629,12.018650303852327,7.014606844334859,NORMAL
10:22:45,,,step_13,LDD_이온주입,IDLE,5.002713660128375,29.87538007948629,12.018650303852327,7.014606844334859,NORMAL
10:22:50,,,step_13,LDD_이온주입,IDLE,5.002713660128375,29.87538007948629,12.018650303852327,7.014606844334859,NORMAL
10:22:55,,,step_13,LDD_이온주입,IDLE,5.002713660128375,29.87538007948629,12.018650303852327,7.014606844334859,NORMAL
10:23:00,,,step_13,LDD_이온주입,IDLE,5.002713660128375,29.87538007948629,12.018650303852327,7.014606844334859,NORMAL
10:23:05,,,step_13,LDD_이온주입,IDLE,5.002713660128375,29.87538007948629,12.018650303852327,7.014606844334859,NORMAL
10:23:10,,,step_13,LDD_이온주입,IDLE,5.002713660128375,29.87538007948629,12.018650303852327,7.014606844334859,NORMAL
10:23:15,,,step_13,LDD_이온주입,IDLE,5.002713660128375,29.87538007948629,12.018650303852327,7.014606844334859,NORMAL
10:23:20,,,step_13,LDD_이온주입,IDLE,5.002713660128375,29.87538007948629,12.018650303852327,7.014606844334859,NORMAL
10:23:25,,,step_13,LDD_이온주입,IDLE,5.002713660128375,29.87538007948629,12.018650303852327,7.014606844334859,NORMAL
10:23:30,,,step_13,LDD_이온주입,IDLE,5.002713660128375,29.87538007948629,12.018650303852327,7.014606844334859,NORMAL
10:23:35,,,step_13,LDD_이온주입,IDLE,5.002713660128375,29.87538007948629,12.018650303852327,7.014606844334859,NORMAL
10:23:40,,,step_13,LDD_이온주입,IDLE,5.002713660128375,29.87538007948629,12.018650303852327,7.014606844334859,NORMAL
10:23:45,,,step_13,LDD_이온주입,IDLE,5.002713660128375,29.87538007948629,12.018650303852327,7.014606844334859,NORMAL
10:23:50,,,step_13,LDD_이온주입,IDLE,5.002713660128375,29.87538007948629,12.018650303852327,7.014606844334859,NORMAL
10:23:55,,,step_13,LDD_이온주입,IDLE,5.002713660128375,29.87538007948629,12.018650303852327,7.014606844334859,NORMAL
10:24:00,,,step_13,LDD_이온주입,IDLE,5.002713660128375,29.87538007948629,12.018650303852327,7.014606844334859,NORMAL
10:24:05,,,step_13,LDD_이온주입,IDLE,5.002713660128375,29.87538007948629,12.018650303852327,7.014606844334859,NORMAL
10:24:10,,,step_13,LDD_이온주입,IDLE,5.002713660128375,29.87538007948629,12.018650303852327,7.014606844334859,NORMAL
10:24:15,,,step_13,LDD_이온주입,IDLE,5.002713660128375,29.87538007948629,12.018650303852327,7.014606844334859,NORMAL
10:24:20,,,step_13,LDD_이온주입,IDLE,5.002713660128375,29.87538007948629,12.018650303852327,7.014606844334859,NORMAL
10:24:25,,,step_13,LDD_이온주입,IDLE,5.002713660128375,29.87538007948629,12.018650303852327,7.014606844334859,NORMAL
10:24:30,,,step_13,LDD_이온주입,IDLE,5.002713660128375,29.87538007948629,12.018650303852327,7.014606844334859,NORMAL
10:24:35,,,step_13,LDD_이온주입,IDLE,5.002713660128375,29.87538007948629,12.018650303852327,7.014606844334859,NORMAL
10:24:40,,,step_13,LDD_이온주입,IDLE,5.002713660128375,29.87538007948629,12.018650303852327,7.014606844334859,NORMAL
10:24:45,,,step_13,LDD_이온주입,IDLE,5.002713660128375,29.87538007948629,12.018650303852327,7.014606844334859,NORMAL
10:24:50,,,step_13,LDD_이온주입,IDLE,5.002713660128375,29.87538007948629,12.018650303852327,7.014606844334859,NORMAL
10:24:55,,,step_13,LDD_이온주입,IDLE,5.002713660128375,29.87538007948629,12.018650303852327,7.014606844334859,NORMAL
10:25:00,,,step_13,LDD_이온주입,IDLE,5.002713660128375,29.87538007948629,12.018650303852327,7.014606844334859,NORMAL
10:25:05,,,step_13,LDD_이온주입,IDLE,5.002713660128375,29.87538007948629,12.018650303852327,7.014606844334859,NORMAL
10:25:10,,,step_13,LDD_이온주입,IDLE,5.002713660128375,29.87538007948629,12.018650303852327,7.014606844334859,NORMAL
10:25:15,,,step_13,LDD_이온주입,IDLE,5.002713660128375,29.87538007948629,12.018650303852327,7.014606844334859,NORMAL
10:25:20,,,step_13,LDD_이온주입,IDLE,5.002713660128375,29.87538007948629,12.018650303852327,7.014606844334859,NORMAL
10:25:25,,,step_13,LDD_이온주입,IDLE,5.002713660128375,29.87538007948629,12.018650303852327,7.014606844334859,NORMAL
10:25:30,,,step_13,LDD_이온주입,IDLE,5.002713660128375,29.87538007948629,12.018650303852327,7.014606844334859,NORMAL
10:25:35,,,step_13,LDD_이온주입,IDLE,5.002713660128375,29.87538007948629,12.018650303852327,7.014606844334859,NORMAL
10:25:40,,,step_13,LDD_이온주입,IDLE,5.002713660128375,29.87538007948629,12.018650303852327,7.014606844334859,NORMAL
10:25:45,,,step_13,LDD_이온주입,IDLE,5.002713660128375,29.87538007948629,12.018650303852327,7.014606844334859,NORMAL
10:25:50,,,step_13,LDD_이온주입,IDLE,5.002713660128375,29.87538007948629,12.018650303852327,7.014606844334859,NORMAL
10:25:55,,,step_13,LDD_이온주입,IDLE,5.002713660128375,29.87538007948629,12.018650303852327,7.014606844334859,NORMAL
10:26:00,,,step_13,LDD_이온주입,IDLE,5.002713660128375,29.87538007948629,12.018650303852327,7.014606844334859,NORMAL
10:26:05,,,step_13,LDD_이온주입,IDLE,5.002713660128375,29.87538007948629,12.018650303852327,7.014606844334859,NORMAL
10:26:10,,,step_13,LDD_이온주입,IDLE,5.002713660128375,29.87538007948629,12.018650303852327,7.014606844334859,NORMAL
10:26:15,,,step_13,LDD_이온주입,IDLE,5.002713660128375,29.87538007948629,12.018650303852327,7.014606844334859,NORMAL
10:26:20,,,step_13,LDD_이온주입,IDLE,5.002713660128375,29.87538007948629,12.018650303852327,7.014606844334859,NORMAL
10:26:25,,,step_13,LDD_이온주입,IDLE,5.002713660128375,29.87538007948629,12.018650303852327,7.014606844334859,NORMAL
10:26:30,,,step_13,LDD_이온주입,IDLE,5.002713660128375,29.87538007948629,12.018650303852327,7.014606844334859,NORMAL
10:26:35,,,step_13,LDD_이온주입,IDLE,5.002713660128375,29.87538007948629,12.018650303852327,7.014606844334859,NORMAL
10:26:40,,,step_13,LDD_이온주입,IDLE,5.002713660128375,29.87538007948629,12.018650303852327,7.014606844334859,NORMAL
10:26:45,,,step_13,LDD_이온주입,IDLE,5.002713660128375,29.87538007948629,12.018650303852327,7.014606844334859,NORMAL
10:26:50,,,step_13,LDD_이온주입,IDLE,5.002713660128375,29.87538007948629,12.018650303852327,7.014606844334859,NORMAL
10:26:55,,,step_13,LDD_이온주입,IDLE,5.002713660128375,29.87538007948629,12.018650303852327,7.014606844334859,NORMAL
10:27:00,,,step_13,LDD_이온주입,IDLE,5.002713660128375,29.87538007948629,12.018650303852327,7.014606844334859,NORMAL
10:27:05,,,step_13,LDD_이온주입,IDLE,5.002713660128375,29.87538007948629,12.018650303852327,7.014606844334859,NORMAL
10:27:10,,,step_13,LDD_이온주입,IDLE,5.002713660128375,29.87538007948629,12.018650303852327,7.014606844334859,NORMAL
10:27:15,,,step_13,LDD_이온주입,IDLE,5.002713660128375,29.87538007948629,12.018650303852327,7.014606844334859,NORMAL
10:27:20,,,step_13,LDD_이온주입,IDLE,5.002713660128375,29.87538007948629,12.018650303852327,7.014606844334859,NORMAL
10:27:25,,,step_13,LDD_이온주입,IDLE,5.002713660128375,29.87538007948629,12.018650303852327,7.014606844334859,NORMAL
10:27:30,,,step_13,LDD_이온주입,IDLE,5.002713660128375,29.87538007948629,12.018650303852327,7.014606844334859,NORMAL
10:27:35,,,step_13,LDD_이온주입,IDLE,5.002713660128375,29.87538007948629,12.018650303852327,7.014606844334859,NORMAL
10:27:40,,,step_13,LDD_이온주입,IDLE,5.002713660128375,29.87538007948629,12.018650303852327,7.014606844334859,NORMAL
10:27:45,,,step_13,LDD_이온주입,IDLE,5.002713660128375,29.87538007948629,12.018650303852327,7.014606844334859,NORMAL
10:27:50,,,step_13,LDD_이온주입,IDLE,5.002713660128375,29.87538007948629,12.018650303852327,7.014606844334859,NORMAL
10:27:55,,,step_13,LDD_이온주입,IDLE,5.002713660128375,29.87538007948629,12.018650303852327,7.014606844334859,NORMAL
10:28:00,,,step_13,LDD_이온주입,IDLE,5.002713660128375,29.87538007948629,12.018650303852327,7.014606844334859,NORMAL
10:28:05,,,step_13,LDD_이온주입,IDLE,5.002713660128375,29.87538007948629,12.018650303852327,7.014606844334859,NORMAL
10:28:10,,,step_13,LDD_이온주입,IDLE,5.002713660128375,29.87538007948629,12.018650303852327,7.014606844334859,NORMAL
10:28:15,,,step_13,LDD_이온주입,IDLE,5.002713660128375,29.87538007948629,12.018650303852327,7.014606844334859,NORMAL
10:28:20,,,step_13,LDD_이온주입,IDLE,5.002713660128375,29.87538007948629,12.018650303852327,7.014606844334859,NORMAL
10:28:25,,,step_13,LDD_이온주입,IDLE,5.002713660128375,29.87538007948629,12.018650303852327,7.014606844334859,NORMAL
10:28:30,,,step_13,LDD_이온주입,IDLE,5.002713660128375,29.87538007948629,12.018650303852327,7.014606844334859,NORMAL
10:28:35,,,step_13,LDD_이온주입,IDLE,5.002713660128375,29.87538007948629,12.018650303852327,7.014606844334859,NORMAL
10:28:40,,,step_13,LDD_이온주입,IDLE,5.002713660128375,29.87538007948629,12.018650303852327,7.014606844334859,NORMAL
10:28:45,,,step_13,LDD_이온주입,IDLE,5.002713660128375,29.87538007948629,12.018650303852327,7.014606844334859,NORMAL
10:28:50,,,step_13,LDD_이온주입,IDLE,5.002713660128375,29.87538007948629,12.018650303852327,7.014606844334859,NORMAL
10:28:55,,,step_13,LDD_이온주입,IDLE,5.002713660128375,29.87538007948629,12.018650303852327,7.014606844334859,NORMAL
10:29:00,,,step_13,LDD_이온주입,IDLE,5.002713660128375,29.87538007948629,12.018650303852327,7.014606844334859,NORMAL
10:29:05,,,step_13,LDD_이온주입,IDLE,5.002713660128375,29.87538007948629,12.018650303852327,7.014606844334859,NORMAL
10:29:10,,,step_13,LDD_이온주입,IDLE,5.002713660128375,29.87538007948629,12.018650303852327,7.014606844334859,NORMAL
10:29:15,,,step_13,LDD_이온주입,IDLE,5.002713660128375,29.87538007948629,12.018650303852327,7.014606844334859,NORMAL
10:29:20,,,step_13,LDD_이온주입,IDLE,5.002713660128375,29.87538007948629,12.018650303852327,7.014606844334859,NORMAL
10:29:25,,,step_13,LDD_이온주입,IDLE,5.002713660128375,29.87538007948629,12.018650303852327,7.014606844334859,NORMAL
10:29:30,,,step_13,LDD_이온주입,IDLE,5.002713660128375,29.87538007948629,12.018650303852327,7.014606844334859,NORMAL
10:29:35,,,step_13,LDD_이온주입,IDLE,5.002713660128375,29.87538007948629,12.018650303852327,7.014606844334859,NORMAL
10:29:40,,,step_13,LDD_이온주입,IDLE,5.002713660128375,29.87538007948629,12.018650303852327,7.014606844334859,NORMAL
10:29:45,,,step_13,LDD_이온주입,IDLE,5.002713660128375,29.87538007948629,12.018650303852327,7.014606844334859,NORMAL
10:29:50,,,step_13,LDD_이온주입,IDLE,5.002713660128375,29.87538007948629,12.018650303852327,7.014606844334859,NORMAL
10:29:55,,,step_13,LDD_이온주입,IDLE,5.002713660128375,29.87538007948629,12.018650303852327,7.014606844334859,NORMAL
10:30:00,,,step_13,LDD_이온주입,IDLE,5.002713660128375,29.87538007948629,12.018650303852327,7.014606844334859,NORMAL
10:30:05,,,step_13,LDD_이온주입,IDLE,5.002713660128375,29.87538007948629,12.018650303852327,7.014606844334859,NORMAL
10:30:10,,,step_13,LDD_이온주입,IDLE,5.002713660128375,29.87538007948629,12.018650303852327,7.014606844334859,NORMAL
10:30:15,,,step_13,LDD_이온주입,IDLE,5.002713660128375,29.87538007948629,12.018650303852327,7.014606844334859,NORMAL
10:30:20,,,step_13,LDD_이온주입,IDLE,5.002713660128375,29.87538007948629,12.018650303852327,7.014606844334859,NORMAL
10:30:25,,,step_13,LDD_이온주입,IDLE,5.002713660128375,29.87538007948629,12.018650303852327,7.014606844334859,NORMAL
10:30:30,,,step_13,LDD_이온주입,IDLE,5.002713660128375,29.87538007948629,12.018650303852327,7.014606844334859,NORMAL
10:30:35,,,step_13,LDD_이온주입,IDLE,5.002713660128375,29.87538007948629,12.018650303852327,7.014606844334859,NORMAL
10:30:40,,,step_13,LDD_이온주입,IDLE,5.002713660128375,29.87538007948629,12.018650303852327,7.014606844334859,NORMAL
10:30:45,,,step_13,LDD_이온주입,IDLE,5.002713660128375,29.87538007948629,12.018650303852327,7.014606844334859,NORMAL
10:30:50,,,step_13,LDD_이온주입,IDLE,5.002713660128375,29.87538007948629,12.018650303852327,7.014606844334859,NORMAL
10:30:55,,,step_13,LDD_이온주입,IDLE,5.002713660128375,29.87538007948629,12.018650303852327,7.014606844334859,NORMAL
10:31:00,,,step_13,LDD_이온주입,IDLE,5.002713660128375,29.87538007948629,12.018650303852327,7.014606844334859,NORMAL
10:31:05,,,step_13,LDD_이온주입,IDLE,5.002713660128375,29.87538007948629,12.018650303852327,7.014606844334859,NORMAL
10:31:10,,,step_13,LDD_이온주입,IDLE,5.002713660128375,29.87538007948629,12.018650303852327,7.014606844334859,NORMAL
10:31:15,,,step_13,LDD_이온주입,IDLE,5.002713660128375,29.87538007948629,12.018650303852327,7.014606844334859,NORMAL
10:31:20,,,step_13,LDD_이온주입,IDLE,5.002713660128375,29.87538007948629,12.018650303852327,7.014606844334859,NORMAL
10:31:25,,,step_13,LDD_이온주입,IDLE,5.002713660128375,29.87538007948629,12.018650303852327,7.014606844334859,NORMAL
10:31:30,,,step_13,LDD_이온주입,IDLE,5.002713660128375,29.87538007948629,12.018650303852327,7.014606844334859,NORMAL
10:31:35,,,step_13,LDD_이온주입,IDLE,5.002713660128375,29.87538007948629,12.018650303852327,7.014606844334859,NORMAL
10:31:40,,,step_13,LDD_이온주입,IDLE,5.002713660128375,29.87538007948629,12.018650303852327,7.014606844334859,NORMAL
10:31:45,,,step_13,LDD_이온주입,IDLE,5.002713660128375,29.87538007948629,12.018650303852327,7.014606844334859,NORMAL
10:31:50,,,step_13,LDD_이온주입,IDLE,5.002713660128375,29.87538007948629,12.018650303852327,7.014606844334859,NORMAL
10:31:55,,,step_13,LDD_이온주입,IDLE,5.002713660128375,29.87538007948629,12.018650303852327,7.014606844334859,NORMAL
10:32:00,,,step_13,LDD_이온주입,IDLE,5.002713660128375,29.87538007948629,12.018650303852327,7.014606844334859,NORMAL
10:32:05,,,step_13,LDD_이온주입,IDLE,5.002713660128375,29.87538007948629,12.018650303852327,7.014606844334859,NORMAL
10:32:10,,,step_13,LDD_이온주입,IDLE,5.002713660128375,29.87538007948629,12.018650303852327,7.014606844334859,NORMAL
10:32:15,,,step_13,LDD_이온주입,IDLE,5.002713660128375,29.87538007948629,12.018650303852327,7.014606844334859,NORMAL
10:32:20,,,step_13,LDD_이온주입,IDLE,5.002713660128375,29.87538007948629,12.018650303852327,7.014606844334859,NORMAL
10:32:25,,,step_13,LDD_이온주입,IDLE,5.002713660128375,29.87538007948629,12.018650303852327,7.014606844334859,NORMAL
10:32:30,,,step_13,LDD_이온주입,IDLE,5.002713660128375,29.87538007948629,12.018650303852327,7.014606844334859,NORMAL
10:32:35,,,step_13,LDD_이온주입,IDLE,5.002713660128375,29.87538007948629,12.018650303852327,7.014606844334859,NORMAL
10:32:40,,,step_13,LDD_이온주입,IDLE,5.002713660128375,29.87538007948629,12.018650303852327,7.014606844334859,NORMAL
10:32:45,,,step_13,LDD_이온주입,IDLE,5.002713660128375,29.87538007948629,12.018650303852327,7.014606844334859,NORMAL
10:32:50,,,step_13,LDD_이온주입,IDLE,5.002713660128375,29.87538007948629,12.018650303852327,7.014606844334859,NORMAL
10:32:55,,,step_13,LDD_이온주입,IDLE,5.002713660128375,29.87538007948629,12.018650303852327,7.014606844334859,NORMAL
10:33:00,,,step_13,LDD_이온주입,IDLE,5.002713660128375,29.87538007948629,12.018650303852327,7.014606844334859,NORMAL
10:33:05,,,step_13,LDD_이온주입,IDLE,5.002713660128375,29.87538007948629,12.018650303852327,7.014606844334859,NORMAL
10:33:10,,,step_13,LDD_이온주입,IDLE,5.002713660128375,29.87538007948629,12.018650303852327,7.014606844334859,NORMAL
10:33:15,,,step_13,LDD_이온주입,IDLE,5.002713660128375,29.87538007948629,12.018650303852327,7.014606844334859,NORMAL
