Timestamp,Lot_ID,Wafer_ID,Address,Step_Name,Phase,Head_Downforce_psi,Platen_RPM,Slurry_Flow_ml_min,Brush_Pressure_psi,Status
09:00:00,,,step_21,금속_평탄화,IDLE,0.1741552366840944,4.471199415688081,9.875297778954804,0.0598291559962032,NORMAL
09:00:05,,,step_21,금속_평탄화,IDLE,0.1741552366840944,4.471199415688081,9.875297778954804,0.0598291559962032,NORMAL
09:00:10,,,step_21,금속_평탄화,IDLE,0.1741552366840944,4.471199415688081,9.875297778954804,0.0598291559962032,NORMAL
09:00:15,,,step_21,금속_평탄화,IDLE,0.1741552366840944,4.471199415688081,9.875297778954804,0.0598291559962032,NORMAL
09:00:20,,,step_21,금속_평탄화,IDLE,0.1741552366840944,4.471199415688081,9.875297778954804,0.0598291559962032,NORMAL
09:00:25,,,step_21,금속_평탄화,IDLE,0.1741552366840944,4.471199415688081,9.875297778954804,0.0598291559962032,NORMAL
09:00:30,,,step_21,금속_평탄화,IDLE,0.1741552366840944,4.471199415688081,9.875297778954804,0.0598291559962032,NORMAL
09:00:35,,,step_21,금속_평탄화,IDLE,0.1741552366840944,4.471199415688081,9.875297778954804,0.0598291559962032,NORMAL
09:00:40,,,step_21,금속_평탄화,IDLE,0.1741552366840944,4.471199415688081,9.875297778954804,0.0598291559962032,NORMAL
09:00:45,,,step_21,금속_평탄화,IDLE,0.1741552366840944,4.471199415688081,9.875297778954804,0.0598291559962032,NORMAL
09:00:50,,,step_21,금속_평탄화,IDLE,0.1741552366840944,4.471199415688081,9.875297778954804,0.0598291559962032,NORMAL
09:00:55,,,step_21,금속_평탄화,IDLE,0.1741552366840944,4.471199415688081,9.875297778954804,0.0598291559962032,NORMAL
09:01:00,,,step_21,금속_평탄화,IDLE,0.1741552366840944,4.471199415688081,9.875297778954804,0.0598291559962032,NORMAL
09:01:05,,,step_21,금속_평탄화,IDLE,0.1741552366840944,4.471199415688081,9.875297778954804,0.0598291559962032,NORMAL
09:01:10,,,step_21,금속_평탄화,IDLE,0.1741552366840944,4.471199415688081,9.875297778954804,0.0598291559962032,NORMAL
09:01:15,,,step_21,금속_평탄화,IDLE,0.1741552366840944,4.471199415688081,9.875297778954804,0.0598291559962032,NORMAL
09:01:20,,,step_21,금속_평탄화,IDLE,0.1741552366840944,4.471199415688081,9.875297778954804,0.0598291559962032,NORMAL
09:01:25,,,step_21,금속_평탄화,IDLE,0.1741552366840944,4.471199415688081,9.875297778954804,0.0598291559962032,NORMAL
09:01:30,,,step_21,금속_평탄화,IDLE,0.1741552366840944,4.471199415688081,9.875297778954804,0.0598291559962032,NORMAL
09:01:35,,,step_21,금속_평탄화,IDLE,0.1741552366840944,4.471199415688081,9.875297778954804,0.0598291559962032,NORMAL
09:01:40,,,step_21,금속_평탄화,IDLE,0.1741552366840944,4.471199415688081,9.875297778954804,0.0598291559962032,NORMAL
09:01:45,,,step_21,금속_평탄화,IDLE,0.1741552366840944,4.471199415688081,9.875297778954804,0.0598291559962032,NORMAL
09:01:50,,,step_21,금속_평탄화,IDLE,0.1741552366840944,4.471199415688081,9.875297778954804,0.0598291559962032,NORMAL
09:01:55,,,step_21,금속_평탄화,IDLE,0.1741552366840944,4.471199415688081,9.875297778954804,0.0598291559962032,NORMAL
09:02:00,,,step_21,금속_평탄화,IDLE,0.1741552366840944,4.471199415688081,9.875297778954804,0.0598291559962032,NORMAL
09:02:05,,,step_21,금속_평탄화,IDLE,0.1741552366840944,4.471199415688081,9.875297778954804,0.0598291559962032,NORMAL
09:02:10,,,step_21,금속_평탄화,IDLE,0.1741552366840944,4.471199415688081,9.875297778954804,0.0598291559962032,NORMAL
09:02:15,,,step_21,금속_평탄화,IDLE,0.1741552366840944,4.471199415688081,9.875297778954804,0.0598291559962032,NORMAL
09:02:20,,,step_21,금속_평탄화,IDLE,0.1741552366840944,4.471199415688081,9.875297778954804,0.0598291559962032,NORMAL
09:02:25,,,step_21,금속_평탄화,IDLE,0.1741552366840944,4.471199415688081,9.875297778954804,0.0598291559962032,NORMAL
09:02:30,,,step_21,금속_평탄화,IDLE,0.1741552366840944,4.471199415688081,9.875297778954804,0.0598291559962032,NORMAL
09:02:35,,,step_21,금속_평탄화,IDLE,0.1741552366840944,4.471199415688081,9.875297778954804,0.0598291559962032,NORMAL
09:02:40,,,step_21,금속_평탄화,IDLE,0.1741552366840944,4.471199415688081,9.875297778954804,0.0598291559962032,NORMAL
09:02:45,,,step_21,금속_평탄화,IDLE,0.1741552366840944,4.471199415688081,9.875297778954804,0.0598291559962032,NORMAL
09:02:50,,,step_21,금속_평탄화,IDLE,0.1741552366840944,4.471199415688081,9.875297778954804,0.0598291559962032,NORMAL
09:02:55,,,step_21,금속_평탄화,IDLE,0.1741552366840944,4.471199415688081,9.875297778954804,0.0598291559962032,NORMAL
09:03:00,,,step_21,금속_평탄화,IDLE,0.1741552366840944,4.471199415688081,9.875297778954804,0.0598291559962032,NORMAL
09:03:05,,,step_21,금속_평탄화,IDLE,0.1741552366840944,4.471199415688081,9.875297778954804,0.0598291559962032,NORMAL
09:03:10,,,step_21,금속_평탄화,IDLE,0.1741552366840944,4.471199415688081,9.875297778954804,0.0598291559962032,NORMAL
09:03:15,,,step_21,금속_평탄화,IDLE,0.1741552366840944,4.471199415688081,9.875297778954804,0.0598291559962032,NORMAL
09:03:20,,,step_21,금속_평탄화,IDLE,0.1741552366840944,4.471199415688081,9.875297778954804,0.0598291559962032,NORMAL
09:03:25,,,step_21,금속_평탄화,IDLE,0.1741552366840944,4.471199415688081,9.875297778954804,0.0598291559962032,NORMAL
09:03:30,,,step_21,금속_평탄화,IDLE,0.1741552366840944,4.471199415688081,9.875297778954804,0.0598291559962032,NORMAL
09:03:35,,,step_21,금속_평탄화,IDLE,0.1741552366840944,4.471199415688081,9.875297778954804,0.0598291559962032,NORMAL
09:03:40,,,step_21,금속_평탄화,IDLE,0.1741552366840944,4.471199415688081,9.875297778954804,0.0598291559962032,NORMAL
09:03:45,,,step_21,금속_평탄화,IDLE,0.1741552366840944,4.471199415688081,9.875297778954804,0.0598291559962032,NORMAL
09:03:50,,,step_21,금속_평탄화,IDLE,0.1741552366840944,4.471199415688081,9.875297778954804,0.0598291559962032,NORMAL
09:03:55,,,step_21,금속_평탄화,IDLE,0.1741552366840944,4.471199415688081,9.875297778954804,0.0598291559962032,NORMAL
09:04:00,,,step_21,금속_평탄화,IDLE,0.1741552366840944,4.471199415688081,9.875297778954804,0.0598291559962032,NORMAL
09:04:05,,,step_21,금속_평탄화,IDLE,0.1741552366840944,4.471199415688081,9.875297778954804,0.0598291559962032,NORMAL
09:04:10,,,step_21,금속_평탄화,IDLE,0.1741552366840944,4.471199415688081,9.875297778954804,0.0598291559962032,NORMAL
09:04:15,,,step_21,금속_평탄화,IDLE,0.1741552366840944,4.471199415688081,9.875297778954804,0.0598291559962032,NORMAL
09:04:20,,,step_21,금속_평탄화,IDLE,0.1741552366840944,4.471199415688081,9.875297778954804,0.0598291559962032,NORMAL
09:04:25,,,step_21,금속_평탄화,IDLE,0.1741552366840944,4.471199415688081,9.875297778954804,0.0598291559962032,NORMAL
09:04:30,,,step_21,금속_평탄화,IDLE,0.1741552366840944,4.471199415688081,9.875297778954804,0.0598291559962032,NORMAL
09:04:35,,,step_21,금속_평탄화,IDLE,0.1741552366840944,4.471199415688081,9.875297778954804,0.0598291559962032,NORMAL
09:04:40,,,step_21,금속_평탄화,IDLE,0.1741552366840944,4.471199415688081,9.875297778954804,0.0598291559962032,NORMAL
09:04:45,,,step_21,금속_평탄화,IDLE,0.1741552366840944,4.471199415688081,9.875297778954804,0.0598291559962032,NORMAL
09:04:50,,,step_21,금속_평탄화,IDLE,0.1741552366840944,4.471199415688081,9.875297778954804,0.0598291559962032,NORMAL
09:04:55,,,step_21,금속_평탄화,IDLE,0.1741552366840944,4.471199415688081,9.875297778954804,0.0598291559962032,NORMAL
09:05:00,,,step_21,금속_평탄화,IDLE,0.1741552366840944,4.471199415688081,9.875297778954804,0.0598291559962032,NORMAL
09:05:05,,,step_21,금속_평탄화,IDLE,0.1741552366840944,4.471199415688081,9.875297778954804,0.0598291559962032,NORMAL
09:05:10,,,step_21,금속_평탄화,IDLE,0.1741552366840944,4.471199415688081,9.875297778954804,0.0598291559962032,NORMAL
09:05:15,,,step_21,금속_평탄화,IDLE,0.1741552366840944,4.471199415688081,9.875297778954804,0.0598291559962032,NORMAL
09:05:20,,,step_21,금속_평탄화,IDLE,0.1741552366840944,4.471199415688081,9.875297778954804,0.0598291559962032,NORMAL
09:05:25,,,step_21,금속_평탄화,IDLE,0.1741552366840944,4.471199415688081,9.875297778954804,0.0598291559962032,NORMAL
09:05:30,,,step_21,금속_평탄화,IDLE,0.1741552366840944,4.471199415688081,9.875297778954804,0.0598291559962032,NORMAL
09:05:35,,,step_21,금속_평탄화,IDLE,0.1741552366840944,4.471199415688081,9.875297778954804,0.0598291559962032,NORMAL
09:05:40,,,step_21,금속_평탄화,IDLE,0.1741552366840944,4.471199415688081,9.875297778954804,0.0598291559962032,NORMAL
09:05:45,,,step_21,금속_평탄화,IDLE,0.1741552366840944,4.471199415688081,9.875297778954804,0.0598291559962032,NORMAL
09:05:50,,,step_21,금속_평탄화,IDLE,0.1741552366840944,4.471199415688081,9.875297778954804,0.0598291559962032,NORMAL
09:05:55,,,step_21,금속_평탄화,IDLE,0.1741552366840944,4.471199415688081,9.875297778954804,0.0598291559962032,NORMAL
09:06:00,,,step_21,금속_평탄화,IDLE,0.1741552366840944,4.471199415688081,9.875297778954804,0.0598291559962032,NORMAL
09:06:05,,,step_21,금속_평탄화,IDLE,0.1741552366840944,4.471199415688081,9.875297778954804,0.0598291559962032,NORMAL
09:06:10,,,step_21,금속_평탄화,IDLE,0.1741552366840944,4.471199415688081,9.875297778954804,0.0598291559962032,NORMAL
09:06:15,,,step_21,금속_평탄화,IDLE,0.1741552366840944,4.471199415688081,9.875297778954804,0.0598291559962032,NORMAL
09:06:20,,,step_21,금속_평탄화,IDLE,0.1741552366840944,4.471199415688081,9.875297778954804,0.0598291559962032,NORMAL
09:06:25,,,step_21,금속_평탄화,IDLE,0.1741552366840944,4.471199415688081,9.875297778954804,0.0598291559962032,NORMAL
09:06:30,,,step_21,금속_평탄화,IDLE,0.1741552366840944,4.471199415688081,9.875297778954804,0.0598291559962032,NORMAL
09:06:35,,,step_21,금속_평탄화,IDLE,0.1741552366840944,4.471199415688081,9.875297778954804,0.0598291559962032,NORMAL
09:06:40,,,step_21,금속_평탄화,IDLE,0.1741552366840944,4.471199415688081,9.875297778954804,0.0598291559962032,NORMAL
09:06:45,,,step_21,금속_평탄화,IDLE,0.1741552366840944,4.471199415688081,9.875297778954804,0.0598291559962032,NORMAL
09:06:50,,,step_21,금속_평탄화,IDLE,0.1741552366840944,4.471199415688081,9.875297778954804,0.0598291559962032,NORMAL
09:06:55,,,step_21,금속_평탄화,IDLE,0.1741552366840944,4.471199415688081,9.875297778954804,0.0598291559962032,NORMAL
09:07:00,,,step_21,금속_평탄화,IDLE,0.1741552366840944,4.471199415688081,9.875297778954804,0.0598291559962032,NORMAL
09:07:05,,,step_21,금속_평탄화,IDLE,0.1741552366840944,4.471199415688081,9.875297778954804,0.0598291559962032,NORMAL
09:07:10,,,step_21,금속_평탄화,IDLE,0.1741552366840944,4.471199415688081,9.875297778954804,0.0598291559962032,NORMAL
09:07:15,,,step_21,금속_평탄화,IDLE,0.1741552366840944,4.471199415688081,9.875297778954804,0.0598291559962032,NORMAL
09:07:20,,,step_21,금속_평탄화,IDLE,0.1741552366840944,4.471199415688081,9.875297778954804,0.0598291559962032,NORMAL
09:07:25,,,step_21,금속_평탄화,IDLE,0.1741552366840944,4.471199415688081,9.875297778954804,0.0598291559962032,NORMAL
09:07:30,,,step_21,금속_평탄화,IDLE,0.1741552366840944,4.471199415688081,9.875297778954804,0.0598291559962032,NORMAL
09:07:35,,,step_21,금속_평탄화,IDLE,0.1741552366840944,4.471199415688081,9.875297778954804,0.0598291559962032,NORMAL
09:07:40,,,step_21,금속_평탄화,IDLE,0.1741552366840944,4.471199415688081,9.875297778954804,0.0598291559962032,NORMAL
09:07:45,,,step_21,금속_평탄화,IDLE,0.1741552366840944,4.471199415688081,9.875297778954804,0.0598291559962032,NORMAL
09:07:50,,,step_21,금속_평탄화,IDLE,0.1741552366840944,4.471199415688081,9.875297778954804,0.0598291559962032,NORMAL
09:07:55,,,step_21,금속_평탄화,IDLE,0.1741552366840944,4.471199415688081,9.875297778954804,0.0598291559962032,NORMAL
09:08:00,,,step_21,금속_평탄화,IDLE,0.1741552366840944,4.471199415688081,9.875297778954804,0.0598291559962032,NORMAL
09:08:05,,,step_21,금속_평탄화,IDLE,0.1741552366840944,4.471199415688081,9.875297778954804,0.0598291559962032,NORMAL
09:08:10,,,step_21,금속_평탄화,IDLE,0.1741552366840944,4.471199415688081,9.875297778954804,0.0598291559962032,NORMAL
09:08:15,,,step_21,금속_평탄화,IDLE,0.1741552366840944,4.471199415688081,9.875297778954804,0.0598291559962032,NORMAL
09:08:20,,,step_21,금속_평탄화,IDLE,0.1741552366840944,4.471199415688081,9.875297778954804,0.0598291559962032,NORMAL
09:08:25,,,step_21,금속_평탄화,IDLE,0.1741552366840944,4.471199415688081,9.875297778954804,0.0598291559962032,NORMAL
09:08:30,,,step_21,금속_평탄화,IDLE,0.1741552366840944,4.471199415688081,9.875297778954804,0.0598291559962032,NORMAL
09:08:35,,,step_21,금속_평탄화,IDLE,0.1741552366840944,4.471199415688081,9.875297778954804,0.0598291559962032,NORMAL
09:08:40,,,step_21,금속_평탄화,IDLE,0.1741552366840944,4.471199415688081,9.875297778954804,0.0598291559962032,NORMAL
09:08:45,,,step_21,금속_평탄화,IDLE,0.1741552366840944,4.471199415688081,9.875297778954804,0.0598291559962032,NORMAL
09:08:50,,,step_21,금속_평탄화,IDLE,0.1741552366840944,4.471199415688081,9.875297778954804,0.0598291559962032,NORMAL
09:08:55,,,step_21,금속_평탄화,IDLE,0.1741552366840944,4.471199415688081,9.875297778954804,0.0598291559962032,NORMAL
09:09:00,,,step_21,금속_평탄화,IDLE,0.1741552366840944,4.471199415688081,9.875297778954804,0.0598291559962032,NORMAL
09:09:05,,,step_21,금속_평탄화,IDLE,0.1741552366840944,4.471199415688081,9.875297778954804,0.0598291559962032,NORMAL
09:09:10,,,step_21,금속_평탄화,IDLE,0.1741552366840944,4.471199415688081,9.875297778954804,0.0598291559962032,NORMAL
09:09:15,,,step_21,금속_평탄화,IDLE,0.1741552366840944,4.471199415688081,9.875297778954804,0.0598291559962032,NORMAL
09:09:20,,,step_21,금속_평탄화,IDLE,0.1741552366840944,4.471199415688081,9.875297778954804,0.0598291559962032,NORMAL
09:09:25,,,step_21,금속_평탄화,IDLE,0.1741552366840944,4.471199415688081,9.875297778954804,0.0598291559962032,NORMAL
09:09:30,,,step_21,금속_평탄화,IDLE,0.1741552366840944,4.471199415688081,9.875297778954804,0.0598291559962032,NORMAL
09:09:35,,,step_21,금속_평탄화,IDLE,0.1741552366840944,4.471199415688081,9.875297778954804,0.0598291559962032,NORMAL
09:09:40,,,step_21,금속_평탄화,IDLE,0.1741552366840944,4.471199415688081,9.875297778954804,0.0598291559962032,NORMAL
09:09:45,,,step_21,금속_평탄화,IDLE,0.1741552366840944,4.471199415688081,9.875297778954804,0.0598291559962032,NORMAL
09:09:50,,,step_21,금속_평탄화,IDLE,0.1741552366840944,4.471199415688081,9.875297778954804,0.0598291559962032,NORMAL
09:09:55,,,step_21,금속_평탄화,IDLE,0.1741552366840944,4.471199415688081,9.875297778954804,0.0598291559962032,NORMAL
09:10:00,,,step_21,금속_평탄화,IDLE,0.1741552366840944,4.471199415688081,9.875297778954804,0.0598291559962032,NORMAL
09:10:05,,,step_21,금속_평탄화,IDLE,0.1741552366840944,4.471199415688081,9.875297778954804,0.0598291559962032,NORMAL
09:10:10,,,step_21,금속_평탄화,IDLE,0.1741552366840944,4.471199415688081,9.875297778954804,0.0598291559962032,NORMAL
09:10:15,,,step_21,금속_평탄화,IDLE,0.1741552366840944,4.471199415688081,9.875297778954804,0.0598291559962032,NORMAL
09:10:20,,,step_21,금속_평탄화,IDLE,0.1741552366840944,4.471199415688081,9.875297778954804,0.0598291559962032,NORMAL
09:10:25,,,step_21,금속_평탄화,IDLE,0.1741552366840944,4.471199415688081,9.875297778954804,0.0598291559962032,NORMAL
09:10:30,,,step_21,금속_평탄화,IDLE,0.1741552366840944,4.471199415688081,9.875297778954804,0.0598291559962032,NORMAL
09:10:35,,,step_21,금속_평탄화,IDLE,0.1741552366840944,4.471199415688081,9.875297778954804,0.0598291559962032,NORMAL
09:10:40,,,step_21,금속_평탄화,IDLE,0.1741552366840944,4.471199415688081,9.875297778954804,0.0598291559962032,NORMAL
09:10:45,,,step_21,금속_평탄화,IDLE,0.1741552366840944,4.471199415688081,9.875297778954804,0.0598291559962032,NORMAL
09:10:50,,,step_21,금속_평탄화,IDLE,0.1741552366840944,4.471199415688081,9.875297778954804,0.0598291559962032,NORMAL
09:10:55,,,step_21,금속_평탄화,IDLE,0.1741552366840944,4.471199415688081,9.875297778954804,0.0598291559962032,NORMAL
09:11:00,,,step_21,금속_평탄화,IDLE,0.1741552366840944,4.471199415688081,9.875297778954804,0.0598291559962032,NORMAL
09:11:05,,,step_21,금속_평탄화,IDLE,0.1741552366840944,4.471199415688081,9.875297778954804,0.0598291559962032,NORMAL
09:11:10,,,step_21,금속_평탄화,IDLE,0.1741552366840944,4.471199415688081,9.875297778954804,0.0598291559962032,NORMAL
09:11:15,,,step_21,금속_평탄화,IDLE,0.1741552366840944,4.471199415688081,9.875297778954804,0.0598291559962032,NORMAL
09:11:20,,,step_21,금속_평탄화,IDLE,0.1741552366840944,4.471199415688081,9.875297778954804,0.0598291559962032,NORMAL
09:11:25,,,step_21,금속_평탄화,IDLE,0.1741552366840944,4.471199415688081,9.875297778954804,0.0598291559962032,NORMAL
09:11:30,,,step_21,금속_평탄화,IDLE,0.1741552366840944,4.471199415688081,9.875297778954804,0.0598291559962032,NORMAL
09:11:35,,,step_21,금속_평탄화,IDLE,0.1741552366840944,4.471199415688081,9.875297778954804,0.0598291559962032,NORMAL
09:11:40,,,step_21,금속_평탄화,IDLE,0.1741552366840944,4.471199415688081,9.875297778954804,0.0598291559962032,NORMAL
09:11:45,,,step_21,금속_평탄화,IDLE,0.1741552366840944,4.471199415688081,9.875297778954804,0.0598291559962032,NORMAL
09:11:50,,,step_21,금속_평탄화,IDLE,0.1741552366840944,4.471199415688081,9.875297778954804,0.0598291559962032,NORMAL
09:11:55,,,step_21,금속_평탄화,IDLE,0.1741552366840944,4.471199415688081,9.875297778954804,0.0598291559962032,NORMAL
09:12:00,,,step_21,금속_평탄화,IDLE,0.1741552366840944,4.471199415688081,9.875297778954804,0.0598291559962032,NORMAL
09:12:05,,,step_21,금속_평탄화,IDLE,0.1741552366840944,4.471199415688081,9.875297778954804,0.0598291559962032,NORMAL
09:12:10,,,step_21,금속_평탄화,IDLE,0.1741552366840944,4.471199415688081,9.875297778954804,0.0598291559962032,NORMAL
09:12:15,,,step_21,금속_평탄화,IDLE,0.1741552366840944,4.471199415688081,9.875297778954804,0.0598291559962032,NORMAL
09:12:20,,,step_21,금속_평탄화,IDLE,0.1741552366840944,4.471199415688081,9.875297778954804,0.0598291559962032,NORMAL
09:12:25,,,step_21,금속_평탄화,IDLE,0.1741552366840944,4.471199415688081,9.875297778954804,0.0598291559962032,NORMAL
09:12:30,,,step_21,금속_평탄화,IDLE,0.1741552366840944,4.471199415688081,9.875297778954804,0.0598291559962032,NORMAL
09:12:35,,,step_21,금속_평탄화,IDLE,0.1741552366840944,4.471199415688081,9.875297778954804,0.0598291559962032,NORMAL
09:12:40,,,step_21,금속_평탄화,IDLE,0.1741552366840944,4.471199415688081,9.875297778954804,0.0598291559962032,NORMAL
09:12:45,,,step_21,금속_평탄화,IDLE,0.1741552366840944,4.471199415688081,9.875297778954804,0.0598291559962032,NORMAL
09:12:50,,,step_21,금속_평탄화,IDLE,0.1741552366840944,4.471199415688081,9.875297778954804,0.0598291559962032,NORMAL
09:12:55,,,step_21,금속_평탄화,IDLE,0.1741552366840944,4.471199415688081,9.875297778954804,0.0598291559962032,NORMAL
09:13:00,,,step_21,금속_평탄화,IDLE,0.1741552366840944,4.471199415688081,9.875297778954804,0.0598291559962032,NORMAL
09:13:05,,,step_21,금속_평탄화,IDLE,0.1741552366840944,4.471199415688081,9.875297778954804,0.0598291559962032,NORMAL
09:13:10,,,step_21,금속_평탄화,IDLE,0.1741552366840944,4.471199415688081,9.875297778954804,0.0598291559962032,NORMAL
09:13:15,,,step_21,금속_평탄화,IDLE,0.1741552366840944,4.471199415688081,9.875297778954804,0.0598291559962032,NORMAL
09:13:20,,,step_21,금속_평탄화,IDLE,0.1741552366840944,4.471199415688081,9.875297778954804,0.0598291559962032,NORMAL
09:13:25,,,step_21,금속_평탄화,IDLE,0.1741552366840944,4.471199415688081,9.875297778954804,0.0598291559962032,NORMAL
09:13:30,,,step_21,금속_평탄화,IDLE,0.1741552366840944,4.471199415688081,9.875297778954804,0.0598291559962032,NORMAL
09:13:35,,,step_21,금속_평탄화,IDLE,0.1741552366840944,4.471199415688081,9.875297778954804,0.0598291559962032,NORMAL
09:13:40,,,step_21,금속_평탄화,IDLE,0.1741552366840944,4.471199415688081,9.875297778954804,0.0598291559962032,NORMAL
09:13:45,,,step_21,금속_평탄화,IDLE,0.1741552366840944,4.471199415688081,9.875297778954804,0.0598291559962032,NORMAL
09:13:50,,,step_21,금속_평탄화,IDLE,0.1741552366840944,4.471199415688081,9.875297778954804,0.0598291559962032,NORMAL
09:13:55,,,step_21,금속_평탄화,IDLE,0.1741552366840944,4.471199415688081,9.875297778954804,0.0598291559962032,NORMAL
09:14:00,,,step_21,금속_평탄화,IDLE,0.1741552366840944,4.471199415688081,9.875297778954804,0.0598291559962032,NORMAL
09:14:05,,,step_21,금속_평탄화,IDLE,0.1741552366840944,4.471199415688081,9.875297778954804,0.0598291559962032,NORMAL
09:14:10,,,step_21,금속_평탄화,IDLE,0.1741552366840944,4.471199415688081,9.875297778954804,0.0598291559962032,NORMAL
09:14:15,,,step_21,금속_평탄화,IDLE,0.1741552366840944,4.471199415688081,9.875297778954804,0.0598291559962032,NORMAL
09:14:20,,,step_21,금속_평탄화,IDLE,0.1741552366840944,4.471199415688081,9.875297778954804,0.0598291559962032,NORMAL
09:14:25,,,step_21,금속_평탄화,IDLE,0.1741552366840944,4.471199415688081,9.875297778954804,0.0598291559962032,NORMAL
09:14:30,,,step_21,금속_평탄화,IDLE,0.1741552366840944,4.471199415688081,9.875297778954804,0.0598291559962032,NORMAL
09:14:35,,,step_21,금속_평탄화,IDLE,0.1741552366840944,4.471199415688081,9.875297778954804,0.0598291559962032,NORMAL
09:14:40,,,step_21,금속_평탄화,IDLE,0.1741552366840944,4.471199415688081,9.875297778954804,0.0598291559962032,NORMAL
09:14:45,,,step_21,금속_평탄화,IDLE,0.1741552366840944,4.471199415688081,9.875297778954804,0.0598291559962032,NORMAL
09:14:50,,,step_21,금속_평탄화,IDLE,0.1741552366840944,4.471199415688081,9.875297778954804,0.0598291559962032,NORMAL
09:14:55,,,step_21,금속_평탄화,IDLE,0.1741552366840944,4.471199415688081,9.875297778954804,0.0598291559962032,NORMAL
09:15:00,,,step_21,금속_평탄화,IDLE,0.1741552366840944,4.471199415688081,9.875297778954804,0.0598291559962032,NORMAL
09:15:05,,,step_21,금속_평탄화,IDLE,0.1741552366840944,4.471199415688081,9.875297778954804,0.0598291559962032,NORMAL
09:15:10,,,step_21,금속_평탄화,IDLE,0.1741552366840944,4.471199415688081,9.875297778954804,0.0598291559962032,NORMAL
09:15:15,,,step_21,금속_평탄화,IDLE,0.1741552366840944,4.471199415688081,9.875297778954804,0.0598291559962032,NORMAL
09:15:20,,,step_21,금속_평탄화,IDLE,0.1741552366840944,4.471199415688081,9.875297778954804,0.0598291559962032,NORMAL
09:15:25,,,step_21,금속_평탄화,IDLE,0.1741552366840944,4.471199415688081,9.875297778954804,0.0598291559962032,NORMAL
09:15:30,,,step_21,금속_평탄화,IDLE,0.1741552366840944,4.471199415688081,9.875297778954804,0.0598291559962032,NORMAL
09:15:35,,,step_21,금속_평탄화,IDLE,0.1741552366840944,4.471199415688081,9.875297778954804,0.0598291559962032,NORMAL
09:15:40,,,step_21,금속_평탄화,IDLE,0.1741552366840944,4.471199415688081,9.875297778954804,0.0598291559962032,NORMAL
09:15:45,,,step_21,금속_평탄화,IDLE,0.1741552366840944,4.471199415688081,9.875297778954804,0.0598291559962032,NORMAL
09:15:50,,,step_21,금속_평탄화,IDLE,0.1741552366840944,4.471199415688081,9.875297778954804,0.0598291559962032,NORMAL
09:15:55,,,step_21,금속_평탄화,IDLE,0.1741552366840944,4.471199415688081,9.875297778954804,0.0598291559962032,NORMAL
09:16:00,,,step_21,금속_평탄화,IDLE,0.1741552366840944,4.471199415688081,9.875297778954804,0.0598291559962032,NORMAL
09:16:05,,,step_21,금속_평탄화,IDLE,0.1741552366840944,4.471199415688081,9.875297778954804,0.0598291559962032,NORMAL
09:16:10,,,step_21,금속_평탄화,IDLE,0.1741552366840944,4.471199415688081,9.875297778954804,0.0598291559962032,NORMAL
09:16:15,,,step_21,금속_평탄화,IDLE,0.1741552366840944,4.471199415688081,9.875297778954804,0.0598291559962032,NORMAL
09:16:20,,,step_21,금속_평탄화,IDLE,0.1741552366840944,4.471199415688081,9.875297778954804,0.0598291559962032,NORMAL
09:16:25,,,step_21,금속_평탄화,IDLE,0.1741552366840944,4.471199415688081,9.875297778954804,0.0598291559962032,NORMAL
09:16:30,,,step_21,금속_평탄화,IDLE,0.1741552366840944,4.471199415688081,9.875297778954804,0.0598291559962032,NORMAL
09:16:35,,,step_21,금속_평탄화,IDLE,0.1741552366840944,4.471199415688081,9.875297778954804,0.0598291559962032,NORMAL
09:16:40,,,step_21,금속_평탄화,IDLE,0.1741552366840944,4.471199415688081,9.875297778954804,0.0598291559962032,NORMAL
09:16:45,,,step_21,금속_평탄화,IDLE,0.1741552366840944,4.471199415688081,9.875297778954804,0.0598291559962032,NORMAL
09:16:50,,,step_21,금속_평탄화,IDLE,0.1741552366840944,4.471199415688081,9.875297778954804,0.0598291559962032,NORMAL
09:16:55,,,step_21,금속_평탄화,IDLE,0.1741552366840944,4.471199415688081,9.875297778954804,0.0598291559962032,NORMAL
09:17:00,,,step_21,금속_평탄화,IDLE,0.1741552366840944,4.471199415688081,9.875297778954804,0.0598291559962032,NORMAL
09:17:05,,,step_21,금속_평탄화,IDLE,0.1741552366840944,4.471199415688081,9.875297778954804,0.0598291559962032,NORMAL
09:17:10,,,step_21,금속_평탄화,IDLE,0.1741552366840944,4.471199415688081,9.875297778954804,0.0598291559962032,NORMAL
09:17:15,,,step_21,금속_평탄화,IDLE,0.1741552366840944,4.471199415688081,9.875297778954804,0.0598291559962032,NORMAL
09:17:20,,,step_21,금속_평탄화,IDLE,0.1741552366840944,4.471199415688081,9.875297778954804,0.0598291559962032,NORMAL
09:17:25,,,step_21,금속_평탄화,IDLE,0.1741552366840944,4.471199415688081,9.875297778954804,0.0598291559962032,NORMAL
09:17:30,,,step_21,금속_평탄화,IDLE,0.1741552366840944,4.471199415688081,9.875297778954804,0.0598291559962032,NORMAL
09:17:35,,,step_21,금속_평탄화,IDLE,0.1741552366840944,4.471199415688081,9.875297778954804,0.0598291559962032,NORMAL
09:17:40,,,step_21,금속_평탄화,IDLE,0.1741552366840944,4.471199415688081,9.875297778954804,0.0598291559962032,NORMAL
09:17:45,,,step_21,금속_평탄화,IDLE,0.1741552366840944,4.471199415688081,9.875297778954804,0.0598291559962032,NORMAL
09:17:50,,,step_21,금속_평탄화,IDLE,0.1741552366840944,4.471199415688081,9.875297778954804,0.0598291559962032,NORMAL
09:17:55,,,step_21,금속_평탄화,IDLE,0.1741552366840944,4.471199415688081,9.875297778954804,0.0598291559962032,NORMAL
09:18:00,,,step_21,금속_평탄화,IDLE,0.1741552366840944,4.471199415688081,9.875297778954804,0.0598291559962032,NORMAL
09:18:05,,,step_21,금속_평탄화,IDLE,0.1741552366840944,4.471199415688081,9.875297778954804,0.0598291559962032,NORMAL
09:18:10,,,step_21,금속_평탄화,IDLE,0.1741552366840944,4.471199415688081,9.875297778954804,0.0598291559962032,NORMAL
09:18:15,,,step_21,금속_평탄화,IDLE,0.1741552366840944,4.471199415688081,9.875297778954804,0.0598291559962032,NORMAL
09:18:20,,,step_21,금속_평탄화,IDLE,0.1741552366840944,4.471199415688081,9.875297778954804,0.0598291559962032,NORMAL
09:18:25,,,step_21,금속_평탄화,IDLE,0.1741552366840944,4.471199415688081,9.875297778954804,0.0598291559962032,NORMAL
09:18:30,,,step_21,금속_평탄화,IDLE,0.1741552366840944,4.471199415688081,9.875297778954804,0.0598291559962032,NORMAL
09:18:35,,,step_21,금속_평탄화,IDLE,0.1741552366840944,4.471199415688081,9.875297778954804,0.0598291559962032,NORMAL
09:18:40,,,step_21,금속_평탄화,IDLE,0.1741552366840944,4.471199415688081,9.875297778954804,0.0598291559962032,NORMAL
09:18:45,,,step_21,금속_평탄화,IDLE,0.1741552366840944,4.471199415688081,9.875297778954804,0.0598291559962032,NORMAL
09:18:50,,,step_21,금속_평탄화,IDLE,0.1741552366840944,4.471199415688081,9.875297778954804,0.0598291559962032,NORMAL
09:18:55,,,step_21,금속_평탄화,IDLE,0.1741552366840944,4.471199415688081,9.875297778954804,0.0598291559962032,NORMAL
09:19:00,,,step_21,금속_평탄화,IDLE,0.1741552366840944,4.471199415688081,9.875297778954804,0.0598291559962032,NORMAL
09:19:05,,,step_21,금속_평탄화,IDLE,0.1741552366840944,4.471199415688081,9.875297778954804,0.0598291559962032,NORMAL
09:19:10,,,step_21,금속_평탄화,IDLE,0.1741552366840944,4.471199415688081,9.875297778954804,0.0598291559962032,NORMAL
09:19:15,,,step_21,금속_평탄화,IDLE,0.1741552366840944,4.471199415688081,9.875297778954804,0.0598291559962032,NORMAL
09:19:20,,,step_21,금속_평탄화,IDLE,0.1741552366840944,4.471199415688081,9.875297778954804,0.0598291559962032,NORMAL
09:19:25,,,step_21,금속_평탄화,IDLE,0.1741552366840944,4.471199415688081,9.875297778954804,0.0598291559962032,NORMAL
09:19:30,,,step_21,금속_평탄화,IDLE,0.1741552366840944,4.471199415688081,9.875297778954804,0.0598291559962032,NORMAL
09:19:35,,,step_21,금속_평탄화,IDLE,0.1741552366840944,4.471199415688081,9.875297778954804,0.0598291559962032,NORMAL
09:19:40,,,step_21,금속_평탄화,IDLE,0.1741552366840944,4.471199415688081,9.875297778954804,0.0598291559962032,NORMAL
09:19:45,,,step_21,금속_평탄화,IDLE,0.1741552366840944,4.471199415688081,9.875297778954804,0.0598291559962032,NORMAL
09:19:50,,,step_21,금속_평탄화,IDLE,0.1741552366840944,4.471199415688081,9.875297778954804,0.0598291559962032,NORMAL
09:19:55,,,step_21,금속_평탄화,IDLE,0.1741552366840944,4.471199415688081,9.875297778954804,0.0598291559962032,NORMAL
09:20:00,,,step_21,금속_평탄화,IDLE,0.1741552366840944,4.471199415688081,9.875297778954804,0.0598291559962032,NORMAL
09:20:05,,,step_21,금속_평탄화,IDLE,0.1741552366840944,4.471199415688081,9.875297778954804,0.0598291559962032,NORMAL
09:20:10,,,step_21,금속_평탄화,IDLE,0.1741552366840944,4.471199415688081,9.875297778954804,0.0598291559962032,NORMAL
09:20:15,,,step_21,금속_평탄화,IDLE,0.1741552366840944,4.471199415688081,9.875297778954804,0.0598291559962032,NORMAL
09:20:20,,,step_21,금속_평탄화,IDLE,0.1741552366840944,4.471199415688081,9.875297778954804,0.0598291559962032,NORMAL
09:20:25,,,step_21,금속_평탄화,IDLE,0.1741552366840944,4.471199415688081,9.875297778954804,0.0598291559962032,NORMAL
09:20:30,,,step_21,금속_평탄화,IDLE,0.1741552366840944,4.471199415688081,9.875297778954804,0.0598291559962032,NORMAL
09:20:35,,,step_21,금속_평탄화,IDLE,0.1741552366840944,4.471199415688081,9.875297778954804,0.0598291559962032,NORMAL
09:20:40,,,step_21,금속_평탄화,IDLE,0.1741552366840944,4.471199415688081,9.875297778954804,0.0598291559962032,NORMAL
09:20:45,,,step_21,금속_평탄화,IDLE,0.1741552366840944,4.471199415688081,9.875297778954804,0.0598291559962032,NORMAL
09:20:50,,,step_21,금속_평탄화,IDLE,0.1741552366840944,4.471199415688081,9.875297778954804,0.0598291559962032,NORMAL
09:20:55,,,step_21,금속_평탄화,IDLE,0.1741552366840944,4.471199415688081,9.875297778954804,0.0598291559962032,NORMAL
09:21:00,,,step_21,금속_평탄화,IDLE,0.1741552366840944,4.471199415688081,9.875297778954804,0.0598291559962032,NORMAL
09:21:05,,,step_21,금속_평탄화,IDLE,0.1741552366840944,4.471199415688081,9.875297778954804,0.0598291559962032,NORMAL
09:21:10,,,step_21,금속_평탄화,IDLE,0.1741552366840944,4.471199415688081,9.875297778954804,0.0598291559962032,NORMAL
09:21:15,,,step_21,금속_평탄화,IDLE,0.1741552366840944,4.471199415688081,9.875297778954804,0.0598291559962032,NORMAL
09:21:20,,,step_21,금속_평탄화,IDLE,0.1741552366840944,4.471199415688081,9.875297778954804,0.0598291559962032,NORMAL
09:21:25,,,step_21,금속_평탄화,IDLE,0.1741552366840944,4.471199415688081,9.875297778954804,0.0598291559962032,NORMAL
09:21:30,,,step_21,금속_평탄화,IDLE,0.1741552366840944,4.471199415688081,9.875297778954804,0.0598291559962032,NORMAL
09:21:35,,,step_21,금속_평탄화,IDLE,0.1741552366840944,4.471199415688081,9.875297778954804,0.0598291559962032,NORMAL
09:21:40,,,step_21,금속_평탄화,IDLE,0.1741552366840944,4.471199415688081,9.875297778954804,0.0598291559962032,NORMAL
09:21:45,,,step_21,금속_평탄화,IDLE,0.1741552366840944,4.471199415688081,9.875297778954804,0.0598291559962032,NORMAL
09:21:50,,,step_21,금속_평탄화,IDLE,0.1741552366840944,4.471199415688081,9.875297778954804,0.0598291559962032,NORMAL
09:21:55,,,step_21,금속_평탄화,IDLE,0.1741552366840944,4.471199415688081,9.875297778954804,0.0598291559962032,NORMAL
09:22:00,,,step_21,금속_평탄화,IDLE,0.1741552366840944,4.471199415688081,9.875297778954804,0.0598291559962032,NORMAL
09:22:05,,,step_21,금속_평탄화,IDLE,0.1741552366840944,4.471199415688081,9.875297778954804,0.0598291559962032,NORMAL
09:22:10,,,step_21,금속_평탄화,IDLE,0.1741552366840944,4.471199415688081,9.875297778954804,0.0598291559962032,NORMAL
09:22:15,,,step_21,금속_평탄화,IDLE,0.1741552366840944,4.471199415688081,9.875297778954804,0.0598291559962032,NORMAL
09:22:20,,,step_21,금속_평탄화,IDLE,0.1741552366840944,4.471199415688081,9.875297778954804,0.0598291559962032,NORMAL
09:22:25,,,step_21,금속_평탄화,IDLE,0.1741552366840944,4.471199415688081,9.875297778954804,0.0598291559962032,NORMAL
09:22:30,,,step_21,금속_평탄화,IDLE,0.1741552366840944,4.471199415688081,9.875297778954804,0.0598291559962032,NORMAL
09:22:35,,,step_21,금속_평탄화,IDLE,0.1741552366840944,4.471199415688081,9.875297778954804,0.0598291559962032,NORMAL
09:22:40,,,step_21,금속_평탄화,IDLE,0.1741552366840944,4.471199415688081,9.875297778954804,0.0598291559962032,NORMAL
09:22:45,,,step_21,금속_평탄화,IDLE,0.1741552366840944,4.471199415688081,9.875297778954804,0.0598291559962032,NORMAL
09:22:50,,,step_21,금속_평탄화,IDLE,0.1741552366840944,4.471199415688081,9.875297778954804,0.0598291559962032,NORMAL
09:22:55,,,step_21,금속_평탄화,IDLE,0.1741552366840944,4.471199415688081,9.875297778954804,0.0598291559962032,NORMAL
09:23:00,,,step_21,금속_평탄화,IDLE,0.1741552366840944,4.471199415688081,9.875297778954804,0.0598291559962032,NORMAL
09:23:05,,,step_21,금속_평탄화,IDLE,0.1741552366840944,4.471199415688081,9.875297778954804,0.0598291559962032,NORMAL
09:23:10,,,step_21,금속_평탄화,IDLE,0.1741552366840944,4.471199415688081,9.875297778954804,0.0598291559962032,NORMAL
09:23:15,,,step_21,금속_평탄화,IDLE,0.1741552366840944,4.471199415688081,9.875297778954804,0.0598291559962032,NORMAL
09:23:20,,,step_21,금속_평탄화,IDLE,0.1741552366840944,4.471199415688081,9.875297778954804,0.0598291559962032,NORMAL
09:23:25,,,step_21,금속_평탄화,IDLE,0.1741552366840944,4.471199415688081,9.875297778954804,0.0598291559962032,NORMAL
09:23:30,,,step_21,금속_평탄화,IDLE,0.1741552366840944,4.471199415688081,9.875297778954804,0.0598291559962032,NORMAL
09:23:35,,,step_21,금속_평탄화,IDLE,0.1741552366840944,4.471199415688081,9.875297778954804,0.0598291559962032,NORMAL
09:23:40,,,step_21,금속_평탄화,IDLE,0.1741552366840944,4.471199415688081,9.875297778954804,0.0598291559962032,NORMAL
09:23:45,,,step_21,금속_평탄화,IDLE,0.1741552366840944,4.471199415688081,9.875297778954804,0.0598291559962032,NORMAL
09:23:50,,,step_21,금속_평탄화,IDLE,0.1741552366840944,4.471199415688081,9.875297778954804,0.0598291559962032,NORMAL
09:23:55,,,step_21,금속_평탄화,IDLE,0.1741552366840944,4.471199415688081,9.875297778954804,0.0598291559962032,NORMAL
09:24:00,,,step_21,금속_평탄화,IDLE,0.1741552366840944,4.471199415688081,9.875297778954804,0.0598291559962032,NORMAL
09:24:05,,,step_21,금속_평탄화,IDLE,0.1741552366840944,4.471199415688081,9.875297778954804,0.0598291559962032,NORMAL
09:24:10,,,step_21,금속_평탄화,IDLE,0.1741552366840944,4.471199415688081,9.875297778954804,0.0598291559962032,NORMAL
09:24:15,,,step_21,금속_평탄화,IDLE,0.1741552366840944,4.471199415688081,9.875297778954804,0.0598291559962032,NORMAL
09:24:20,,,step_21,금속_평탄화,IDLE,0.1741552366840944,4.471199415688081,9.875297778954804,0.0598291559962032,NORMAL
09:24:25,,,step_21,금속_평탄화,IDLE,0.1741552366840944,4.471199415688081,9.875297778954804,0.0598291559962032,NORMAL
09:24:30,,,step_21,금속_평탄화,IDLE,0.1741552366840944,4.471199415688081,9.875297778954804,0.0598291559962032,NORMAL
09:24:35,,,step_21,금속_평탄화,IDLE,0.1741552366840944,4.471199415688081,9.875297778954804,0.0598291559962032,NORMAL
09:24:40,,,step_21,금속_평탄화,IDLE,0.1741552366840944,4.471199415688081,9.875297778954804,0.0598291559962032,NORMAL
09:24:45,,,step_21,금속_평탄화,IDLE,0.1741552366840944,4.471199415688081,9.875297778954804,0.0598291559962032,NORMAL
09:24:50,,,step_21,금속_평탄화,IDLE,0.1741552366840944,4.471199415688081,9.875297778954804,0.0598291559962032,NORMAL
09:24:55,,,step_21,금속_평탄화,IDLE,0.1741552366840944,4.471199415688081,9.875297778954804,0.0598291559962032,NORMAL
09:25:00,,,step_21,금속_평탄화,IDLE,0.1741552366840944,4.471199415688081,9.875297778954804,0.0598291559962032,NORMAL
09:25:05,,,step_21,금속_평탄화,IDLE,0.1741552366840944,4.471199415688081,9.875297778954804,0.0598291559962032,NORMAL
09:25:10,,,step_21,금속_평탄화,IDLE,0.1741552366840944,4.471199415688081,9.875297778954804,0.0598291559962032,NORMAL
09:25:15,,,step_21,금속_평탄화,IDLE,0.1741552366840944,4.471199415688081,9.875297778954804,0.0598291559962032,NORMAL
09:25:20,,,step_21,금속_평탄화,IDLE,0.1741552366840944,4.471199415688081,9.875297778954804,0.0598291559962032,NORMAL
09:25:25,,,step_21,금속_평탄화,IDLE,0.1741552366840944,4.471199415688081,9.875297778954804,0.0598291559962032,NORMAL
09:25:30,,,step_21,금속_평탄화,IDLE,0.1741552366840944,4.471199415688081,9.875297778954804,0.0598291559962032,NORMAL
09:25:35,,,step_21,금속_평탄화,IDLE,0.1741552366840944,4.471199415688081,9.875297778954804,0.0598291559962032,NORMAL
09:25:40,,,step_21,금속_평탄화,IDLE,0.1741552366840944,4.471199415688081,9.875297778954804,0.0598291559962032,NORMAL
09:25:45,,,step_21,금속_평탄화,IDLE,0.1741552366840944,4.471199415688081,9.875297778954804,0.0598291559962032,NORMAL
09:25:50,,,step_21,금속_평탄화,IDLE,0.1741552366840944,4.471199415688081,9.875297778954804,0.0598291559962032,NORMAL
09:25:55,,,step_21,금속_평탄화,IDLE,0.1741552366840944,4.471199415688081,9.875297778954804,0.0598291559962032,NORMAL
09:26:00,,,step_21,금속_평탄화,IDLE,0.1741552366840944,4.471199415688081,9.875297778954804,0.0598291559962032,NORMAL
09:26:05,,,step_21,금속_평탄화,IDLE,0.1741552366840944,4.471199415688081,9.875297778954804,0.0598291559962032,NORMAL
09:26:10,,,step_21,금속_평탄화,IDLE,0.1741552366840944,4.471199415688081,9.875297778954804,0.0598291559962032,NORMAL
09:26:15,,,step_21,금속_평탄화,IDLE,0.1741552366840944,4.471199415688081,9.875297778954804,0.0598291559962032,NORMAL
09:26:20,,,step_21,금속_평탄화,IDLE,0.1741552366840944,4.471199415688081,9.875297778954804,0.0598291559962032,NORMAL
09:26:25,,,step_21,금속_평탄화,IDLE,0.1741552366840944,4.471199415688081,9.875297778954804,0.0598291559962032,NORMAL
09:26:30,,,step_21,금속_평탄화,IDLE,0.1741552366840944,4.471199415688081,9.875297778954804,0.0598291559962032,NORMAL
09:26:35,,,step_21,금속_평탄화,IDLE,0.1741552366840944,4.471199415688081,9.875297778954804,0.0598291559962032,NORMAL
09:26:40,,,step_21,금속_평탄화,IDLE,0.1741552366840944,4.471199415688081,9.875297778954804,0.0598291559962032,NORMAL
09:26:45,,,step_21,금속_평탄화,IDLE,0.1741552366840944,4.471199415688081,9.875297778954804,0.0598291559962032,NORMAL
09:26:50,,,step_21,금속_평탄화,IDLE,0.1741552366840944,4.471199415688081,9.875297778954804,0.0598291559962032,NORMAL
09:26:55,,,step_21,금속_평탄화,IDLE,0.1741552366840944,4.471199415688081,9.875297778954804,0.0598291559962032,NORMAL
09:27:00,,,step_21,금속_평탄화,IDLE,0.1741552366840944,4.471199415688081,9.875297778954804,0.0598291559962032,NORMAL
09:27:05,,,step_21,금속_평탄화,IDLE,0.1741552366840944,4.471199415688081,9.875297778954804,0.0598291559962032,NORMAL
09:27:10,,,step_21,금속_평탄화,IDLE,0.1741552366840944,4.471199415688081,9.875297778954804,0.0598291559962032,NORMAL
09:27:15,,,step_21,금속_평탄화,IDLE,0.1741552366840944,4.471199415688081,9.875297778954804,0.0598291559962032,NORMAL
09:27:20,,,step_21,금속_평탄화,IDLE,0.1741552366840944,4.471199415688081,9.875297778954804,0.0598291559962032,NORMAL
09:27:25,,,step_21,금속_평탄화,IDLE,0.1741552366840944,4.471199415688081,9.875297778954804,0.0598291559962032,NORMAL
09:27:30,,,step_21,금속_평탄화,IDLE,0.1741552366840944,4.471199415688081,9.875297778954804,0.0598291559962032,NORMAL
09:27:35,,,step_21,금속_평탄화,IDLE,0.1741552366840944,4.471199415688081,9.875297778954804,0.0598291559962032,NORMAL
09:27:40,,,step_21,금속_평탄화,IDLE,0.1741552366840944,4.471199415688081,9.875297778954804,0.0598291559962032,NORMAL
09:27:45,,,step_21,금속_평탄화,IDLE,0.1741552366840944,4.471199415688081,9.875297778954804,0.0598291559962032,NORMAL
09:27:50,,,step_21,금속_평탄화,IDLE,0.1741552366840944,4.471199415688081,9.875297778954804,0.0598291559962032,NORMAL
09:27:55,,,step_21,금속_평탄화,IDLE,0.1741552366840944,4.471199415688081,9.875297778954804,0.0598291559962032,NORMAL
09:28:00,,,step_21,금속_평탄화,IDLE,0.1741552366840944,4.471199415688081,9.875297778954804,0.0598291559962032,NORMAL
09:28:05,,,step_21,금속_평탄화,IDLE,0.1741552366840944,4.471199415688081,9.875297778954804,0.0598291559962032,NORMAL
09:28:10,,,step_21,금속_평탄화,IDLE,0.1741552366840944,4.471199415688081,9.875297778954804,0.0598291559962032,NORMAL
09:28:15,,,step_21,금속_평탄화,IDLE,0.1741552366840944,4.471199415688081,9.875297778954804,0.0598291559962032,NORMAL
09:28:20,,,step_21,금속_평탄화,IDLE,0.1741552366840944,4.471199415688081,9.875297778954804,0.0598291559962032,NORMAL
09:28:25,,,step_21,금속_평탄화,IDLE,0.1741552366840944,4.471199415688081,9.875297778954804,0.0598291559962032,NORMAL
09:28:30,,,step_21,금속_평탄화,IDLE,0.1741552366840944,4.471199415688081,9.875297778954804,0.0598291559962032,NORMAL
09:28:35,,,step_21,금속_평탄화,IDLE,0.1741552366840944,4.471199415688081,9.875297778954804,0.0598291559962032,NORMAL
09:28:40,,,step_21,금속_평탄화,IDLE,0.1741552366840944,4.471199415688081,9.875297778954804,0.0598291559962032,NORMAL
09:28:45,,,step_21,금속_평탄화,IDLE,0.1741552366840944,4.471199415688081,9.875297778954804,0.0598291559962032,NORMAL
09:28:50,,,step_21,금속_평탄화,IDLE,0.1741552366840944,4.471199415688081,9.875297778954804,0.0598291559962032,NORMAL
09:28:55,,,step_21,금속_평탄화,IDLE,0.1741552366840944,4.471199415688081,9.875297778954804,0.0598291559962032,NORMAL
09:29:00,,,step_21,금속_평탄화,IDLE,0.1741552366840944,4.471199415688081,9.875297778954804,0.0598291559962032,NORMAL
09:29:05,,,step_21,금속_평탄화,IDLE,0.1741552366840944,4.471199415688081,9.875297778954804,0.0598291559962032,NORMAL
09:29:10,,,step_21,금속_평탄화,IDLE,0.1741552366840944,4.471199415688081,9.875297778954804,0.0598291559962032,NORMAL
09:29:15,,,step_21,금속_평탄화,IDLE,0.1741552366840944,4.471199415688081,9.875297778954804,0.0598291559962032,NORMAL
09:29:20,,,step_21,금속_평탄화,IDLE,0.1741552366840944,4.471199415688081,9.875297778954804,0.0598291559962032,NORMAL
09:29:25,,,step_21,금속_평탄화,IDLE,0.1741552366840944,4.471199415688081,9.875297778954804,0.0598291559962032,NORMAL
09:29:30,,,step_21,금속_평탄화,IDLE,0.1741552366840944,4.471199415688081,9.875297778954804,0.0598291559962032,NORMAL
09:29:35,,,step_21,금속_평탄화,IDLE,0.1741552366840944,4.471199415688081,9.875297778954804,0.0598291559962032,NORMAL
09:29:40,,,step_21,금속_평탄화,IDLE,0.1741552366840944,4.471199415688081,9.875297778954804,0.0598291559962032,NORMAL
09:29:45,,,step_21,금속_평탄화,IDLE,0.1741552366840944,4.471199415688081,9.875297778954804,0.0598291559962032,NORMAL
09:29:50,,,step_21,금속_평탄화,IDLE,0.1741552366840944,4.471199415688081,9.875297778954804,0.0598291559962032,NORMAL
09:29:55,,,step_21,금속_평탄화,IDLE,0.1741552366840944,4.471199415688081,9.875297778954804,0.0598291559962032,NORMAL
09:30:00,,,step_21,금속_평탄화,IDLE,0.1741552366840944,4.471199415688081,9.875297778954804,0.0598291559962032,NORMAL
09:30:05,,,step_21,금속_평탄화,IDLE,0.1741552366840944,4.471199415688081,9.875297778954804,0.0598291559962032,NORMAL
09:30:10,,,step_21,금속_평탄화,IDLE,0.1741552366840944,4.471199415688081,9.875297778954804,0.0598291559962032,NORMAL
09:30:15,,,step_21,금속_평탄화,IDLE,0.1741552366840944,4.471199415688081,9.875297778954804,0.0598291559962032,NORMAL
09:30:20,,,step_21,금속_평탄화,IDLE,0.1741552366840944,4.471199415688081,9.875297778954804,0.0598291559962032,NORMAL
09:30:25,,,step_21,금속_평탄화,IDLE,0.1741552366840944,4.471199415688081,9.875297778954804,0.0598291559962032,NORMAL
09:30:30,,,step_21,금속_평탄화,IDLE,0.1741552366840944,4.471199415688081,9.875297778954804,0.0598291559962032,NORMAL
09:30:35,,,step_21,금속_평탄화,IDLE,0.1741552366840944,4.471199415688081,9.875297778954804,0.0598291559962032,NORMAL
09:30:40,,,step_21,금속_평탄화,IDLE,0.1741552366840944,4.471199415688081,9.875297778954804,0.0598291559962032,NORMAL
09:30:45,,,step_21,금속_평탄화,IDLE,0.1741552366840944,4.471199415688081,9.875297778954804,0.0598291559962032,NORMAL
09:30:50,,,step_21,금속_평탄화,IDLE,0.1741552366840944,4.471199415688081,9.875297778954804,0.0598291559962032,NORMAL
09:30:55,,,step_21,금속_평탄화,IDLE,0.1741552366840944,4.471199415688081,9.875297778954804,0.0598291559962032,NORMAL
09:31:00,,,step_21,금속_평탄화,IDLE,0.1741552366840944,4.471199415688081,9.875297778954804,0.0598291559962032,NORMAL
09:31:05,,,step_21,금속_평탄화,IDLE,0.1741552366840944,4.471199415688081,9.875297778954804,0.0598291559962032,NORMAL
09:31:10,,,step_21,금속_평탄화,IDLE,0.1741552366840944,4.471199415688081,9.875297778954804,0.0598291559962032,NORMAL
09:31:15,,,step_21,금속_평탄화,IDLE,0.1741552366840944,4.471199415688081,9.875297778954804,0.0598291559962032,NORMAL
09:31:20,,,step_21,금속_평탄화,IDLE,0.1741552366840944,4.471199415688081,9.875297778954804,0.0598291559962032,NORMAL
09:31:25,,,step_21,금속_평탄화,IDLE,0.1741552366840944,4.471199415688081,9.875297778954804,0.0598291559962032,NORMAL
09:31:30,,,step_21,금속_평탄화,IDLE,0.1741552366840944,4.471199415688081,9.875297778954804,0.0598291559962032,NORMAL
09:31:35,,,step_21,금속_평탄화,IDLE,0.1741552366840944,4.471199415688081,9.875297778954804,0.0598291559962032,NORMAL
09:31:40,,,step_21,금속_평탄화,IDLE,0.1741552366840944,4.471199415688081,9.875297778954804,0.0598291559962032,NORMAL
09:31:45,,,step_21,금속_평탄화,IDLE,0.1741552366840944,4.471199415688081,9.875297778954804,0.0598291559962032,NORMAL
09:31:50,,,step_21,금속_평탄화,IDLE,0.1741552366840944,4.471199415688081,9.875297778954804,0.0598291559962032,NORMAL
09:31:55,,,step_21,금속_평탄화,IDLE,0.1741552366840944,4.471199415688081,9.875297778954804,0.0598291559962032,NORMAL
09:32:00,,,step_21,금속_평탄화,IDLE,0.1741552366840944,4.471199415688081,9.875297778954804,0.0598291559962032,NORMAL
09:32:05,,,step_21,금속_평탄화,IDLE,0.1741552366840944,4.471199415688081,9.875297778954804,0.0598291559962032,NORMAL
09:32:10,,,step_21,금속_평탄화,IDLE,0.1741552366840944,4.471199415688081,9.875297778954804,0.0598291559962032,NORMAL
09:32:15,,,step_21,금속_평탄화,IDLE,0.1741552366840944,4.471199415688081,9.875297778954804,0.0598291559962032,NORMAL
09:32:20,,,step_21,금속_평탄화,IDLE,0.1741552366840944,4.471199415688081,9.875297778954804,0.0598291559962032,NORMAL
09:32:25,,,step_21,금속_평탄화,IDLE,0.1741552366840944,4.471199415688081,9.875297778954804,0.0598291559962032,NORMAL
09:32:30,,,step_21,금속_평탄화,IDLE,0.1741552366840944,4.471199415688081,9.875297778954804,0.0598291559962032,NORMAL
09:32:35,,,step_21,금속_평탄화,IDLE,0.1741552366840944,4.471199415688081,9.875297778954804,0.0598291559962032,NORMAL
09:32:40,,,step_21,금속_평탄화,IDLE,0.1741552366840944,4.471199415688081,9.875297778954804,0.0598291559962032,NORMAL
09:32:45,,,step_21,금속_평탄화,IDLE,0.1741552366840944,4.471199415688081,9.875297778954804,0.0598291559962032,NORMAL
09:32:50,,,step_21,금속_평탄화,IDLE,0.1741552366840944,4.471199415688081,9.875297778954804,0.0598291559962032,NORMAL
09:32:55,,,step_21,금속_평탄화,IDLE,0.1741552366840944,4.471199415688081,9.875297778954804,0.0598291559962032,NORMAL
09:33:00,,,step_21,금속_평탄화,IDLE,0.1741552366840944,4.471199415688081,9.875297778954804,0.0598291559962032,NORMAL
09:33:05,,,step_21,금속_평탄화,IDLE,0.1741552366840944,4.471199415688081,9.875297778954804,0.0598291559962032,NORMAL
09:33:10,,,step_21,금속_평탄화,IDLE,0.1741552366840944,4.471199415688081,9.875297778954804,0.0598291559962032,NORMAL
09:33:15,,,step_21,금속_평탄화,IDLE,0.1741552366840944,4.471199415688081,9.875297778954804,0.0598291559962032,NORMAL
09:33:20,,,step_21,금속_평탄화,IDLE,0.1741552366840944,4.471199415688081,9.875297778954804,0.0598291559962032,NORMAL
09:33:25,,,step_21,금속_평탄화,IDLE,0.1741552366840944,4.471199415688081,9.875297778954804,0.0598291559962032,NORMAL
09:33:30,,,step_21,금속_평탄화,IDLE,0.1741552366840944,4.471199415688081,9.875297778954804,0.0598291559962032,NORMAL
09:33:35,,,step_21,금속_평탄화,IDLE,0.1741552366840944,4.471199415688081,9.875297778954804,0.0598291559962032,NORMAL
09:33:40,,,step_21,금속_평탄화,IDLE,0.1741552366840944,4.471199415688081,9.875297778954804,0.0598291559962032,NORMAL
09:33:45,,,step_21,금속_평탄화,IDLE,0.1741552366840944,4.471199415688081,9.875297778954804,0.0598291559962032,NORMAL
09:33:50,,,step_21,금속_평탄화,IDLE,0.1741552366840944,4.471199415688081,9.875297778954804,0.0598291559962032,NORMAL
09:33:55,,,step_21,금속_평탄화,IDLE,0.1741552366840944,4.471199415688081,9.875297778954804,0.0598291559962032,NORMAL
09:34:00,,,step_21,금속_평탄화,IDLE,0.1741552366840944,4.471199415688081,9.875297778954804,0.0598291559962032,NORMAL
09:34:05,,,step_21,금속_평탄화,IDLE,0.1741552366840944,4.471199415688081,9.875297778954804,0.0598291559962032,NORMAL
09:34:10,,,step_21,금속_평탄화,IDLE,0.1741552366840944,4.471199415688081,9.875297778954804,0.0598291559962032,NORMAL
09:34:15,,,step_21,금속_평탄화,IDLE,0.1741552366840944,4.471199415688081,9.875297778954804,0.0598291559962032,NORMAL
09:34:20,,,step_21,금속_평탄화,IDLE,0.1741552366840944,4.471199415688081,9.875297778954804,0.0598291559962032,NORMAL
09:34:25,,,step_21,금속_평탄화,IDLE,0.1741552366840944,4.471199415688081,9.875297778954804,0.0598291559962032,NORMAL
09:34:30,,,step_21,금속_평탄화,IDLE,0.1741552366840944,4.471199415688081,9.875297778954804,0.0598291559962032,NORMAL
09:34:35,,,step_21,금속_평탄화,IDLE,0.1741552366840944,4.471199415688081,9.875297778954804,0.0598291559962032,NORMAL
09:34:40,,,step_21,금속_평탄화,IDLE,0.1741552366840944,4.471199415688081,9.875297778954804,0.0598291559962032,NORMAL
09:34:45,,,step_21,금속_평탄화,IDLE,0.1741552366840944,4.471199415688081,9.875297778954804,0.0598291559962032,NORMAL
09:34:50,,,step_21,금속_평탄화,IDLE,0.1741552366840944,4.471199415688081,9.875297778954804,0.0598291559962032,NORMAL
09:34:55,,,step_21,금속_평탄화,IDLE,0.1741552366840944,4.471199415688081,9.875297778954804,0.0598291559962032,NORMAL
09:35:00,,,step_21,금속_평탄화,IDLE,0.1741552366840944,4.471199415688081,9.875297778954804,0.0598291559962032,NORMAL
09:35:05,,,step_21,금속_평탄화,IDLE,0.1741552366840944,4.471199415688081,9.875297778954804,0.0598291559962032,NORMAL
09:35:10,,,step_21,금속_평탄화,IDLE,0.1741552366840944,4.471199415688081,9.875297778954804,0.0598291559962032,NORMAL
09:35:15,,,step_21,금속_평탄화,IDLE,0.1741552366840944,4.471199415688081,9.875297778954804,0.0598291559962032,NORMAL
09:35:20,,,step_21,금속_평탄화,IDLE,0.1741552366840944,4.471199415688081,9.875297778954804,0.0598291559962032,NORMAL
09:35:25,,,step_21,금속_평탄화,IDLE,0.1741552366840944,4.471199415688081,9.875297778954804,0.0598291559962032,NORMAL
09:35:30,,,step_21,금속_평탄화,IDLE,0.1741552366840944,4.471199415688081,9.875297778954804,0.0598291559962032,NORMAL
09:35:35,,,step_21,금속_평탄화,IDLE,0.1741552366840944,4.471199415688081,9.875297778954804,0.0598291559962032,NORMAL
09:35:40,,,step_21,금속_평탄화,IDLE,0.1741552366840944,4.471199415688081,9.875297778954804,0.0598291559962032,NORMAL
09:35:45,,,step_21,금속_평탄화,IDLE,0.1741552366840944,4.471199415688081,9.875297778954804,0.0598291559962032,NORMAL
09:35:50,,,step_21,금속_평탄화,IDLE,0.1741552366840944,4.471199415688081,9.875297778954804,0.0598291559962032,NORMAL
09:35:55,,,step_21,금속_평탄화,IDLE,0.1741552366840944,4.471199415688081,9.875297778954804,0.0598291559962032,NORMAL
09:36:00,,,step_21,금속_평탄화,IDLE,0.1741552366840944,4.471199415688081,9.875297778954804,0.0598291559962032,NORMAL
09:36:05,,,step_21,금속_평탄화,IDLE,0.1741552366840944,4.471199415688081,9.875297778954804,0.0598291559962032,NORMAL
09:36:10,,,step_21,금속_평탄화,IDLE,0.1741552366840944,4.471199415688081,9.875297778954804,0.0598291559962032,NORMAL
09:36:15,,,step_21,금속_평탄화,IDLE,0.1741552366840944,4.471199415688081,9.875297778954804,0.0598291559962032,NORMAL
09:36:20,,,step_21,금속_평탄화,IDLE,0.1741552366840944,4.471199415688081,9.875297778954804,0.0598291559962032,NORMAL
09:36:25,,,step_21,금속_평탄화,IDLE,0.1741552366840944,4.471199415688081,9.875297778954804,0.0598291559962032,NORMAL
09:36:30,,,step_21,금속_평탄화,IDLE,0.1741552366840944,4.471199415688081,9.875297778954804,0.0598291559962032,NORMAL
09:36:35,,,step_21,금속_평탄화,IDLE,0.1741552366840944,4.471199415688081,9.875297778954804,0.0598291559962032,NORMAL
09:36:40,,,step_21,금속_평탄화,IDLE,0.1741552366840944,4.471199415688081,9.875297778954804,0.0598291559962032,NORMAL
09:36:45,,,step_21,금속_평탄화,IDLE,0.1741552366840944,4.471199415688081,9.875297778954804,0.0598291559962032,NORMAL
09:36:50,,,step_21,금속_평탄화,IDLE,0.1741552366840944,4.471199415688081,9.875297778954804,0.0598291559962032,NORMAL
09:36:55,,,step_21,금속_평탄화,IDLE,0.1741552366840944,4.471199415688081,9.875297778954804,0.0598291559962032,NORMAL
09:37:00,,,step_21,금속_평탄화,IDLE,0.1741552366840944,4.471199415688081,9.875297778954804,0.0598291559962032,NORMAL
09:37:05,,,step_21,금속_평탄화,IDLE,0.1741552366840944,4.471199415688081,9.875297778954804,0.0598291559962032,NORMAL
09:37:10,,,step_21,금속_평탄화,IDLE,0.1741552366840944,4.471199415688081,9.875297778954804,0.0598291559962032,NORMAL
09:37:15,,,step_21,금속_평탄화,IDLE,0.1741552366840944,4.471199415688081,9.875297778954804,0.0598291559962032,NORMAL
09:37:20,,,step_21,금속_평탄화,IDLE,0.1741552366840944,4.471199415688081,9.875297778954804,0.0598291559962032,NORMAL
09:37:25,,,step_21,금속_평탄화,IDLE,0.1741552366840944,4.471199415688081,9.875297778954804,0.0598291559962032,NORMAL
09:37:30,,,step_21,금속_평탄화,IDLE,0.1741552366840944,4.471199415688081,9.875297778954804,0.0598291559962032,NORMAL
09:37:35,,,step_21,금속_평탄화,IDLE,0.1741552366840944,4.471199415688081,9.875297778954804,0.0598291559962032,NORMAL
09:37:40,,,step_21,금속_평탄화,IDLE,0.1741552366840944,4.471199415688081,9.875297778954804,0.0598291559962032,NORMAL
09:37:45,,,step_21,금속_평탄화,IDLE,0.1741552366840944,4.471199415688081,9.875297778954804,0.0598291559962032,NORMAL
09:37:50,,,step_21,금속_평탄화,IDLE,0.1741552366840944,4.471199415688081,9.875297778954804,0.0598291559962032,NORMAL
09:37:55,,,step_21,금속_평탄화,IDLE,0.1741552366840944,4.471199415688081,9.875297778954804,0.0598291559962032,NORMAL
09:38:00,,,step_21,금속_평탄화,IDLE,0.1741552366840944,4.471199415688081,9.875297778954804,0.0598291559962032,NORMAL
09:38:05,,,step_21,금속_평탄화,IDLE,0.1741552366840944,4.471199415688081,9.875297778954804,0.0598291559962032,NORMAL
09:38:10,,,step_21,금속_평탄화,IDLE,0.1741552366840944,4.471199415688081,9.875297778954804,0.0598291559962032,NORMAL
09:38:15,,,step_21,금속_평탄화,IDLE,0.1741552366840944,4.471199415688081,9.875297778954804,0.0598291559962032,NORMAL
09:38:20,,,step_21,금속_평탄화,IDLE,0.1741552366840944,4.471199415688081,9.875297778954804,0.0598291559962032,NORMAL
09:38:25,,,step_21,금속_평탄화,IDLE,0.1741552366840944,4.471199415688081,9.875297778954804,0.0598291559962032,NORMAL
09:38:30,,,step_21,금속_평탄화,IDLE,0.1741552366840944,4.471199415688081,9.875297778954804,0.0598291559962032,NORMAL
09:38:35,,,step_21,금속_평탄화,IDLE,0.1741552366840944,4.471199415688081,9.875297778954804,0.0598291559962032,NORMAL
09:38:40,,,step_21,금속_평탄화,IDLE,0.1741552366840944,4.471199415688081,9.875297778954804,0.0598291559962032,NORMAL
09:38:45,,,step_21,금속_평탄화,IDLE,0.1741552366840944,4.471199415688081,9.875297778954804,0.0598291559962032,NORMAL
09:38:50,,,step_21,금속_평탄화,IDLE,0.1741552366840944,4.471199415688081,9.875297778954804,0.0598291559962032,NORMAL
09:38:55,,,step_21,금속_평탄화,IDLE,0.1741552366840944,4.471199415688081,9.875297778954804,0.0598291559962032,NORMAL
09:39:00,,,step_21,금속_평탄화,IDLE,0.1741552366840944,4.471199415688081,9.875297778954804,0.0598291559962032,NORMAL
09:39:05,,,step_21,금속_평탄화,IDLE,0.1741552366840944,4.471199415688081,9.875297778954804,0.0598291559962032,NORMAL
09:39:10,,,step_21,금속_평탄화,IDLE,0.1741552366840944,4.471199415688081,9.875297778954804,0.0598291559962032,NORMAL
09:39:15,,,step_21,금속_평탄화,IDLE,0.1741552366840944,4.471199415688081,9.875297778954804,0.0598291559962032,NORMAL
09:39:20,,,step_21,금속_평탄화,IDLE,0.1741552366840944,4.471199415688081,9.875297778954804,0.0598291559962032,NORMAL
09:39:25,,,step_21,금속_평탄화,IDLE,0.1741552366840944,4.471199415688081,9.875297778954804,0.0598291559962032,NORMAL
09:39:30,,,step_21,금속_평탄화,IDLE,0.1741552366840944,4.471199415688081,9.875297778954804,0.0598291559962032,NORMAL
09:39:35,,,step_21,금속_평탄화,IDLE,0.1741552366840944,4.471199415688081,9.875297778954804,0.0598291559962032,NORMAL
09:39:40,,,step_21,금속_평탄화,IDLE,0.1741552366840944,4.471199415688081,9.875297778954804,0.0598291559962032,NORMAL
09:39:45,,,step_21,금속_평탄화,IDLE,0.1741552366840944,4.471199415688081,9.875297778954804,0.0598291559962032,NORMAL
09:39:50,,,step_21,금속_평탄화,IDLE,0.1741552366840944,4.471199415688081,9.875297778954804,0.0598291559962032,NORMAL
09:39:55,,,step_21,금속_평탄화,IDLE,0.1741552366840944,4.471199415688081,9.875297778954804,0.0598291559962032,NORMAL
09:40:00,,,step_21,금속_평탄화,IDLE,0.1741552366840944,4.471199415688081,9.875297778954804,0.0598291559962032,NORMAL
09:40:05,,,step_21,금속_평탄화,IDLE,0.1741552366840944,4.471199415688081,9.875297778954804,0.0598291559962032,NORMAL
09:40:10,,,step_21,금속_평탄화,IDLE,0.1741552366840944,4.471199415688081,9.875297778954804,0.0598291559962032,NORMAL
09:40:15,,,step_21,금속_평탄화,IDLE,0.1741552366840944,4.471199415688081,9.875297778954804,0.0598291559962032,NORMAL
09:40:20,,,step_21,금속_평탄화,IDLE,0.1741552366840944,4.471199415688081,9.875297778954804,0.0598291559962032,NORMAL
09:40:25,,,step_21,금속_평탄화,IDLE,0.1741552366840944,4.471199415688081,9.875297778954804,0.0598291559962032,NORMAL
09:40:30,,,step_21,금속_평탄화,IDLE,0.1741552366840944,4.471199415688081,9.875297778954804,0.0598291559962032,NORMAL
09:40:35,,,step_21,금속_평탄화,IDLE,0.1741552366840944,4.471199415688081,9.875297778954804,0.0598291559962032,NORMAL
09:40:40,,,step_21,금속_평탄화,IDLE,0.1741552366840944,4.471199415688081,9.875297778954804,0.0598291559962032,NORMAL
09:40:45,,,step_21,금속_평탄화,IDLE,0.1741552366840944,4.471199415688081,9.875297778954804,0.0598291559962032,NORMAL
09:40:50,,,step_21,금속_평탄화,IDLE,0.1741552366840944,4.471199415688081,9.875297778954804,0.0598291559962032,NORMAL
09:40:55,,,step_21,금속_평탄화,IDLE,0.1741552366840944,4.471199415688081,9.875297778954804,0.0598291559962032,NORMAL
09:41:00,,,step_21,금속_평탄화,IDLE,0.1741552366840944,4.471199415688081,9.875297778954804,0.0598291559962032,NORMAL
09:41:05,,,step_21,금속_평탄화,IDLE,0.1741552366840944,4.471199415688081,9.875297778954804,0.0598291559962032,NORMAL
09:41:10,,,step_21,금속_평탄화,IDLE,0.1741552366840944,4.471199415688081,9.875297778954804,0.0598291559962032,NORMAL
09:41:15,,,step_21,금속_평탄화,IDLE,0.1741552366840944,4.471199415688081,9.875297778954804,0.0598291559962032,NORMAL
09:41:20,,,step_21,금속_평탄화,IDLE,0.1741552366840944,4.471199415688081,9.875297778954804,0.0598291559962032,NORMAL
09:41:25,,,step_21,금속_평탄화,IDLE,0.1741552366840944,4.471199415688081,9.875297778954804,0.0598291559962032,NORMAL
09:41:30,,,step_21,금속_평탄화,IDLE,0.1741552366840944,4.471199415688081,9.875297778954804,0.0598291559962032,NORMAL
09:41:35,,,step_21,금속_평탄화,IDLE,0.1741552366840944,4.471199415688081,9.875297778954804,0.0598291559962032,NORMAL
09:41:40,,,step_21,금속_평탄화,IDLE,0.1741552366840944,4.471199415688081,9.875297778954804,0.0598291559962032,NORMAL
09:41:45,,,step_21,금속_평탄화,IDLE,0.1741552366840944,4.471199415688081,9.875297778954804,0.0598291559962032,NORMAL
09:41:50,,,step_21,금속_평탄화,IDLE,0.1741552366840944,4.471199415688081,9.875297778954804,0.0598291559962032,NORMAL
09:41:55,,,step_21,금속_평탄화,IDLE,0.1741552366840944,4.471199415688081,9.875297778954804,0.0598291559962032,NORMAL
09:42:00,,,step_21,금속_평탄화,IDLE,0.1741552366840944,4.471199415688081,9.875297778954804,0.0598291559962032,NORMAL
09:42:05,,,step_21,금속_평탄화,IDLE,0.1741552366840944,4.471199415688081,9.875297778954804,0.0598291559962032,NORMAL
09:42:10,,,step_21,금속_평탄화,IDLE,0.1741552366840944,4.471199415688081,9.875297778954804,0.0598291559962032,NORMAL
09:42:15,,,step_21,금속_평탄화,IDLE,0.1741552366840944,4.471199415688081,9.875297778954804,0.0598291559962032,NORMAL
09:42:20,,,step_21,금속_평탄화,IDLE,0.1741552366840944,4.471199415688081,9.875297778954804,0.0598291559962032,NORMAL
09:42:25,,,step_21,금속_평탄화,IDLE,0.1741552366840944,4.471199415688081,9.875297778954804,0.0598291559962032,NORMAL
09:42:30,,,step_21,금속_평탄화,IDLE,0.1741552366840944,4.471199415688081,9.875297778954804,0.0598291559962032,NORMAL
09:42:35,,,step_21,금속_평탄화,IDLE,0.1741552366840944,4.471199415688081,9.875297778954804,0.0598291559962032,NORMAL
09:42:40,,,step_21,금속_평탄화,IDLE,0.1741552366840944,4.471199415688081,9.875297778954804,0.0598291559962032,NORMAL
09:42:45,,,step_21,금속_평탄화,IDLE,0.1741552366840944,4.471199415688081,9.875297778954804,0.0598291559962032,NORMAL
09:42:50,,,step_21,금속_평탄화,IDLE,0.1741552366840944,4.471199415688081,9.875297778954804,0.0598291559962032,NORMAL
09:42:55,,,step_21,금속_평탄화,IDLE,0.1741552366840944,4.471199415688081,9.875297778954804,0.0598291559962032,NORMAL
09:43:00,,,step_21,금속_평탄화,IDLE,0.1741552366840944,4.471199415688081,9.875297778954804,0.0598291559962032,NORMAL
09:43:05,,,step_21,금속_평탄화,IDLE,0.1741552366840944,4.471199415688081,9.875297778954804,0.0598291559962032,NORMAL
09:43:10,,,step_21,금속_평탄화,IDLE,0.1741552366840944,4.471199415688081,9.875297778954804,0.0598291559962032,NORMAL
09:43:15,,,step_21,금속_평탄화,IDLE,0.1741552366840944,4.471199415688081,9.875297778954804,0.0598291559962032,NORMAL
09:43:20,,,step_21,금속_평탄화,IDLE,0.1741552366840944,4.471199415688081,9.875297778954804,0.0598291559962032,NORMAL
09:43:25,,,step_21,금속_평탄화,IDLE,0.1741552366840944,4.471199415688081,9.875297778954804,0.0598291559962032,NORMAL
09:43:30,,,step_21,금속_평탄화,IDLE,0.1741552366840944,4.471199415688081,9.875297778954804,0.0598291559962032,NORMAL
09:43:35,,,step_21,금속_평탄화,IDLE,0.1741552366840944,4.471199415688081,9.875297778954804,0.0598291559962032,NORMAL
09:43:40,,,step_21,금속_평탄화,IDLE,0.1741552366840944,4.471199415688081,9.875297778954804,0.0598291559962032,NORMAL
09:43:45,,,step_21,금속_평탄화,IDLE,0.1741552366840944,4.471199415688081,9.875297778954804,0.0598291559962032,NORMAL
09:43:50,,,step_21,금속_평탄화,IDLE,0.1741552366840944,4.471199415688081,9.875297778954804,0.0598291559962032,NORMAL
09:43:55,,,step_21,금속_평탄화,IDLE,0.1741552366840944,4.471199415688081,9.875297778954804,0.0598291559962032,NORMAL
09:44:00,,,step_21,금속_평탄화,IDLE,0.1741552366840944,4.471199415688081,9.875297778954804,0.0598291559962032,NORMAL
09:44:05,,,step_21,금속_평탄화,IDLE,0.1741552366840944,4.471199415688081,9.875297778954804,0.0598291559962032,NORMAL
09:44:10,,,step_21,금속_평탄화,IDLE,0.1741552366840944,4.471199415688081,9.875297778954804,0.0598291559962032,NORMAL
09:44:15,,,step_21,금속_평탄화,IDLE,0.1741552366840944,4.471199415688081,9.875297778954804,0.0598291559962032,NORMAL
09:44:20,,,step_21,금속_평탄화,IDLE,0.1741552366840944,4.471199415688081,9.875297778954804,0.0598291559962032,NORMAL
09:44:25,,,step_21,금속_평탄화,IDLE,0.1741552366840944,4.471199415688081,9.875297778954804,0.0598291559962032,NORMAL
09:44:30,,,step_21,금속_평탄화,IDLE,0.1741552366840944,4.471199415688081,9.875297778954804,0.0598291559962032,NORMAL
09:44:35,,,step_21,금속_평탄화,IDLE,0.1741552366840944,4.471199415688081,9.875297778954804,0.0598291559962032,NORMAL
09:44:40,,,step_21,금속_평탄화,IDLE,0.1741552366840944,4.471199415688081,9.875297778954804,0.0598291559962032,NORMAL
09:44:45,,,step_21,금속_평탄화,IDLE,0.1741552366840944,4.471199415688081,9.875297778954804,0.0598291559962032,NORMAL
09:44:50,,,step_21,금속_평탄화,IDLE,0.1741552366840944,4.471199415688081,9.875297778954804,0.0598291559962032,NORMAL
09:44:55,,,step_21,금속_평탄화,IDLE,0.1741552366840944,4.471199415688081,9.875297778954804,0.0598291559962032,NORMAL
09:45:00,,,step_21,금속_평탄화,IDLE,0.1741552366840944,4.471199415688081,9.875297778954804,0.0598291559962032,NORMAL
09:45:05,,,step_21,금속_평탄화,IDLE,0.1741552366840944,4.471199415688081,9.875297778954804,0.0598291559962032,NORMAL
09:45:10,,,step_21,금속_평탄화,IDLE,0.1741552366840944,4.471199415688081,9.875297778954804,0.0598291559962032,NORMAL
09:45:15,,,step_21,금속_평탄화,IDLE,0.1741552366840944,4.471199415688081,9.875297778954804,0.0598291559962032,NORMAL
09:45:20,,,step_21,금속_평탄화,IDLE,0.1741552366840944,4.471199415688081,9.875297778954804,0.0598291559962032,NORMAL
09:45:25,,,step_21,금속_평탄화,IDLE,0.1741552366840944,4.471199415688081,9.875297778954804,0.0598291559962032,NORMAL
09:45:30,,,step_21,금속_평탄화,IDLE,0.1741552366840944,4.471199415688081,9.875297778954804,0.0598291559962032,NORMAL
09:45:35,,,step_21,금속_평탄화,IDLE,0.1741552366840944,4.471199415688081,9.875297778954804,0.0598291559962032,NORMAL
09:45:40,,,step_21,금속_평탄화,IDLE,0.1741552366840944,4.471199415688081,9.875297778954804,0.0598291559962032,NORMAL
09:45:45,,,step_21,금속_평탄화,IDLE,0.1741552366840944,4.471199415688081,9.875297778954804,0.0598291559962032,NORMAL
09:45:50,,,step_21,금속_평탄화,IDLE,0.1741552366840944,4.471199415688081,9.875297778954804,0.0598291559962032,NORMAL
09:45:55,,,step_21,금속_평탄화,IDLE,0.1741552366840944,4.471199415688081,9.875297778954804,0.0598291559962032,NORMAL
09:46:00,,,step_21,금속_평탄화,IDLE,0.1741552366840944,4.471199415688081,9.875297778954804,0.0598291559962032,NORMAL
09:46:05,,,step_21,금속_평탄화,IDLE,0.1741552366840944,4.471199415688081,9.875297778954804,0.0598291559962032,NORMAL
09:46:10,,,step_21,금속_평탄화,IDLE,0.1741552366840944,4.471199415688081,9.875297778954804,0.0598291559962032,NORMAL
09:46:15,,,step_21,금속_평탄화,IDLE,0.1741552366840944,4.471199415688081,9.875297778954804,0.0598291559962032,NORMAL
09:46:20,,,step_21,금속_평탄화,IDLE,0.1741552366840944,4.471199415688081,9.875297778954804,0.0598291559962032,NORMAL
09:46:25,,,step_21,금속_평탄화,IDLE,0.1741552366840944,4.471199415688081,9.875297778954804,0.0598291559962032,NORMAL
09:46:30,,,step_21,금속_평탄화,IDLE,0.1741552366840944,4.471199415688081,9.875297778954804,0.0598291559962032,NORMAL
09:46:35,,,step_21,금속_평탄화,IDLE,0.1741552366840944,4.471199415688081,9.875297778954804,0.0598291559962032,NORMAL
09:46:40,,,step_21,금속_평탄화,IDLE,0.1741552366840944,4.471199415688081,9.875297778954804,0.0598291559962032,NORMAL
09:46:45,,,step_21,금속_평탄화,IDLE,0.1741552366840944,4.471199415688081,9.875297778954804,0.0598291559962032,NORMAL
09:46:50,,,step_21,금속_평탄화,IDLE,0.1741552366840944,4.471199415688081,9.875297778954804,0.0598291559962032,NORMAL
09:46:55,,,step_21,금속_평탄화,IDLE,0.1741552366840944,4.471199415688081,9.875297778954804,0.0598291559962032,NORMAL
09:47:00,,,step_21,금속_평탄화,IDLE,0.1741552366840944,4.471199415688081,9.875297778954804,0.0598291559962032,NORMAL
09:47:05,,,step_21,금속_평탄화,IDLE,0.1741552366840944,4.471199415688081,9.875297778954804,0.0598291559962032,NORMAL
09:47:10,,,step_21,금속_평탄화,IDLE,0.1741552366840944,4.471199415688081,9.875297778954804,0.0598291559962032,NORMAL
09:47:15,,,step_21,금속_평탄화,IDLE,0.1741552366840944,4.471199415688081,9.875297778954804,0.0598291559962032,NORMAL
09:47:20,,,step_21,금속_평탄화,IDLE,0.1741552366840944,4.471199415688081,9.875297778954804,0.0598291559962032,NORMAL
09:47:25,,,step_21,금속_평탄화,IDLE,0.1741552366840944,4.471199415688081,9.875297778954804,0.0598291559962032,NORMAL
09:47:30,,,step_21,금속_평탄화,IDLE,0.1741552366840944,4.471199415688081,9.875297778954804,0.0598291559962032,NORMAL
09:47:35,,,step_21,금속_평탄화,IDLE,0.1741552366840944,4.471199415688081,9.875297778954804,0.0598291559962032,NORMAL
09:47:40,,,step_21,금속_평탄화,IDLE,0.1741552366840944,4.471199415688081,9.875297778954804,0.0598291559962032,NORMAL
09:47:45,,,step_21,금속_평탄화,IDLE,0.1741552366840944,4.471199415688081,9.875297778954804,0.0598291559962032,NORMAL
09:47:50,,,step_21,금속_평탄화,IDLE,0.1741552366840944,4.471199415688081,9.875297778954804,0.0598291559962032,NORMAL
09:47:55,,,step_21,금속_평탄화,IDLE,0.1741552366840944,4.471199415688081,9.875297778954804,0.0598291559962032,NORMAL
09:48:00,,,step_21,금속_평탄화,IDLE,0.1741552366840944,4.471199415688081,9.875297778954804,0.0598291559962032,NORMAL
09:48:05,,,step_21,금속_평탄화,IDLE,0.1741552366840944,4.471199415688081,9.875297778954804,0.0598291559962032,NORMAL
09:48:10,,,step_21,금속_평탄화,IDLE,0.1741552366840944,4.471199415688081,9.875297778954804,0.0598291559962032,NORMAL
09:48:15,,,step_21,금속_평탄화,IDLE,0.1741552366840944,4.471199415688081,9.875297778954804,0.0598291559962032,NORMAL
09:48:20,,,step_21,금속_평탄화,IDLE,0.1741552366840944,4.471199415688081,9.875297778954804,0.0598291559962032,NORMAL
09:48:25,,,step_21,금속_평탄화,IDLE,0.1741552366840944,4.471199415688081,9.875297778954804,0.0598291559962032,NORMAL
09:48:30,,,step_21,금속_평탄화,IDLE,0.1741552366840944,4.471199415688081,9.875297778954804,0.0598291559962032,NORMAL
09:48:35,,,step_21,금속_평탄화,IDLE,0.1741552366840944,4.471199415688081,9.875297778954804,0.0598291559962032,NORMAL
09:48:40,,,step_21,금속_평탄화,IDLE,0.1741552366840944,4.471199415688081,9.875297778954804,0.0598291559962032,NORMAL
09:48:45,,,step_21,금속_평탄화,IDLE,0.1741552366840944,4.471199415688081,9.875297778954804,0.0598291559962032,NORMAL
09:48:50,,,step_21,금속_평탄화,IDLE,0.1741552366840944,4.471199415688081,9.875297778954804,0.0598291559962032,NORMAL
09:48:55,,,step_21,금속_평탄화,IDLE,0.1741552366840944,4.471199415688081,9.875297778954804,0.0598291559962032,NORMAL
09:49:00,,,step_21,금속_평탄화,IDLE,0.1741552366840944,4.471199415688081,9.875297778954804,0.0598291559962032,NORMAL
09:49:05,,,step_21,금속_평탄화,IDLE,0.1741552366840944,4.471199415688081,9.875297778954804,0.0598291559962032,NORMAL
09:49:10,,,step_21,금속_평탄화,IDLE,0.1741552366840944,4.471199415688081,9.875297778954804,0.0598291559962032,NORMAL
09:49:15,,,step_21,금속_평탄화,IDLE,0.1741552366840944,4.471199415688081,9.875297778954804,0.0598291559962032,NORMAL
09:49:20,,,step_21,금속_평탄화,IDLE,0.1741552366840944,4.471199415688081,9.875297778954804,0.0598291559962032,NORMAL
09:49:25,,,step_21,금속_평탄화,IDLE,0.1741552366840944,4.471199415688081,9.875297778954804,0.0598291559962032,NORMAL
09:49:30,,,step_21,금속_평탄화,IDLE,0.1741552366840944,4.471199415688081,9.875297778954804,0.0598291559962032,NORMAL
09:49:35,,,step_21,금속_평탄화,IDLE,0.1741552366840944,4.471199415688081,9.875297778954804,0.0598291559962032,NORMAL
09:49:40,,,step_21,금속_평탄화,IDLE,0.1741552366840944,4.471199415688081,9.875297778954804,0.0598291559962032,NORMAL
09:49:45,,,step_21,금속_평탄화,IDLE,0.1741552366840944,4.471199415688081,9.875297778954804,0.0598291559962032,NORMAL
09:49:50,,,step_21,금속_평탄화,IDLE,0.1741552366840944,4.471199415688081,9.875297778954804,0.0598291559962032,NORMAL
09:49:55,,,step_21,금속_평탄화,IDLE,0.1741552366840944,4.471199415688081,9.875297778954804,0.0598291559962032,NORMAL
09:50:00,LOT-20260812-A01,W01,step_21,금속_평탄화,IDLE,0.1741552366840944,4.471199415688081,9.875297778954804,0.0598291559962032,NORMAL
09:50:05,LOT-20260812-A01,W02,step_21,금속_평탄화,IDLE,0.1696408151430705,4.484532541399921,9.9880448310341,0.0594333244100633,NORMAL
09:50:10,LOT-20260812-A01,W03,step_21,금속_평탄화,IDLE,0.1783403441247664,4.381448105172667,9.94245010895289,0.0615673691047373,NORMAL
09:50:15,LOT-20260812-A01,W04,step_21,금속_평탄화,IDLE,0.1753559082289773,4.445136353493751,9.823531276430176,0.0600368358088678,NORMAL
09:50:20,LOT-20260812-A01,W05,step_21,금속_평탄화,IDLE,0.1752229787757714,4.5460913145753645,10.13036562823105,0.0615111450719443,NORMAL
09:50:25,LOT-20260812-A01,W06,step_21,금속_평탄화,IDLE,0.1711464750700074,4.586559845081968,10.087652883741304,0.0600056272052444,NORMAL
09:50:30,LOT-20260812-A01,W07,step_21,금속_평탄화,IDLE,0.1713385768350959,4.452830965735211,9.79982363918318,0.0604602558893177,NORMAL
09:50:35,LOT-20260812-A01,W08,step_21,금속_평탄화,IDLE,0.1747701276058174,4.509142432748797,9.986008812427464,0.059422778491073,NORMAL
09:50:40,LOT-20260812-A01,W09,step_21,금속_평탄화,IDLE,0.1758404283307791,4.554919116469866,9.915030452622682,0.0594339063247022,NORMAL
09:50:45,LOT-20260812-A01,W10,step_21,금속_평탄화,IDLE,0.1767552853479419,4.473989248705262,9.759761122821256,0.0604093475302488,NORMAL
09:50:50,LOT-20260812-A01,W11,step_21,금속_평탄화,IDLE,0.1755935941432956,4.53381240886173,9.787777081378602,0.0604276974576335,NORMAL
09:50:55,LOT-20260812-A01,W12,step_21,금속_평탄화,IDLE,0.1720351444920796,4.498310515220992,9.81010602642995,0.0605979870665918,NORMAL
09:51:00,LOT-20260812-A01,W13,step_21,금속_평탄화,IDLE,0.1696408151430705,4.559520099421268,9.99123553698358,0.0603766782869545,NORMAL
09:51:05,LOT-20260812-A01,W14,step_21,금속_평탄화,IDLE,0.1747494441265545,4.435877463016569,9.931307049969496,0.0586635790729959,NORMAL
09:51:10,LOT-20260812-A01,W15,step_21,금속_평탄화,IDLE,0.1736650633234772,4.444771168561617,9.856121805685612,0.0591936313232875,NORMAL
09:51:15,LOT-20260812-A01,W16,step_21,금속_평탄화,IDLE,0.1718435706897193,4.513976958447141,9.941217545556857,0.0608499428861486,NORMAL
09:51:20,LOT-20260812-A01,W17,step_21,금속_평탄화,IDLE,0.177070145560264,4.504810304995022,10.112130245776822,0.0585640828069452,NORMAL
09:51:25,LOT-20260812-A01,W18,step_21,금속_평탄화,IDLE,0.17106105812705,4.497183805175333,10.053504414590808,0.0602926072415056,NORMAL
09:51:30,LOT-20260812-A01,W19,step_21,금속_평탄화,IDLE,0.1765424220986414,4.528791708010224,10.150280321143285,0.0598881199009308,NORMAL
09:51:35,LOT-20260812-A01,W20,step_21,금속_평탄화,IDLE,0.1714746550624563,4.453467521772113,9.965753070292113,0.0608495818674723,NORMAL
09:51:40,LOT-20260812-A01,W21,step_21,금속_평탄화,RAMP,0.1763408868558333,4.226112877675714,10.961534314408986,0.061666484744283,NORMAL
09:51:45,LOT-20260812-A01,W22,step_21,금속_평탄화,RAMP,0.3593397432201862,8.899978378394255,20.208847930219097,0.1173440788811661,NORMAL
09:51:50,LOT-20260812-A01,W23,step_21,금속_평탄화,RAMP,0.5216206668439772,13.42234428826038,29.70664954599517,0.1771625998467933,NORMAL
09:51:55,LOT-20260812-A01,W24,step_21,금속_평탄화,RAMP,0.7168991983450683,17.943250563788418,40.05577108581422,0.2379088661080123,NORMAL
09:52:00,LOT-20260812-A01,W25,step_21,금속_평탄화,RAMP,0.8941788632559351,22.75380914227077,49.25115442844611,0.3023202521894825,NORMAL
09:52:05,LOT-20260812-A01,W01,step_21,금속_평탄화,RAMP,1.0523717500001966,27.15408344935984,59.81628891825134,0.350791145281779,NORMAL
09:52:10,LOT-20260812-A01,W02,step_21,금속_평탄화,RAMP,1.2304138537059028,31.606647973831087,70.25798453813597,0.4206295177774282,NORMAL
09:52:15,LOT-20260812-A01,W03,step_21,금속_평탄화,RAMP,1.4106070886631654,36.04439991892586,80.36700170485915,0.4764678616510905,NORMAL
09:52:20,LOT-20260812-A01,W04,step_21,금속_평탄화,RAMP,1.580444263724855,40.41316230885689,89.75390266630129,0.540763341191229,NORMAL
09:52:25,LOT-20260812-A01,W05,step_21,금속_평탄화,RAMP,1.7543724321759857,44.82921096864331,101.64033425651358,0.6013779911460135,NORMAL
09:52:30,LOT-20260812-B02,W01,step_21,금속_평탄화,RAMP,1.9197593059722395,49.26056851586159,109.89667535410685,0.6533506936682851,NORMAL
09:52:35,LOT-20260812-B02,W02,step_21,금속_평탄화,RAMP,2.083126438248223,53.86109862990587,118.99296357471412,0.7190925342919975,NORMAL
09:52:40,LOT-20260812-B02,W03,step_21,금속_평탄화,RAMP,2.261099045867505,58.491415602327805,130.7279603152051,0.780622281427201,NORMAL
09:52:45,LOT-20260812-B02,W04,step_21,금속_평탄화,RAMP,2.473823673587616,62.76900315996347,140.3642763823098,0.8403518003811007,NORMAL
09:52:50,LOT-20260812-B02,W05,step_21,금속_평탄화,RAMP,2.62822458957805,67.53390395154732,150.13901329257314,0.899511196187536,NORMAL
09:52:55,LOT-20260812-B02,W06,step_21,금속_평탄화,RAMP,2.797543165186087,71.96111237455287,159.72104746534492,0.955116449920744,NORMAL
09:53:00,LOT-20260812-B02,W07,step_21,금속_평탄화,RAMP,2.987633272591179,76.42054031769136,170.23600790961586,1.0157254878774138,NORMAL
09:53:05,LOT-20260812-B02,W08,step_21,금속_평탄화,RAMP,3.1425054202713816,81.23230658024232,180.97140974759856,1.0744878107089846,NORMAL
09:53:10,LOT-20260812-B02,W09,step_21,금속_평탄화,RAMP,3.330831082674132,85.00787627555546,190.1209797624041,1.1422161822833592,NORMAL
09:53:15,LOT-20260812-B02,W10,step_21,금속_평탄화,RAMP,3.5007719203356005,89.92325409094302,199.11797984791343,1.1995377166327736,NORMAL
09:53:20,LOT-20260812-B02,W11,step_21,금속_평탄화,ACTIVE,3.506900412516554,89.29426876631116,196.891981325131,1.1996894805642435,NORMAL
09:53:25,LOT-20260812-B02,W12,step_21,금속_평탄화,ACTIVE,3.494953851960592,90.07156880187883,200.34610360457452,1.1897670393369306,NORMAL
09:53:30,LOT-20260812-B02,W13,step_21,금속_평탄화,ACTIVE,3.4855295853906445,90.22865447495968,199.1126778128659,1.1997983832164327,NORMAL
09:53:35,LOT-20260812-B02,W14,step_21,금속_평탄화,ACTIVE,3.487656933902905,89.59466813873586,199.91025855434376,1.203801822431896,NORMAL
09:53:40,LOT-20260812-B02,W15,step_21,금속_평탄화,ACTIVE,3.488241736966096,89.63308272483258,199.27183013928797,1.1889489625525542,NORMAL
09:53:45,LOT-20260812-B02,W16,step_21,금속_평탄화,ACTIVE,3.499955445315168,89.49051005048686,199.20718191422307,1.1967875624475302,NORMAL
09:53:50,LOT-20260812-B02,W17,step_21,금속_평탄화,ACTIVE,3.476657972292891,90.01909259781395,199.3112532800424,1.190577905210731,NORMAL
09:53:55,LOT-20260812-B02,W18,step_21,금속_평탄화,ACTIVE,3.4812885707746686,89.8977635171388,199.3926121760751,1.1974783075516209,NORMAL
09:54:00,LOT-20260812-B02,W19,step_21,금속_평탄화,ACTIVE,3.502032864462938,89.91640358088252,200.69861238963452,1.1945940486145743,NORMAL
09:54:05,LOT-20260812-B02,W20,step_21,금속_평탄화,ACTIVE,3.498084874333791,89.88960850815424,200.51627941382293,1.2022854530018496,NORMAL
09:54:10,LOT-20260812-B02,W21,step_21,금속_평탄화,ACTIVE,3.5028534730138503,89.70792028068962,198.91281005946996,1.2010154373805584,NORMAL
09:54:15,LOT-20260812-B02,W22,step_21,금속_평탄화,ACTIVE,3.4993243469850035,90.3395622071688,199.0354387462697,1.2077490264338042,NORMAL
09:54:20,LOT-20260812-B02,W23,step_21,금속_평탄화,ACTIVE,3.537784253103323,90.08170220403947,200.34120971402243,1.199675532904197,NORMAL
09:54:25,LOT-20260812-B02,W24,step_21,금속_평탄화,ACTIVE,3.501901076509863,89.64460093896672,200.947252128892,1.2020309268126257,NORMAL
09:54:30,LOT-20260812-B02,W25,step_21,금속_평탄화,ACTIVE,3.4943138052576908,89.78983595525025,200.9334272239227,1.196653755110109,NORMAL
09:54:35,LOT-20260812-B02,W01,step_21,금속_평탄화,ACTIVE,3.501516976780423,89.73837936765976,199.09738204329776,1.1933816120926284,NORMAL
09:54:40,LOT-20260812-B02,W02,step_21,금속_평탄화,ACTIVE,3.515299325637655,90.42177837104192,200.8903802887102,1.2050085746081405,NORMAL
09:54:45,LOT-20260812-B02,W03,step_21,금속_평탄화,ACTIVE,3.499255574159338,90.21336578180484,198.40135732911304,1.2074595303212825,NORMAL
09:54:50,LOT-20260812-B02,W04,step_21,금속_평탄화,ACTIVE,3.510270925379544,89.96205316292324,199.81740402469097,1.2042339341954296,NORMAL
09:54:55,LOT-20260812-B02,W05,step_21,금속_평탄화,ACTIVE,3.505940689466033,90.51216635548616,200.4383237983478,1.2007873687387771,NORMAL
09:55:00,LOT-20260812-B02,W06,step_21,금속_평탄화,ACTIVE,3.4956437663473605,90.43561307855975,198.1290754882625,1.1941554386730884,NORMAL
09:55:05,LOT-20260812-B02,W07,step_21,금속_평탄화,ACTIVE,3.5016631369832294,89.93078673175746,201.8835712316769,1.2068497690405615,NORMAL
09:55:10,LOT-20260812-B02,W08,step_21,금속_평탄화,ACTIVE,3.523983831712881,89.87683040336286,201.19402566467892,1.203477055893822,NORMAL
09:55:15,LOT-20260812-B02,W09,step_21,금속_평탄화,ACTIVE,3.5036461744255694,89.8912908132308,200.5823035751245,1.2121492716559763,NORMAL
09:55:20,LOT-20260812-B02,W10,step_21,금속_평탄화,ACTIVE,3.485209684637434,89.71417602120933,199.1314746131916,1.1930734562985603,NORMAL
09:55:25,LOT-20260812-B02,W11,step_21,금속_평탄화,ACTIVE,3.4952073435930067,90.52019233454016,199.93870673788055,1.2051753990074845,NORMAL
09:55:30,LOT-20260812-C03,W01,step_21,금속_평탄화,ACTIVE,3.468286291254008,89.69807624908233,200.71137815278672,1.2032946390292487,NORMAL
09:55:35,LOT-20260812-C03,W02,step_21,금속_평탄화,ACTIVE,3.502060980601293,90.26049129462824,198.98960458970015,1.1979478367985117,NORMAL
09:55:40,LOT-20260812-C03,W03,step_21,금속_평탄화,ACTIVE,3.5196809351567424,90.20716293927264,199.83757319188575,1.2081830092812187,NORMAL
09:55:45,LOT-20260812-C03,W04,step_21,금속_평탄화,ACTIVE,3.479878913477992,89.90854020653293,200.8193454648299,1.2024140708905473,NORMAL
09:55:50,LOT-20260812-C03,W05,step_21,금속_평탄화,ACTIVE,3.5022459910176207,90.54301353109932,198.6548644984043,1.19437864182923,NORMAL
09:55:55,LOT-20260812-C03,W06,step_21,금속_평탄화,ACTIVE,3.5147814770880395,89.53227110367554,200.2991822399184,1.1992899659023537,NORMAL
09:56:00,LOT-20260812-C03,W07,step_21,금속_평탄화,ACTIVE,3.516367079497947,89.97609260970633,198.4207073333409,1.1943068471573812,NORMAL
09:56:05,LOT-20260812-C03,W08,step_21,금속_평탄화,ACTIVE,3.5191970175841374,89.85328795051785,199.1505379199792,1.1971889057076868,NORMAL
09:56:10,LOT-20260812-C03,W09,step_21,금속_평탄화,ACTIVE,3.4719761925298176,90.28817794508126,199.5458666548915,1.2042229569212384,NORMAL
09:56:15,LOT-20260812-C03,W10,step_21,금속_평탄화,ACTIVE,3.507573964319177,90.10606975931256,200.4622000514469,1.205935644271405,NORMAL
09:56:20,LOT-20260812-C03,W11,step_21,금속_평탄화,ACTIVE,3.477416522223581,89.48181144640006,199.3692898077444,1.201327274002736,NORMAL
09:56:25,LOT-20260812-C03,W12,step_21,금속_평탄화,ACTIVE,3.485025017951413,90.37184383312392,200.11299355219623,1.1954995507404629,NORMAL
09:56:30,LOT-20260812-C03,W13,step_21,금속_평탄화,ACTIVE,3.512316833894128,90.14563851687736,199.3814946759726,1.202289650522372,NORMAL
09:56:35,LOT-20260812-C03,W14,step_21,금속_평탄화,ACTIVE,3.502370706827774,89.68935244141112,199.5224449050964,1.2043403978277458,NORMAL
09:56:40,LOT-20260812-C03,W15,step_21,금속_평탄화,ACTIVE,3.5108950411135904,89.89509626856409,201.12559535700757,1.1881673295285615,NORMAL
09:56:45,LOT-20260812-C03,W16,step_21,금속_평탄화,ACTIVE,3.4860632509279745,89.61003452550838,198.964794639582,1.2006988726501855,NORMAL
09:56:50,LOT-20260812-C03,W17,step_21,금속_평탄화,ACTIVE,3.522104046652444,89.94874859231506,200.68323857655247,1.198858861209604,NORMAL
09:56:55,LOT-20260812-C03,W18,step_21,금속_평탄화,ACTIVE,3.510325009007616,90.04503539020794,199.9990425030725,1.2057222675324577,NORMAL
09:57:00,LOT-20260812-C03,W19,step_21,금속_평탄화,ACTIVE,3.513339471789402,89.89960585240982,199.4820016799828,1.202314134989169,NORMAL
09:57:05,LOT-20260812-C03,W20,step_21,금속_평탄화,ACTIVE,3.483797498358273,89.86486065003814,198.90422945083088,1.2029061102088368,NORMAL
09:57:10,LOT-20260812-C03,W21,step_21,금속_평탄화,ACTIVE,3.517571018603189,89.51617788928465,198.9683873236108,1.1971085342017145,NORMAL
09:57:15,LOT-20260812-C03,W22,step_21,금속_평탄화,ACTIVE,3.495257576350394,90.10117243845096,199.33521947771783,1.2000099103027946,NORMAL
09:57:20,LOT-20260812-C03,W23,step_21,금속_평탄화,ACTIVE,3.490831605947819,89.42266362094111,199.86495103350097,1.2056621098188234,NORMAL
09:57:25,LOT-20260812-C03,W24,step_21,금속_평탄화,ACTIVE,3.509381953100685,90.00932385547118,200.5431586725408,1.1996107216021783,NORMAL
09:57:30,LOT-20260812-C03,W25,step_21,금속_평탄화,ACTIVE,3.508748176621819,89.46025325279027,199.72978466606983,1.2010480173343894,NORMAL
09:57:35,LOT-20260812-C03,W01,step_21,금속_평탄화,ACTIVE,3.48729771728364,90.01515146714588,199.790020233306,1.1907842562093476,NORMAL
09:57:40,LOT-20260812-C03,W02,step_21,금속_평탄화,ACTIVE,3.530844515152888,89.99816429862368,199.92440879900997,1.1995887597820367,NORMAL
09:57:45,LOT-20260812-C03,W03,step_21,금속_평탄화,ACTIVE,3.5272152586458465,90.12100349030356,200.42909992229485,1.1879280001913632,NORMAL
09:57:50,LOT-20260812-C03,W04,step_21,금속_평탄화,ACTIVE,3.5090755271121767,90.25868571504049,200.58032253727688,1.1969031307838505,NORMAL
09:57:55,LOT-20260812-C03,W05,step_21,금속_평탄화,ACTIVE,3.5064560513409755,90.31427652667529,198.75173107198532,1.2003810933463614,NORMAL
09:58:00,LOT-20260812-C03,W06,step_21,금속_평탄화,ACTIVE,3.504946793393904,89.51698722018722,199.74613276123105,1.2046021847669073,NORMAL
09:58:05,LOT-20260812-C03,W07,step_21,금속_평탄화,ACTIVE,3.47675005060972,89.98253818406008,201.10466361561316,1.194005040339288,NORMAL
09:58:10,LOT-20260812-C03,W08,step_21,금속_평탄화,ACTIVE,3.501692110818822,90.60328226536802,198.81549204165205,1.2022421048608205,NORMAL
09:58:15,LOT-20260812-C03,W09,step_21,금속_평탄화,ACTIVE,3.5014931237284364,90.03573017054931,200.06688160140408,1.2088109604261728,NORMAL
09:58:20,,,step_21,금속_평탄화,IDLE,3.5014931237284364,90.03573017054931,200.06688160140408,1.2088109604261728,NORMAL
09:58:25,,,step_21,금속_평탄화,IDLE,3.5014931237284364,90.03573017054931,200.06688160140408,1.2088109604261728,NORMAL
09:58:30,,,step_21,금속_평탄화,IDLE,3.5014931237284364,90.03573017054931,200.06688160140408,1.2088109604261728,NORMAL
09:58:35,,,step_21,금속_평탄화,IDLE,3.5014931237284364,90.03573017054931,200.06688160140408,1.2088109604261728,NORMAL
09:58:40,,,step_21,금속_평탄화,IDLE,3.5014931237284364,90.03573017054931,200.06688160140408,1.2088109604261728,NORMAL
09:58:45,,,step_21,금속_평탄화,IDLE,3.5014931237284364,90.03573017054931,200.06688160140408,1.2088109604261728,NORMAL
09:58:50,,,step_21,금속_평탄화,IDLE,3.5014931237284364,90.03573017054931,200.06688160140408,1.2088109604261728,NORMAL
09:58:55,,,step_21,금속_평탄화,IDLE,3.5014931237284364,90.03573017054931,200.06688160140408,1.2088109604261728,NORMAL
09:59:00,,,step_21,금속_평탄화,IDLE,3.5014931237284364,90.03573017054931,200.06688160140408,1.2088109604261728,NORMAL
09:59:05,,,step_21,금속_평탄화,IDLE,3.5014931237284364,90.03573017054931,200.06688160140408,1.2088109604261728,NORMAL
09:59:10,,,step_21,금속_평탄화,IDLE,3.5014931237284364,90.03573017054931,200.06688160140408,1.2088109604261728,NORMAL
09:59:15,,,step_21,금속_평탄화,IDLE,3.5014931237284364,90.03573017054931,200.06688160140408,1.2088109604261728,NORMAL
09:59:20,,,step_21,금속_평탄화,IDLE,3.5014931237284364,90.03573017054931,200.06688160140408,1.2088109604261728,NORMAL
09:59:25,,,step_21,금속_평탄화,IDLE,3.5014931237284364,90.03573017054931,200.06688160140408,1.2088109604261728,NORMAL
09:59:30,,,step_21,금속_평탄화,IDLE,3.5014931237284364,90.03573017054931,200.06688160140408,1.2088109604261728,NORMAL
09:59:35,,,step_21,금속_평탄화,IDLE,3.5014931237284364,90.03573017054931,200.06688160140408,1.2088109604261728,NORMAL
09:59:40,,,step_21,금속_평탄화,IDLE,3.5014931237284364,90.03573017054931,200.06688160140408,1.2088109604261728,NORMAL
09:59:45,,,step_21,금속_평탄화,IDLE,3.5014931237284364,90.03573017054931,200.06688160140408,1.2088109604261728,NORMAL
09:59:50,,,step_21,금속_평탄화,IDLE,3.5014931237284364,90.03573017054931,200.06688160140408,1.2088109604261728,NORMAL
09:59:55,,,step_21,금속_평탄화,IDLE,3.5014931237284364,90.03573017054931,200.06688160140408,1.2088109604261728,NORMAL
10:00:00,,,step_21,금속_평탄화,IDLE,3.5014931237284364,90.03573017054931,200.06688160140408,1.2088109604261728,NORMAL
10:00:05,,,step_21,금속_평탄화,IDLE,3.5014931237284364,90.03573017054931,200.06688160140408,1.2088109604261728,NORMAL
10:00:10,,,step_21,금속_평탄화,IDLE,3.5014931237284364,90.03573017054931,200.06688160140408,1.2088109604261728,NORMAL
10:00:15,,,step_21,금속_평탄화,IDLE,3.5014931237284364,90.03573017054931,200.06688160140408,1.2088109604261728,NORMAL
10:00:20,,,step_21,금속_평탄화,IDLE,3.5014931237284364,90.03573017054931,200.06688160140408,1.2088109604261728,NORMAL
10:00:25,,,step_21,금속_평탄화,IDLE,3.5014931237284364,90.03573017054931,200.06688160140408,1.2088109604261728,NORMAL
10:00:30,,,step_21,금속_평탄화,IDLE,3.5014931237284364,90.03573017054931,200.06688160140408,1.2088109604261728,NORMAL
10:00:35,,,step_21,금속_평탄화,IDLE,3.5014931237284364,90.03573017054931,200.06688160140408,1.2088109604261728,NORMAL
10:00:40,,,step_21,금속_평탄화,IDLE,3.5014931237284364,90.03573017054931,200.06688160140408,1.2088109604261728,NORMAL
10:00:45,,,step_21,금속_평탄화,IDLE,3.5014931237284364,90.03573017054931,200.06688160140408,1.2088109604261728,NORMAL
10:00:50,,,step_21,금속_평탄화,IDLE,3.5014931237284364,90.03573017054931,200.06688160140408,1.2088109604261728,NORMAL
10:00:55,,,step_21,금속_평탄화,IDLE,3.5014931237284364,90.03573017054931,200.06688160140408,1.2088109604261728,NORMAL
10:01:00,,,step_21,금속_평탄화,IDLE,3.5014931237284364,90.03573017054931,200.06688160140408,1.2088109604261728,NORMAL
10:01:05,,,step_21,금속_평탄화,IDLE,3.5014931237284364,90.03573017054931,200.06688160140408,1.2088109604261728,NORMAL
10:01:10,,,step_21,금속_평탄화,IDLE,3.5014931237284364,90.03573017054931,200.06688160140408,1.2088109604261728,NORMAL
10:01:15,,,step_21,금속_평탄화,IDLE,3.5014931237284364,90.03573017054931,200.06688160140408,1.2088109604261728,NORMAL
10:01:20,,,step_21,금속_평탄화,IDLE,3.5014931237284364,90.03573017054931,200.06688160140408,1.2088109604261728,NORMAL
10:01:25,,,step_21,금속_평탄화,IDLE,3.5014931237284364,90.03573017054931,200.06688160140408,1.2088109604261728,NORMAL
10:01:30,,,step_21,금속_평탄화,IDLE,3.5014931237284364,90.03573017054931,200.06688160140408,1.2088109604261728,NORMAL
10:01:35,,,step_21,금속_평탄화,IDLE,3.5014931237284364,90.03573017054931,200.06688160140408,1.2088109604261728,NORMAL
10:01:40,,,step_21,금속_평탄화,IDLE,3.5014931237284364,90.03573017054931,200.06688160140408,1.2088109604261728,NORMAL
10:01:45,,,step_21,금속_평탄화,IDLE,3.5014931237284364,90.03573017054931,200.06688160140408,1.2088109604261728,NORMAL
10:01:50,,,step_21,금속_평탄화,IDLE,3.5014931237284364,90.03573017054931,200.06688160140408,1.2088109604261728,NORMAL
10:01:55,,,step_21,금속_평탄화,IDLE,3.5014931237284364,90.03573017054931,200.06688160140408,1.2088109604261728,NORMAL
10:02:00,,,step_21,금속_평탄화,IDLE,3.5014931237284364,90.03573017054931,200.06688160140408,1.2088109604261728,NORMAL
10:02:05,,,step_21,금속_평탄화,IDLE,3.5014931237284364,90.03573017054931,200.06688160140408,1.2088109604261728,NORMAL
10:02:10,,,step_21,금속_평탄화,IDLE,3.5014931237284364,90.03573017054931,200.06688160140408,1.2088109604261728,NORMAL
10:02:15,,,step_21,금속_평탄화,IDLE,3.5014931237284364,90.03573017054931,200.06688160140408,1.2088109604261728,NORMAL
10:02:20,,,step_21,금속_평탄화,IDLE,3.5014931237284364,90.03573017054931,200.06688160140408,1.2088109604261728,NORMAL
10:02:25,,,step_21,금속_평탄화,IDLE,3.5014931237284364,90.03573017054931,200.06688160140408,1.2088109604261728,NORMAL
10:02:30,,,step_21,금속_평탄화,IDLE,3.5014931237284364,90.03573017054931,200.06688160140408,1.2088109604261728,NORMAL
10:02:35,,,step_21,금속_평탄화,IDLE,3.5014931237284364,90.03573017054931,200.06688160140408,1.2088109604261728,NORMAL
10:02:40,,,step_21,금속_평탄화,IDLE,3.5014931237284364,90.03573017054931,200.06688160140408,1.2088109604261728,NORMAL
10:02:45,,,step_21,금속_평탄화,IDLE,3.5014931237284364,90.03573017054931,200.06688160140408,1.2088109604261728,NORMAL
10:02:50,,,step_21,금속_평탄화,IDLE,3.5014931237284364,90.03573017054931,200.06688160140408,1.2088109604261728,NORMAL
10:02:55,,,step_21,금속_평탄화,IDLE,3.5014931237284364,90.03573017054931,200.06688160140408,1.2088109604261728,NORMAL
10:03:00,,,step_21,금속_평탄화,IDLE,3.5014931237284364,90.03573017054931,200.06688160140408,1.2088109604261728,NORMAL
10:03:05,,,step_21,금속_평탄화,IDLE,3.5014931237284364,90.03573017054931,200.06688160140408,1.2088109604261728,NORMAL
10:03:10,,,step_21,금속_평탄화,IDLE,3.5014931237284364,90.03573017054931,200.06688160140408,1.2088109604261728,NORMAL
10:03:15,,,step_21,금속_평탄화,IDLE,3.5014931237284364,90.03573017054931,200.06688160140408,1.2088109604261728,NORMAL
10:03:20,,,step_21,금속_평탄화,IDLE,3.5014931237284364,90.03573017054931,200.06688160140408,1.2088109604261728,NORMAL
10:03:25,,,step_21,금속_평탄화,IDLE,3.5014931237284364,90.03573017054931,200.06688160140408,1.2088109604261728,NORMAL
10:03:30,,,step_21,금속_평탄화,IDLE,3.5014931237284364,90.03573017054931,200.06688160140408,1.2088109604261728,NORMAL
10:03:35,,,step_21,금속_평탄화,IDLE,3.5014931237284364,90.03573017054931,200.06688160140408,1.2088109604261728,NORMAL
10:03:40,,,step_21,금속_평탄화,IDLE,3.5014931237284364,90.03573017054931,200.06688160140408,1.2088109604261728,NORMAL
10:03:45,,,step_21,금속_평탄화,IDLE,3.5014931237284364,90.03573017054931,200.06688160140408,1.2088109604261728,NORMAL
10:03:50,,,step_21,금속_평탄화,IDLE,3.5014931237284364,90.03573017054931,200.06688160140408,1.2088109604261728,NORMAL
10:03:55,,,step_21,금속_평탄화,IDLE,3.5014931237284364,90.03573017054931,200.06688160140408,1.2088109604261728,NORMAL
10:04:00,,,step_21,금속_평탄화,IDLE,3.5014931237284364,90.03573017054931,200.06688160140408,1.2088109604261728,NORMAL
10:04:05,,,step_21,금속_평탄화,IDLE,3.5014931237284364,90.03573017054931,200.06688160140408,1.2088109604261728,NORMAL
10:04:10,,,step_21,금속_평탄화,IDLE,3.5014931237284364,90.03573017054931,200.06688160140408,1.2088109604261728,NORMAL
10:04:15,,,step_21,금속_평탄화,IDLE,3.5014931237284364,90.03573017054931,200.06688160140408,1.2088109604261728,NORMAL
10:04:20,,,step_21,금속_평탄화,IDLE,3.5014931237284364,90.03573017054931,200.06688160140408,1.2088109604261728,NORMAL
10:04:25,,,step_21,금속_평탄화,IDLE,3.5014931237284364,90.03573017054931,200.06688160140408,1.2088109604261728,NORMAL
10:04:30,,,step_21,금속_평탄화,IDLE,3.5014931237284364,90.03573017054931,200.06688160140408,1.2088109604261728,NORMAL
10:04:35,,,step_21,금속_평탄화,IDLE,3.5014931237284364,90.03573017054931,200.06688160140408,1.2088109604261728,NORMAL
10:04:40,,,step_21,금속_평탄화,IDLE,3.5014931237284364,90.03573017054931,200.06688160140408,1.2088109604261728,NORMAL
10:04:45,,,step_21,금속_평탄화,IDLE,3.5014931237284364,90.03573017054931,200.06688160140408,1.2088109604261728,NORMAL
10:04:50,,,step_21,금속_평탄화,IDLE,3.5014931237284364,90.03573017054931,200.06688160140408,1.2088109604261728,NORMAL
10:04:55,,,step_21,금속_평탄화,IDLE,3.5014931237284364,90.03573017054931,200.06688160140408,1.2088109604261728,NORMAL
10:05:00,,,step_21,금속_평탄화,IDLE,3.5014931237284364,90.03573017054931,200.06688160140408,1.2088109604261728,NORMAL
10:05:05,,,step_21,금속_평탄화,IDLE,3.5014931237284364,90.03573017054931,200.06688160140408,1.2088109604261728,NORMAL
10:05:10,,,step_21,금속_평탄화,IDLE,3.5014931237284364,90.03573017054931,200.06688160140408,1.2088109604261728,NORMAL
10:05:15,,,step_21,금속_평탄화,IDLE,3.5014931237284364,90.03573017054931,200.06688160140408,1.2088109604261728,NORMAL
10:05:20,,,step_21,금속_평탄화,IDLE,3.5014931237284364,90.03573017054931,200.06688160140408,1.2088109604261728,NORMAL
10:05:25,,,step_21,금속_평탄화,IDLE,3.5014931237284364,90.03573017054931,200.06688160140408,1.2088109604261728,NORMAL
10:05:30,,,step_21,금속_평탄화,IDLE,3.5014931237284364,90.03573017054931,200.06688160140408,1.2088109604261728,NORMAL
10:05:35,,,step_21,금속_평탄화,IDLE,3.5014931237284364,90.03573017054931,200.06688160140408,1.2088109604261728,NORMAL
10:05:40,,,step_21,금속_평탄화,IDLE,3.5014931237284364,90.03573017054931,200.06688160140408,1.2088109604261728,NORMAL
10:05:45,,,step_21,금속_평탄화,IDLE,3.5014931237284364,90.03573017054931,200.06688160140408,1.2088109604261728,NORMAL
10:05:50,,,step_21,금속_평탄화,IDLE,3.5014931237284364,90.03573017054931,200.06688160140408,1.2088109604261728,NORMAL
10:05:55,,,step_21,금속_평탄화,IDLE,3.5014931237284364,90.03573017054931,200.06688160140408,1.2088109604261728,NORMAL
10:06:00,,,step_21,금속_평탄화,IDLE,3.5014931237284364,90.03573017054931,200.06688160140408,1.2088109604261728,NORMAL
10:06:05,,,step_21,금속_평탄화,IDLE,3.5014931237284364,90.03573017054931,200.06688160140408,1.2088109604261728,NORMAL
10:06:10,,,step_21,금속_평탄화,IDLE,3.5014931237284364,90.03573017054931,200.06688160140408,1.2088109604261728,NORMAL
10:06:15,,,step_21,금속_평탄화,IDLE,3.5014931237284364,90.03573017054931,200.06688160140408,1.2088109604261728,NORMAL
10:06:20,,,step_21,금속_평탄화,IDLE,3.5014931237284364,90.03573017054931,200.06688160140408,1.2088109604261728,NORMAL
10:06:25,,,step_21,금속_평탄화,IDLE,3.5014931237284364,90.03573017054931,200.06688160140408,1.2088109604261728,NORMAL
10:06:30,,,step_21,금속_평탄화,IDLE,3.5014931237284364,90.03573017054931,200.06688160140408,1.2088109604261728,NORMAL
10:06:35,,,step_21,금속_평탄화,IDLE,3.5014931237284364,90.03573017054931,200.06688160140408,1.2088109604261728,NORMAL
10:06:40,,,step_21,금속_평탄화,IDLE,3.5014931237284364,90.03573017054931,200.06688160140408,1.2088109604261728,NORMAL
10:06:45,,,step_21,금속_평탄화,IDLE,3.5014931237284364,90.03573017054931,200.06688160140408,1.2088109604261728,NORMAL
10:06:50,,,step_21,금속_평탄화,IDLE,3.5014931237284364,90.03573017054931,200.06688160140408,1.2088109604261728,NORMAL
10:06:55,,,step_21,금속_평탄화,IDLE,3.5014931237284364,90.03573017054931,200.06688160140408,1.2088109604261728,NORMAL
10:07:00,,,step_21,금속_평탄화,IDLE,3.5014931237284364,90.03573017054931,200.06688160140408,1.2088109604261728,NORMAL
10:07:05,,,step_21,금속_평탄화,IDLE,3.5014931237284364,90.03573017054931,200.06688160140408,1.2088109604261728,NORMAL
10:07:10,,,step_21,금속_평탄화,IDLE,3.5014931237284364,90.03573017054931,200.06688160140408,1.2088109604261728,NORMAL
10:07:15,,,step_21,금속_평탄화,IDLE,3.5014931237284364,90.03573017054931,200.06688160140408,1.2088109604261728,NORMAL
10:07:20,,,step_21,금속_평탄화,IDLE,3.5014931237284364,90.03573017054931,200.06688160140408,1.2088109604261728,NORMAL
10:07:25,,,step_21,금속_평탄화,IDLE,3.5014931237284364,90.03573017054931,200.06688160140408,1.2088109604261728,NORMAL
10:07:30,,,step_21,금속_평탄화,IDLE,3.5014931237284364,90.03573017054931,200.06688160140408,1.2088109604261728,NORMAL
10:07:35,,,step_21,금속_평탄화,IDLE,3.5014931237284364,90.03573017054931,200.06688160140408,1.2088109604261728,NORMAL
10:07:40,,,step_21,금속_평탄화,IDLE,3.5014931237284364,90.03573017054931,200.06688160140408,1.2088109604261728,NORMAL
10:07:45,,,step_21,금속_평탄화,IDLE,3.5014931237284364,90.03573017054931,200.06688160140408,1.2088109604261728,NORMAL
10:07:50,,,step_21,금속_평탄화,IDLE,3.5014931237284364,90.03573017054931,200.06688160140408,1.2088109604261728,NORMAL
10:07:55,,,step_21,금속_평탄화,IDLE,3.5014931237284364,90.03573017054931,200.06688160140408,1.2088109604261728,NORMAL
10:08:00,,,step_21,금속_평탄화,IDLE,3.5014931237284364,90.03573017054931,200.06688160140408,1.2088109604261728,NORMAL
10:08:05,,,step_21,금속_평탄화,IDLE,3.5014931237284364,90.03573017054931,200.06688160140408,1.2088109604261728,NORMAL
10:08:10,,,step_21,금속_평탄화,IDLE,3.5014931237284364,90.03573017054931,200.06688160140408,1.2088109604261728,NORMAL
10:08:15,,,step_21,금속_평탄화,IDLE,3.5014931237284364,90.03573017054931,200.06688160140408,1.2088109604261728,NORMAL
10:08:20,,,step_21,금속_평탄화,IDLE,3.5014931237284364,90.03573017054931,200.06688160140408,1.2088109604261728,NORMAL
10:08:25,,,step_21,금속_평탄화,IDLE,3.5014931237284364,90.03573017054931,200.06688160140408,1.2088109604261728,NORMAL
10:08:30,,,step_21,금속_평탄화,IDLE,3.5014931237284364,90.03573017054931,200.06688160140408,1.2088109604261728,NORMAL
10:08:35,,,step_21,금속_평탄화,IDLE,3.5014931237284364,90.03573017054931,200.06688160140408,1.2088109604261728,NORMAL
10:08:40,,,step_21,금속_평탄화,IDLE,3.5014931237284364,90.03573017054931,200.06688160140408,1.2088109604261728,NORMAL
10:08:45,,,step_21,금속_평탄화,IDLE,3.5014931237284364,90.03573017054931,200.06688160140408,1.2088109604261728,NORMAL
10:08:50,,,step_21,금속_평탄화,IDLE,3.5014931237284364,90.03573017054931,200.06688160140408,1.2088109604261728,NORMAL
10:08:55,,,step_21,금속_평탄화,IDLE,3.5014931237284364,90.03573017054931,200.06688160140408,1.2088109604261728,NORMAL
10:09:00,,,step_21,금속_평탄화,IDLE,3.5014931237284364,90.03573017054931,200.06688160140408,1.2088109604261728,NORMAL
10:09:05,,,step_21,금속_평탄화,IDLE,3.5014931237284364,90.03573017054931,200.06688160140408,1.2088109604261728,NORMAL
10:09:10,,,step_21,금속_평탄화,IDLE,3.5014931237284364,90.03573017054931,200.06688160140408,1.2088109604261728,NORMAL
10:09:15,,,step_21,금속_평탄화,IDLE,3.5014931237284364,90.03573017054931,200.06688160140408,1.2088109604261728,NORMAL
10:09:20,,,step_21,금속_평탄화,IDLE,3.5014931237284364,90.03573017054931,200.06688160140408,1.2088109604261728,NORMAL
10:09:25,,,step_21,금속_평탄화,IDLE,3.5014931237284364,90.03573017054931,200.06688160140408,1.2088109604261728,NORMAL
10:09:30,,,step_21,금속_평탄화,IDLE,3.5014931237284364,90.03573017054931,200.06688160140408,1.2088109604261728,NORMAL
10:09:35,,,step_21,금속_평탄화,IDLE,3.5014931237284364,90.03573017054931,200.06688160140408,1.2088109604261728,NORMAL
10:09:40,,,step_21,금속_평탄화,IDLE,3.5014931237284364,90.03573017054931,200.06688160140408,1.2088109604261728,NORMAL
10:09:45,,,step_21,금속_평탄화,IDLE,3.5014931237284364,90.03573017054931,200.06688160140408,1.2088109604261728,NORMAL
10:09:50,,,step_21,금속_평탄화,IDLE,3.5014931237284364,90.03573017054931,200.06688160140408,1.2088109604261728,NORMAL
10:09:55,,,step_21,금속_평탄화,IDLE,3.5014931237284364,90.03573017054931,200.06688160140408,1.2088109604261728,NORMAL
10:10:00,,,step_21,금속_평탄화,IDLE,3.5014931237284364,90.03573017054931,200.06688160140408,1.2088109604261728,NORMAL
10:10:05,,,step_21,금속_평탄화,IDLE,3.5014931237284364,90.03573017054931,200.06688160140408,1.2088109604261728,NORMAL
10:10:10,,,step_21,금속_평탄화,IDLE,3.5014931237284364,90.03573017054931,200.06688160140408,1.2088109604261728,NORMAL
10:10:15,,,step_21,금속_평탄화,IDLE,3.5014931237284364,90.03573017054931,200.06688160140408,1.2088109604261728,NORMAL
10:10:20,,,step_21,금속_평탄화,IDLE,3.5014931237284364,90.03573017054931,200.06688160140408,1.2088109604261728,NORMAL
10:10:25,,,step_21,금속_평탄화,IDLE,3.5014931237284364,90.03573017054931,200.06688160140408,1.2088109604261728,NORMAL
10:10:30,,,step_21,금속_평탄화,IDLE,3.5014931237284364,90.03573017054931,200.06688160140408,1.2088109604261728,NORMAL
10:10:35,,,step_21,금속_평탄화,IDLE,3.5014931237284364,90.03573017054931,200.06688160140408,1.2088109604261728,NORMAL
10:10:40,,,step_21,금속_평탄화,IDLE,3.5014931237284364,90.03573017054931,200.06688160140408,1.2088109604261728,NORMAL
10:10:45,,,step_21,금속_평탄화,IDLE,3.5014931237284364,90.03573017054931,200.06688160140408,1.2088109604261728,NORMAL
10:10:50,,,step_21,금속_평탄화,IDLE,3.5014931237284364,90.03573017054931,200.06688160140408,1.2088109604261728,NORMAL
10:10:55,,,step_21,금속_평탄화,IDLE,3.5014931237284364,90.03573017054931,200.06688160140408,1.2088109604261728,NORMAL
10:11:00,,,step_21,금속_평탄화,IDLE,3.5014931237284364,90.03573017054931,200.06688160140408,1.2088109604261728,NORMAL
10:11:05,,,step_21,금속_평탄화,IDLE,3.5014931237284364,90.03573017054931,200.06688160140408,1.2088109604261728,NORMAL
10:11:10,,,step_21,금속_평탄화,IDLE,3.5014931237284364,90.03573017054931,200.06688160140408,1.2088109604261728,NORMAL
10:11:15,,,step_21,금속_평탄화,IDLE,3.5014931237284364,90.03573017054931,200.06688160140408,1.2088109604261728,NORMAL
10:11:20,,,step_21,금속_평탄화,IDLE,3.5014931237284364,90.03573017054931,200.06688160140408,1.2088109604261728,NORMAL
10:11:25,,,step_21,금속_평탄화,IDLE,3.5014931237284364,90.03573017054931,200.06688160140408,1.2088109604261728,NORMAL
10:11:30,,,step_21,금속_평탄화,IDLE,3.5014931237284364,90.03573017054931,200.06688160140408,1.2088109604261728,NORMAL
10:11:35,,,step_21,금속_평탄화,IDLE,3.5014931237284364,90.03573017054931,200.06688160140408,1.2088109604261728,NORMAL
10:11:40,,,step_21,금속_평탄화,IDLE,3.5014931237284364,90.03573017054931,200.06688160140408,1.2088109604261728,NORMAL
10:11:45,,,step_21,금속_평탄화,IDLE,3.5014931237284364,90.03573017054931,200.06688160140408,1.2088109604261728,NORMAL
10:11:50,,,step_21,금속_평탄화,IDLE,3.5014931237284364,90.03573017054931,200.06688160140408,1.2088109604261728,NORMAL
10:11:55,,,step_21,금속_평탄화,IDLE,3.5014931237284364,90.03573017054931,200.06688160140408,1.2088109604261728,NORMAL
10:12:00,,,step_21,금속_평탄화,IDLE,3.5014931237284364,90.03573017054931,200.06688160140408,1.2088109604261728,NORMAL
10:12:05,,,step_21,금속_평탄화,IDLE,3.5014931237284364,90.03573017054931,200.06688160140408,1.2088109604261728,NORMAL
10:12:10,,,step_21,금속_평탄화,IDLE,3.5014931237284364,90.03573017054931,200.06688160140408,1.2088109604261728,NORMAL
10:12:15,,,step_21,금속_평탄화,IDLE,3.5014931237284364,90.03573017054931,200.06688160140408,1.2088109604261728,NORMAL
10:12:20,,,step_21,금속_평탄화,IDLE,3.5014931237284364,90.03573017054931,200.06688160140408,1.2088109604261728,NORMAL
10:12:25,,,step_21,금속_평탄화,IDLE,3.5014931237284364,90.03573017054931,200.06688160140408,1.2088109604261728,NORMAL
10:12:30,,,step_21,금속_평탄화,IDLE,3.5014931237284364,90.03573017054931,200.06688160140408,1.2088109604261728,NORMAL
10:12:35,,,step_21,금속_평탄화,IDLE,3.5014931237284364,90.03573017054931,200.06688160140408,1.2088109604261728,NORMAL
10:12:40,,,step_21,금속_평탄화,IDLE,3.5014931237284364,90.03573017054931,200.06688160140408,1.2088109604261728,NORMAL
10:12:45,,,step_21,금속_평탄화,IDLE,3.5014931237284364,90.03573017054931,200.06688160140408,1.2088109604261728,NORMAL
10:12:50,,,step_21,금속_평탄화,IDLE,3.5014931237284364,90.03573017054931,200.06688160140408,1.2088109604261728,NORMAL
10:12:55,,,step_21,금속_평탄화,IDLE,3.5014931237284364,90.03573017054931,200.06688160140408,1.2088109604261728,NORMAL
10:13:00,,,step_21,금속_평탄화,IDLE,3.5014931237284364,90.03573017054931,200.06688160140408,1.2088109604261728,NORMAL
10:13:05,,,step_21,금속_평탄화,IDLE,3.5014931237284364,90.03573017054931,200.06688160140408,1.2088109604261728,NORMAL
10:13:10,,,step_21,금속_평탄화,IDLE,3.5014931237284364,90.03573017054931,200.06688160140408,1.2088109604261728,NORMAL
10:13:15,,,step_21,금속_평탄화,IDLE,3.5014931237284364,90.03573017054931,200.06688160140408,1.2088109604261728,NORMAL
10:13:20,,,step_21,금속_평탄화,IDLE,3.5014931237284364,90.03573017054931,200.06688160140408,1.2088109604261728,NORMAL
10:13:25,,,step_21,금속_평탄화,IDLE,3.5014931237284364,90.03573017054931,200.06688160140408,1.2088109604261728,NORMAL
10:13:30,,,step_21,금속_평탄화,IDLE,3.5014931237284364,90.03573017054931,200.06688160140408,1.2088109604261728,NORMAL
10:13:35,,,step_21,금속_평탄화,IDLE,3.5014931237284364,90.03573017054931,200.06688160140408,1.2088109604261728,NORMAL
10:13:40,,,step_21,금속_평탄화,IDLE,3.5014931237284364,90.03573017054931,200.06688160140408,1.2088109604261728,NORMAL
10:13:45,,,step_21,금속_평탄화,IDLE,3.5014931237284364,90.03573017054931,200.06688160140408,1.2088109604261728,NORMAL
10:13:50,,,step_21,금속_평탄화,IDLE,3.5014931237284364,90.03573017054931,200.06688160140408,1.2088109604261728,NORMAL
10:13:55,,,step_21,금속_평탄화,IDLE,3.5014931237284364,90.03573017054931,200.06688160140408,1.2088109604261728,NORMAL
10:14:00,,,step_21,금속_평탄화,IDLE,3.5014931237284364,90.03573017054931,200.06688160140408,1.2088109604261728,NORMAL
10:14:05,,,step_21,금속_평탄화,IDLE,3.5014931237284364,90.03573017054931,200.06688160140408,1.2088109604261728,NORMAL
10:14:10,,,step_21,금속_평탄화,IDLE,3.5014931237284364,90.03573017054931,200.06688160140408,1.2088109604261728,NORMAL
10:14:15,,,step_21,금속_평탄화,IDLE,3.5014931237284364,90.03573017054931,200.06688160140408,1.2088109604261728,NORMAL
10:14:20,,,step_21,금속_평탄화,IDLE,3.5014931237284364,90.03573017054931,200.06688160140408,1.2088109604261728,NORMAL
10:14:25,,,step_21,금속_평탄화,IDLE,3.5014931237284364,90.03573017054931,200.06688160140408,1.2088109604261728,NORMAL
10:14:30,,,step_21,금속_평탄화,IDLE,3.5014931237284364,90.03573017054931,200.06688160140408,1.2088109604261728,NORMAL
10:14:35,,,step_21,금속_평탄화,IDLE,3.5014931237284364,90.03573017054931,200.06688160140408,1.2088109604261728,NORMAL
10:14:40,,,step_21,금속_평탄화,IDLE,3.5014931237284364,90.03573017054931,200.06688160140408,1.2088109604261728,NORMAL
10:14:45,,,step_21,금속_평탄화,IDLE,3.5014931237284364,90.03573017054931,200.06688160140408,1.2088109604261728,NORMAL
10:14:50,,,step_21,금속_평탄화,IDLE,3.5014931237284364,90.03573017054931,200.06688160140408,1.2088109604261728,NORMAL
10:14:55,,,step_21,금속_평탄화,IDLE,3.5014931237284364,90.03573017054931,200.06688160140408,1.2088109604261728,NORMAL
10:15:00,,,step_21,금속_평탄화,IDLE,3.5014931237284364,90.03573017054931,200.06688160140408,1.2088109604261728,NORMAL
10:15:05,,,step_21,금속_평탄화,IDLE,3.5014931237284364,90.03573017054931,200.06688160140408,1.2088109604261728,NORMAL
10:15:10,,,step_21,금속_평탄화,IDLE,3.5014931237284364,90.03573017054931,200.06688160140408,1.2088109604261728,NORMAL
10:15:15,,,step_21,금속_평탄화,IDLE,3.5014931237284364,90.03573017054931,200.06688160140408,1.2088109604261728,NORMAL
10:15:20,,,step_21,금속_평탄화,IDLE,3.5014931237284364,90.03573017054931,200.06688160140408,1.2088109604261728,NORMAL
10:15:25,,,step_21,금속_평탄화,IDLE,3.5014931237284364,90.03573017054931,200.06688160140408,1.2088109604261728,NORMAL
10:15:30,,,step_21,금속_평탄화,IDLE,3.5014931237284364,90.03573017054931,200.06688160140408,1.2088109604261728,NORMAL
10:15:35,,,step_21,금속_평탄화,IDLE,3.5014931237284364,90.03573017054931,200.06688160140408,1.2088109604261728,NORMAL
10:15:40,,,step_21,금속_평탄화,IDLE,3.5014931237284364,90.03573017054931,200.06688160140408,1.2088109604261728,NORMAL
10:15:45,,,step_21,금속_평탄화,IDLE,3.5014931237284364,90.03573017054931,200.06688160140408,1.2088109604261728,NORMAL
10:15:50,,,step_21,금속_평탄화,IDLE,3.5014931237284364,90.03573017054931,200.06688160140408,1.2088109604261728,NORMAL
10:15:55,,,step_21,금속_평탄화,IDLE,3.5014931237284364,90.03573017054931,200.06688160140408,1.2088109604261728,NORMAL
10:16:00,,,step_21,금속_평탄화,IDLE,3.5014931237284364,90.03573017054931,200.06688160140408,1.2088109604261728,NORMAL
10:16:05,,,step_21,금속_평탄화,IDLE,3.5014931237284364,90.03573017054931,200.06688160140408,1.2088109604261728,NORMAL
10:16:10,,,step_21,금속_평탄화,IDLE,3.5014931237284364,90.03573017054931,200.06688160140408,1.2088109604261728,NORMAL
10:16:15,,,step_21,금속_평탄화,IDLE,3.5014931237284364,90.03573017054931,200.06688160140408,1.2088109604261728,NORMAL
10:16:20,,,step_21,금속_평탄화,IDLE,3.5014931237284364,90.03573017054931,200.06688160140408,1.2088109604261728,NORMAL
10:16:25,,,step_21,금속_평탄화,IDLE,3.5014931237284364,90.03573017054931,200.06688160140408,1.2088109604261728,NORMAL
10:16:30,,,step_21,금속_평탄화,IDLE,3.5014931237284364,90.03573017054931,200.06688160140408,1.2088109604261728,NORMAL
10:16:35,,,step_21,금속_평탄화,IDLE,3.5014931237284364,90.03573017054931,200.06688160140408,1.2088109604261728,NORMAL
10:16:40,,,step_21,금속_평탄화,IDLE,3.5014931237284364,90.03573017054931,200.06688160140408,1.2088109604261728,NORMAL
10:16:45,,,step_21,금속_평탄화,IDLE,3.5014931237284364,90.03573017054931,200.06688160140408,1.2088109604261728,NORMAL
10:16:50,,,step_21,금속_평탄화,IDLE,3.5014931237284364,90.03573017054931,200.06688160140408,1.2088109604261728,NORMAL
10:16:55,,,step_21,금속_평탄화,IDLE,3.5014931237284364,90.03573017054931,200.06688160140408,1.2088109604261728,NORMAL
10:17:00,,,step_21,금속_평탄화,IDLE,3.5014931237284364,90.03573017054931,200.06688160140408,1.2088109604261728,NORMAL
10:17:05,,,step_21,금속_평탄화,IDLE,3.5014931237284364,90.03573017054931,200.06688160140408,1.2088109604261728,NORMAL
10:17:10,,,step_21,금속_평탄화,IDLE,3.5014931237284364,90.03573017054931,200.06688160140408,1.2088109604261728,NORMAL
10:17:15,,,step_21,금속_평탄화,IDLE,3.5014931237284364,90.03573017054931,200.06688160140408,1.2088109604261728,NORMAL
10:17:20,,,step_21,금속_평탄화,IDLE,3.5014931237284364,90.03573017054931,200.06688160140408,1.2088109604261728,NORMAL
10:17:25,,,step_21,금속_평탄화,IDLE,3.5014931237284364,90.03573017054931,200.06688160140408,1.2088109604261728,NORMAL
10:17:30,,,step_21,금속_평탄화,IDLE,3.5014931237284364,90.03573017054931,200.06688160140408,1.2088109604261728,NORMAL
10:17:35,,,step_21,금속_평탄화,IDLE,3.5014931237284364,90.03573017054931,200.06688160140408,1.2088109604261728,NORMAL
10:17:40,,,step_21,금속_평탄화,IDLE,3.5014931237284364,90.03573017054931,200.06688160140408,1.2088109604261728,NORMAL
10:17:45,,,step_21,금속_평탄화,IDLE,3.5014931237284364,90.03573017054931,200.06688160140408,1.2088109604261728,NORMAL
10:17:50,,,step_21,금속_평탄화,IDLE,3.5014931237284364,90.03573017054931,200.06688160140408,1.2088109604261728,NORMAL
10:17:55,,,step_21,금속_평탄화,IDLE,3.5014931237284364,90.03573017054931,200.06688160140408,1.2088109604261728,NORMAL
10:18:00,,,step_21,금속_평탄화,IDLE,3.5014931237284364,90.03573017054931,200.06688160140408,1.2088109604261728,NORMAL
10:18:05,,,step_21,금속_평탄화,IDLE,3.5014931237284364,90.03573017054931,200.06688160140408,1.2088109604261728,NORMAL
10:18:10,,,step_21,금속_평탄화,IDLE,3.5014931237284364,90.03573017054931,200.06688160140408,1.2088109604261728,NORMAL
10:18:15,,,step_21,금속_평탄화,IDLE,3.5014931237284364,90.03573017054931,200.06688160140408,1.2088109604261728,NORMAL
10:18:20,,,step_21,금속_평탄화,IDLE,3.5014931237284364,90.03573017054931,200.06688160140408,1.2088109604261728,NORMAL
10:18:25,,,step_21,금속_평탄화,IDLE,3.5014931237284364,90.03573017054931,200.06688160140408,1.2088109604261728,NORMAL
10:18:30,,,step_21,금속_평탄화,IDLE,3.5014931237284364,90.03573017054931,200.06688160140408,1.2088109604261728,NORMAL
10:18:35,,,step_21,금속_평탄화,IDLE,3.5014931237284364,90.03573017054931,200.06688160140408,1.2088109604261728,NORMAL
10:18:40,,,step_21,금속_평탄화,IDLE,3.5014931237284364,90.03573017054931,200.06688160140408,1.2088109604261728,NORMAL
10:18:45,,,step_21,금속_평탄화,IDLE,3.5014931237284364,90.03573017054931,200.06688160140408,1.2088109604261728,NORMAL
10:18:50,,,step_21,금속_평탄화,IDLE,3.5014931237284364,90.03573017054931,200.06688160140408,1.2088109604261728,NORMAL
10:18:55,,,step_21,금속_평탄화,IDLE,3.5014931237284364,90.03573017054931,200.06688160140408,1.2088109604261728,NORMAL
10:19:00,,,step_21,금속_평탄화,IDLE,3.5014931237284364,90.03573017054931,200.06688160140408,1.2088109604261728,NORMAL
10:19:05,,,step_21,금속_평탄화,IDLE,3.5014931237284364,90.03573017054931,200.06688160140408,1.2088109604261728,NORMAL
10:19:10,,,step_21,금속_평탄화,IDLE,3.5014931237284364,90.03573017054931,200.06688160140408,1.2088109604261728,NORMAL
10:19:15,,,step_21,금속_평탄화,IDLE,3.5014931237284364,90.03573017054931,200.06688160140408,1.2088109604261728,NORMAL
10:19:20,,,step_21,금속_평탄화,IDLE,3.5014931237284364,90.03573017054931,200.06688160140408,1.2088109604261728,NORMAL
10:19:25,,,step_21,금속_평탄화,IDLE,3.5014931237284364,90.03573017054931,200.06688160140408,1.2088109604261728,NORMAL
10:19:30,,,step_21,금속_평탄화,IDLE,3.5014931237284364,90.03573017054931,200.06688160140408,1.2088109604261728,NORMAL
10:19:35,,,step_21,금속_평탄화,IDLE,3.5014931237284364,90.03573017054931,200.06688160140408,1.2088109604261728,NORMAL
10:19:40,,,step_21,금속_평탄화,IDLE,3.5014931237284364,90.03573017054931,200.06688160140408,1.2088109604261728,NORMAL
10:19:45,,,step_21,금속_평탄화,IDLE,3.5014931237284364,90.03573017054931,200.06688160140408,1.2088109604261728,NORMAL
10:19:50,,,step_21,금속_평탄화,IDLE,3.5014931237284364,90.03573017054931,200.06688160140408,1.2088109604261728,NORMAL
10:19:55,,,step_21,금속_평탄화,IDLE,3.5014931237284364,90.03573017054931,200.06688160140408,1.2088109604261728,NORMAL
10:20:00,,,step_21,금속_평탄화,IDLE,3.5014931237284364,90.03573017054931,200.06688160140408,1.2088109604261728,NORMAL
10:20:05,,,step_21,금속_평탄화,IDLE,3.5014931237284364,90.03573017054931,200.06688160140408,1.2088109604261728,NORMAL
10:20:10,,,step_21,금속_평탄화,IDLE,3.5014931237284364,90.03573017054931,200.06688160140408,1.2088109604261728,NORMAL
10:20:15,,,step_21,금속_평탄화,IDLE,3.5014931237284364,90.03573017054931,200.06688160140408,1.2088109604261728,NORMAL
10:20:20,,,step_21,금속_평탄화,IDLE,3.5014931237284364,90.03573017054931,200.06688160140408,1.2088109604261728,NORMAL
10:20:25,,,step_21,금속_평탄화,IDLE,3.5014931237284364,90.03573017054931,200.06688160140408,1.2088109604261728,NORMAL
10:20:30,,,step_21,금속_평탄화,IDLE,3.5014931237284364,90.03573017054931,200.06688160140408,1.2088109604261728,NORMAL
10:20:35,,,step_21,금속_평탄화,IDLE,3.5014931237284364,90.03573017054931,200.06688160140408,1.2088109604261728,NORMAL
10:20:40,,,step_21,금속_평탄화,IDLE,3.5014931237284364,90.03573017054931,200.06688160140408,1.2088109604261728,NORMAL
10:20:45,,,step_21,금속_평탄화,IDLE,3.5014931237284364,90.03573017054931,200.06688160140408,1.2088109604261728,NORMAL
10:20:50,,,step_21,금속_평탄화,IDLE,3.5014931237284364,90.03573017054931,200.06688160140408,1.2088109604261728,NORMAL
10:20:55,,,step_21,금속_평탄화,IDLE,3.5014931237284364,90.03573017054931,200.06688160140408,1.2088109604261728,NORMAL
10:21:00,,,step_21,금속_평탄화,IDLE,3.5014931237284364,90.03573017054931,200.06688160140408,1.2088109604261728,NORMAL
10:21:05,,,step_21,금속_평탄화,IDLE,3.5014931237284364,90.03573017054931,200.06688160140408,1.2088109604261728,NORMAL
10:21:10,,,step_21,금속_평탄화,IDLE,3.5014931237284364,90.03573017054931,200.06688160140408,1.2088109604261728,NORMAL
10:21:15,,,step_21,금속_평탄화,IDLE,3.5014931237284364,90.03573017054931,200.06688160140408,1.2088109604261728,NORMAL
10:21:20,,,step_21,금속_평탄화,IDLE,3.5014931237284364,90.03573017054931,200.06688160140408,1.2088109604261728,NORMAL
10:21:25,,,step_21,금속_평탄화,IDLE,3.5014931237284364,90.03573017054931,200.06688160140408,1.2088109604261728,NORMAL
10:21:30,,,step_21,금속_평탄화,IDLE,3.5014931237284364,90.03573017054931,200.06688160140408,1.2088109604261728,NORMAL
10:21:35,,,step_21,금속_평탄화,IDLE,3.5014931237284364,90.03573017054931,200.06688160140408,1.2088109604261728,NORMAL
10:21:40,,,step_21,금속_평탄화,IDLE,3.5014931237284364,90.03573017054931,200.06688160140408,1.2088109604261728,NORMAL
10:21:45,,,step_21,금속_평탄화,IDLE,3.5014931237284364,90.03573017054931,200.06688160140408,1.2088109604261728,NORMAL
10:21:50,,,step_21,금속_평탄화,IDLE,3.5014931237284364,90.03573017054931,200.06688160140408,1.2088109604261728,NORMAL
10:21:55,,,step_21,금속_평탄화,IDLE,3.5014931237284364,90.03573017054931,200.06688160140408,1.2088109604261728,NORMAL
10:22:00,,,step_21,금속_평탄화,IDLE,3.5014931237284364,90.03573017054931,200.06688160140408,1.2088109604261728,NORMAL
10:22:05,,,step_21,금속_평탄화,IDLE,3.5014931237284364,90.03573017054931,200.06688160140408,1.2088109604261728,NORMAL
10:22:10,,,step_21,금속_평탄화,IDLE,3.5014931237284364,90.03573017054931,200.06688160140408,1.2088109604261728,NORMAL
10:22:15,,,step_21,금속_평탄화,IDLE,3.5014931237284364,90.03573017054931,200.06688160140408,1.2088109604261728,NORMAL
10:22:20,,,step_21,금속_평탄화,IDLE,3.5014931237284364,90.03573017054931,200.06688160140408,1.2088109604261728,NORMAL
10:22:25,,,step_21,금속_평탄화,IDLE,3.5014931237284364,90.03573017054931,200.06688160140408,1.2088109604261728,NORMAL
10:22:30,,,step_21,금속_평탄화,IDLE,3.5014931237284364,90.03573017054931,200.06688160140408,1.2088109604261728,NORMAL
10:22:35,,,step_21,금속_평탄화,IDLE,3.5014931237284364,90.03573017054931,200.06688160140408,1.2088109604261728,NORMAL
10:22:40,,,step_21,금속_평탄화,IDLE,3.5014931237284364,90.03573017054931,200.06688160140408,1.2088109604261728,NORMAL
10:22:45,,,step_21,금속_평탄화,IDLE,3.5014931237284364,90.03573017054931,200.06688160140408,1.2088109604261728,NORMAL
10:22:50,,,step_21,금속_평탄화,IDLE,3.5014931237284364,90.03573017054931,200.06688160140408,1.2088109604261728,NORMAL
10:22:55,,,step_21,금속_평탄화,IDLE,3.5014931237284364,90.03573017054931,200.06688160140408,1.2088109604261728,NORMAL
10:23:00,,,step_21,금속_평탄화,IDLE,3.5014931237284364,90.03573017054931,200.06688160140408,1.2088109604261728,NORMAL
10:23:05,,,step_21,금속_평탄화,IDLE,3.5014931237284364,90.03573017054931,200.06688160140408,1.2088109604261728,NORMAL
10:23:10,,,step_21,금속_평탄화,IDLE,3.5014931237284364,90.03573017054931,200.06688160140408,1.2088109604261728,NORMAL
10:23:15,,,step_21,금속_평탄화,IDLE,3.5014931237284364,90.03573017054931,200.06688160140408,1.2088109604261728,NORMAL
10:23:20,,,step_21,금속_평탄화,IDLE,3.5014931237284364,90.03573017054931,200.06688160140408,1.2088109604261728,NORMAL
10:23:25,,,step_21,금속_평탄화,IDLE,3.5014931237284364,90.03573017054931,200.06688160140408,1.2088109604261728,NORMAL
10:23:30,,,step_21,금속_평탄화,IDLE,3.5014931237284364,90.03573017054931,200.06688160140408,1.2088109604261728,NORMAL
10:23:35,,,step_21,금속_평탄화,IDLE,3.5014931237284364,90.03573017054931,200.06688160140408,1.2088109604261728,NORMAL
10:23:40,,,step_21,금속_평탄화,IDLE,3.5014931237284364,90.03573017054931,200.06688160140408,1.2088109604261728,NORMAL
10:23:45,,,step_21,금속_평탄화,IDLE,3.5014931237284364,90.03573017054931,200.06688160140408,1.2088109604261728,NORMAL
10:23:50,,,step_21,금속_평탄화,IDLE,3.5014931237284364,90.03573017054931,200.06688160140408,1.2088109604261728,NORMAL
10:23:55,,,step_21,금속_평탄화,IDLE,3.5014931237284364,90.03573017054931,200.06688160140408,1.2088109604261728,NORMAL
10:24:00,,,step_21,금속_평탄화,IDLE,3.5014931237284364,90.03573017054931,200.06688160140408,1.2088109604261728,NORMAL
10:24:05,,,step_21,금속_평탄화,IDLE,3.5014931237284364,90.03573017054931,200.06688160140408,1.2088109604261728,NORMAL
10:24:10,,,step_21,금속_평탄화,IDLE,3.5014931237284364,90.03573017054931,200.06688160140408,1.2088109604261728,NORMAL
10:24:15,,,step_21,금속_평탄화,IDLE,3.5014931237284364,90.03573017054931,200.06688160140408,1.2088109604261728,NORMAL
10:24:20,,,step_21,금속_평탄화,IDLE,3.5014931237284364,90.03573017054931,200.06688160140408,1.2088109604261728,NORMAL
10:24:25,,,step_21,금속_평탄화,IDLE,3.5014931237284364,90.03573017054931,200.06688160140408,1.2088109604261728,NORMAL
10:24:30,,,step_21,금속_평탄화,IDLE,3.5014931237284364,90.03573017054931,200.06688160140408,1.2088109604261728,NORMAL
10:24:35,,,step_21,금속_평탄화,IDLE,3.5014931237284364,90.03573017054931,200.06688160140408,1.2088109604261728,NORMAL
10:24:40,,,step_21,금속_평탄화,IDLE,3.5014931237284364,90.03573017054931,200.06688160140408,1.2088109604261728,NORMAL
10:24:45,,,step_21,금속_평탄화,IDLE,3.5014931237284364,90.03573017054931,200.06688160140408,1.2088109604261728,NORMAL
10:24:50,,,step_21,금속_평탄화,IDLE,3.5014931237284364,90.03573017054931,200.06688160140408,1.2088109604261728,NORMAL
10:24:55,,,step_21,금속_평탄화,IDLE,3.5014931237284364,90.03573017054931,200.06688160140408,1.2088109604261728,NORMAL
10:25:00,,,step_21,금속_평탄화,IDLE,3.5014931237284364,90.03573017054931,200.06688160140408,1.2088109604261728,NORMAL
10:25:05,,,step_21,금속_평탄화,IDLE,3.5014931237284364,90.03573017054931,200.06688160140408,1.2088109604261728,NORMAL
10:25:10,,,step_21,금속_평탄화,IDLE,3.5014931237284364,90.03573017054931,200.06688160140408,1.2088109604261728,NORMAL
10:25:15,,,step_21,금속_평탄화,IDLE,3.5014931237284364,90.03573017054931,200.06688160140408,1.2088109604261728,NORMAL
10:25:20,,,step_21,금속_평탄화,IDLE,3.5014931237284364,90.03573017054931,200.06688160140408,1.2088109604261728,NORMAL
10:25:25,,,step_21,금속_평탄화,IDLE,3.5014931237284364,90.03573017054931,200.06688160140408,1.2088109604261728,NORMAL
10:25:30,,,step_21,금속_평탄화,IDLE,3.5014931237284364,90.03573017054931,200.06688160140408,1.2088109604261728,NORMAL
10:25:35,,,step_21,금속_평탄화,IDLE,3.5014931237284364,90.03573017054931,200.06688160140408,1.2088109604261728,NORMAL
10:25:40,,,step_21,금속_평탄화,IDLE,3.5014931237284364,90.03573017054931,200.06688160140408,1.2088109604261728,NORMAL
10:25:45,,,step_21,금속_평탄화,IDLE,3.5014931237284364,90.03573017054931,200.06688160140408,1.2088109604261728,NORMAL
10:25:50,,,step_21,금속_평탄화,IDLE,3.5014931237284364,90.03573017054931,200.06688160140408,1.2088109604261728,NORMAL
10:25:55,,,step_21,금속_평탄화,IDLE,3.5014931237284364,90.03573017054931,200.06688160140408,1.2088109604261728,NORMAL
10:26:00,,,step_21,금속_평탄화,IDLE,3.5014931237284364,90.03573017054931,200.06688160140408,1.2088109604261728,NORMAL
10:26:05,,,step_21,금속_평탄화,IDLE,3.5014931237284364,90.03573017054931,200.06688160140408,1.2088109604261728,NORMAL
10:26:10,,,step_21,금속_평탄화,IDLE,3.5014931237284364,90.03573017054931,200.06688160140408,1.2088109604261728,NORMAL
10:26:15,,,step_21,금속_평탄화,IDLE,3.5014931237284364,90.03573017054931,200.06688160140408,1.2088109604261728,NORMAL
10:26:20,,,step_21,금속_평탄화,IDLE,3.5014931237284364,90.03573017054931,200.06688160140408,1.2088109604261728,NORMAL
10:26:25,,,step_21,금속_평탄화,IDLE,3.5014931237284364,90.03573017054931,200.06688160140408,1.2088109604261728,NORMAL
10:26:30,,,step_21,금속_평탄화,IDLE,3.5014931237284364,90.03573017054931,200.06688160140408,1.2088109604261728,NORMAL
10:26:35,,,step_21,금속_평탄화,IDLE,3.5014931237284364,90.03573017054931,200.06688160140408,1.2088109604261728,NORMAL
10:26:40,,,step_21,금속_평탄화,IDLE,3.5014931237284364,90.03573017054931,200.06688160140408,1.2088109604261728,NORMAL
10:26:45,,,step_21,금속_평탄화,IDLE,3.5014931237284364,90.03573017054931,200.06688160140408,1.2088109604261728,NORMAL
10:26:50,,,step_21,금속_평탄화,IDLE,3.5014931237284364,90.03573017054931,200.06688160140408,1.2088109604261728,NORMAL
10:26:55,,,step_21,금속_평탄화,IDLE,3.5014931237284364,90.03573017054931,200.06688160140408,1.2088109604261728,NORMAL
10:27:00,,,step_21,금속_평탄화,IDLE,3.5014931237284364,90.03573017054931,200.06688160140408,1.2088109604261728,NORMAL
10:27:05,,,step_21,금속_평탄화,IDLE,3.5014931237284364,90.03573017054931,200.06688160140408,1.2088109604261728,NORMAL
10:27:10,,,step_21,금속_평탄화,IDLE,3.5014931237284364,90.03573017054931,200.06688160140408,1.2088109604261728,NORMAL
10:27:15,,,step_21,금속_평탄화,IDLE,3.5014931237284364,90.03573017054931,200.06688160140408,1.2088109604261728,NORMAL
10:27:20,,,step_21,금속_평탄화,IDLE,3.5014931237284364,90.03573017054931,200.06688160140408,1.2088109604261728,NORMAL
10:27:25,,,step_21,금속_평탄화,IDLE,3.5014931237284364,90.03573017054931,200.06688160140408,1.2088109604261728,NORMAL
10:27:30,,,step_21,금속_평탄화,IDLE,3.5014931237284364,90.03573017054931,200.06688160140408,1.2088109604261728,NORMAL
10:27:35,,,step_21,금속_평탄화,IDLE,3.5014931237284364,90.03573017054931,200.06688160140408,1.2088109604261728,NORMAL
10:27:40,,,step_21,금속_평탄화,IDLE,3.5014931237284364,90.03573017054931,200.06688160140408,1.2088109604261728,NORMAL
10:27:45,,,step_21,금속_평탄화,IDLE,3.5014931237284364,90.03573017054931,200.06688160140408,1.2088109604261728,NORMAL
10:27:50,,,step_21,금속_평탄화,IDLE,3.5014931237284364,90.03573017054931,200.06688160140408,1.2088109604261728,NORMAL
10:27:55,,,step_21,금속_평탄화,IDLE,3.5014931237284364,90.03573017054931,200.06688160140408,1.2088109604261728,NORMAL
10:28:00,,,step_21,금속_평탄화,IDLE,3.5014931237284364,90.03573017054931,200.06688160140408,1.2088109604261728,NORMAL
10:28:05,,,step_21,금속_평탄화,IDLE,3.5014931237284364,90.03573017054931,200.06688160140408,1.2088109604261728,NORMAL
10:28:10,,,step_21,금속_평탄화,IDLE,3.5014931237284364,90.03573017054931,200.06688160140408,1.2088109604261728,NORMAL
10:28:15,,,step_21,금속_평탄화,IDLE,3.5014931237284364,90.03573017054931,200.06688160140408,1.2088109604261728,NORMAL
10:28:20,,,step_21,금속_평탄화,IDLE,3.5014931237284364,90.03573017054931,200.06688160140408,1.2088109604261728,NORMAL
10:28:25,,,step_21,금속_평탄화,IDLE,3.5014931237284364,90.03573017054931,200.06688160140408,1.2088109604261728,NORMAL
10:28:30,,,step_21,금속_평탄화,IDLE,3.5014931237284364,90.03573017054931,200.06688160140408,1.2088109604261728,NORMAL
10:28:35,,,step_21,금속_평탄화,IDLE,3.5014931237284364,90.03573017054931,200.06688160140408,1.2088109604261728,NORMAL
10:28:40,,,step_21,금속_평탄화,IDLE,3.5014931237284364,90.03573017054931,200.06688160140408,1.2088109604261728,NORMAL
10:28:45,,,step_21,금속_평탄화,IDLE,3.5014931237284364,90.03573017054931,200.06688160140408,1.2088109604261728,NORMAL
10:28:50,,,step_21,금속_평탄화,IDLE,3.5014931237284364,90.03573017054931,200.06688160140408,1.2088109604261728,NORMAL
10:28:55,,,step_21,금속_평탄화,IDLE,3.5014931237284364,90.03573017054931,200.06688160140408,1.2088109604261728,NORMAL
10:29:00,,,step_21,금속_평탄화,IDLE,3.5014931237284364,90.03573017054931,200.06688160140408,1.2088109604261728,NORMAL
10:29:05,,,step_21,금속_평탄화,IDLE,3.5014931237284364,90.03573017054931,200.06688160140408,1.2088109604261728,NORMAL
10:29:10,,,step_21,금속_평탄화,IDLE,3.5014931237284364,90.03573017054931,200.06688160140408,1.2088109604261728,NORMAL
10:29:15,,,step_21,금속_평탄화,IDLE,3.5014931237284364,90.03573017054931,200.06688160140408,1.2088109604261728,NORMAL
10:29:20,,,step_21,금속_평탄화,IDLE,3.5014931237284364,90.03573017054931,200.06688160140408,1.2088109604261728,NORMAL
10:29:25,,,step_21,금속_평탄화,IDLE,3.5014931237284364,90.03573017054931,200.06688160140408,1.2088109604261728,NORMAL
10:29:30,,,step_21,금속_평탄화,IDLE,3.5014931237284364,90.03573017054931,200.06688160140408,1.2088109604261728,NORMAL
10:29:35,,,step_21,금속_평탄화,IDLE,3.5014931237284364,90.03573017054931,200.06688160140408,1.2088109604261728,NORMAL
10:29:40,,,step_21,금속_평탄화,IDLE,3.5014931237284364,90.03573017054931,200.06688160140408,1.2088109604261728,NORMAL
10:29:45,,,step_21,금속_평탄화,IDLE,3.5014931237284364,90.03573017054931,200.06688160140408,1.2088109604261728,NORMAL
10:29:50,,,step_21,금속_평탄화,IDLE,3.5014931237284364,90.03573017054931,200.06688160140408,1.2088109604261728,NORMAL
10:29:55,,,step_21,금속_평탄화,IDLE,3.5014931237284364,90.03573017054931,200.06688160140408,1.2088109604261728,NORMAL
10:30:00,,,step_21,금속_평탄화,IDLE,3.5014931237284364,90.03573017054931,200.06688160140408,1.2088109604261728,NORMAL
10:30:05,,,step_21,금속_평탄화,IDLE,3.5014931237284364,90.03573017054931,200.06688160140408,1.2088109604261728,NORMAL
10:30:10,,,step_21,금속_평탄화,IDLE,3.5014931237284364,90.03573017054931,200.06688160140408,1.2088109604261728,NORMAL
10:30:15,,,step_21,금속_평탄화,IDLE,3.5014931237284364,90.03573017054931,200.06688160140408,1.2088109604261728,NORMAL
10:30:20,,,step_21,금속_평탄화,IDLE,3.5014931237284364,90.03573017054931,200.06688160140408,1.2088109604261728,NORMAL
10:30:25,,,step_21,금속_평탄화,IDLE,3.5014931237284364,90.03573017054931,200.06688160140408,1.2088109604261728,NORMAL
10:30:30,,,step_21,금속_평탄화,IDLE,3.5014931237284364,90.03573017054931,200.06688160140408,1.2088109604261728,NORMAL
10:30:35,,,step_21,금속_평탄화,IDLE,3.5014931237284364,90.03573017054931,200.06688160140408,1.2088109604261728,NORMAL
10:30:40,,,step_21,금속_평탄화,IDLE,3.5014931237284364,90.03573017054931,200.06688160140408,1.2088109604261728,NORMAL
10:30:45,,,step_21,금속_평탄화,IDLE,3.5014931237284364,90.03573017054931,200.06688160140408,1.2088109604261728,NORMAL
10:30:50,,,step_21,금속_평탄화,IDLE,3.5014931237284364,90.03573017054931,200.06688160140408,1.2088109604261728,NORMAL
10:30:55,,,step_21,금속_평탄화,IDLE,3.5014931237284364,90.03573017054931,200.06688160140408,1.2088109604261728,NORMAL
10:31:00,,,step_21,금속_평탄화,IDLE,3.5014931237284364,90.03573017054931,200.06688160140408,1.2088109604261728,NORMAL
10:31:05,,,step_21,금속_평탄화,IDLE,3.5014931237284364,90.03573017054931,200.06688160140408,1.2088109604261728,NORMAL
10:31:10,,,step_21,금속_평탄화,IDLE,3.5014931237284364,90.03573017054931,200.06688160140408,1.2088109604261728,NORMAL
10:31:15,,,step_21,금속_평탄화,IDLE,3.5014931237284364,90.03573017054931,200.06688160140408,1.2088109604261728,NORMAL
10:31:20,,,step_21,금속_평탄화,IDLE,3.5014931237284364,90.03573017054931,200.06688160140408,1.2088109604261728,NORMAL
10:31:25,,,step_21,금속_평탄화,IDLE,3.5014931237284364,90.03573017054931,200.06688160140408,1.2088109604261728,NORMAL
10:31:30,,,step_21,금속_평탄화,IDLE,3.5014931237284364,90.03573017054931,200.06688160140408,1.2088109604261728,NORMAL
10:31:35,,,step_21,금속_평탄화,IDLE,3.5014931237284364,90.03573017054931,200.06688160140408,1.2088109604261728,NORMAL
10:31:40,,,step_21,금속_평탄화,IDLE,3.5014931237284364,90.03573017054931,200.06688160140408,1.2088109604261728,NORMAL
10:31:45,,,step_21,금속_평탄화,IDLE,3.5014931237284364,90.03573017054931,200.06688160140408,1.2088109604261728,NORMAL
10:31:50,,,step_21,금속_평탄화,IDLE,3.5014931237284364,90.03573017054931,200.06688160140408,1.2088109604261728,NORMAL
10:31:55,,,step_21,금속_평탄화,IDLE,3.5014931237284364,90.03573017054931,200.06688160140408,1.2088109604261728,NORMAL
10:32:00,,,step_21,금속_평탄화,IDLE,3.5014931237284364,90.03573017054931,200.06688160140408,1.2088109604261728,NORMAL
10:32:05,,,step_21,금속_평탄화,IDLE,3.5014931237284364,90.03573017054931,200.06688160140408,1.2088109604261728,NORMAL
10:32:10,,,step_21,금속_평탄화,IDLE,3.5014931237284364,90.03573017054931,200.06688160140408,1.2088109604261728,NORMAL
10:32:15,,,step_21,금속_평탄화,IDLE,3.5014931237284364,90.03573017054931,200.06688160140408,1.2088109604261728,NORMAL
10:32:20,,,step_21,금속_평탄화,IDLE,3.5014931237284364,90.03573017054931,200.06688160140408,1.2088109604261728,NORMAL
10:32:25,,,step_21,금속_평탄화,IDLE,3.5014931237284364,90.03573017054931,200.06688160140408,1.2088109604261728,NORMAL
10:32:30,,,step_21,금속_평탄화,IDLE,3.5014931237284364,90.03573017054931,200.06688160140408,1.2088109604261728,NORMAL
10:32:35,,,step_21,금속_평탄화,IDLE,3.5014931237284364,90.03573017054931,200.06688160140408,1.2088109604261728,NORMAL
10:32:40,,,step_21,금속_평탄화,IDLE,3.5014931237284364,90.03573017054931,200.06688160140408,1.2088109604261728,NORMAL
10:32:45,,,step_21,금속_평탄화,IDLE,3.5014931237284364,90.03573017054931,200.06688160140408,1.2088109604261728,NORMAL
10:32:50,,,step_21,금속_평탄화,IDLE,3.5014931237284364,90.03573017054931,200.06688160140408,1.2088109604261728,NORMAL
10:32:55,,,step_21,금속_평탄화,IDLE,3.5014931237284364,90.03573017054931,200.06688160140408,1.2088109604261728,NORMAL
10:33:00,,,step_21,금속_평탄화,IDLE,3.5014931237284364,90.03573017054931,200.06688160140408,1.2088109604261728,NORMAL
10:33:05,,,step_21,금속_평탄화,IDLE,3.5014931237284364,90.03573017054931,200.06688160140408,1.2088109604261728,NORMAL
10:33:10,,,step_21,금속_평탄화,IDLE,3.5014931237284364,90.03573017054931,200.06688160140408,1.2088109604261728,NORMAL
10:33:15,,,step_21,금속_평탄화,IDLE,3.5014931237284364,90.03573017054931,200.06688160140408,1.2088109604261728,NORMAL
