Timestamp,Lot_ID,Wafer_ID,Address,Step_Name,Phase,Source_Power_W,Bias_Power_W,Gas_Ratio_CHF3_Ar,Chamber_Pressure_mTorr,Back_He_Pressure_Torr,Status
09:00:00,,,step_23,컨택홀_식각,IDLE,74.66961905090724,17.475402043222996,0.0742195320120957,0.747204696808463,0.4896010031823953,NORMAL
09:00:05,,,step_23,컨택홀_식각,IDLE,74.66961905090724,17.475402043222996,0.0742195320120957,0.747204696808463,0.4896010031823953,NORMAL
09:00:10,,,step_23,컨택홀_식각,IDLE,74.66961905090724,17.475402043222996,0.0742195320120957,0.747204696808463,0.4896010031823953,NORMAL
09:00:15,,,step_23,컨택홀_식각,IDLE,74.66961905090724,17.475402043222996,0.0742195320120957,0.747204696808463,0.4896010031823953,NORMAL
09:00:20,,,step_23,컨택홀_식각,IDLE,74.66961905090724,17.475402043222996,0.0742195320120957,0.747204696808463,0.4896010031823953,NORMAL
09:00:25,,,step_23,컨택홀_식각,IDLE,74.66961905090724,17.475402043222996,0.0742195320120957,0.747204696808463,0.4896010031823953,NORMAL
09:00:30,,,step_23,컨택홀_식각,IDLE,74.66961905090724,17.475402043222996,0.0742195320120957,0.747204696808463,0.4896010031823953,NORMAL
09:00:35,,,step_23,컨택홀_식각,IDLE,74.66961905090724,17.475402043222996,0.0742195320120957,0.747204696808463,0.4896010031823953,NORMAL
09:00:40,,,step_23,컨택홀_식각,IDLE,74.66961905090724,17.475402043222996,0.0742195320120957,0.747204696808463,0.4896010031823953,NORMAL
09:00:45,,,step_23,컨택홀_식각,IDLE,74.66961905090724,17.475402043222996,0.0742195320120957,0.747204696808463,0.4896010031823953,NORMAL
09:00:50,,,step_23,컨택홀_식각,IDLE,74.66961905090724,17.475402043222996,0.0742195320120957,0.747204696808463,0.4896010031823953,NORMAL
09:00:55,,,step_23,컨택홀_식각,IDLE,74.66961905090724,17.475402043222996,0.0742195320120957,0.747204696808463,0.4896010031823953,NORMAL
09:01:00,,,step_23,컨택홀_식각,IDLE,74.66961905090724,17.475402043222996,0.0742195320120957,0.747204696808463,0.4896010031823953,NORMAL
09:01:05,,,step_23,컨택홀_식각,IDLE,74.66961905090724,17.475402043222996,0.0742195320120957,0.747204696808463,0.4896010031823953,NORMAL
09:01:10,,,step_23,컨택홀_식각,IDLE,74.66961905090724,17.475402043222996,0.0742195320120957,0.747204696808463,0.4896010031823953,NORMAL
09:01:15,,,step_23,컨택홀_식각,IDLE,74.66961905090724,17.475402043222996,0.0742195320120957,0.747204696808463,0.4896010031823953,NORMAL
09:01:20,,,step_23,컨택홀_식각,IDLE,74.66961905090724,17.475402043222996,0.0742195320120957,0.747204696808463,0.4896010031823953,NORMAL
09:01:25,,,step_23,컨택홀_식각,IDLE,74.66961905090724,17.475402043222996,0.0742195320120957,0.747204696808463,0.4896010031823953,NORMAL
09:01:30,,,step_23,컨택홀_식각,IDLE,74.66961905090724,17.475402043222996,0.0742195320120957,0.747204696808463,0.4896010031823953,NORMAL
09:01:35,,,step_23,컨택홀_식각,IDLE,74.66961905090724,17.475402043222996,0.0742195320120957,0.747204696808463,0.4896010031823953,NORMAL
09:01:40,,,step_23,컨택홀_식각,IDLE,74.66961905090724,17.475402043222996,0.0742195320120957,0.747204696808463,0.4896010031823953,NORMAL
09:01:45,,,step_23,컨택홀_식각,IDLE,74.66961905090724,17.475402043222996,0.0742195320120957,0.747204696808463,0.4896010031823953,NORMAL
09:01:50,,,step_23,컨택홀_식각,IDLE,74.66961905090724,17.475402043222996,0.0742195320120957,0.747204696808463,0.4896010031823953,NORMAL
09:01:55,,,step_23,컨택홀_식각,IDLE,74.66961905090724,17.475402043222996,0.0742195320120957,0.747204696808463,0.4896010031823953,NORMAL
09:02:00,,,step_23,컨택홀_식각,IDLE,74.66961905090724,17.475402043222996,0.0742195320120957,0.747204696808463,0.4896010031823953,NORMAL
09:02:05,,,step_23,컨택홀_식각,IDLE,74.66961905090724,17.475402043222996,0.0742195320120957,0.747204696808463,0.4896010031823953,NORMAL
09:02:10,,,step_23,컨택홀_식각,IDLE,74.66961905090724,17.475402043222996,0.0742195320120957,0.747204696808463,0.4896010031823953,NORMAL
09:02:15,,,step_23,컨택홀_식각,IDLE,74.66961905090724,17.475402043222996,0.0742195320120957,0.747204696808463,0.4896010031823953,NORMAL
09:02:20,,,step_23,컨택홀_식각,IDLE,74.66961905090724,17.475402043222996,0.0742195320120957,0.747204696808463,0.4896010031823953,NORMAL
09:02:25,,,step_23,컨택홀_식각,IDLE,74.66961905090724,17.475402043222996,0.0742195320120957,0.747204696808463,0.4896010031823953,NORMAL
09:02:30,,,step_23,컨택홀_식각,IDLE,74.66961905090724,17.475402043222996,0.0742195320120957,0.747204696808463,0.4896010031823953,NORMAL
09:02:35,,,step_23,컨택홀_식각,IDLE,74.66961905090724,17.475402043222996,0.0742195320120957,0.747204696808463,0.4896010031823953,NORMAL
09:02:40,,,step_23,컨택홀_식각,IDLE,74.66961905090724,17.475402043222996,0.0742195320120957,0.747204696808463,0.4896010031823953,NORMAL
09:02:45,,,step_23,컨택홀_식각,IDLE,74.66961905090724,17.475402043222996,0.0742195320120957,0.747204696808463,0.4896010031823953,NORMAL
09:02:50,,,step_23,컨택홀_식각,IDLE,74.66961905090724,17.475402043222996,0.0742195320120957,0.747204696808463,0.4896010031823953,NORMAL
09:02:55,,,step_23,컨택홀_식각,IDLE,74.66961905090724,17.475402043222996,0.0742195320120957,0.747204696808463,0.4896010031823953,NORMAL
09:03:00,,,step_23,컨택홀_식각,IDLE,74.66961905090724,17.475402043222996,0.0742195320120957,0.747204696808463,0.4896010031823953,NORMAL
09:03:05,,,step_23,컨택홀_식각,IDLE,74.66961905090724,17.475402043222996,0.0742195320120957,0.747204696808463,0.4896010031823953,NORMAL
09:03:10,,,step_23,컨택홀_식각,IDLE,74.66961905090724,17.475402043222996,0.0742195320120957,0.747204696808463,0.4896010031823953,NORMAL
09:03:15,,,step_23,컨택홀_식각,IDLE,74.66961905090724,17.475402043222996,0.0742195320120957,0.747204696808463,0.4896010031823953,NORMAL
09:03:20,,,step_23,컨택홀_식각,IDLE,74.66961905090724,17.475402043222996,0.0742195320120957,0.747204696808463,0.4896010031823953,NORMAL
09:03:25,,,step_23,컨택홀_식각,IDLE,74.66961905090724,17.475402043222996,0.0742195320120957,0.747204696808463,0.4896010031823953,NORMAL
09:03:30,,,step_23,컨택홀_식각,IDLE,74.66961905090724,17.475402043222996,0.0742195320120957,0.747204696808463,0.4896010031823953,NORMAL
09:03:35,,,step_23,컨택홀_식각,IDLE,74.66961905090724,17.475402043222996,0.0742195320120957,0.747204696808463,0.4896010031823953,NORMAL
09:03:40,,,step_23,컨택홀_식각,IDLE,74.66961905090724,17.475402043222996,0.0742195320120957,0.747204696808463,0.4896010031823953,NORMAL
09:03:45,,,step_23,컨택홀_식각,IDLE,74.66961905090724,17.475402043222996,0.0742195320120957,0.747204696808463,0.4896010031823953,NORMAL
09:03:50,,,step_23,컨택홀_식각,IDLE,74.66961905090724,17.475402043222996,0.0742195320120957,0.747204696808463,0.4896010031823953,NORMAL
09:03:55,,,step_23,컨택홀_식각,IDLE,74.66961905090724,17.475402043222996,0.0742195320120957,0.747204696808463,0.4896010031823953,NORMAL
09:04:00,,,step_23,컨택홀_식각,IDLE,74.66961905090724,17.475402043222996,0.0742195320120957,0.747204696808463,0.4896010031823953,NORMAL
09:04:05,,,step_23,컨택홀_식각,IDLE,74.66961905090724,17.475402043222996,0.0742195320120957,0.747204696808463,0.4896010031823953,NORMAL
09:04:10,,,step_23,컨택홀_식각,IDLE,74.66961905090724,17.475402043222996,0.0742195320120957,0.747204696808463,0.4896010031823953,NORMAL
09:04:15,,,step_23,컨택홀_식각,IDLE,74.66961905090724,17.475402043222996,0.0742195320120957,0.747204696808463,0.4896010031823953,NORMAL
09:04:20,,,step_23,컨택홀_식각,IDLE,74.66961905090724,17.475402043222996,0.0742195320120957,0.747204696808463,0.4896010031823953,NORMAL
09:04:25,,,step_23,컨택홀_식각,IDLE,74.66961905090724,17.475402043222996,0.0742195320120957,0.747204696808463,0.4896010031823953,NORMAL
09:04:30,,,step_23,컨택홀_식각,IDLE,74.66961905090724,17.475402043222996,0.0742195320120957,0.747204696808463,0.4896010031823953,NORMAL
09:04:35,,,step_23,컨택홀_식각,IDLE,74.66961905090724,17.475402043222996,0.0742195320120957,0.747204696808463,0.4896010031823953,NORMAL
09:04:40,,,step_23,컨택홀_식각,IDLE,74.66961905090724,17.475402043222996,0.0742195320120957,0.747204696808463,0.4896010031823953,NORMAL
09:04:45,,,step_23,컨택홀_식각,IDLE,74.66961905090724,17.475402043222996,0.0742195320120957,0.747204696808463,0.4896010031823953,NORMAL
09:04:50,,,step_23,컨택홀_식각,IDLE,74.66961905090724,17.475402043222996,0.0742195320120957,0.747204696808463,0.4896010031823953,NORMAL
09:04:55,,,step_23,컨택홀_식각,IDLE,74.66961905090724,17.475402043222996,0.0742195320120957,0.747204696808463,0.4896010031823953,NORMAL
09:05:00,,,step_23,컨택홀_식각,IDLE,74.66961905090724,17.475402043222996,0.0742195320120957,0.747204696808463,0.4896010031823953,NORMAL
09:05:05,,,step_23,컨택홀_식각,IDLE,74.66961905090724,17.475402043222996,0.0742195320120957,0.747204696808463,0.4896010031823953,NORMAL
09:05:10,,,step_23,컨택홀_식각,IDLE,74.66961905090724,17.475402043222996,0.0742195320120957,0.747204696808463,0.4896010031823953,NORMAL
09:05:15,,,step_23,컨택홀_식각,IDLE,74.66961905090724,17.475402043222996,0.0742195320120957,0.747204696808463,0.4896010031823953,NORMAL
09:05:20,,,step_23,컨택홀_식각,IDLE,74.66961905090724,17.475402043222996,0.0742195320120957,0.747204696808463,0.4896010031823953,NORMAL
09:05:25,,,step_23,컨택홀_식각,IDLE,74.66961905090724,17.475402043222996,0.0742195320120957,0.747204696808463,0.4896010031823953,NORMAL
09:05:30,,,step_23,컨택홀_식각,IDLE,74.66961905090724,17.475402043222996,0.0742195320120957,0.747204696808463,0.4896010031823953,NORMAL
09:05:35,,,step_23,컨택홀_식각,IDLE,74.66961905090724,17.475402043222996,0.0742195320120957,0.747204696808463,0.4896010031823953,NORMAL
09:05:40,,,step_23,컨택홀_식각,IDLE,74.66961905090724,17.475402043222996,0.0742195320120957,0.747204696808463,0.4896010031823953,NORMAL
09:05:45,,,step_23,컨택홀_식각,IDLE,74.66961905090724,17.475402043222996,0.0742195320120957,0.747204696808463,0.4896010031823953,NORMAL
09:05:50,,,step_23,컨택홀_식각,IDLE,74.66961905090724,17.475402043222996,0.0742195320120957,0.747204696808463,0.4896010031823953,NORMAL
09:05:55,,,step_23,컨택홀_식각,IDLE,74.66961905090724,17.475402043222996,0.0742195320120957,0.747204696808463,0.4896010031823953,NORMAL
09:06:00,,,step_23,컨택홀_식각,IDLE,74.66961905090724,17.475402043222996,0.0742195320120957,0.747204696808463,0.4896010031823953,NORMAL
09:06:05,,,step_23,컨택홀_식각,IDLE,74.66961905090724,17.475402043222996,0.0742195320120957,0.747204696808463,0.4896010031823953,NORMAL
09:06:10,,,step_23,컨택홀_식각,IDLE,74.66961905090724,17.475402043222996,0.0742195320120957,0.747204696808463,0.4896010031823953,NORMAL
09:06:15,,,step_23,컨택홀_식각,IDLE,74.66961905090724,17.475402043222996,0.0742195320120957,0.747204696808463,0.4896010031823953,NORMAL
09:06:20,,,step_23,컨택홀_식각,IDLE,74.66961905090724,17.475402043222996,0.0742195320120957,0.747204696808463,0.4896010031823953,NORMAL
09:06:25,,,step_23,컨택홀_식각,IDLE,74.66961905090724,17.475402043222996,0.0742195320120957,0.747204696808463,0.4896010031823953,NORMAL
09:06:30,,,step_23,컨택홀_식각,IDLE,74.66961905090724,17.475402043222996,0.0742195320120957,0.747204696808463,0.4896010031823953,NORMAL
09:06:35,,,step_23,컨택홀_식각,IDLE,74.66961905090724,17.475402043222996,0.0742195320120957,0.747204696808463,0.4896010031823953,NORMAL
09:06:40,,,step_23,컨택홀_식각,IDLE,74.66961905090724,17.475402043222996,0.0742195320120957,0.747204696808463,0.4896010031823953,NORMAL
09:06:45,,,step_23,컨택홀_식각,IDLE,74.66961905090724,17.475402043222996,0.0742195320120957,0.747204696808463,0.4896010031823953,NORMAL
09:06:50,,,step_23,컨택홀_식각,IDLE,74.66961905090724,17.475402043222996,0.0742195320120957,0.747204696808463,0.4896010031823953,NORMAL
09:06:55,,,step_23,컨택홀_식각,IDLE,74.66961905090724,17.475402043222996,0.0742195320120957,0.747204696808463,0.4896010031823953,NORMAL
09:07:00,,,step_23,컨택홀_식각,IDLE,74.66961905090724,17.475402043222996,0.0742195320120957,0.747204696808463,0.4896010031823953,NORMAL
09:07:05,,,step_23,컨택홀_식각,IDLE,74.66961905090724,17.475402043222996,0.0742195320120957,0.747204696808463,0.4896010031823953,NORMAL
09:07:10,,,step_23,컨택홀_식각,IDLE,74.66961905090724,17.475402043222996,0.0742195320120957,0.747204696808463,0.4896010031823953,NORMAL
09:07:15,,,step_23,컨택홀_식각,IDLE,74.66961905090724,17.475402043222996,0.0742195320120957,0.747204696808463,0.4896010031823953,NORMAL
09:07:20,,,step_23,컨택홀_식각,IDLE,74.66961905090724,17.475402043222996,0.0742195320120957,0.747204696808463,0.4896010031823953,NORMAL
09:07:25,,,step_23,컨택홀_식각,IDLE,74.66961905090724,17.475402043222996,0.0742195320120957,0.747204696808463,0.4896010031823953,NORMAL
09:07:30,,,step_23,컨택홀_식각,IDLE,74.66961905090724,17.475402043222996,0.0742195320120957,0.747204696808463,0.4896010031823953,NORMAL
09:07:35,,,step_23,컨택홀_식각,IDLE,74.66961905090724,17.475402043222996,0.0742195320120957,0.747204696808463,0.4896010031823953,NORMAL
09:07:40,,,step_23,컨택홀_식각,IDLE,74.66961905090724,17.475402043222996,0.0742195320120957,0.747204696808463,0.4896010031823953,NORMAL
09:07:45,,,step_23,컨택홀_식각,IDLE,74.66961905090724,17.475402043222996,0.0742195320120957,0.747204696808463,0.4896010031823953,NORMAL
09:07:50,,,step_23,컨택홀_식각,IDLE,74.66961905090724,17.475402043222996,0.0742195320120957,0.747204696808463,0.4896010031823953,NORMAL
09:07:55,,,step_23,컨택홀_식각,IDLE,74.66961905090724,17.475402043222996,0.0742195320120957,0.747204696808463,0.4896010031823953,NORMAL
09:08:00,,,step_23,컨택홀_식각,IDLE,74.66961905090724,17.475402043222996,0.0742195320120957,0.747204696808463,0.4896010031823953,NORMAL
09:08:05,,,step_23,컨택홀_식각,IDLE,74.66961905090724,17.475402043222996,0.0742195320120957,0.747204696808463,0.4896010031823953,NORMAL
09:08:10,,,step_23,컨택홀_식각,IDLE,74.66961905090724,17.475402043222996,0.0742195320120957,0.747204696808463,0.4896010031823953,NORMAL
09:08:15,,,step_23,컨택홀_식각,IDLE,74.66961905090724,17.475402043222996,0.0742195320120957,0.747204696808463,0.4896010031823953,NORMAL
09:08:20,,,step_23,컨택홀_식각,IDLE,74.66961905090724,17.475402043222996,0.0742195320120957,0.747204696808463,0.4896010031823953,NORMAL
09:08:25,,,step_23,컨택홀_식각,IDLE,74.66961905090724,17.475402043222996,0.0742195320120957,0.747204696808463,0.4896010031823953,NORMAL
09:08:30,,,step_23,컨택홀_식각,IDLE,74.66961905090724,17.475402043222996,0.0742195320120957,0.747204696808463,0.4896010031823953,NORMAL
09:08:35,,,step_23,컨택홀_식각,IDLE,74.66961905090724,17.475402043222996,0.0742195320120957,0.747204696808463,0.4896010031823953,NORMAL
09:08:40,,,step_23,컨택홀_식각,IDLE,74.66961905090724,17.475402043222996,0.0742195320120957,0.747204696808463,0.4896010031823953,NORMAL
09:08:45,,,step_23,컨택홀_식각,IDLE,74.66961905090724,17.475402043222996,0.0742195320120957,0.747204696808463,0.4896010031823953,NORMAL
09:08:50,,,step_23,컨택홀_식각,IDLE,74.66961905090724,17.475402043222996,0.0742195320120957,0.747204696808463,0.4896010031823953,NORMAL
09:08:55,,,step_23,컨택홀_식각,IDLE,74.66961905090724,17.475402043222996,0.0742195320120957,0.747204696808463,0.4896010031823953,NORMAL
09:09:00,,,step_23,컨택홀_식각,IDLE,74.66961905090724,17.475402043222996,0.0742195320120957,0.747204696808463,0.4896010031823953,NORMAL
09:09:05,,,step_23,컨택홀_식각,IDLE,74.66961905090724,17.475402043222996,0.0742195320120957,0.747204696808463,0.4896010031823953,NORMAL
09:09:10,,,step_23,컨택홀_식각,IDLE,74.66961905090724,17.475402043222996,0.0742195320120957,0.747204696808463,0.4896010031823953,NORMAL
09:09:15,,,step_23,컨택홀_식각,IDLE,74.66961905090724,17.475402043222996,0.0742195320120957,0.747204696808463,0.4896010031823953,NORMAL
09:09:20,,,step_23,컨택홀_식각,IDLE,74.66961905090724,17.475402043222996,0.0742195320120957,0.747204696808463,0.4896010031823953,NORMAL
09:09:25,,,step_23,컨택홀_식각,IDLE,74.66961905090724,17.475402043222996,0.0742195320120957,0.747204696808463,0.4896010031823953,NORMAL
09:09:30,,,step_23,컨택홀_식각,IDLE,74.66961905090724,17.475402043222996,0.0742195320120957,0.747204696808463,0.4896010031823953,NORMAL
09:09:35,,,step_23,컨택홀_식각,IDLE,74.66961905090724,17.475402043222996,0.0742195320120957,0.747204696808463,0.4896010031823953,NORMAL
09:09:40,,,step_23,컨택홀_식각,IDLE,74.66961905090724,17.475402043222996,0.0742195320120957,0.747204696808463,0.4896010031823953,NORMAL
09:09:45,,,step_23,컨택홀_식각,IDLE,74.66961905090724,17.475402043222996,0.0742195320120957,0.747204696808463,0.4896010031823953,NORMAL
09:09:50,,,step_23,컨택홀_식각,IDLE,74.66961905090724,17.475402043222996,0.0742195320120957,0.747204696808463,0.4896010031823953,NORMAL
09:09:55,,,step_23,컨택홀_식각,IDLE,74.66961905090724,17.475402043222996,0.0742195320120957,0.747204696808463,0.4896010031823953,NORMAL
09:10:00,,,step_23,컨택홀_식각,IDLE,74.66961905090724,17.475402043222996,0.0742195320120957,0.747204696808463,0.4896010031823953,NORMAL
09:10:05,,,step_23,컨택홀_식각,IDLE,74.66961905090724,17.475402043222996,0.0742195320120957,0.747204696808463,0.4896010031823953,NORMAL
09:10:10,,,step_23,컨택홀_식각,IDLE,74.66961905090724,17.475402043222996,0.0742195320120957,0.747204696808463,0.4896010031823953,NORMAL
09:10:15,,,step_23,컨택홀_식각,IDLE,74.66961905090724,17.475402043222996,0.0742195320120957,0.747204696808463,0.4896010031823953,NORMAL
09:10:20,,,step_23,컨택홀_식각,IDLE,74.66961905090724,17.475402043222996,0.0742195320120957,0.747204696808463,0.4896010031823953,NORMAL
09:10:25,,,step_23,컨택홀_식각,IDLE,74.66961905090724,17.475402043222996,0.0742195320120957,0.747204696808463,0.4896010031823953,NORMAL
09:10:30,,,step_23,컨택홀_식각,IDLE,74.66961905090724,17.475402043222996,0.0742195320120957,0.747204696808463,0.4896010031823953,NORMAL
09:10:35,,,step_23,컨택홀_식각,IDLE,74.66961905090724,17.475402043222996,0.0742195320120957,0.747204696808463,0.4896010031823953,NORMAL
09:10:40,,,step_23,컨택홀_식각,IDLE,74.66961905090724,17.475402043222996,0.0742195320120957,0.747204696808463,0.4896010031823953,NORMAL
09:10:45,,,step_23,컨택홀_식각,IDLE,74.66961905090724,17.475402043222996,0.0742195320120957,0.747204696808463,0.4896010031823953,NORMAL
09:10:50,,,step_23,컨택홀_식각,IDLE,74.66961905090724,17.475402043222996,0.0742195320120957,0.747204696808463,0.4896010031823953,NORMAL
09:10:55,,,step_23,컨택홀_식각,IDLE,74.66961905090724,17.475402043222996,0.0742195320120957,0.747204696808463,0.4896010031823953,NORMAL
09:11:00,,,step_23,컨택홀_식각,IDLE,74.66961905090724,17.475402043222996,0.0742195320120957,0.747204696808463,0.4896010031823953,NORMAL
09:11:05,,,step_23,컨택홀_식각,IDLE,74.66961905090724,17.475402043222996,0.0742195320120957,0.747204696808463,0.4896010031823953,NORMAL
09:11:10,,,step_23,컨택홀_식각,IDLE,74.66961905090724,17.475402043222996,0.0742195320120957,0.747204696808463,0.4896010031823953,NORMAL
09:11:15,,,step_23,컨택홀_식각,IDLE,74.66961905090724,17.475402043222996,0.0742195320120957,0.747204696808463,0.4896010031823953,NORMAL
09:11:20,,,step_23,컨택홀_식각,IDLE,74.66961905090724,17.475402043222996,0.0742195320120957,0.747204696808463,0.4896010031823953,NORMAL
09:11:25,,,step_23,컨택홀_식각,IDLE,74.66961905090724,17.475402043222996,0.0742195320120957,0.747204696808463,0.4896010031823953,NORMAL
09:11:30,,,step_23,컨택홀_식각,IDLE,74.66961905090724,17.475402043222996,0.0742195320120957,0.747204696808463,0.4896010031823953,NORMAL
09:11:35,,,step_23,컨택홀_식각,IDLE,74.66961905090724,17.475402043222996,0.0742195320120957,0.747204696808463,0.4896010031823953,NORMAL
09:11:40,,,step_23,컨택홀_식각,IDLE,74.66961905090724,17.475402043222996,0.0742195320120957,0.747204696808463,0.4896010031823953,NORMAL
09:11:45,,,step_23,컨택홀_식각,IDLE,74.66961905090724,17.475402043222996,0.0742195320120957,0.747204696808463,0.4896010031823953,NORMAL
09:11:50,,,step_23,컨택홀_식각,IDLE,74.66961905090724,17.475402043222996,0.0742195320120957,0.747204696808463,0.4896010031823953,NORMAL
09:11:55,,,step_23,컨택홀_식각,IDLE,74.66961905090724,17.475402043222996,0.0742195320120957,0.747204696808463,0.4896010031823953,NORMAL
09:12:00,,,step_23,컨택홀_식각,IDLE,74.66961905090724,17.475402043222996,0.0742195320120957,0.747204696808463,0.4896010031823953,NORMAL
09:12:05,,,step_23,컨택홀_식각,IDLE,74.66961905090724,17.475402043222996,0.0742195320120957,0.747204696808463,0.4896010031823953,NORMAL
09:12:10,,,step_23,컨택홀_식각,IDLE,74.66961905090724,17.475402043222996,0.0742195320120957,0.747204696808463,0.4896010031823953,NORMAL
09:12:15,,,step_23,컨택홀_식각,IDLE,74.66961905090724,17.475402043222996,0.0742195320120957,0.747204696808463,0.4896010031823953,NORMAL
09:12:20,,,step_23,컨택홀_식각,IDLE,74.66961905090724,17.475402043222996,0.0742195320120957,0.747204696808463,0.4896010031823953,NORMAL
09:12:25,,,step_23,컨택홀_식각,IDLE,74.66961905090724,17.475402043222996,0.0742195320120957,0.747204696808463,0.4896010031823953,NORMAL
09:12:30,,,step_23,컨택홀_식각,IDLE,74.66961905090724,17.475402043222996,0.0742195320120957,0.747204696808463,0.4896010031823953,NORMAL
09:12:35,,,step_23,컨택홀_식각,IDLE,74.66961905090724,17.475402043222996,0.0742195320120957,0.747204696808463,0.4896010031823953,NORMAL
09:12:40,,,step_23,컨택홀_식각,IDLE,74.66961905090724,17.475402043222996,0.0742195320120957,0.747204696808463,0.4896010031823953,NORMAL
09:12:45,,,step_23,컨택홀_식각,IDLE,74.66961905090724,17.475402043222996,0.0742195320120957,0.747204696808463,0.4896010031823953,NORMAL
09:12:50,,,step_23,컨택홀_식각,IDLE,74.66961905090724,17.475402043222996,0.0742195320120957,0.747204696808463,0.4896010031823953,NORMAL
09:12:55,,,step_23,컨택홀_식각,IDLE,74.66961905090724,17.475402043222996,0.0742195320120957,0.747204696808463,0.4896010031823953,NORMAL
09:13:00,,,step_23,컨택홀_식각,IDLE,74.66961905090724,17.475402043222996,0.0742195320120957,0.747204696808463,0.4896010031823953,NORMAL
09:13:05,,,step_23,컨택홀_식각,IDLE,74.66961905090724,17.475402043222996,0.0742195320120957,0.747204696808463,0.4896010031823953,NORMAL
09:13:10,,,step_23,컨택홀_식각,IDLE,74.66961905090724,17.475402043222996,0.0742195320120957,0.747204696808463,0.4896010031823953,NORMAL
09:13:15,,,step_23,컨택홀_식각,IDLE,74.66961905090724,17.475402043222996,0.0742195320120957,0.747204696808463,0.4896010031823953,NORMAL
09:13:20,,,step_23,컨택홀_식각,IDLE,74.66961905090724,17.475402043222996,0.0742195320120957,0.747204696808463,0.4896010031823953,NORMAL
09:13:25,,,step_23,컨택홀_식각,IDLE,74.66961905090724,17.475402043222996,0.0742195320120957,0.747204696808463,0.4896010031823953,NORMAL
09:13:30,,,step_23,컨택홀_식각,IDLE,74.66961905090724,17.475402043222996,0.0742195320120957,0.747204696808463,0.4896010031823953,NORMAL
09:13:35,,,step_23,컨택홀_식각,IDLE,74.66961905090724,17.475402043222996,0.0742195320120957,0.747204696808463,0.4896010031823953,NORMAL
09:13:40,,,step_23,컨택홀_식각,IDLE,74.66961905090724,17.475402043222996,0.0742195320120957,0.747204696808463,0.4896010031823953,NORMAL
09:13:45,,,step_23,컨택홀_식각,IDLE,74.66961905090724,17.475402043222996,0.0742195320120957,0.747204696808463,0.4896010031823953,NORMAL
09:13:50,,,step_23,컨택홀_식각,IDLE,74.66961905090724,17.475402043222996,0.0742195320120957,0.747204696808463,0.4896010031823953,NORMAL
09:13:55,,,step_23,컨택홀_식각,IDLE,74.66961905090724,17.475402043222996,0.0742195320120957,0.747204696808463,0.4896010031823953,NORMAL
09:14:00,,,step_23,컨택홀_식각,IDLE,74.66961905090724,17.475402043222996,0.0742195320120957,0.747204696808463,0.4896010031823953,NORMAL
09:14:05,,,step_23,컨택홀_식각,IDLE,74.66961905090724,17.475402043222996,0.0742195320120957,0.747204696808463,0.4896010031823953,NORMAL
09:14:10,,,step_23,컨택홀_식각,IDLE,74.66961905090724,17.475402043222996,0.0742195320120957,0.747204696808463,0.4896010031823953,NORMAL
09:14:15,,,step_23,컨택홀_식각,IDLE,74.66961905090724,17.475402043222996,0.0742195320120957,0.747204696808463,0.4896010031823953,NORMAL
09:14:20,,,step_23,컨택홀_식각,IDLE,74.66961905090724,17.475402043222996,0.0742195320120957,0.747204696808463,0.4896010031823953,NORMAL
09:14:25,,,step_23,컨택홀_식각,IDLE,74.66961905090724,17.475402043222996,0.0742195320120957,0.747204696808463,0.4896010031823953,NORMAL
09:14:30,,,step_23,컨택홀_식각,IDLE,74.66961905090724,17.475402043222996,0.0742195320120957,0.747204696808463,0.4896010031823953,NORMAL
09:14:35,,,step_23,컨택홀_식각,IDLE,74.66961905090724,17.475402043222996,0.0742195320120957,0.747204696808463,0.4896010031823953,NORMAL
09:14:40,,,step_23,컨택홀_식각,IDLE,74.66961905090724,17.475402043222996,0.0742195320120957,0.747204696808463,0.4896010031823953,NORMAL
09:14:45,,,step_23,컨택홀_식각,IDLE,74.66961905090724,17.475402043222996,0.0742195320120957,0.747204696808463,0.4896010031823953,NORMAL
09:14:50,,,step_23,컨택홀_식각,IDLE,74.66961905090724,17.475402043222996,0.0742195320120957,0.747204696808463,0.4896010031823953,NORMAL
09:14:55,,,step_23,컨택홀_식각,IDLE,74.66961905090724,17.475402043222996,0.0742195320120957,0.747204696808463,0.4896010031823953,NORMAL
09:15:00,,,step_23,컨택홀_식각,IDLE,74.66961905090724,17.475402043222996,0.0742195320120957,0.747204696808463,0.4896010031823953,NORMAL
09:15:05,,,step_23,컨택홀_식각,IDLE,74.66961905090724,17.475402043222996,0.0742195320120957,0.747204696808463,0.4896010031823953,NORMAL
09:15:10,,,step_23,컨택홀_식각,IDLE,74.66961905090724,17.475402043222996,0.0742195320120957,0.747204696808463,0.4896010031823953,NORMAL
09:15:15,,,step_23,컨택홀_식각,IDLE,74.66961905090724,17.475402043222996,0.0742195320120957,0.747204696808463,0.4896010031823953,NORMAL
09:15:20,,,step_23,컨택홀_식각,IDLE,74.66961905090724,17.475402043222996,0.0742195320120957,0.747204696808463,0.4896010031823953,NORMAL
09:15:25,,,step_23,컨택홀_식각,IDLE,74.66961905090724,17.475402043222996,0.0742195320120957,0.747204696808463,0.4896010031823953,NORMAL
09:15:30,,,step_23,컨택홀_식각,IDLE,74.66961905090724,17.475402043222996,0.0742195320120957,0.747204696808463,0.4896010031823953,NORMAL
09:15:35,,,step_23,컨택홀_식각,IDLE,74.66961905090724,17.475402043222996,0.0742195320120957,0.747204696808463,0.4896010031823953,NORMAL
09:15:40,,,step_23,컨택홀_식각,IDLE,74.66961905090724,17.475402043222996,0.0742195320120957,0.747204696808463,0.4896010031823953,NORMAL
09:15:45,,,step_23,컨택홀_식각,IDLE,74.66961905090724,17.475402043222996,0.0742195320120957,0.747204696808463,0.4896010031823953,NORMAL
09:15:50,,,step_23,컨택홀_식각,IDLE,74.66961905090724,17.475402043222996,0.0742195320120957,0.747204696808463,0.4896010031823953,NORMAL
09:15:55,,,step_23,컨택홀_식각,IDLE,74.66961905090724,17.475402043222996,0.0742195320120957,0.747204696808463,0.4896010031823953,NORMAL
09:16:00,,,step_23,컨택홀_식각,IDLE,74.66961905090724,17.475402043222996,0.0742195320120957,0.747204696808463,0.4896010031823953,NORMAL
09:16:05,,,step_23,컨택홀_식각,IDLE,74.66961905090724,17.475402043222996,0.0742195320120957,0.747204696808463,0.4896010031823953,NORMAL
09:16:10,,,step_23,컨택홀_식각,IDLE,74.66961905090724,17.475402043222996,0.0742195320120957,0.747204696808463,0.4896010031823953,NORMAL
09:16:15,,,step_23,컨택홀_식각,IDLE,74.66961905090724,17.475402043222996,0.0742195320120957,0.747204696808463,0.4896010031823953,NORMAL
09:16:20,,,step_23,컨택홀_식각,IDLE,74.66961905090724,17.475402043222996,0.0742195320120957,0.747204696808463,0.4896010031823953,NORMAL
09:16:25,,,step_23,컨택홀_식각,IDLE,74.66961905090724,17.475402043222996,0.0742195320120957,0.747204696808463,0.4896010031823953,NORMAL
09:16:30,,,step_23,컨택홀_식각,IDLE,74.66961905090724,17.475402043222996,0.0742195320120957,0.747204696808463,0.4896010031823953,NORMAL
09:16:35,,,step_23,컨택홀_식각,IDLE,74.66961905090724,17.475402043222996,0.0742195320120957,0.747204696808463,0.4896010031823953,NORMAL
09:16:40,,,step_23,컨택홀_식각,IDLE,74.66961905090724,17.475402043222996,0.0742195320120957,0.747204696808463,0.4896010031823953,NORMAL
09:16:45,,,step_23,컨택홀_식각,IDLE,74.66961905090724,17.475402043222996,0.0742195320120957,0.747204696808463,0.4896010031823953,NORMAL
09:16:50,,,step_23,컨택홀_식각,IDLE,74.66961905090724,17.475402043222996,0.0742195320120957,0.747204696808463,0.4896010031823953,NORMAL
09:16:55,,,step_23,컨택홀_식각,IDLE,74.66961905090724,17.475402043222996,0.0742195320120957,0.747204696808463,0.4896010031823953,NORMAL
09:17:00,,,step_23,컨택홀_식각,IDLE,74.66961905090724,17.475402043222996,0.0742195320120957,0.747204696808463,0.4896010031823953,NORMAL
09:17:05,,,step_23,컨택홀_식각,IDLE,74.66961905090724,17.475402043222996,0.0742195320120957,0.747204696808463,0.4896010031823953,NORMAL
09:17:10,,,step_23,컨택홀_식각,IDLE,74.66961905090724,17.475402043222996,0.0742195320120957,0.747204696808463,0.4896010031823953,NORMAL
09:17:15,,,step_23,컨택홀_식각,IDLE,74.66961905090724,17.475402043222996,0.0742195320120957,0.747204696808463,0.4896010031823953,NORMAL
09:17:20,,,step_23,컨택홀_식각,IDLE,74.66961905090724,17.475402043222996,0.0742195320120957,0.747204696808463,0.4896010031823953,NORMAL
09:17:25,,,step_23,컨택홀_식각,IDLE,74.66961905090724,17.475402043222996,0.0742195320120957,0.747204696808463,0.4896010031823953,NORMAL
09:17:30,,,step_23,컨택홀_식각,IDLE,74.66961905090724,17.475402043222996,0.0742195320120957,0.747204696808463,0.4896010031823953,NORMAL
09:17:35,,,step_23,컨택홀_식각,IDLE,74.66961905090724,17.475402043222996,0.0742195320120957,0.747204696808463,0.4896010031823953,NORMAL
09:17:40,,,step_23,컨택홀_식각,IDLE,74.66961905090724,17.475402043222996,0.0742195320120957,0.747204696808463,0.4896010031823953,NORMAL
09:17:45,,,step_23,컨택홀_식각,IDLE,74.66961905090724,17.475402043222996,0.0742195320120957,0.747204696808463,0.4896010031823953,NORMAL
09:17:50,,,step_23,컨택홀_식각,IDLE,74.66961905090724,17.475402043222996,0.0742195320120957,0.747204696808463,0.4896010031823953,NORMAL
09:17:55,,,step_23,컨택홀_식각,IDLE,74.66961905090724,17.475402043222996,0.0742195320120957,0.747204696808463,0.4896010031823953,NORMAL
09:18:00,,,step_23,컨택홀_식각,IDLE,74.66961905090724,17.475402043222996,0.0742195320120957,0.747204696808463,0.4896010031823953,NORMAL
09:18:05,,,step_23,컨택홀_식각,IDLE,74.66961905090724,17.475402043222996,0.0742195320120957,0.747204696808463,0.4896010031823953,NORMAL
09:18:10,,,step_23,컨택홀_식각,IDLE,74.66961905090724,17.475402043222996,0.0742195320120957,0.747204696808463,0.4896010031823953,NORMAL
09:18:15,,,step_23,컨택홀_식각,IDLE,74.66961905090724,17.475402043222996,0.0742195320120957,0.747204696808463,0.4896010031823953,NORMAL
09:18:20,,,step_23,컨택홀_식각,IDLE,74.66961905090724,17.475402043222996,0.0742195320120957,0.747204696808463,0.4896010031823953,NORMAL
09:18:25,,,step_23,컨택홀_식각,IDLE,74.66961905090724,17.475402043222996,0.0742195320120957,0.747204696808463,0.4896010031823953,NORMAL
09:18:30,,,step_23,컨택홀_식각,IDLE,74.66961905090724,17.475402043222996,0.0742195320120957,0.747204696808463,0.4896010031823953,NORMAL
09:18:35,,,step_23,컨택홀_식각,IDLE,74.66961905090724,17.475402043222996,0.0742195320120957,0.747204696808463,0.4896010031823953,NORMAL
09:18:40,,,step_23,컨택홀_식각,IDLE,74.66961905090724,17.475402043222996,0.0742195320120957,0.747204696808463,0.4896010031823953,NORMAL
09:18:45,,,step_23,컨택홀_식각,IDLE,74.66961905090724,17.475402043222996,0.0742195320120957,0.747204696808463,0.4896010031823953,NORMAL
09:18:50,,,step_23,컨택홀_식각,IDLE,74.66961905090724,17.475402043222996,0.0742195320120957,0.747204696808463,0.4896010031823953,NORMAL
09:18:55,,,step_23,컨택홀_식각,IDLE,74.66961905090724,17.475402043222996,0.0742195320120957,0.747204696808463,0.4896010031823953,NORMAL
09:19:00,,,step_23,컨택홀_식각,IDLE,74.66961905090724,17.475402043222996,0.0742195320120957,0.747204696808463,0.4896010031823953,NORMAL
09:19:05,,,step_23,컨택홀_식각,IDLE,74.66961905090724,17.475402043222996,0.0742195320120957,0.747204696808463,0.4896010031823953,NORMAL
09:19:10,,,step_23,컨택홀_식각,IDLE,74.66961905090724,17.475402043222996,0.0742195320120957,0.747204696808463,0.4896010031823953,NORMAL
09:19:15,,,step_23,컨택홀_식각,IDLE,74.66961905090724,17.475402043222996,0.0742195320120957,0.747204696808463,0.4896010031823953,NORMAL
09:19:20,,,step_23,컨택홀_식각,IDLE,74.66961905090724,17.475402043222996,0.0742195320120957,0.747204696808463,0.4896010031823953,NORMAL
09:19:25,,,step_23,컨택홀_식각,IDLE,74.66961905090724,17.475402043222996,0.0742195320120957,0.747204696808463,0.4896010031823953,NORMAL
09:19:30,,,step_23,컨택홀_식각,IDLE,74.66961905090724,17.475402043222996,0.0742195320120957,0.747204696808463,0.4896010031823953,NORMAL
09:19:35,,,step_23,컨택홀_식각,IDLE,74.66961905090724,17.475402043222996,0.0742195320120957,0.747204696808463,0.4896010031823953,NORMAL
09:19:40,,,step_23,컨택홀_식각,IDLE,74.66961905090724,17.475402043222996,0.0742195320120957,0.747204696808463,0.4896010031823953,NORMAL
09:19:45,,,step_23,컨택홀_식각,IDLE,74.66961905090724,17.475402043222996,0.0742195320120957,0.747204696808463,0.4896010031823953,NORMAL
09:19:50,,,step_23,컨택홀_식각,IDLE,74.66961905090724,17.475402043222996,0.0742195320120957,0.747204696808463,0.4896010031823953,NORMAL
09:19:55,,,step_23,컨택홀_식각,IDLE,74.66961905090724,17.475402043222996,0.0742195320120957,0.747204696808463,0.4896010031823953,NORMAL
09:20:00,,,step_23,컨택홀_식각,IDLE,74.66961905090724,17.475402043222996,0.0742195320120957,0.747204696808463,0.4896010031823953,NORMAL
09:20:05,,,step_23,컨택홀_식각,IDLE,74.66961905090724,17.475402043222996,0.0742195320120957,0.747204696808463,0.4896010031823953,NORMAL
09:20:10,,,step_23,컨택홀_식각,IDLE,74.66961905090724,17.475402043222996,0.0742195320120957,0.747204696808463,0.4896010031823953,NORMAL
09:20:15,,,step_23,컨택홀_식각,IDLE,74.66961905090724,17.475402043222996,0.0742195320120957,0.747204696808463,0.4896010031823953,NORMAL
09:20:20,,,step_23,컨택홀_식각,IDLE,74.66961905090724,17.475402043222996,0.0742195320120957,0.747204696808463,0.4896010031823953,NORMAL
09:20:25,,,step_23,컨택홀_식각,IDLE,74.66961905090724,17.475402043222996,0.0742195320120957,0.747204696808463,0.4896010031823953,NORMAL
09:20:30,,,step_23,컨택홀_식각,IDLE,74.66961905090724,17.475402043222996,0.0742195320120957,0.747204696808463,0.4896010031823953,NORMAL
09:20:35,,,step_23,컨택홀_식각,IDLE,74.66961905090724,17.475402043222996,0.0742195320120957,0.747204696808463,0.4896010031823953,NORMAL
09:20:40,,,step_23,컨택홀_식각,IDLE,74.66961905090724,17.475402043222996,0.0742195320120957,0.747204696808463,0.4896010031823953,NORMAL
09:20:45,,,step_23,컨택홀_식각,IDLE,74.66961905090724,17.475402043222996,0.0742195320120957,0.747204696808463,0.4896010031823953,NORMAL
09:20:50,,,step_23,컨택홀_식각,IDLE,74.66961905090724,17.475402043222996,0.0742195320120957,0.747204696808463,0.4896010031823953,NORMAL
09:20:55,,,step_23,컨택홀_식각,IDLE,74.66961905090724,17.475402043222996,0.0742195320120957,0.747204696808463,0.4896010031823953,NORMAL
09:21:00,,,step_23,컨택홀_식각,IDLE,74.66961905090724,17.475402043222996,0.0742195320120957,0.747204696808463,0.4896010031823953,NORMAL
09:21:05,,,step_23,컨택홀_식각,IDLE,74.66961905090724,17.475402043222996,0.0742195320120957,0.747204696808463,0.4896010031823953,NORMAL
09:21:10,,,step_23,컨택홀_식각,IDLE,74.66961905090724,17.475402043222996,0.0742195320120957,0.747204696808463,0.4896010031823953,NORMAL
09:21:15,,,step_23,컨택홀_식각,IDLE,74.66961905090724,17.475402043222996,0.0742195320120957,0.747204696808463,0.4896010031823953,NORMAL
09:21:20,,,step_23,컨택홀_식각,IDLE,74.66961905090724,17.475402043222996,0.0742195320120957,0.747204696808463,0.4896010031823953,NORMAL
09:21:25,,,step_23,컨택홀_식각,IDLE,74.66961905090724,17.475402043222996,0.0742195320120957,0.747204696808463,0.4896010031823953,NORMAL
09:21:30,,,step_23,컨택홀_식각,IDLE,74.66961905090724,17.475402043222996,0.0742195320120957,0.747204696808463,0.4896010031823953,NORMAL
09:21:35,,,step_23,컨택홀_식각,IDLE,74.66961905090724,17.475402043222996,0.0742195320120957,0.747204696808463,0.4896010031823953,NORMAL
09:21:40,,,step_23,컨택홀_식각,IDLE,74.66961905090724,17.475402043222996,0.0742195320120957,0.747204696808463,0.4896010031823953,NORMAL
09:21:45,,,step_23,컨택홀_식각,IDLE,74.66961905090724,17.475402043222996,0.0742195320120957,0.747204696808463,0.4896010031823953,NORMAL
09:21:50,,,step_23,컨택홀_식각,IDLE,74.66961905090724,17.475402043222996,0.0742195320120957,0.747204696808463,0.4896010031823953,NORMAL
09:21:55,,,step_23,컨택홀_식각,IDLE,74.66961905090724,17.475402043222996,0.0742195320120957,0.747204696808463,0.4896010031823953,NORMAL
09:22:00,,,step_23,컨택홀_식각,IDLE,74.66961905090724,17.475402043222996,0.0742195320120957,0.747204696808463,0.4896010031823953,NORMAL
09:22:05,,,step_23,컨택홀_식각,IDLE,74.66961905090724,17.475402043222996,0.0742195320120957,0.747204696808463,0.4896010031823953,NORMAL
09:22:10,,,step_23,컨택홀_식각,IDLE,74.66961905090724,17.475402043222996,0.0742195320120957,0.747204696808463,0.4896010031823953,NORMAL
09:22:15,,,step_23,컨택홀_식각,IDLE,74.66961905090724,17.475402043222996,0.0742195320120957,0.747204696808463,0.4896010031823953,NORMAL
09:22:20,,,step_23,컨택홀_식각,IDLE,74.66961905090724,17.475402043222996,0.0742195320120957,0.747204696808463,0.4896010031823953,NORMAL
09:22:25,,,step_23,컨택홀_식각,IDLE,74.66961905090724,17.475402043222996,0.0742195320120957,0.747204696808463,0.4896010031823953,NORMAL
09:22:30,,,step_23,컨택홀_식각,IDLE,74.66961905090724,17.475402043222996,0.0742195320120957,0.747204696808463,0.4896010031823953,NORMAL
09:22:35,,,step_23,컨택홀_식각,IDLE,74.66961905090724,17.475402043222996,0.0742195320120957,0.747204696808463,0.4896010031823953,NORMAL
09:22:40,,,step_23,컨택홀_식각,IDLE,74.66961905090724,17.475402043222996,0.0742195320120957,0.747204696808463,0.4896010031823953,NORMAL
09:22:45,,,step_23,컨택홀_식각,IDLE,74.66961905090724,17.475402043222996,0.0742195320120957,0.747204696808463,0.4896010031823953,NORMAL
09:22:50,,,step_23,컨택홀_식각,IDLE,74.66961905090724,17.475402043222996,0.0742195320120957,0.747204696808463,0.4896010031823953,NORMAL
09:22:55,,,step_23,컨택홀_식각,IDLE,74.66961905090724,17.475402043222996,0.0742195320120957,0.747204696808463,0.4896010031823953,NORMAL
09:23:00,,,step_23,컨택홀_식각,IDLE,74.66961905090724,17.475402043222996,0.0742195320120957,0.747204696808463,0.4896010031823953,NORMAL
09:23:05,,,step_23,컨택홀_식각,IDLE,74.66961905090724,17.475402043222996,0.0742195320120957,0.747204696808463,0.4896010031823953,NORMAL
09:23:10,,,step_23,컨택홀_식각,IDLE,74.66961905090724,17.475402043222996,0.0742195320120957,0.747204696808463,0.4896010031823953,NORMAL
09:23:15,,,step_23,컨택홀_식각,IDLE,74.66961905090724,17.475402043222996,0.0742195320120957,0.747204696808463,0.4896010031823953,NORMAL
09:23:20,,,step_23,컨택홀_식각,IDLE,74.66961905090724,17.475402043222996,0.0742195320120957,0.747204696808463,0.4896010031823953,NORMAL
09:23:25,,,step_23,컨택홀_식각,IDLE,74.66961905090724,17.475402043222996,0.0742195320120957,0.747204696808463,0.4896010031823953,NORMAL
09:23:30,,,step_23,컨택홀_식각,IDLE,74.66961905090724,17.475402043222996,0.0742195320120957,0.747204696808463,0.4896010031823953,NORMAL
09:23:35,,,step_23,컨택홀_식각,IDLE,74.66961905090724,17.475402043222996,0.0742195320120957,0.747204696808463,0.4896010031823953,NORMAL
09:23:40,,,step_23,컨택홀_식각,IDLE,74.66961905090724,17.475402043222996,0.0742195320120957,0.747204696808463,0.4896010031823953,NORMAL
09:23:45,,,step_23,컨택홀_식각,IDLE,74.66961905090724,17.475402043222996,0.0742195320120957,0.747204696808463,0.4896010031823953,NORMAL
09:23:50,,,step_23,컨택홀_식각,IDLE,74.66961905090724,17.475402043222996,0.0742195320120957,0.747204696808463,0.4896010031823953,NORMAL
09:23:55,,,step_23,컨택홀_식각,IDLE,74.66961905090724,17.475402043222996,0.0742195320120957,0.747204696808463,0.4896010031823953,NORMAL
09:24:00,,,step_23,컨택홀_식각,IDLE,74.66961905090724,17.475402043222996,0.0742195320120957,0.747204696808463,0.4896010031823953,NORMAL
09:24:05,,,step_23,컨택홀_식각,IDLE,74.66961905090724,17.475402043222996,0.0742195320120957,0.747204696808463,0.4896010031823953,NORMAL
09:24:10,,,step_23,컨택홀_식각,IDLE,74.66961905090724,17.475402043222996,0.0742195320120957,0.747204696808463,0.4896010031823953,NORMAL
09:24:15,,,step_23,컨택홀_식각,IDLE,74.66961905090724,17.475402043222996,0.0742195320120957,0.747204696808463,0.4896010031823953,NORMAL
09:24:20,,,step_23,컨택홀_식각,IDLE,74.66961905090724,17.475402043222996,0.0742195320120957,0.747204696808463,0.4896010031823953,NORMAL
09:24:25,,,step_23,컨택홀_식각,IDLE,74.66961905090724,17.475402043222996,0.0742195320120957,0.747204696808463,0.4896010031823953,NORMAL
09:24:30,,,step_23,컨택홀_식각,IDLE,74.66961905090724,17.475402043222996,0.0742195320120957,0.747204696808463,0.4896010031823953,NORMAL
09:24:35,,,step_23,컨택홀_식각,IDLE,74.66961905090724,17.475402043222996,0.0742195320120957,0.747204696808463,0.4896010031823953,NORMAL
09:24:40,,,step_23,컨택홀_식각,IDLE,74.66961905090724,17.475402043222996,0.0742195320120957,0.747204696808463,0.4896010031823953,NORMAL
09:24:45,,,step_23,컨택홀_식각,IDLE,74.66961905090724,17.475402043222996,0.0742195320120957,0.747204696808463,0.4896010031823953,NORMAL
09:24:50,,,step_23,컨택홀_식각,IDLE,74.66961905090724,17.475402043222996,0.0742195320120957,0.747204696808463,0.4896010031823953,NORMAL
09:24:55,,,step_23,컨택홀_식각,IDLE,74.66961905090724,17.475402043222996,0.0742195320120957,0.747204696808463,0.4896010031823953,NORMAL
09:25:00,,,step_23,컨택홀_식각,IDLE,74.66961905090724,17.475402043222996,0.0742195320120957,0.747204696808463,0.4896010031823953,NORMAL
09:25:05,,,step_23,컨택홀_식각,IDLE,74.66961905090724,17.475402043222996,0.0742195320120957,0.747204696808463,0.4896010031823953,NORMAL
09:25:10,,,step_23,컨택홀_식각,IDLE,74.66961905090724,17.475402043222996,0.0742195320120957,0.747204696808463,0.4896010031823953,NORMAL
09:25:15,,,step_23,컨택홀_식각,IDLE,74.66961905090724,17.475402043222996,0.0742195320120957,0.747204696808463,0.4896010031823953,NORMAL
09:25:20,,,step_23,컨택홀_식각,IDLE,74.66961905090724,17.475402043222996,0.0742195320120957,0.747204696808463,0.4896010031823953,NORMAL
09:25:25,,,step_23,컨택홀_식각,IDLE,74.66961905090724,17.475402043222996,0.0742195320120957,0.747204696808463,0.4896010031823953,NORMAL
09:25:30,,,step_23,컨택홀_식각,IDLE,74.66961905090724,17.475402043222996,0.0742195320120957,0.747204696808463,0.4896010031823953,NORMAL
09:25:35,,,step_23,컨택홀_식각,IDLE,74.66961905090724,17.475402043222996,0.0742195320120957,0.747204696808463,0.4896010031823953,NORMAL
09:25:40,,,step_23,컨택홀_식각,IDLE,74.66961905090724,17.475402043222996,0.0742195320120957,0.747204696808463,0.4896010031823953,NORMAL
09:25:45,,,step_23,컨택홀_식각,IDLE,74.66961905090724,17.475402043222996,0.0742195320120957,0.747204696808463,0.4896010031823953,NORMAL
09:25:50,,,step_23,컨택홀_식각,IDLE,74.66961905090724,17.475402043222996,0.0742195320120957,0.747204696808463,0.4896010031823953,NORMAL
09:25:55,,,step_23,컨택홀_식각,IDLE,74.66961905090724,17.475402043222996,0.0742195320120957,0.747204696808463,0.4896010031823953,NORMAL
09:26:00,,,step_23,컨택홀_식각,IDLE,74.66961905090724,17.475402043222996,0.0742195320120957,0.747204696808463,0.4896010031823953,NORMAL
09:26:05,,,step_23,컨택홀_식각,IDLE,74.66961905090724,17.475402043222996,0.0742195320120957,0.747204696808463,0.4896010031823953,NORMAL
09:26:10,,,step_23,컨택홀_식각,IDLE,74.66961905090724,17.475402043222996,0.0742195320120957,0.747204696808463,0.4896010031823953,NORMAL
09:26:15,,,step_23,컨택홀_식각,IDLE,74.66961905090724,17.475402043222996,0.0742195320120957,0.747204696808463,0.4896010031823953,NORMAL
09:26:20,,,step_23,컨택홀_식각,IDLE,74.66961905090724,17.475402043222996,0.0742195320120957,0.747204696808463,0.4896010031823953,NORMAL
09:26:25,,,step_23,컨택홀_식각,IDLE,74.66961905090724,17.475402043222996,0.0742195320120957,0.747204696808463,0.4896010031823953,NORMAL
09:26:30,,,step_23,컨택홀_식각,IDLE,74.66961905090724,17.475402043222996,0.0742195320120957,0.747204696808463,0.4896010031823953,NORMAL
09:26:35,,,step_23,컨택홀_식각,IDLE,74.66961905090724,17.475402043222996,0.0742195320120957,0.747204696808463,0.4896010031823953,NORMAL
09:26:40,,,step_23,컨택홀_식각,IDLE,74.66961905090724,17.475402043222996,0.0742195320120957,0.747204696808463,0.4896010031823953,NORMAL
09:26:45,,,step_23,컨택홀_식각,IDLE,74.66961905090724,17.475402043222996,0.0742195320120957,0.747204696808463,0.4896010031823953,NORMAL
09:26:50,,,step_23,컨택홀_식각,IDLE,74.66961905090724,17.475402043222996,0.0742195320120957,0.747204696808463,0.4896010031823953,NORMAL
09:26:55,,,step_23,컨택홀_식각,IDLE,74.66961905090724,17.475402043222996,0.0742195320120957,0.747204696808463,0.4896010031823953,NORMAL
09:27:00,,,step_23,컨택홀_식각,IDLE,74.66961905090724,17.475402043222996,0.0742195320120957,0.747204696808463,0.4896010031823953,NORMAL
09:27:05,,,step_23,컨택홀_식각,IDLE,74.66961905090724,17.475402043222996,0.0742195320120957,0.747204696808463,0.4896010031823953,NORMAL
09:27:10,,,step_23,컨택홀_식각,IDLE,74.66961905090724,17.475402043222996,0.0742195320120957,0.747204696808463,0.4896010031823953,NORMAL
09:27:15,,,step_23,컨택홀_식각,IDLE,74.66961905090724,17.475402043222996,0.0742195320120957,0.747204696808463,0.4896010031823953,NORMAL
09:27:20,,,step_23,컨택홀_식각,IDLE,74.66961905090724,17.475402043222996,0.0742195320120957,0.747204696808463,0.4896010031823953,NORMAL
09:27:25,,,step_23,컨택홀_식각,IDLE,74.66961905090724,17.475402043222996,0.0742195320120957,0.747204696808463,0.4896010031823953,NORMAL
09:27:30,,,step_23,컨택홀_식각,IDLE,74.66961905090724,17.475402043222996,0.0742195320120957,0.747204696808463,0.4896010031823953,NORMAL
09:27:35,,,step_23,컨택홀_식각,IDLE,74.66961905090724,17.475402043222996,0.0742195320120957,0.747204696808463,0.4896010031823953,NORMAL
09:27:40,,,step_23,컨택홀_식각,IDLE,74.66961905090724,17.475402043222996,0.0742195320120957,0.747204696808463,0.4896010031823953,NORMAL
09:27:45,,,step_23,컨택홀_식각,IDLE,74.66961905090724,17.475402043222996,0.0742195320120957,0.747204696808463,0.4896010031823953,NORMAL
09:27:50,,,step_23,컨택홀_식각,IDLE,74.66961905090724,17.475402043222996,0.0742195320120957,0.747204696808463,0.4896010031823953,NORMAL
09:27:55,,,step_23,컨택홀_식각,IDLE,74.66961905090724,17.475402043222996,0.0742195320120957,0.747204696808463,0.4896010031823953,NORMAL
09:28:00,,,step_23,컨택홀_식각,IDLE,74.66961905090724,17.475402043222996,0.0742195320120957,0.747204696808463,0.4896010031823953,NORMAL
09:28:05,,,step_23,컨택홀_식각,IDLE,74.66961905090724,17.475402043222996,0.0742195320120957,0.747204696808463,0.4896010031823953,NORMAL
09:28:10,,,step_23,컨택홀_식각,IDLE,74.66961905090724,17.475402043222996,0.0742195320120957,0.747204696808463,0.4896010031823953,NORMAL
09:28:15,,,step_23,컨택홀_식각,IDLE,74.66961905090724,17.475402043222996,0.0742195320120957,0.747204696808463,0.4896010031823953,NORMAL
09:28:20,,,step_23,컨택홀_식각,IDLE,74.66961905090724,17.475402043222996,0.0742195320120957,0.747204696808463,0.4896010031823953,NORMAL
09:28:25,,,step_23,컨택홀_식각,IDLE,74.66961905090724,17.475402043222996,0.0742195320120957,0.747204696808463,0.4896010031823953,NORMAL
09:28:30,,,step_23,컨택홀_식각,IDLE,74.66961905090724,17.475402043222996,0.0742195320120957,0.747204696808463,0.4896010031823953,NORMAL
09:28:35,,,step_23,컨택홀_식각,IDLE,74.66961905090724,17.475402043222996,0.0742195320120957,0.747204696808463,0.4896010031823953,NORMAL
09:28:40,,,step_23,컨택홀_식각,IDLE,74.66961905090724,17.475402043222996,0.0742195320120957,0.747204696808463,0.4896010031823953,NORMAL
09:28:45,,,step_23,컨택홀_식각,IDLE,74.66961905090724,17.475402043222996,0.0742195320120957,0.747204696808463,0.4896010031823953,NORMAL
09:28:50,,,step_23,컨택홀_식각,IDLE,74.66961905090724,17.475402043222996,0.0742195320120957,0.747204696808463,0.4896010031823953,NORMAL
09:28:55,,,step_23,컨택홀_식각,IDLE,74.66961905090724,17.475402043222996,0.0742195320120957,0.747204696808463,0.4896010031823953,NORMAL
09:29:00,,,step_23,컨택홀_식각,IDLE,74.66961905090724,17.475402043222996,0.0742195320120957,0.747204696808463,0.4896010031823953,NORMAL
09:29:05,,,step_23,컨택홀_식각,IDLE,74.66961905090724,17.475402043222996,0.0742195320120957,0.747204696808463,0.4896010031823953,NORMAL
09:29:10,,,step_23,컨택홀_식각,IDLE,74.66961905090724,17.475402043222996,0.0742195320120957,0.747204696808463,0.4896010031823953,NORMAL
09:29:15,,,step_23,컨택홀_식각,IDLE,74.66961905090724,17.475402043222996,0.0742195320120957,0.747204696808463,0.4896010031823953,NORMAL
09:29:20,,,step_23,컨택홀_식각,IDLE,74.66961905090724,17.475402043222996,0.0742195320120957,0.747204696808463,0.4896010031823953,NORMAL
09:29:25,,,step_23,컨택홀_식각,IDLE,74.66961905090724,17.475402043222996,0.0742195320120957,0.747204696808463,0.4896010031823953,NORMAL
09:29:30,,,step_23,컨택홀_식각,IDLE,74.66961905090724,17.475402043222996,0.0742195320120957,0.747204696808463,0.4896010031823953,NORMAL
09:29:35,,,step_23,컨택홀_식각,IDLE,74.66961905090724,17.475402043222996,0.0742195320120957,0.747204696808463,0.4896010031823953,NORMAL
09:29:40,,,step_23,컨택홀_식각,IDLE,74.66961905090724,17.475402043222996,0.0742195320120957,0.747204696808463,0.4896010031823953,NORMAL
09:29:45,,,step_23,컨택홀_식각,IDLE,74.66961905090724,17.475402043222996,0.0742195320120957,0.747204696808463,0.4896010031823953,NORMAL
09:29:50,,,step_23,컨택홀_식각,IDLE,74.66961905090724,17.475402043222996,0.0742195320120957,0.747204696808463,0.4896010031823953,NORMAL
09:29:55,,,step_23,컨택홀_식각,IDLE,74.66961905090724,17.475402043222996,0.0742195320120957,0.747204696808463,0.4896010031823953,NORMAL
09:30:00,,,step_23,컨택홀_식각,IDLE,74.66961905090724,17.475402043222996,0.0742195320120957,0.747204696808463,0.4896010031823953,NORMAL
09:30:05,,,step_23,컨택홀_식각,IDLE,74.66961905090724,17.475402043222996,0.0742195320120957,0.747204696808463,0.4896010031823953,NORMAL
09:30:10,,,step_23,컨택홀_식각,IDLE,74.66961905090724,17.475402043222996,0.0742195320120957,0.747204696808463,0.4896010031823953,NORMAL
09:30:15,,,step_23,컨택홀_식각,IDLE,74.66961905090724,17.475402043222996,0.0742195320120957,0.747204696808463,0.4896010031823953,NORMAL
09:30:20,,,step_23,컨택홀_식각,IDLE,74.66961905090724,17.475402043222996,0.0742195320120957,0.747204696808463,0.4896010031823953,NORMAL
09:30:25,,,step_23,컨택홀_식각,IDLE,74.66961905090724,17.475402043222996,0.0742195320120957,0.747204696808463,0.4896010031823953,NORMAL
09:30:30,,,step_23,컨택홀_식각,IDLE,74.66961905090724,17.475402043222996,0.0742195320120957,0.747204696808463,0.4896010031823953,NORMAL
09:30:35,,,step_23,컨택홀_식각,IDLE,74.66961905090724,17.475402043222996,0.0742195320120957,0.747204696808463,0.4896010031823953,NORMAL
09:30:40,,,step_23,컨택홀_식각,IDLE,74.66961905090724,17.475402043222996,0.0742195320120957,0.747204696808463,0.4896010031823953,NORMAL
09:30:45,,,step_23,컨택홀_식각,IDLE,74.66961905090724,17.475402043222996,0.0742195320120957,0.747204696808463,0.4896010031823953,NORMAL
09:30:50,,,step_23,컨택홀_식각,IDLE,74.66961905090724,17.475402043222996,0.0742195320120957,0.747204696808463,0.4896010031823953,NORMAL
09:30:55,,,step_23,컨택홀_식각,IDLE,74.66961905090724,17.475402043222996,0.0742195320120957,0.747204696808463,0.4896010031823953,NORMAL
09:31:00,,,step_23,컨택홀_식각,IDLE,74.66961905090724,17.475402043222996,0.0742195320120957,0.747204696808463,0.4896010031823953,NORMAL
09:31:05,,,step_23,컨택홀_식각,IDLE,74.66961905090724,17.475402043222996,0.0742195320120957,0.747204696808463,0.4896010031823953,NORMAL
09:31:10,,,step_23,컨택홀_식각,IDLE,74.66961905090724,17.475402043222996,0.0742195320120957,0.747204696808463,0.4896010031823953,NORMAL
09:31:15,,,step_23,컨택홀_식각,IDLE,74.66961905090724,17.475402043222996,0.0742195320120957,0.747204696808463,0.4896010031823953,NORMAL
09:31:20,,,step_23,컨택홀_식각,IDLE,74.66961905090724,17.475402043222996,0.0742195320120957,0.747204696808463,0.4896010031823953,NORMAL
09:31:25,,,step_23,컨택홀_식각,IDLE,74.66961905090724,17.475402043222996,0.0742195320120957,0.747204696808463,0.4896010031823953,NORMAL
09:31:30,,,step_23,컨택홀_식각,IDLE,74.66961905090724,17.475402043222996,0.0742195320120957,0.747204696808463,0.4896010031823953,NORMAL
09:31:35,,,step_23,컨택홀_식각,IDLE,74.66961905090724,17.475402043222996,0.0742195320120957,0.747204696808463,0.4896010031823953,NORMAL
09:31:40,,,step_23,컨택홀_식각,IDLE,74.66961905090724,17.475402043222996,0.0742195320120957,0.747204696808463,0.4896010031823953,NORMAL
09:31:45,,,step_23,컨택홀_식각,IDLE,74.66961905090724,17.475402043222996,0.0742195320120957,0.747204696808463,0.4896010031823953,NORMAL
09:31:50,,,step_23,컨택홀_식각,IDLE,74.66961905090724,17.475402043222996,0.0742195320120957,0.747204696808463,0.4896010031823953,NORMAL
09:31:55,,,step_23,컨택홀_식각,IDLE,74.66961905090724,17.475402043222996,0.0742195320120957,0.747204696808463,0.4896010031823953,NORMAL
09:32:00,,,step_23,컨택홀_식각,IDLE,74.66961905090724,17.475402043222996,0.0742195320120957,0.747204696808463,0.4896010031823953,NORMAL
09:32:05,,,step_23,컨택홀_식각,IDLE,74.66961905090724,17.475402043222996,0.0742195320120957,0.747204696808463,0.4896010031823953,NORMAL
09:32:10,,,step_23,컨택홀_식각,IDLE,74.66961905090724,17.475402043222996,0.0742195320120957,0.747204696808463,0.4896010031823953,NORMAL
09:32:15,,,step_23,컨택홀_식각,IDLE,74.66961905090724,17.475402043222996,0.0742195320120957,0.747204696808463,0.4896010031823953,NORMAL
09:32:20,,,step_23,컨택홀_식각,IDLE,74.66961905090724,17.475402043222996,0.0742195320120957,0.747204696808463,0.4896010031823953,NORMAL
09:32:25,,,step_23,컨택홀_식각,IDLE,74.66961905090724,17.475402043222996,0.0742195320120957,0.747204696808463,0.4896010031823953,NORMAL
09:32:30,,,step_23,컨택홀_식각,IDLE,74.66961905090724,17.475402043222996,0.0742195320120957,0.747204696808463,0.4896010031823953,NORMAL
09:32:35,,,step_23,컨택홀_식각,IDLE,74.66961905090724,17.475402043222996,0.0742195320120957,0.747204696808463,0.4896010031823953,NORMAL
09:32:40,,,step_23,컨택홀_식각,IDLE,74.66961905090724,17.475402043222996,0.0742195320120957,0.747204696808463,0.4896010031823953,NORMAL
09:32:45,,,step_23,컨택홀_식각,IDLE,74.66961905090724,17.475402043222996,0.0742195320120957,0.747204696808463,0.4896010031823953,NORMAL
09:32:50,,,step_23,컨택홀_식각,IDLE,74.66961905090724,17.475402043222996,0.0742195320120957,0.747204696808463,0.4896010031823953,NORMAL
09:32:55,,,step_23,컨택홀_식각,IDLE,74.66961905090724,17.475402043222996,0.0742195320120957,0.747204696808463,0.4896010031823953,NORMAL
09:33:00,,,step_23,컨택홀_식각,IDLE,74.66961905090724,17.475402043222996,0.0742195320120957,0.747204696808463,0.4896010031823953,NORMAL
09:33:05,,,step_23,컨택홀_식각,IDLE,74.66961905090724,17.475402043222996,0.0742195320120957,0.747204696808463,0.4896010031823953,NORMAL
09:33:10,,,step_23,컨택홀_식각,IDLE,74.66961905090724,17.475402043222996,0.0742195320120957,0.747204696808463,0.4896010031823953,NORMAL
09:33:15,,,step_23,컨택홀_식각,IDLE,74.66961905090724,17.475402043222996,0.0742195320120957,0.747204696808463,0.4896010031823953,NORMAL
09:33:20,,,step_23,컨택홀_식각,IDLE,74.66961905090724,17.475402043222996,0.0742195320120957,0.747204696808463,0.4896010031823953,NORMAL
09:33:25,,,step_23,컨택홀_식각,IDLE,74.66961905090724,17.475402043222996,0.0742195320120957,0.747204696808463,0.4896010031823953,NORMAL
09:33:30,,,step_23,컨택홀_식각,IDLE,74.66961905090724,17.475402043222996,0.0742195320120957,0.747204696808463,0.4896010031823953,NORMAL
09:33:35,,,step_23,컨택홀_식각,IDLE,74.66961905090724,17.475402043222996,0.0742195320120957,0.747204696808463,0.4896010031823953,NORMAL
09:33:40,,,step_23,컨택홀_식각,IDLE,74.66961905090724,17.475402043222996,0.0742195320120957,0.747204696808463,0.4896010031823953,NORMAL
09:33:45,,,step_23,컨택홀_식각,IDLE,74.66961905090724,17.475402043222996,0.0742195320120957,0.747204696808463,0.4896010031823953,NORMAL
09:33:50,,,step_23,컨택홀_식각,IDLE,74.66961905090724,17.475402043222996,0.0742195320120957,0.747204696808463,0.4896010031823953,NORMAL
09:33:55,,,step_23,컨택홀_식각,IDLE,74.66961905090724,17.475402043222996,0.0742195320120957,0.747204696808463,0.4896010031823953,NORMAL
09:34:00,,,step_23,컨택홀_식각,IDLE,74.66961905090724,17.475402043222996,0.0742195320120957,0.747204696808463,0.4896010031823953,NORMAL
09:34:05,,,step_23,컨택홀_식각,IDLE,74.66961905090724,17.475402043222996,0.0742195320120957,0.747204696808463,0.4896010031823953,NORMAL
09:34:10,,,step_23,컨택홀_식각,IDLE,74.66961905090724,17.475402043222996,0.0742195320120957,0.747204696808463,0.4896010031823953,NORMAL
09:34:15,,,step_23,컨택홀_식각,IDLE,74.66961905090724,17.475402043222996,0.0742195320120957,0.747204696808463,0.4896010031823953,NORMAL
09:34:20,,,step_23,컨택홀_식각,IDLE,74.66961905090724,17.475402043222996,0.0742195320120957,0.747204696808463,0.4896010031823953,NORMAL
09:34:25,,,step_23,컨택홀_식각,IDLE,74.66961905090724,17.475402043222996,0.0742195320120957,0.747204696808463,0.4896010031823953,NORMAL
09:34:30,,,step_23,컨택홀_식각,IDLE,74.66961905090724,17.475402043222996,0.0742195320120957,0.747204696808463,0.4896010031823953,NORMAL
09:34:35,,,step_23,컨택홀_식각,IDLE,74.66961905090724,17.475402043222996,0.0742195320120957,0.747204696808463,0.4896010031823953,NORMAL
09:34:40,,,step_23,컨택홀_식각,IDLE,74.66961905090724,17.475402043222996,0.0742195320120957,0.747204696808463,0.4896010031823953,NORMAL
09:34:45,,,step_23,컨택홀_식각,IDLE,74.66961905090724,17.475402043222996,0.0742195320120957,0.747204696808463,0.4896010031823953,NORMAL
09:34:50,,,step_23,컨택홀_식각,IDLE,74.66961905090724,17.475402043222996,0.0742195320120957,0.747204696808463,0.4896010031823953,NORMAL
09:34:55,,,step_23,컨택홀_식각,IDLE,74.66961905090724,17.475402043222996,0.0742195320120957,0.747204696808463,0.4896010031823953,NORMAL
09:35:00,,,step_23,컨택홀_식각,IDLE,74.66961905090724,17.475402043222996,0.0742195320120957,0.747204696808463,0.4896010031823953,NORMAL
09:35:05,,,step_23,컨택홀_식각,IDLE,74.66961905090724,17.475402043222996,0.0742195320120957,0.747204696808463,0.4896010031823953,NORMAL
09:35:10,,,step_23,컨택홀_식각,IDLE,74.66961905090724,17.475402043222996,0.0742195320120957,0.747204696808463,0.4896010031823953,NORMAL
09:35:15,,,step_23,컨택홀_식각,IDLE,74.66961905090724,17.475402043222996,0.0742195320120957,0.747204696808463,0.4896010031823953,NORMAL
09:35:20,,,step_23,컨택홀_식각,IDLE,74.66961905090724,17.475402043222996,0.0742195320120957,0.747204696808463,0.4896010031823953,NORMAL
09:35:25,,,step_23,컨택홀_식각,IDLE,74.66961905090724,17.475402043222996,0.0742195320120957,0.747204696808463,0.4896010031823953,NORMAL
09:35:30,,,step_23,컨택홀_식각,IDLE,74.66961905090724,17.475402043222996,0.0742195320120957,0.747204696808463,0.4896010031823953,NORMAL
09:35:35,,,step_23,컨택홀_식각,IDLE,74.66961905090724,17.475402043222996,0.0742195320120957,0.747204696808463,0.4896010031823953,NORMAL
09:35:40,,,step_23,컨택홀_식각,IDLE,74.66961905090724,17.475402043222996,0.0742195320120957,0.747204696808463,0.4896010031823953,NORMAL
09:35:45,,,step_23,컨택홀_식각,IDLE,74.66961905090724,17.475402043222996,0.0742195320120957,0.747204696808463,0.4896010031823953,NORMAL
09:35:50,,,step_23,컨택홀_식각,IDLE,74.66961905090724,17.475402043222996,0.0742195320120957,0.747204696808463,0.4896010031823953,NORMAL
09:35:55,,,step_23,컨택홀_식각,IDLE,74.66961905090724,17.475402043222996,0.0742195320120957,0.747204696808463,0.4896010031823953,NORMAL
09:36:00,,,step_23,컨택홀_식각,IDLE,74.66961905090724,17.475402043222996,0.0742195320120957,0.747204696808463,0.4896010031823953,NORMAL
09:36:05,,,step_23,컨택홀_식각,IDLE,74.66961905090724,17.475402043222996,0.0742195320120957,0.747204696808463,0.4896010031823953,NORMAL
09:36:10,,,step_23,컨택홀_식각,IDLE,74.66961905090724,17.475402043222996,0.0742195320120957,0.747204696808463,0.4896010031823953,NORMAL
09:36:15,,,step_23,컨택홀_식각,IDLE,74.66961905090724,17.475402043222996,0.0742195320120957,0.747204696808463,0.4896010031823953,NORMAL
09:36:20,,,step_23,컨택홀_식각,IDLE,74.66961905090724,17.475402043222996,0.0742195320120957,0.747204696808463,0.4896010031823953,NORMAL
09:36:25,,,step_23,컨택홀_식각,IDLE,74.66961905090724,17.475402043222996,0.0742195320120957,0.747204696808463,0.4896010031823953,NORMAL
09:36:30,,,step_23,컨택홀_식각,IDLE,74.66961905090724,17.475402043222996,0.0742195320120957,0.747204696808463,0.4896010031823953,NORMAL
09:36:35,,,step_23,컨택홀_식각,IDLE,74.66961905090724,17.475402043222996,0.0742195320120957,0.747204696808463,0.4896010031823953,NORMAL
09:36:40,,,step_23,컨택홀_식각,IDLE,74.66961905090724,17.475402043222996,0.0742195320120957,0.747204696808463,0.4896010031823953,NORMAL
09:36:45,,,step_23,컨택홀_식각,IDLE,74.66961905090724,17.475402043222996,0.0742195320120957,0.747204696808463,0.4896010031823953,NORMAL
09:36:50,,,step_23,컨택홀_식각,IDLE,74.66961905090724,17.475402043222996,0.0742195320120957,0.747204696808463,0.4896010031823953,NORMAL
09:36:55,,,step_23,컨택홀_식각,IDLE,74.66961905090724,17.475402043222996,0.0742195320120957,0.747204696808463,0.4896010031823953,NORMAL
09:37:00,,,step_23,컨택홀_식각,IDLE,74.66961905090724,17.475402043222996,0.0742195320120957,0.747204696808463,0.4896010031823953,NORMAL
09:37:05,,,step_23,컨택홀_식각,IDLE,74.66961905090724,17.475402043222996,0.0742195320120957,0.747204696808463,0.4896010031823953,NORMAL
09:37:10,,,step_23,컨택홀_식각,IDLE,74.66961905090724,17.475402043222996,0.0742195320120957,0.747204696808463,0.4896010031823953,NORMAL
09:37:15,,,step_23,컨택홀_식각,IDLE,74.66961905090724,17.475402043222996,0.0742195320120957,0.747204696808463,0.4896010031823953,NORMAL
09:37:20,,,step_23,컨택홀_식각,IDLE,74.66961905090724,17.475402043222996,0.0742195320120957,0.747204696808463,0.4896010031823953,NORMAL
09:37:25,,,step_23,컨택홀_식각,IDLE,74.66961905090724,17.475402043222996,0.0742195320120957,0.747204696808463,0.4896010031823953,NORMAL
09:37:30,,,step_23,컨택홀_식각,IDLE,74.66961905090724,17.475402043222996,0.0742195320120957,0.747204696808463,0.4896010031823953,NORMAL
09:37:35,,,step_23,컨택홀_식각,IDLE,74.66961905090724,17.475402043222996,0.0742195320120957,0.747204696808463,0.4896010031823953,NORMAL
09:37:40,,,step_23,컨택홀_식각,IDLE,74.66961905090724,17.475402043222996,0.0742195320120957,0.747204696808463,0.4896010031823953,NORMAL
09:37:45,,,step_23,컨택홀_식각,IDLE,74.66961905090724,17.475402043222996,0.0742195320120957,0.747204696808463,0.4896010031823953,NORMAL
09:37:50,,,step_23,컨택홀_식각,IDLE,74.66961905090724,17.475402043222996,0.0742195320120957,0.747204696808463,0.4896010031823953,NORMAL
09:37:55,,,step_23,컨택홀_식각,IDLE,74.66961905090724,17.475402043222996,0.0742195320120957,0.747204696808463,0.4896010031823953,NORMAL
09:38:00,,,step_23,컨택홀_식각,IDLE,74.66961905090724,17.475402043222996,0.0742195320120957,0.747204696808463,0.4896010031823953,NORMAL
09:38:05,,,step_23,컨택홀_식각,IDLE,74.66961905090724,17.475402043222996,0.0742195320120957,0.747204696808463,0.4896010031823953,NORMAL
09:38:10,,,step_23,컨택홀_식각,IDLE,74.66961905090724,17.475402043222996,0.0742195320120957,0.747204696808463,0.4896010031823953,NORMAL
09:38:15,,,step_23,컨택홀_식각,IDLE,74.66961905090724,17.475402043222996,0.0742195320120957,0.747204696808463,0.4896010031823953,NORMAL
09:38:20,,,step_23,컨택홀_식각,IDLE,74.66961905090724,17.475402043222996,0.0742195320120957,0.747204696808463,0.4896010031823953,NORMAL
09:38:25,,,step_23,컨택홀_식각,IDLE,74.66961905090724,17.475402043222996,0.0742195320120957,0.747204696808463,0.4896010031823953,NORMAL
09:38:30,,,step_23,컨택홀_식각,IDLE,74.66961905090724,17.475402043222996,0.0742195320120957,0.747204696808463,0.4896010031823953,NORMAL
09:38:35,,,step_23,컨택홀_식각,IDLE,74.66961905090724,17.475402043222996,0.0742195320120957,0.747204696808463,0.4896010031823953,NORMAL
09:38:40,,,step_23,컨택홀_식각,IDLE,74.66961905090724,17.475402043222996,0.0742195320120957,0.747204696808463,0.4896010031823953,NORMAL
09:38:45,,,step_23,컨택홀_식각,IDLE,74.66961905090724,17.475402043222996,0.0742195320120957,0.747204696808463,0.4896010031823953,NORMAL
09:38:50,,,step_23,컨택홀_식각,IDLE,74.66961905090724,17.475402043222996,0.0742195320120957,0.747204696808463,0.4896010031823953,NORMAL
09:38:55,,,step_23,컨택홀_식각,IDLE,74.66961905090724,17.475402043222996,0.0742195320120957,0.747204696808463,0.4896010031823953,NORMAL
09:39:00,,,step_23,컨택홀_식각,IDLE,74.66961905090724,17.475402043222996,0.0742195320120957,0.747204696808463,0.4896010031823953,NORMAL
09:39:05,,,step_23,컨택홀_식각,IDLE,74.66961905090724,17.475402043222996,0.0742195320120957,0.747204696808463,0.4896010031823953,NORMAL
09:39:10,,,step_23,컨택홀_식각,IDLE,74.66961905090724,17.475402043222996,0.0742195320120957,0.747204696808463,0.4896010031823953,NORMAL
09:39:15,,,step_23,컨택홀_식각,IDLE,74.66961905090724,17.475402043222996,0.0742195320120957,0.747204696808463,0.4896010031823953,NORMAL
09:39:20,,,step_23,컨택홀_식각,IDLE,74.66961905090724,17.475402043222996,0.0742195320120957,0.747204696808463,0.4896010031823953,NORMAL
09:39:25,,,step_23,컨택홀_식각,IDLE,74.66961905090724,17.475402043222996,0.0742195320120957,0.747204696808463,0.4896010031823953,NORMAL
09:39:30,,,step_23,컨택홀_식각,IDLE,74.66961905090724,17.475402043222996,0.0742195320120957,0.747204696808463,0.4896010031823953,NORMAL
09:39:35,,,step_23,컨택홀_식각,IDLE,74.66961905090724,17.475402043222996,0.0742195320120957,0.747204696808463,0.4896010031823953,NORMAL
09:39:40,,,step_23,컨택홀_식각,IDLE,74.66961905090724,17.475402043222996,0.0742195320120957,0.747204696808463,0.4896010031823953,NORMAL
09:39:45,,,step_23,컨택홀_식각,IDLE,74.66961905090724,17.475402043222996,0.0742195320120957,0.747204696808463,0.4896010031823953,NORMAL
09:39:50,,,step_23,컨택홀_식각,IDLE,74.66961905090724,17.475402043222996,0.0742195320120957,0.747204696808463,0.4896010031823953,NORMAL
09:39:55,,,step_23,컨택홀_식각,IDLE,74.66961905090724,17.475402043222996,0.0742195320120957,0.747204696808463,0.4896010031823953,NORMAL
09:40:00,,,step_23,컨택홀_식각,IDLE,74.66961905090724,17.475402043222996,0.0742195320120957,0.747204696808463,0.4896010031823953,NORMAL
09:40:05,,,step_23,컨택홀_식각,IDLE,74.66961905090724,17.475402043222996,0.0742195320120957,0.747204696808463,0.4896010031823953,NORMAL
09:40:10,,,step_23,컨택홀_식각,IDLE,74.66961905090724,17.475402043222996,0.0742195320120957,0.747204696808463,0.4896010031823953,NORMAL
09:40:15,,,step_23,컨택홀_식각,IDLE,74.66961905090724,17.475402043222996,0.0742195320120957,0.747204696808463,0.4896010031823953,NORMAL
09:40:20,,,step_23,컨택홀_식각,IDLE,74.66961905090724,17.475402043222996,0.0742195320120957,0.747204696808463,0.4896010031823953,NORMAL
09:40:25,,,step_23,컨택홀_식각,IDLE,74.66961905090724,17.475402043222996,0.0742195320120957,0.747204696808463,0.4896010031823953,NORMAL
09:40:30,,,step_23,컨택홀_식각,IDLE,74.66961905090724,17.475402043222996,0.0742195320120957,0.747204696808463,0.4896010031823953,NORMAL
09:40:35,,,step_23,컨택홀_식각,IDLE,74.66961905090724,17.475402043222996,0.0742195320120957,0.747204696808463,0.4896010031823953,NORMAL
09:40:40,,,step_23,컨택홀_식각,IDLE,74.66961905090724,17.475402043222996,0.0742195320120957,0.747204696808463,0.4896010031823953,NORMAL
09:40:45,,,step_23,컨택홀_식각,IDLE,74.66961905090724,17.475402043222996,0.0742195320120957,0.747204696808463,0.4896010031823953,NORMAL
09:40:50,,,step_23,컨택홀_식각,IDLE,74.66961905090724,17.475402043222996,0.0742195320120957,0.747204696808463,0.4896010031823953,NORMAL
09:40:55,,,step_23,컨택홀_식각,IDLE,74.66961905090724,17.475402043222996,0.0742195320120957,0.747204696808463,0.4896010031823953,NORMAL
09:41:00,,,step_23,컨택홀_식각,IDLE,74.66961905090724,17.475402043222996,0.0742195320120957,0.747204696808463,0.4896010031823953,NORMAL
09:41:05,,,step_23,컨택홀_식각,IDLE,74.66961905090724,17.475402043222996,0.0742195320120957,0.747204696808463,0.4896010031823953,NORMAL
09:41:10,,,step_23,컨택홀_식각,IDLE,74.66961905090724,17.475402043222996,0.0742195320120957,0.747204696808463,0.4896010031823953,NORMAL
09:41:15,,,step_23,컨택홀_식각,IDLE,74.66961905090724,17.475402043222996,0.0742195320120957,0.747204696808463,0.4896010031823953,NORMAL
09:41:20,,,step_23,컨택홀_식각,IDLE,74.66961905090724,17.475402043222996,0.0742195320120957,0.747204696808463,0.4896010031823953,NORMAL
09:41:25,,,step_23,컨택홀_식각,IDLE,74.66961905090724,17.475402043222996,0.0742195320120957,0.747204696808463,0.4896010031823953,NORMAL
09:41:30,,,step_23,컨택홀_식각,IDLE,74.66961905090724,17.475402043222996,0.0742195320120957,0.747204696808463,0.4896010031823953,NORMAL
09:41:35,,,step_23,컨택홀_식각,IDLE,74.66961905090724,17.475402043222996,0.0742195320120957,0.747204696808463,0.4896010031823953,NORMAL
09:41:40,,,step_23,컨택홀_식각,IDLE,74.66961905090724,17.475402043222996,0.0742195320120957,0.747204696808463,0.4896010031823953,NORMAL
09:41:45,,,step_23,컨택홀_식각,IDLE,74.66961905090724,17.475402043222996,0.0742195320120957,0.747204696808463,0.4896010031823953,NORMAL
09:41:50,,,step_23,컨택홀_식각,IDLE,74.66961905090724,17.475402043222996,0.0742195320120957,0.747204696808463,0.4896010031823953,NORMAL
09:41:55,,,step_23,컨택홀_식각,IDLE,74.66961905090724,17.475402043222996,0.0742195320120957,0.747204696808463,0.4896010031823953,NORMAL
09:42:00,,,step_23,컨택홀_식각,IDLE,74.66961905090724,17.475402043222996,0.0742195320120957,0.747204696808463,0.4896010031823953,NORMAL
09:42:05,,,step_23,컨택홀_식각,IDLE,74.66961905090724,17.475402043222996,0.0742195320120957,0.747204696808463,0.4896010031823953,NORMAL
09:42:10,,,step_23,컨택홀_식각,IDLE,74.66961905090724,17.475402043222996,0.0742195320120957,0.747204696808463,0.4896010031823953,NORMAL
09:42:15,,,step_23,컨택홀_식각,IDLE,74.66961905090724,17.475402043222996,0.0742195320120957,0.747204696808463,0.4896010031823953,NORMAL
09:42:20,,,step_23,컨택홀_식각,IDLE,74.66961905090724,17.475402043222996,0.0742195320120957,0.747204696808463,0.4896010031823953,NORMAL
09:42:25,,,step_23,컨택홀_식각,IDLE,74.66961905090724,17.475402043222996,0.0742195320120957,0.747204696808463,0.4896010031823953,NORMAL
09:42:30,,,step_23,컨택홀_식각,IDLE,74.66961905090724,17.475402043222996,0.0742195320120957,0.747204696808463,0.4896010031823953,NORMAL
09:42:35,,,step_23,컨택홀_식각,IDLE,74.66961905090724,17.475402043222996,0.0742195320120957,0.747204696808463,0.4896010031823953,NORMAL
09:42:40,,,step_23,컨택홀_식각,IDLE,74.66961905090724,17.475402043222996,0.0742195320120957,0.747204696808463,0.4896010031823953,NORMAL
09:42:45,,,step_23,컨택홀_식각,IDLE,74.66961905090724,17.475402043222996,0.0742195320120957,0.747204696808463,0.4896010031823953,NORMAL
09:42:50,,,step_23,컨택홀_식각,IDLE,74.66961905090724,17.475402043222996,0.0742195320120957,0.747204696808463,0.4896010031823953,NORMAL
09:42:55,,,step_23,컨택홀_식각,IDLE,74.66961905090724,17.475402043222996,0.0742195320120957,0.747204696808463,0.4896010031823953,NORMAL
09:43:00,,,step_23,컨택홀_식각,IDLE,74.66961905090724,17.475402043222996,0.0742195320120957,0.747204696808463,0.4896010031823953,NORMAL
09:43:05,,,step_23,컨택홀_식각,IDLE,74.66961905090724,17.475402043222996,0.0742195320120957,0.747204696808463,0.4896010031823953,NORMAL
09:43:10,,,step_23,컨택홀_식각,IDLE,74.66961905090724,17.475402043222996,0.0742195320120957,0.747204696808463,0.4896010031823953,NORMAL
09:43:15,,,step_23,컨택홀_식각,IDLE,74.66961905090724,17.475402043222996,0.0742195320120957,0.747204696808463,0.4896010031823953,NORMAL
09:43:20,,,step_23,컨택홀_식각,IDLE,74.66961905090724,17.475402043222996,0.0742195320120957,0.747204696808463,0.4896010031823953,NORMAL
09:43:25,,,step_23,컨택홀_식각,IDLE,74.66961905090724,17.475402043222996,0.0742195320120957,0.747204696808463,0.4896010031823953,NORMAL
09:43:30,,,step_23,컨택홀_식각,IDLE,74.66961905090724,17.475402043222996,0.0742195320120957,0.747204696808463,0.4896010031823953,NORMAL
09:43:35,,,step_23,컨택홀_식각,IDLE,74.66961905090724,17.475402043222996,0.0742195320120957,0.747204696808463,0.4896010031823953,NORMAL
09:43:40,,,step_23,컨택홀_식각,IDLE,74.66961905090724,17.475402043222996,0.0742195320120957,0.747204696808463,0.4896010031823953,NORMAL
09:43:45,,,step_23,컨택홀_식각,IDLE,74.66961905090724,17.475402043222996,0.0742195320120957,0.747204696808463,0.4896010031823953,NORMAL
09:43:50,,,step_23,컨택홀_식각,IDLE,74.66961905090724,17.475402043222996,0.0742195320120957,0.747204696808463,0.4896010031823953,NORMAL
09:43:55,,,step_23,컨택홀_식각,IDLE,74.66961905090724,17.475402043222996,0.0742195320120957,0.747204696808463,0.4896010031823953,NORMAL
09:44:00,,,step_23,컨택홀_식각,IDLE,74.66961905090724,17.475402043222996,0.0742195320120957,0.747204696808463,0.4896010031823953,NORMAL
09:44:05,,,step_23,컨택홀_식각,IDLE,74.66961905090724,17.475402043222996,0.0742195320120957,0.747204696808463,0.4896010031823953,NORMAL
09:44:10,,,step_23,컨택홀_식각,IDLE,74.66961905090724,17.475402043222996,0.0742195320120957,0.747204696808463,0.4896010031823953,NORMAL
09:44:15,,,step_23,컨택홀_식각,IDLE,74.66961905090724,17.475402043222996,0.0742195320120957,0.747204696808463,0.4896010031823953,NORMAL
09:44:20,,,step_23,컨택홀_식각,IDLE,74.66961905090724,17.475402043222996,0.0742195320120957,0.747204696808463,0.4896010031823953,NORMAL
09:44:25,,,step_23,컨택홀_식각,IDLE,74.66961905090724,17.475402043222996,0.0742195320120957,0.747204696808463,0.4896010031823953,NORMAL
09:44:30,,,step_23,컨택홀_식각,IDLE,74.66961905090724,17.475402043222996,0.0742195320120957,0.747204696808463,0.4896010031823953,NORMAL
09:44:35,,,step_23,컨택홀_식각,IDLE,74.66961905090724,17.475402043222996,0.0742195320120957,0.747204696808463,0.4896010031823953,NORMAL
09:44:40,,,step_23,컨택홀_식각,IDLE,74.66961905090724,17.475402043222996,0.0742195320120957,0.747204696808463,0.4896010031823953,NORMAL
09:44:45,,,step_23,컨택홀_식각,IDLE,74.66961905090724,17.475402043222996,0.0742195320120957,0.747204696808463,0.4896010031823953,NORMAL
09:44:50,,,step_23,컨택홀_식각,IDLE,74.66961905090724,17.475402043222996,0.0742195320120957,0.747204696808463,0.4896010031823953,NORMAL
09:44:55,,,step_23,컨택홀_식각,IDLE,74.66961905090724,17.475402043222996,0.0742195320120957,0.747204696808463,0.4896010031823953,NORMAL
09:45:00,,,step_23,컨택홀_식각,IDLE,74.66961905090724,17.475402043222996,0.0742195320120957,0.747204696808463,0.4896010031823953,NORMAL
09:45:05,,,step_23,컨택홀_식각,IDLE,74.66961905090724,17.475402043222996,0.0742195320120957,0.747204696808463,0.4896010031823953,NORMAL
09:45:10,,,step_23,컨택홀_식각,IDLE,74.66961905090724,17.475402043222996,0.0742195320120957,0.747204696808463,0.4896010031823953,NORMAL
09:45:15,,,step_23,컨택홀_식각,IDLE,74.66961905090724,17.475402043222996,0.0742195320120957,0.747204696808463,0.4896010031823953,NORMAL
09:45:20,,,step_23,컨택홀_식각,IDLE,74.66961905090724,17.475402043222996,0.0742195320120957,0.747204696808463,0.4896010031823953,NORMAL
09:45:25,,,step_23,컨택홀_식각,IDLE,74.66961905090724,17.475402043222996,0.0742195320120957,0.747204696808463,0.4896010031823953,NORMAL
09:45:30,,,step_23,컨택홀_식각,IDLE,74.66961905090724,17.475402043222996,0.0742195320120957,0.747204696808463,0.4896010031823953,NORMAL
09:45:35,,,step_23,컨택홀_식각,IDLE,74.66961905090724,17.475402043222996,0.0742195320120957,0.747204696808463,0.4896010031823953,NORMAL
09:45:40,,,step_23,컨택홀_식각,IDLE,74.66961905090724,17.475402043222996,0.0742195320120957,0.747204696808463,0.4896010031823953,NORMAL
09:45:45,,,step_23,컨택홀_식각,IDLE,74.66961905090724,17.475402043222996,0.0742195320120957,0.747204696808463,0.4896010031823953,NORMAL
09:45:50,,,step_23,컨택홀_식각,IDLE,74.66961905090724,17.475402043222996,0.0742195320120957,0.747204696808463,0.4896010031823953,NORMAL
09:45:55,,,step_23,컨택홀_식각,IDLE,74.66961905090724,17.475402043222996,0.0742195320120957,0.747204696808463,0.4896010031823953,NORMAL
09:46:00,,,step_23,컨택홀_식각,IDLE,74.66961905090724,17.475402043222996,0.0742195320120957,0.747204696808463,0.4896010031823953,NORMAL
09:46:05,,,step_23,컨택홀_식각,IDLE,74.66961905090724,17.475402043222996,0.0742195320120957,0.747204696808463,0.4896010031823953,NORMAL
09:46:10,,,step_23,컨택홀_식각,IDLE,74.66961905090724,17.475402043222996,0.0742195320120957,0.747204696808463,0.4896010031823953,NORMAL
09:46:15,,,step_23,컨택홀_식각,IDLE,74.66961905090724,17.475402043222996,0.0742195320120957,0.747204696808463,0.4896010031823953,NORMAL
09:46:20,,,step_23,컨택홀_식각,IDLE,74.66961905090724,17.475402043222996,0.0742195320120957,0.747204696808463,0.4896010031823953,NORMAL
09:46:25,,,step_23,컨택홀_식각,IDLE,74.66961905090724,17.475402043222996,0.0742195320120957,0.747204696808463,0.4896010031823953,NORMAL
09:46:30,,,step_23,컨택홀_식각,IDLE,74.66961905090724,17.475402043222996,0.0742195320120957,0.747204696808463,0.4896010031823953,NORMAL
09:46:35,,,step_23,컨택홀_식각,IDLE,74.66961905090724,17.475402043222996,0.0742195320120957,0.747204696808463,0.4896010031823953,NORMAL
09:46:40,,,step_23,컨택홀_식각,IDLE,74.66961905090724,17.475402043222996,0.0742195320120957,0.747204696808463,0.4896010031823953,NORMAL
09:46:45,,,step_23,컨택홀_식각,IDLE,74.66961905090724,17.475402043222996,0.0742195320120957,0.747204696808463,0.4896010031823953,NORMAL
09:46:50,,,step_23,컨택홀_식각,IDLE,74.66961905090724,17.475402043222996,0.0742195320120957,0.747204696808463,0.4896010031823953,NORMAL
09:46:55,,,step_23,컨택홀_식각,IDLE,74.66961905090724,17.475402043222996,0.0742195320120957,0.747204696808463,0.4896010031823953,NORMAL
09:47:00,,,step_23,컨택홀_식각,IDLE,74.66961905090724,17.475402043222996,0.0742195320120957,0.747204696808463,0.4896010031823953,NORMAL
09:47:05,,,step_23,컨택홀_식각,IDLE,74.66961905090724,17.475402043222996,0.0742195320120957,0.747204696808463,0.4896010031823953,NORMAL
09:47:10,,,step_23,컨택홀_식각,IDLE,74.66961905090724,17.475402043222996,0.0742195320120957,0.747204696808463,0.4896010031823953,NORMAL
09:47:15,,,step_23,컨택홀_식각,IDLE,74.66961905090724,17.475402043222996,0.0742195320120957,0.747204696808463,0.4896010031823953,NORMAL
09:47:20,,,step_23,컨택홀_식각,IDLE,74.66961905090724,17.475402043222996,0.0742195320120957,0.747204696808463,0.4896010031823953,NORMAL
09:47:25,,,step_23,컨택홀_식각,IDLE,74.66961905090724,17.475402043222996,0.0742195320120957,0.747204696808463,0.4896010031823953,NORMAL
09:47:30,,,step_23,컨택홀_식각,IDLE,74.66961905090724,17.475402043222996,0.0742195320120957,0.747204696808463,0.4896010031823953,NORMAL
09:47:35,,,step_23,컨택홀_식각,IDLE,74.66961905090724,17.475402043222996,0.0742195320120957,0.747204696808463,0.4896010031823953,NORMAL
09:47:40,,,step_23,컨택홀_식각,IDLE,74.66961905090724,17.475402043222996,0.0742195320120957,0.747204696808463,0.4896010031823953,NORMAL
09:47:45,,,step_23,컨택홀_식각,IDLE,74.66961905090724,17.475402043222996,0.0742195320120957,0.747204696808463,0.4896010031823953,NORMAL
09:47:50,,,step_23,컨택홀_식각,IDLE,74.66961905090724,17.475402043222996,0.0742195320120957,0.747204696808463,0.4896010031823953,NORMAL
09:47:55,,,step_23,컨택홀_식각,IDLE,74.66961905090724,17.475402043222996,0.0742195320120957,0.747204696808463,0.4896010031823953,NORMAL
09:48:00,,,step_23,컨택홀_식각,IDLE,74.66961905090724,17.475402043222996,0.0742195320120957,0.747204696808463,0.4896010031823953,NORMAL
09:48:05,,,step_23,컨택홀_식각,IDLE,74.66961905090724,17.475402043222996,0.0742195320120957,0.747204696808463,0.4896010031823953,NORMAL
09:48:10,,,step_23,컨택홀_식각,IDLE,74.66961905090724,17.475402043222996,0.0742195320120957,0.747204696808463,0.4896010031823953,NORMAL
09:48:15,,,step_23,컨택홀_식각,IDLE,74.66961905090724,17.475402043222996,0.0742195320120957,0.747204696808463,0.4896010031823953,NORMAL
09:48:20,,,step_23,컨택홀_식각,IDLE,74.66961905090724,17.475402043222996,0.0742195320120957,0.747204696808463,0.4896010031823953,NORMAL
09:48:25,,,step_23,컨택홀_식각,IDLE,74.66961905090724,17.475402043222996,0.0742195320120957,0.747204696808463,0.4896010031823953,NORMAL
09:48:30,,,step_23,컨택홀_식각,IDLE,74.66961905090724,17.475402043222996,0.0742195320120957,0.747204696808463,0.4896010031823953,NORMAL
09:48:35,,,step_23,컨택홀_식각,IDLE,74.66961905090724,17.475402043222996,0.0742195320120957,0.747204696808463,0.4896010031823953,NORMAL
09:48:40,,,step_23,컨택홀_식각,IDLE,74.66961905090724,17.475402043222996,0.0742195320120957,0.747204696808463,0.4896010031823953,NORMAL
09:48:45,,,step_23,컨택홀_식각,IDLE,74.66961905090724,17.475402043222996,0.0742195320120957,0.747204696808463,0.4896010031823953,NORMAL
09:48:50,,,step_23,컨택홀_식각,IDLE,74.66961905090724,17.475402043222996,0.0742195320120957,0.747204696808463,0.4896010031823953,NORMAL
09:48:55,,,step_23,컨택홀_식각,IDLE,74.66961905090724,17.475402043222996,0.0742195320120957,0.747204696808463,0.4896010031823953,NORMAL
09:49:00,,,step_23,컨택홀_식각,IDLE,74.66961905090724,17.475402043222996,0.0742195320120957,0.747204696808463,0.4896010031823953,NORMAL
09:49:05,,,step_23,컨택홀_식각,IDLE,74.66961905090724,17.475402043222996,0.0742195320120957,0.747204696808463,0.4896010031823953,NORMAL
09:49:10,,,step_23,컨택홀_식각,IDLE,74.66961905090724,17.475402043222996,0.0742195320120957,0.747204696808463,0.4896010031823953,NORMAL
09:49:15,,,step_23,컨택홀_식각,IDLE,74.66961905090724,17.475402043222996,0.0742195320120957,0.747204696808463,0.4896010031823953,NORMAL
09:49:20,,,step_23,컨택홀_식각,IDLE,74.66961905090724,17.475402043222996,0.0742195320120957,0.747204696808463,0.4896010031823953,NORMAL
09:49:25,,,step_23,컨택홀_식각,IDLE,74.66961905090724,17.475402043222996,0.0742195320120957,0.747204696808463,0.4896010031823953,NORMAL
09:49:30,,,step_23,컨택홀_식각,IDLE,74.66961905090724,17.475402043222996,0.0742195320120957,0.747204696808463,0.4896010031823953,NORMAL
09:49:35,,,step_23,컨택홀_식각,IDLE,74.66961905090724,17.475402043222996,0.0742195320120957,0.747204696808463,0.4896010031823953,NORMAL
09:49:40,,,step_23,컨택홀_식각,IDLE,74.66961905090724,17.475402043222996,0.0742195320120957,0.747204696808463,0.4896010031823953,NORMAL
09:49:45,,,step_23,컨택홀_식각,IDLE,74.66961905090724,17.475402043222996,0.0742195320120957,0.747204696808463,0.4896010031823953,NORMAL
09:49:50,,,step_23,컨택홀_식각,IDLE,74.66961905090724,17.475402043222996,0.0742195320120957,0.747204696808463,0.4896010031823953,NORMAL
09:49:55,,,step_23,컨택홀_식각,IDLE,74.66961905090724,17.475402043222996,0.0742195320120957,0.747204696808463,0.4896010031823953,NORMAL
09:50:00,,,step_23,컨택홀_식각,IDLE,74.66961905090724,17.475402043222996,0.0742195320120957,0.747204696808463,0.4896010031823953,NORMAL
09:50:05,,,step_23,컨택홀_식각,IDLE,74.66961905090724,17.475402043222996,0.0742195320120957,0.747204696808463,0.4896010031823953,NORMAL
09:50:10,,,step_23,컨택홀_식각,IDLE,74.66961905090724,17.475402043222996,0.0742195320120957,0.747204696808463,0.4896010031823953,NORMAL
09:50:15,,,step_23,컨택홀_식각,IDLE,74.66961905090724,17.475402043222996,0.0742195320120957,0.747204696808463,0.4896010031823953,NORMAL
09:50:20,,,step_23,컨택홀_식각,IDLE,74.66961905090724,17.475402043222996,0.0742195320120957,0.747204696808463,0.4896010031823953,NORMAL
09:50:25,,,step_23,컨택홀_식각,IDLE,74.66961905090724,17.475402043222996,0.0742195320120957,0.747204696808463,0.4896010031823953,NORMAL
09:50:30,,,step_23,컨택홀_식각,IDLE,74.66961905090724,17.475402043222996,0.0742195320120957,0.747204696808463,0.4896010031823953,NORMAL
09:50:35,,,step_23,컨택홀_식각,IDLE,74.66961905090724,17.475402043222996,0.0742195320120957,0.747204696808463,0.4896010031823953,NORMAL
09:50:40,,,step_23,컨택홀_식각,IDLE,74.66961905090724,17.475402043222996,0.0742195320120957,0.747204696808463,0.4896010031823953,NORMAL
09:50:45,,,step_23,컨택홀_식각,IDLE,74.66961905090724,17.475402043222996,0.0742195320120957,0.747204696808463,0.4896010031823953,NORMAL
09:50:50,,,step_23,컨택홀_식각,IDLE,74.66961905090724,17.475402043222996,0.0742195320120957,0.747204696808463,0.4896010031823953,NORMAL
09:50:55,,,step_23,컨택홀_식각,IDLE,74.66961905090724,17.475402043222996,0.0742195320120957,0.747204696808463,0.4896010031823953,NORMAL
09:51:00,,,step_23,컨택홀_식각,IDLE,74.66961905090724,17.475402043222996,0.0742195320120957,0.747204696808463,0.4896010031823953,NORMAL
09:51:05,,,step_23,컨택홀_식각,IDLE,74.66961905090724,17.475402043222996,0.0742195320120957,0.747204696808463,0.4896010031823953,NORMAL
09:51:10,,,step_23,컨택홀_식각,IDLE,74.66961905090724,17.475402043222996,0.0742195320120957,0.747204696808463,0.4896010031823953,NORMAL
09:51:15,,,step_23,컨택홀_식각,IDLE,74.66961905090724,17.475402043222996,0.0742195320120957,0.747204696808463,0.4896010031823953,NORMAL
09:51:20,,,step_23,컨택홀_식각,IDLE,74.66961905090724,17.475402043222996,0.0742195320120957,0.747204696808463,0.4896010031823953,NORMAL
09:51:25,,,step_23,컨택홀_식각,IDLE,74.66961905090724,17.475402043222996,0.0742195320120957,0.747204696808463,0.4896010031823953,NORMAL
09:51:30,,,step_23,컨택홀_식각,IDLE,74.66961905090724,17.475402043222996,0.0742195320120957,0.747204696808463,0.4896010031823953,NORMAL
09:51:35,,,step_23,컨택홀_식각,IDLE,74.66961905090724,17.475402043222996,0.0742195320120957,0.747204696808463,0.4896010031823953,NORMAL
09:51:40,,,step_23,컨택홀_식각,IDLE,74.66961905090724,17.475402043222996,0.0742195320120957,0.747204696808463,0.4896010031823953,NORMAL
09:51:45,,,step_23,컨택홀_식각,IDLE,74.66961905090724,17.475402043222996,0.0742195320120957,0.747204696808463,0.4896010031823953,NORMAL
09:51:50,,,step_23,컨택홀_식각,IDLE,74.66961905090724,17.475402043222996,0.0742195320120957,0.747204696808463,0.4896010031823953,NORMAL
09:51:55,,,step_23,컨택홀_식각,IDLE,74.66961905090724,17.475402043222996,0.0742195320120957,0.747204696808463,0.4896010031823953,NORMAL
09:52:00,,,step_23,컨택홀_식각,IDLE,74.66961905090724,17.475402043222996,0.0742195320120957,0.747204696808463,0.4896010031823953,NORMAL
09:52:05,,,step_23,컨택홀_식각,IDLE,74.66961905090724,17.475402043222996,0.0742195320120957,0.747204696808463,0.4896010031823953,NORMAL
09:52:10,,,step_23,컨택홀_식각,IDLE,74.66961905090724,17.475402043222996,0.0742195320120957,0.747204696808463,0.4896010031823953,NORMAL
09:52:15,,,step_23,컨택홀_식각,IDLE,74.66961905090724,17.475402043222996,0.0742195320120957,0.747204696808463,0.4896010031823953,NORMAL
09:52:20,,,step_23,컨택홀_식각,IDLE,74.66961905090724,17.475402043222996,0.0742195320120957,0.747204696808463,0.4896010031823953,NORMAL
09:52:25,,,step_23,컨택홀_식각,IDLE,74.66961905090724,17.475402043222996,0.0742195320120957,0.747204696808463,0.4896010031823953,NORMAL
09:52:30,,,step_23,컨택홀_식각,IDLE,74.66961905090724,17.475402043222996,0.0742195320120957,0.747204696808463,0.4896010031823953,NORMAL
09:52:35,,,step_23,컨택홀_식각,IDLE,74.66961905090724,17.475402043222996,0.0742195320120957,0.747204696808463,0.4896010031823953,NORMAL
09:52:40,,,step_23,컨택홀_식각,IDLE,74.66961905090724,17.475402043222996,0.0742195320120957,0.747204696808463,0.4896010031823953,NORMAL
09:52:45,,,step_23,컨택홀_식각,IDLE,74.66961905090724,17.475402043222996,0.0742195320120957,0.747204696808463,0.4896010031823953,NORMAL
09:52:50,,,step_23,컨택홀_식각,IDLE,74.66961905090724,17.475402043222996,0.0742195320120957,0.747204696808463,0.4896010031823953,NORMAL
09:52:55,,,step_23,컨택홀_식각,IDLE,74.66961905090724,17.475402043222996,0.0742195320120957,0.747204696808463,0.4896010031823953,NORMAL
09:53:00,,,step_23,컨택홀_식각,IDLE,74.66961905090724,17.475402043222996,0.0742195320120957,0.747204696808463,0.4896010031823953,NORMAL
09:53:05,,,step_23,컨택홀_식각,IDLE,74.66961905090724,17.475402043222996,0.0742195320120957,0.747204696808463,0.4896010031823953,NORMAL
09:53:10,,,step_23,컨택홀_식각,IDLE,74.66961905090724,17.475402043222996,0.0742195320120957,0.747204696808463,0.4896010031823953,NORMAL
09:53:15,,,step_23,컨택홀_식각,IDLE,74.66961905090724,17.475402043222996,0.0742195320120957,0.747204696808463,0.4896010031823953,NORMAL
09:53:20,,,step_23,컨택홀_식각,IDLE,74.66961905090724,17.475402043222996,0.0742195320120957,0.747204696808463,0.4896010031823953,NORMAL
09:53:25,,,step_23,컨택홀_식각,IDLE,74.66961905090724,17.475402043222996,0.0742195320120957,0.747204696808463,0.4896010031823953,NORMAL
09:53:30,,,step_23,컨택홀_식각,IDLE,74.66961905090724,17.475402043222996,0.0742195320120957,0.747204696808463,0.4896010031823953,NORMAL
09:53:35,,,step_23,컨택홀_식각,IDLE,74.66961905090724,17.475402043222996,0.0742195320120957,0.747204696808463,0.4896010031823953,NORMAL
09:53:40,,,step_23,컨택홀_식각,IDLE,74.66961905090724,17.475402043222996,0.0742195320120957,0.747204696808463,0.4896010031823953,NORMAL
09:53:45,,,step_23,컨택홀_식각,IDLE,74.66961905090724,17.475402043222996,0.0742195320120957,0.747204696808463,0.4896010031823953,NORMAL
09:53:50,,,step_23,컨택홀_식각,IDLE,74.66961905090724,17.475402043222996,0.0742195320120957,0.747204696808463,0.4896010031823953,NORMAL
09:53:55,,,step_23,컨택홀_식각,IDLE,74.66961905090724,17.475402043222996,0.0742195320120957,0.747204696808463,0.4896010031823953,NORMAL
09:54:00,,,step_23,컨택홀_식각,IDLE,74.66961905090724,17.475402043222996,0.0742195320120957,0.747204696808463,0.4896010031823953,NORMAL
09:54:05,,,step_23,컨택홀_식각,IDLE,74.66961905090724,17.475402043222996,0.0742195320120957,0.747204696808463,0.4896010031823953,NORMAL
09:54:10,,,step_23,컨택홀_식각,IDLE,74.66961905090724,17.475402043222996,0.0742195320120957,0.747204696808463,0.4896010031823953,NORMAL
09:54:15,,,step_23,컨택홀_식각,IDLE,74.66961905090724,17.475402043222996,0.0742195320120957,0.747204696808463,0.4896010031823953,NORMAL
09:54:20,,,step_23,컨택홀_식각,IDLE,74.66961905090724,17.475402043222996,0.0742195320120957,0.747204696808463,0.4896010031823953,NORMAL
09:54:25,,,step_23,컨택홀_식각,IDLE,74.66961905090724,17.475402043222996,0.0742195320120957,0.747204696808463,0.4896010031823953,NORMAL
09:54:30,,,step_23,컨택홀_식각,IDLE,74.66961905090724,17.475402043222996,0.0742195320120957,0.747204696808463,0.4896010031823953,NORMAL
09:54:35,,,step_23,컨택홀_식각,IDLE,74.66961905090724,17.475402043222996,0.0742195320120957,0.747204696808463,0.4896010031823953,NORMAL
09:54:40,,,step_23,컨택홀_식각,IDLE,74.66961905090724,17.475402043222996,0.0742195320120957,0.747204696808463,0.4896010031823953,NORMAL
09:54:45,,,step_23,컨택홀_식각,IDLE,74.66961905090724,17.475402043222996,0.0742195320120957,0.747204696808463,0.4896010031823953,NORMAL
09:54:50,,,step_23,컨택홀_식각,IDLE,74.66961905090724,17.475402043222996,0.0742195320120957,0.747204696808463,0.4896010031823953,NORMAL
09:54:55,,,step_23,컨택홀_식각,IDLE,74.66961905090724,17.475402043222996,0.0742195320120957,0.747204696808463,0.4896010031823953,NORMAL
09:55:00,LOT-20260812-A01,W01,step_23,컨택홀_식각,IDLE,74.66961905090724,17.475402043222996,0.0742195320120957,0.747204696808463,0.4896010031823953,NORMAL
09:55:05,LOT-20260812-A01,W02,step_23,컨택홀_식각,IDLE,74.391585063505,17.757070617776236,0.0750417010049291,0.7640343491859721,0.4940469277656785,NORMAL
09:55:10,LOT-20260812-A01,W03,step_23,컨택홀_식각,IDLE,75.22027699143202,17.573632081252306,0.0751400784555368,0.7640343491859721,0.4915004007602619,NORMAL
09:55:15,LOT-20260812-A01,W04,step_23,컨택홀_식각,IDLE,74.70736318857644,17.661403036567137,0.0748594694721556,0.755909052209929,0.5074645762180211,NORMAL
09:55:20,LOT-20260812-A01,W05,step_23,컨택홀_식각,IDLE,75.01819432310998,17.326858401298228,0.07497818120313,0.7640343491859721,0.5131702197448059,NORMAL
09:55:25,LOT-20260812-A01,W06,step_23,컨택홀_식각,IDLE,75.19036496415845,17.065827328048538,0.0751262184676201,0.7267643809329979,0.4982630662448905,NORMAL
09:55:30,LOT-20260812-A01,W07,step_23,컨택홀_식각,IDLE,75.74514451839283,17.655478425052113,0.0754810368130943,0.7465420588247902,0.5022977676033491,NORMAL
09:55:35,LOT-20260812-A01,W08,step_23,컨택홀_식각,IDLE,75.471942386034,17.775231980416546,0.0761691180434137,0.7267643809329979,0.5042877182098915,NORMAL
09:55:40,LOT-20260812-A01,W09,step_23,컨택홀_식각,IDLE,74.59139419633561,17.44385950808188,0.0731680656820079,0.7267643809329979,0.5147087469353387,NORMAL
09:55:45,LOT-20260812-A01,W10,step_23,컨택홀_식각,IDLE,74.31298665734546,17.72193914594838,0.0761137375141387,0.7418097825452258,0.4896010031823953,NORMAL
09:55:50,LOT-20260812-A01,W11,step_23,컨택홀_식각,IDLE,76.02442866285267,17.41619680170577,0.073289191883682,0.7400192334150573,0.5074422189912693,NORMAL
09:55:55,LOT-20260812-A01,W12,step_23,컨택홀_식각,IDLE,74.05040419681539,17.477325209670383,0.0753087628210367,0.7506211543371372,0.503765247479395,NORMAL
09:56:00,LOT-20260812-A01,W13,step_23,컨택홀_식각,IDLE,74.72849829138536,17.93810719709682,0.0769202741785211,0.7496902423259552,0.4962916047475418,NORMAL
09:56:05,LOT-20260812-A01,W14,step_23,컨택홀_식각,IDLE,75.38714689219327,17.42711998657339,0.0749574597115742,0.7520061364497185,0.5032622673572029,NORMAL
09:56:10,LOT-20260812-A01,W15,step_23,컨택홀_식각,IDLE,75.98325674817002,17.41235765186165,0.0751800191394146,0.7526206447294602,0.5074082897582992,NORMAL
09:56:15,LOT-20260812-A01,W16,step_23,컨택홀_식각,IDLE,74.88620308492548,17.065827328048538,0.0746897402860795,0.7549938408690445,0.505831627124828,NORMAL
09:56:20,LOT-20260812-A01,W17,step_23,컨택홀_식각,IDLE,75.01640579656254,17.67251828999525,0.0756672623472649,0.7356143298388206,0.5147087469353387,NORMAL
09:56:25,LOT-20260812-A01,W18,step_23,컨택홀_식각,IDLE,74.47498354704155,17.322539658636423,0.0753622085526397,0.739128115209543,0.5012748158779369,NORMAL
09:56:30,LOT-20260812-A01,W19,step_23,컨택홀_식각,IDLE,75.07596966728113,17.536806252753173,0.0743239527552209,0.7494468291105787,0.5002690518329033,NORMAL
09:56:35,LOT-20260812-A01,W20,step_23,컨택홀_식각,IDLE,74.30990761241947,17.42124022814182,0.0748856469448151,0.7496798557399061,0.4981870121433022,NORMAL
09:56:40,LOT-20260812-A01,W21,step_23,컨택홀_식각,RAMP,73.19931611227523,17.054207284508056,0.0705262539848911,0.6850843580822221,0.5221191534858355,NORMAL
09:56:45,LOT-20260812-A01,W22,step_23,컨택홀_식각,RAMP,151.83333732993236,34.882270510138355,0.1495242343150707,1.564893562860783,0.998717669540562,NORMAL
09:56:50,LOT-20260812-A01,W23,step_23,컨택홀_식각,RAMP,223.9594156395314,52.45914766044059,0.223322511252333,2.2934880406530493,1.5005283658025907,NORMAL
09:56:55,LOT-20260812-A01,W24,step_23,컨택홀_식각,RAMP,302.2013974129273,71.17607905963523,0.3005461638063628,2.948416998878212,2.0007131944002503,NORMAL
09:57:00,LOT-20260812-A01,W25,step_23,컨택홀_식각,RAMP,374.6315828960421,89.02021185669258,0.3721603444114322,3.737498039224999,2.4946156572203964,NORMAL
09:57:05,LOT-20260812-A01,W01,step_23,컨택홀_식각,RAMP,446.71478377711,105.6507151024416,0.4491422732396552,4.620572379047827,2.975653087913904,NORMAL
09:57:10,LOT-20260812-A01,W02,step_23,컨택홀_식각,RAMP,527.8040766617071,123.77155591347086,0.5250350911007525,5.259634622270057,3.5167242615278766,NORMAL
09:57:15,LOT-20260812-A01,W03,step_23,컨택홀_식각,RAMP,596.8432173958755,140.8541474707467,0.6003136707918267,6.023741157312004,3.988598097399336,NORMAL
09:57:20,LOT-20260812-A01,W04,step_23,컨택홀_식각,RAMP,673.5557099787345,157.9946141019358,0.6760971348628234,6.713463866932132,4.524547180112818,NORMAL
09:57:25,LOT-20260812-A01,W05,step_23,컨택홀_식각,RAMP,749.5207222033484,176.45514293529345,0.749303329338876,7.4812132734883,5.00443070515712,NORMAL
09:57:30,LOT-20260812-B02,W01,step_23,컨택홀_식각,RAMP,827.4139886895821,191.19152536907467,0.8218532253642732,8.340679559147004,5.484537004946838,NORMAL
09:57:35,LOT-20260812-B02,W02,step_23,컨택홀_식각,RAMP,898.7364364255434,209.3155377987508,0.9003282930905983,9.006797665637553,6.062593216201402,NORMAL
09:57:40,LOT-20260812-B02,W03,step_23,컨택홀_식각,RAMP,972.7758788100718,226.6790984731439,0.9742845686976168,9.745744306867628,6.495907496578121,NORMAL
09:57:45,LOT-20260812-B02,W04,step_23,컨택홀_식각,RAMP,1050.390415371745,244.69861208336053,1.0540985825684288,10.500458465156187,7.024912920582472,NORMAL
09:57:50,LOT-20260812-B02,W05,step_23,컨택홀_식각,RAMP,1124.4864822642562,263.18590035808427,1.1296029660036415,11.40272296730491,7.472000683760316,NORMAL
09:57:55,LOT-20260812-B02,W06,step_23,컨택홀_식각,RAMP,1198.878262562306,278.88489654781324,1.194511678258252,12.002388450188873,7.918978426754752,NORMAL
09:58:00,LOT-20260812-B02,W07,step_23,컨택홀_식각,RAMP,1275.519564855571,298.0027991968111,1.277468618193671,12.700195398047184,8.477320033292918,NORMAL
09:58:05,LOT-20260812-B02,W08,step_23,컨택홀_식각,RAMP,1347.1113690830564,314.41293908159577,1.3532709766443596,13.460678945903084,8.914502051744009,NORMAL
09:58:10,LOT-20260812-B02,W09,step_23,컨택홀_식각,RAMP,1420.8675827016823,332.15293594681305,1.4196166748165433,14.296845360143289,9.49052548532723,NORMAL
09:58:15,LOT-20260812-B02,W10,step_23,컨택홀_식각,RAMP,1505.1329522574438,350.20041566343383,1.502317891275651,14.914291132401193,10.05874588058156,NORMAL
09:58:20,LOT-20260812-B02,W11,step_23,컨택홀_식각,ACTIVE,1500.3750699361017,352.52187220859224,1.5053757295065977,15.04055246833178,9.9456828986754,NORMAL
09:58:25,LOT-20260812-B02,W12,step_23,컨택홀_식각,ACTIVE,1500.6270511750645,348.9314794216188,1.4943021201727285,14.934856422511553,9.87363736854435,NORMAL
09:58:30,LOT-20260812-B02,W13,step_23,컨택홀_식각,ACTIVE,1497.1848382295625,349.87985990975983,1.4985819502612738,14.83271073991932,10.090015419460752,NORMAL
09:58:35,LOT-20260812-B02,W14,step_23,컨택홀_식각,ACTIVE,1503.2317158365784,348.3826621616044,1.5011179196149214,14.911793500477776,9.971478714200543,NORMAL
09:58:40,LOT-20260812-B02,W15,step_23,컨택홀_식각,ACTIVE,1498.079453063475,348.91707842548294,1.5034227483605958,15.00247804287108,9.99905569706988,NORMAL
09:58:45,LOT-20260812-B02,W16,step_23,컨택홀_식각,ACTIVE,1489.96986832399,348.3689878476133,1.4940693635373143,15.125565065414351,10.047296798147864,NORMAL
09:58:50,LOT-20260812-B02,W17,step_23,컨택홀_식각,ACTIVE,1497.958679974169,350.36717763194986,1.5069420401868936,15.082199647075198,10.031390365899348,NORMAL
09:58:55,LOT-20260812-B02,W18,step_23,컨택홀_식각,ACTIVE,1498.986912919472,350.63796315423315,1.4878239112196063,14.973567879644632,10.045030745176712,NORMAL
09:59:00,LOT-20260812-B02,W19,step_23,컨택홀_식각,ACTIVE,1499.3876990243955,351.03057402008574,1.507942473293553,15.087496836283629,10.054025739372726,NORMAL
09:59:05,LOT-20260812-B02,W20,step_23,컨택홀_식각,ACTIVE,1499.2835580141195,348.8695254336405,1.5033016048067396,14.967889815368483,9.895233122044631,NORMAL
09:59:10,LOT-20260812-B02,W21,step_23,컨택홀_식각,ACTIVE,1497.6783073788854,350.7619146178175,1.4962693709331432,14.86801395737287,9.915139135591598,NORMAL
09:59:15,LOT-20260812-B02,W22,step_23,컨택홀_식각,ACTIVE,1497.3305241850678,350.16965011737204,1.5051864350562425,15.00189788720694,10.070270179757731,NORMAL
09:59:20,LOT-20260812-B02,W23,step_23,컨택홀_식각,ACTIVE,1498.9272767995487,349.91337125412304,1.4937132057383873,14.864465940449389,9.9530956514145,NORMAL
09:59:25,LOT-20260812-B02,W24,step_23,컨택홀_식각,ACTIVE,1494.0762860866707,348.1378657587384,1.5006896163263632,15.071226747673656,9.959641249302187,NORMAL
09:59:30,LOT-20260812-B02,W25,step_23,컨택홀_식각,ACTIVE,1492.952653342282,350.2298802489772,1.5014310292428517,15.07252920801062,9.92422944867014,NORMAL
09:59:35,LOT-20260812-B02,W01,step_23,컨택홀_식각,ACTIVE,1500.3529997637106,350.2774349298668,1.501416808883754,14.920802705442275,9.975703126639152,NORMAL
09:59:40,LOT-20260812-B02,W02,step_23,컨택홀_식각,ACTIVE,1500.413045547354,350.15259266681335,1.494961694657308,15.01310377561431,9.979041036178932,NORMAL
09:59:45,LOT-20260812-B02,W03,step_23,컨택홀_식각,ACTIVE,1503.1658420881945,350.6000761359158,1.4970235369658544,15.01224443107723,9.943752358738893,NORMAL
09:59:50,LOT-20260812-B02,W04,step_23,컨택홀_식각,ACTIVE,1499.0799648826653,351.04189348860416,1.500760469196905,15.078476704359051,9.936815035307456,NORMAL
09:59:55,LOT-20260812-B02,W05,step_23,컨택홀_식각,ACTIVE,1495.7029420328129,348.35296503656343,1.4956395375422005,14.887943857141453,10.019119785530542,NORMAL
10:00:00,LOT-20260812-B02,W06,step_23,컨택홀_식각,ACTIVE,1493.0172714652874,349.67495587035745,1.5016287167656597,15.053953877121137,9.951539843986694,NORMAL
10:00:05,LOT-20260812-B02,W07,step_23,컨택홀_식각,ACTIVE,1496.7952941265553,350.7736514023464,1.4963152441906404,14.881490767409504,9.963621264581304,NORMAL
10:00:10,LOT-20260812-B02,W08,step_23,컨택홀_식각,ACTIVE,1501.521071078607,349.5974077686875,1.5060000001564635,15.069946986390558,9.868823299193554,NORMAL
10:00:15,LOT-20260812-B02,W09,step_23,컨택홀_식각,ACTIVE,1505.189216052272,351.4391353355928,1.5093761097034255,15.095642766119983,10.116292014551862,NORMAL
10:00:20,LOT-20260812-B02,W10,step_23,컨택홀_식각,ACTIVE,1500.1947074859777,350.13526774503885,1.4982152149520565,14.93973677457241,10.05650944176848,NORMAL
10:00:25,LOT-20260812-B02,W11,step_23,컨택홀_식각,ACTIVE,1495.63107639479,347.06761603831467,1.5055215525658203,15.109721597988738,9.970311636800384,NORMAL
10:00:30,LOT-20260812-C03,W01,step_23,컨택홀_식각,ACTIVE,1496.8322858309818,351.2591433787965,1.4987261727505403,14.85833703332831,9.946055143860535,NORMAL
10:00:35,LOT-20260812-C03,W02,step_23,컨택홀_식각,ACTIVE,1496.9446586733684,349.824345159717,1.4943814128195518,15.098962510068947,10.000653327833987,NORMAL
10:00:40,LOT-20260812-C03,W03,step_23,컨택홀_식각,ACTIVE,1498.5384410343668,347.34543375031205,1.4974456935566691,15.129461061434638,9.99900798462414,NORMAL
10:00:45,LOT-20260812-C03,W04,step_23,컨택홀_식각,ACTIVE,1504.0352235299815,349.6215652095698,1.5005134184445372,15.031123367473638,9.923442005829122,NORMAL
10:00:50,LOT-20260812-C03,W05,step_23,컨택홀_식각,ACTIVE,1504.3160740205644,348.09745343207805,1.4892782540134375,14.982402679707358,9.846967826264658,NORMAL
10:00:55,LOT-20260812-C03,W06,step_23,컨택홀_식각,ACTIVE,1499.3798787788105,351.12969692839124,1.503753940568673,15.028117783808993,9.968435445549,NORMAL
10:01:00,LOT-20260812-C03,W07,step_23,컨택홀_식각,ACTIVE,1500.659052396409,349.9462385297808,1.500516125093618,14.9456617468142,9.906197528146029,NORMAL
10:01:05,LOT-20260812-C03,W08,step_23,컨택홀_식각,ACTIVE,1497.1287915856556,348.6143819527974,1.5060032637448149,15.236216401124649,10.010282796803413,NORMAL
10:01:10,LOT-20260812-C03,W09,step_23,컨택홀_식각,ACTIVE,1493.8443296003263,351.2162720854443,1.503648825322628,14.947212183860914,10.01068489399964,NORMAL
10:01:15,LOT-20260812-C03,W10,step_23,컨택홀_식각,ACTIVE,1506.438018072466,350.6877884989944,1.500719689902983,15.118566105269158,9.941607238099486,NORMAL
10:01:20,LOT-20260812-C03,W11,step_23,컨택홀_식각,ACTIVE,1491.6390466178632,349.646352894462,1.497864990387903,14.933289532431829,9.967924943940671,NORMAL
10:01:25,LOT-20260812-C03,W12,step_23,컨택홀_식각,ACTIVE,1493.3909748564076,348.13160384069545,1.509137170330218,15.143712745155328,10.105782501518686,NORMAL
10:01:30,LOT-20260812-C03,W13,step_23,컨택홀_식각,ACTIVE,1506.4670610785747,348.7362893096951,1.5130192361210162,15.181109572357965,10.046507711576258,NORMAL
10:01:35,LOT-20260812-C03,W14,step_23,컨택홀_식각,ACTIVE,1500.0598154568136,348.71381313544094,1.497965103569641,15.03473917299174,9.972864833757466,NORMAL
10:01:40,LOT-20260812-C03,W15,step_23,컨택홀_식각,ACTIVE,1495.946706334483,351.1197458048966,1.5062537608422153,15.025799154171043,10.13751755961616,NORMAL
10:01:45,LOT-20260812-C03,W16,step_23,컨택홀_식각,ACTIVE,1502.4577330719214,347.47865407153364,1.4957595020462082,14.913907887769389,9.9281837552817,NORMAL
10:01:50,LOT-20260812-C03,W17,step_23,컨택홀_식각,ACTIVE,1502.7829919017656,349.9291477751554,1.4964738842778655,14.903189915138856,9.951238316511006,NORMAL
10:01:55,LOT-20260812-C03,W18,step_23,컨택홀_식각,ACTIVE,1495.202331677468,349.62457341384186,1.497682530291009,15.026812314464909,9.993369149757523,NORMAL
10:02:00,LOT-20260812-C03,W19,step_23,컨택홀_식각,ACTIVE,1498.0817566447097,351.5533085266631,1.504108096125638,15.1312373229463,9.90813957607742,NORMAL
10:02:05,LOT-20260812-C03,W20,step_23,컨택홀_식각,ACTIVE,1503.1544851093406,350.349104836513,1.4935505202339656,14.950661775976588,10.107418549877671,NORMAL
10:02:10,LOT-20260812-C03,W21,step_23,컨택홀_식각,ACTIVE,1497.0591393130662,350.8028154277156,1.5092997853620254,15.198713629601476,10.010989122322556,NORMAL
10:02:15,LOT-20260812-C03,W22,step_23,컨택홀_식각,ACTIVE,1501.0157894590095,349.211959994405,1.5056272335442382,14.945086865433314,9.952603068586011,NORMAL
10:02:20,LOT-20260812-C03,W23,step_23,컨택홀_식각,ACTIVE,1505.1293238709186,348.1535027187421,1.5039690912325734,15.020645274667498,10.026867217084286,NORMAL
10:02:25,LOT-20260812-C03,W24,step_23,컨택홀_식각,ACTIVE,1491.387054606452,349.51178603618524,1.498237112003984,15.020881481976328,10.008763350897873,NORMAL
10:02:30,LOT-20260812-C03,W25,step_23,컨택홀_식각,ACTIVE,1498.7715060504163,351.16574357888965,1.5049769255391403,14.990861906228805,9.981720934952447,NORMAL
10:02:35,LOT-20260812-C03,W01,step_23,컨택홀_식각,ACTIVE,1500.941889594843,351.16233594672764,1.4824958228321816,14.81605552353064,9.927489089990711,NORMAL
10:02:40,LOT-20260812-C03,W02,step_23,컨택홀_식각,ACTIVE,1493.5486222106038,349.35411864332644,1.502645408180955,14.94428342096122,9.913827284468251,NORMAL
10:02:45,LOT-20260812-C03,W03,step_23,컨택홀_식각,ACTIVE,1498.093398995091,348.70888429302715,1.5009607324059764,15.01796753630726,10.131208059846594,NORMAL
10:02:50,LOT-20260812-C03,W04,step_23,컨택홀_식각,ACTIVE,1503.7601951189106,348.4149813126392,1.4886827066086927,14.99136134136178,9.9188359068934,NORMAL
10:02:55,LOT-20260812-C03,W05,step_23,컨택홀_식각,ACTIVE,1497.464465464522,349.7950600959102,1.502437517896393,15.05725823934625,10.101877931161082,NORMAL
10:03:00,LOT-20260812-C03,W06,step_23,컨택홀_식각,ACTIVE,1494.6564248308114,350.204826757579,1.5035453503552565,15.068115232079268,9.949314451143042,NORMAL
10:03:05,LOT-20260812-C03,W07,step_23,컨택홀_식각,ACTIVE,1504.070994563384,352.2097872694636,1.488877603530995,14.9783929384939,10.04740195405242,NORMAL
10:03:10,LOT-20260812-C03,W08,step_23,컨택홀_식각,ACTIVE,1501.6002060967096,350.1849961364283,1.4928793714940876,14.91338126649161,10.027925985404847,NORMAL
10:03:15,LOT-20260812-C03,W09,step_23,컨택홀_식각,ACTIVE,1499.7521173505834,350.9206489907108,1.5123863349111055,15.139348593484508,10.039925122017785,NORMAL
10:03:20,,,step_23,컨택홀_식각,IDLE,1499.7521173505834,350.9206489907108,1.5123863349111055,15.139348593484508,10.039925122017785,NORMAL
10:03:25,,,step_23,컨택홀_식각,IDLE,1499.7521173505834,350.9206489907108,1.5123863349111055,15.139348593484508,10.039925122017785,NORMAL
10:03:30,,,step_23,컨택홀_식각,IDLE,1499.7521173505834,350.9206489907108,1.5123863349111055,15.139348593484508,10.039925122017785,NORMAL
10:03:35,,,step_23,컨택홀_식각,IDLE,1499.7521173505834,350.9206489907108,1.5123863349111055,15.139348593484508,10.039925122017785,NORMAL
10:03:40,,,step_23,컨택홀_식각,IDLE,1499.7521173505834,350.9206489907108,1.5123863349111055,15.139348593484508,10.039925122017785,NORMAL
10:03:45,,,step_23,컨택홀_식각,IDLE,1499.7521173505834,350.9206489907108,1.5123863349111055,15.139348593484508,10.039925122017785,NORMAL
10:03:50,,,step_23,컨택홀_식각,IDLE,1499.7521173505834,350.9206489907108,1.5123863349111055,15.139348593484508,10.039925122017785,NORMAL
10:03:55,,,step_23,컨택홀_식각,IDLE,1499.7521173505834,350.9206489907108,1.5123863349111055,15.139348593484508,10.039925122017785,NORMAL
10:04:00,,,step_23,컨택홀_식각,IDLE,1499.7521173505834,350.9206489907108,1.5123863349111055,15.139348593484508,10.039925122017785,NORMAL
10:04:05,,,step_23,컨택홀_식각,IDLE,1499.7521173505834,350.9206489907108,1.5123863349111055,15.139348593484508,10.039925122017785,NORMAL
10:04:10,,,step_23,컨택홀_식각,IDLE,1499.7521173505834,350.9206489907108,1.5123863349111055,15.139348593484508,10.039925122017785,NORMAL
10:04:15,,,step_23,컨택홀_식각,IDLE,1499.7521173505834,350.9206489907108,1.5123863349111055,15.139348593484508,10.039925122017785,NORMAL
10:04:20,,,step_23,컨택홀_식각,IDLE,1499.7521173505834,350.9206489907108,1.5123863349111055,15.139348593484508,10.039925122017785,NORMAL
10:04:25,,,step_23,컨택홀_식각,IDLE,1499.7521173505834,350.9206489907108,1.5123863349111055,15.139348593484508,10.039925122017785,NORMAL
10:04:30,,,step_23,컨택홀_식각,IDLE,1499.7521173505834,350.9206489907108,1.5123863349111055,15.139348593484508,10.039925122017785,NORMAL
10:04:35,,,step_23,컨택홀_식각,IDLE,1499.7521173505834,350.9206489907108,1.5123863349111055,15.139348593484508,10.039925122017785,NORMAL
10:04:40,,,step_23,컨택홀_식각,IDLE,1499.7521173505834,350.9206489907108,1.5123863349111055,15.139348593484508,10.039925122017785,NORMAL
10:04:45,,,step_23,컨택홀_식각,IDLE,1499.7521173505834,350.9206489907108,1.5123863349111055,15.139348593484508,10.039925122017785,NORMAL
10:04:50,,,step_23,컨택홀_식각,IDLE,1499.7521173505834,350.9206489907108,1.5123863349111055,15.139348593484508,10.039925122017785,NORMAL
10:04:55,,,step_23,컨택홀_식각,IDLE,1499.7521173505834,350.9206489907108,1.5123863349111055,15.139348593484508,10.039925122017785,NORMAL
10:05:00,,,step_23,컨택홀_식각,IDLE,1499.7521173505834,350.9206489907108,1.5123863349111055,15.139348593484508,10.039925122017785,NORMAL
10:05:05,,,step_23,컨택홀_식각,IDLE,1499.7521173505834,350.9206489907108,1.5123863349111055,15.139348593484508,10.039925122017785,NORMAL
10:05:10,,,step_23,컨택홀_식각,IDLE,1499.7521173505834,350.9206489907108,1.5123863349111055,15.139348593484508,10.039925122017785,NORMAL
10:05:15,,,step_23,컨택홀_식각,IDLE,1499.7521173505834,350.9206489907108,1.5123863349111055,15.139348593484508,10.039925122017785,NORMAL
10:05:20,,,step_23,컨택홀_식각,IDLE,1499.7521173505834,350.9206489907108,1.5123863349111055,15.139348593484508,10.039925122017785,NORMAL
10:05:25,,,step_23,컨택홀_식각,IDLE,1499.7521173505834,350.9206489907108,1.5123863349111055,15.139348593484508,10.039925122017785,NORMAL
10:05:30,,,step_23,컨택홀_식각,IDLE,1499.7521173505834,350.9206489907108,1.5123863349111055,15.139348593484508,10.039925122017785,NORMAL
10:05:35,,,step_23,컨택홀_식각,IDLE,1499.7521173505834,350.9206489907108,1.5123863349111055,15.139348593484508,10.039925122017785,NORMAL
10:05:40,,,step_23,컨택홀_식각,IDLE,1499.7521173505834,350.9206489907108,1.5123863349111055,15.139348593484508,10.039925122017785,NORMAL
10:05:45,,,step_23,컨택홀_식각,IDLE,1499.7521173505834,350.9206489907108,1.5123863349111055,15.139348593484508,10.039925122017785,NORMAL
10:05:50,,,step_23,컨택홀_식각,IDLE,1499.7521173505834,350.9206489907108,1.5123863349111055,15.139348593484508,10.039925122017785,NORMAL
10:05:55,,,step_23,컨택홀_식각,IDLE,1499.7521173505834,350.9206489907108,1.5123863349111055,15.139348593484508,10.039925122017785,NORMAL
10:06:00,,,step_23,컨택홀_식각,IDLE,1499.7521173505834,350.9206489907108,1.5123863349111055,15.139348593484508,10.039925122017785,NORMAL
10:06:05,,,step_23,컨택홀_식각,IDLE,1499.7521173505834,350.9206489907108,1.5123863349111055,15.139348593484508,10.039925122017785,NORMAL
10:06:10,,,step_23,컨택홀_식각,IDLE,1499.7521173505834,350.9206489907108,1.5123863349111055,15.139348593484508,10.039925122017785,NORMAL
10:06:15,,,step_23,컨택홀_식각,IDLE,1499.7521173505834,350.9206489907108,1.5123863349111055,15.139348593484508,10.039925122017785,NORMAL
10:06:20,,,step_23,컨택홀_식각,IDLE,1499.7521173505834,350.9206489907108,1.5123863349111055,15.139348593484508,10.039925122017785,NORMAL
10:06:25,,,step_23,컨택홀_식각,IDLE,1499.7521173505834,350.9206489907108,1.5123863349111055,15.139348593484508,10.039925122017785,NORMAL
10:06:30,,,step_23,컨택홀_식각,IDLE,1499.7521173505834,350.9206489907108,1.5123863349111055,15.139348593484508,10.039925122017785,NORMAL
10:06:35,,,step_23,컨택홀_식각,IDLE,1499.7521173505834,350.9206489907108,1.5123863349111055,15.139348593484508,10.039925122017785,NORMAL
10:06:40,,,step_23,컨택홀_식각,IDLE,1499.7521173505834,350.9206489907108,1.5123863349111055,15.139348593484508,10.039925122017785,NORMAL
10:06:45,,,step_23,컨택홀_식각,IDLE,1499.7521173505834,350.9206489907108,1.5123863349111055,15.139348593484508,10.039925122017785,NORMAL
10:06:50,,,step_23,컨택홀_식각,IDLE,1499.7521173505834,350.9206489907108,1.5123863349111055,15.139348593484508,10.039925122017785,NORMAL
10:06:55,,,step_23,컨택홀_식각,IDLE,1499.7521173505834,350.9206489907108,1.5123863349111055,15.139348593484508,10.039925122017785,NORMAL
10:07:00,,,step_23,컨택홀_식각,IDLE,1499.7521173505834,350.9206489907108,1.5123863349111055,15.139348593484508,10.039925122017785,NORMAL
10:07:05,,,step_23,컨택홀_식각,IDLE,1499.7521173505834,350.9206489907108,1.5123863349111055,15.139348593484508,10.039925122017785,NORMAL
10:07:10,,,step_23,컨택홀_식각,IDLE,1499.7521173505834,350.9206489907108,1.5123863349111055,15.139348593484508,10.039925122017785,NORMAL
10:07:15,,,step_23,컨택홀_식각,IDLE,1499.7521173505834,350.9206489907108,1.5123863349111055,15.139348593484508,10.039925122017785,NORMAL
10:07:20,,,step_23,컨택홀_식각,IDLE,1499.7521173505834,350.9206489907108,1.5123863349111055,15.139348593484508,10.039925122017785,NORMAL
10:07:25,,,step_23,컨택홀_식각,IDLE,1499.7521173505834,350.9206489907108,1.5123863349111055,15.139348593484508,10.039925122017785,NORMAL
10:07:30,,,step_23,컨택홀_식각,IDLE,1499.7521173505834,350.9206489907108,1.5123863349111055,15.139348593484508,10.039925122017785,NORMAL
10:07:35,,,step_23,컨택홀_식각,IDLE,1499.7521173505834,350.9206489907108,1.5123863349111055,15.139348593484508,10.039925122017785,NORMAL
10:07:40,,,step_23,컨택홀_식각,IDLE,1499.7521173505834,350.9206489907108,1.5123863349111055,15.139348593484508,10.039925122017785,NORMAL
10:07:45,,,step_23,컨택홀_식각,IDLE,1499.7521173505834,350.9206489907108,1.5123863349111055,15.139348593484508,10.039925122017785,NORMAL
10:07:50,,,step_23,컨택홀_식각,IDLE,1499.7521173505834,350.9206489907108,1.5123863349111055,15.139348593484508,10.039925122017785,NORMAL
10:07:55,,,step_23,컨택홀_식각,IDLE,1499.7521173505834,350.9206489907108,1.5123863349111055,15.139348593484508,10.039925122017785,NORMAL
10:08:00,,,step_23,컨택홀_식각,IDLE,1499.7521173505834,350.9206489907108,1.5123863349111055,15.139348593484508,10.039925122017785,NORMAL
10:08:05,,,step_23,컨택홀_식각,IDLE,1499.7521173505834,350.9206489907108,1.5123863349111055,15.139348593484508,10.039925122017785,NORMAL
10:08:10,,,step_23,컨택홀_식각,IDLE,1499.7521173505834,350.9206489907108,1.5123863349111055,15.139348593484508,10.039925122017785,NORMAL
10:08:15,,,step_23,컨택홀_식각,IDLE,1499.7521173505834,350.9206489907108,1.5123863349111055,15.139348593484508,10.039925122017785,NORMAL
10:08:20,,,step_23,컨택홀_식각,IDLE,1499.7521173505834,350.9206489907108,1.5123863349111055,15.139348593484508,10.039925122017785,NORMAL
10:08:25,,,step_23,컨택홀_식각,IDLE,1499.7521173505834,350.9206489907108,1.5123863349111055,15.139348593484508,10.039925122017785,NORMAL
10:08:30,,,step_23,컨택홀_식각,IDLE,1499.7521173505834,350.9206489907108,1.5123863349111055,15.139348593484508,10.039925122017785,NORMAL
10:08:35,,,step_23,컨택홀_식각,IDLE,1499.7521173505834,350.9206489907108,1.5123863349111055,15.139348593484508,10.039925122017785,NORMAL
10:08:40,,,step_23,컨택홀_식각,IDLE,1499.7521173505834,350.9206489907108,1.5123863349111055,15.139348593484508,10.039925122017785,NORMAL
10:08:45,,,step_23,컨택홀_식각,IDLE,1499.7521173505834,350.9206489907108,1.5123863349111055,15.139348593484508,10.039925122017785,NORMAL
10:08:50,,,step_23,컨택홀_식각,IDLE,1499.7521173505834,350.9206489907108,1.5123863349111055,15.139348593484508,10.039925122017785,NORMAL
10:08:55,,,step_23,컨택홀_식각,IDLE,1499.7521173505834,350.9206489907108,1.5123863349111055,15.139348593484508,10.039925122017785,NORMAL
10:09:00,,,step_23,컨택홀_식각,IDLE,1499.7521173505834,350.9206489907108,1.5123863349111055,15.139348593484508,10.039925122017785,NORMAL
10:09:05,,,step_23,컨택홀_식각,IDLE,1499.7521173505834,350.9206489907108,1.5123863349111055,15.139348593484508,10.039925122017785,NORMAL
10:09:10,,,step_23,컨택홀_식각,IDLE,1499.7521173505834,350.9206489907108,1.5123863349111055,15.139348593484508,10.039925122017785,NORMAL
10:09:15,,,step_23,컨택홀_식각,IDLE,1499.7521173505834,350.9206489907108,1.5123863349111055,15.139348593484508,10.039925122017785,NORMAL
10:09:20,,,step_23,컨택홀_식각,IDLE,1499.7521173505834,350.9206489907108,1.5123863349111055,15.139348593484508,10.039925122017785,NORMAL
10:09:25,,,step_23,컨택홀_식각,IDLE,1499.7521173505834,350.9206489907108,1.5123863349111055,15.139348593484508,10.039925122017785,NORMAL
10:09:30,,,step_23,컨택홀_식각,IDLE,1499.7521173505834,350.9206489907108,1.5123863349111055,15.139348593484508,10.039925122017785,NORMAL
10:09:35,,,step_23,컨택홀_식각,IDLE,1499.7521173505834,350.9206489907108,1.5123863349111055,15.139348593484508,10.039925122017785,NORMAL
10:09:40,,,step_23,컨택홀_식각,IDLE,1499.7521173505834,350.9206489907108,1.5123863349111055,15.139348593484508,10.039925122017785,NORMAL
10:09:45,,,step_23,컨택홀_식각,IDLE,1499.7521173505834,350.9206489907108,1.5123863349111055,15.139348593484508,10.039925122017785,NORMAL
10:09:50,,,step_23,컨택홀_식각,IDLE,1499.7521173505834,350.9206489907108,1.5123863349111055,15.139348593484508,10.039925122017785,NORMAL
10:09:55,,,step_23,컨택홀_식각,IDLE,1499.7521173505834,350.9206489907108,1.5123863349111055,15.139348593484508,10.039925122017785,NORMAL
10:10:00,,,step_23,컨택홀_식각,IDLE,1499.7521173505834,350.9206489907108,1.5123863349111055,15.139348593484508,10.039925122017785,NORMAL
10:10:05,,,step_23,컨택홀_식각,IDLE,1499.7521173505834,350.9206489907108,1.5123863349111055,15.139348593484508,10.039925122017785,NORMAL
10:10:10,,,step_23,컨택홀_식각,IDLE,1499.7521173505834,350.9206489907108,1.5123863349111055,15.139348593484508,10.039925122017785,NORMAL
10:10:15,,,step_23,컨택홀_식각,IDLE,1499.7521173505834,350.9206489907108,1.5123863349111055,15.139348593484508,10.039925122017785,NORMAL
10:10:20,,,step_23,컨택홀_식각,IDLE,1499.7521173505834,350.9206489907108,1.5123863349111055,15.139348593484508,10.039925122017785,NORMAL
10:10:25,,,step_23,컨택홀_식각,IDLE,1499.7521173505834,350.9206489907108,1.5123863349111055,15.139348593484508,10.039925122017785,NORMAL
10:10:30,,,step_23,컨택홀_식각,IDLE,1499.7521173505834,350.9206489907108,1.5123863349111055,15.139348593484508,10.039925122017785,NORMAL
10:10:35,,,step_23,컨택홀_식각,IDLE,1499.7521173505834,350.9206489907108,1.5123863349111055,15.139348593484508,10.039925122017785,NORMAL
10:10:40,,,step_23,컨택홀_식각,IDLE,1499.7521173505834,350.9206489907108,1.5123863349111055,15.139348593484508,10.039925122017785,NORMAL
10:10:45,,,step_23,컨택홀_식각,IDLE,1499.7521173505834,350.9206489907108,1.5123863349111055,15.139348593484508,10.039925122017785,NORMAL
10:10:50,,,step_23,컨택홀_식각,IDLE,1499.7521173505834,350.9206489907108,1.5123863349111055,15.139348593484508,10.039925122017785,NORMAL
10:10:55,,,step_23,컨택홀_식각,IDLE,1499.7521173505834,350.9206489907108,1.5123863349111055,15.139348593484508,10.039925122017785,NORMAL
10:11:00,,,step_23,컨택홀_식각,IDLE,1499.7521173505834,350.9206489907108,1.5123863349111055,15.139348593484508,10.039925122017785,NORMAL
10:11:05,,,step_23,컨택홀_식각,IDLE,1499.7521173505834,350.9206489907108,1.5123863349111055,15.139348593484508,10.039925122017785,NORMAL
10:11:10,,,step_23,컨택홀_식각,IDLE,1499.7521173505834,350.9206489907108,1.5123863349111055,15.139348593484508,10.039925122017785,NORMAL
10:11:15,,,step_23,컨택홀_식각,IDLE,1499.7521173505834,350.9206489907108,1.5123863349111055,15.139348593484508,10.039925122017785,NORMAL
10:11:20,,,step_23,컨택홀_식각,IDLE,1499.7521173505834,350.9206489907108,1.5123863349111055,15.139348593484508,10.039925122017785,NORMAL
10:11:25,,,step_23,컨택홀_식각,IDLE,1499.7521173505834,350.9206489907108,1.5123863349111055,15.139348593484508,10.039925122017785,NORMAL
10:11:30,,,step_23,컨택홀_식각,IDLE,1499.7521173505834,350.9206489907108,1.5123863349111055,15.139348593484508,10.039925122017785,NORMAL
10:11:35,,,step_23,컨택홀_식각,IDLE,1499.7521173505834,350.9206489907108,1.5123863349111055,15.139348593484508,10.039925122017785,NORMAL
10:11:40,,,step_23,컨택홀_식각,IDLE,1499.7521173505834,350.9206489907108,1.5123863349111055,15.139348593484508,10.039925122017785,NORMAL
10:11:45,,,step_23,컨택홀_식각,IDLE,1499.7521173505834,350.9206489907108,1.5123863349111055,15.139348593484508,10.039925122017785,NORMAL
10:11:50,,,step_23,컨택홀_식각,IDLE,1499.7521173505834,350.9206489907108,1.5123863349111055,15.139348593484508,10.039925122017785,NORMAL
10:11:55,,,step_23,컨택홀_식각,IDLE,1499.7521173505834,350.9206489907108,1.5123863349111055,15.139348593484508,10.039925122017785,NORMAL
10:12:00,,,step_23,컨택홀_식각,IDLE,1499.7521173505834,350.9206489907108,1.5123863349111055,15.139348593484508,10.039925122017785,NORMAL
10:12:05,,,step_23,컨택홀_식각,IDLE,1499.7521173505834,350.9206489907108,1.5123863349111055,15.139348593484508,10.039925122017785,NORMAL
10:12:10,,,step_23,컨택홀_식각,IDLE,1499.7521173505834,350.9206489907108,1.5123863349111055,15.139348593484508,10.039925122017785,NORMAL
10:12:15,,,step_23,컨택홀_식각,IDLE,1499.7521173505834,350.9206489907108,1.5123863349111055,15.139348593484508,10.039925122017785,NORMAL
10:12:20,,,step_23,컨택홀_식각,IDLE,1499.7521173505834,350.9206489907108,1.5123863349111055,15.139348593484508,10.039925122017785,NORMAL
10:12:25,,,step_23,컨택홀_식각,IDLE,1499.7521173505834,350.9206489907108,1.5123863349111055,15.139348593484508,10.039925122017785,NORMAL
10:12:30,,,step_23,컨택홀_식각,IDLE,1499.7521173505834,350.9206489907108,1.5123863349111055,15.139348593484508,10.039925122017785,NORMAL
10:12:35,,,step_23,컨택홀_식각,IDLE,1499.7521173505834,350.9206489907108,1.5123863349111055,15.139348593484508,10.039925122017785,NORMAL
10:12:40,,,step_23,컨택홀_식각,IDLE,1499.7521173505834,350.9206489907108,1.5123863349111055,15.139348593484508,10.039925122017785,NORMAL
10:12:45,,,step_23,컨택홀_식각,IDLE,1499.7521173505834,350.9206489907108,1.5123863349111055,15.139348593484508,10.039925122017785,NORMAL
10:12:50,,,step_23,컨택홀_식각,IDLE,1499.7521173505834,350.9206489907108,1.5123863349111055,15.139348593484508,10.039925122017785,NORMAL
10:12:55,,,step_23,컨택홀_식각,IDLE,1499.7521173505834,350.9206489907108,1.5123863349111055,15.139348593484508,10.039925122017785,NORMAL
10:13:00,,,step_23,컨택홀_식각,IDLE,1499.7521173505834,350.9206489907108,1.5123863349111055,15.139348593484508,10.039925122017785,NORMAL
10:13:05,,,step_23,컨택홀_식각,IDLE,1499.7521173505834,350.9206489907108,1.5123863349111055,15.139348593484508,10.039925122017785,NORMAL
10:13:10,,,step_23,컨택홀_식각,IDLE,1499.7521173505834,350.9206489907108,1.5123863349111055,15.139348593484508,10.039925122017785,NORMAL
10:13:15,,,step_23,컨택홀_식각,IDLE,1499.7521173505834,350.9206489907108,1.5123863349111055,15.139348593484508,10.039925122017785,NORMAL
10:13:20,,,step_23,컨택홀_식각,IDLE,1499.7521173505834,350.9206489907108,1.5123863349111055,15.139348593484508,10.039925122017785,NORMAL
10:13:25,,,step_23,컨택홀_식각,IDLE,1499.7521173505834,350.9206489907108,1.5123863349111055,15.139348593484508,10.039925122017785,NORMAL
10:13:30,,,step_23,컨택홀_식각,IDLE,1499.7521173505834,350.9206489907108,1.5123863349111055,15.139348593484508,10.039925122017785,NORMAL
10:13:35,,,step_23,컨택홀_식각,IDLE,1499.7521173505834,350.9206489907108,1.5123863349111055,15.139348593484508,10.039925122017785,NORMAL
10:13:40,,,step_23,컨택홀_식각,IDLE,1499.7521173505834,350.9206489907108,1.5123863349111055,15.139348593484508,10.039925122017785,NORMAL
10:13:45,,,step_23,컨택홀_식각,IDLE,1499.7521173505834,350.9206489907108,1.5123863349111055,15.139348593484508,10.039925122017785,NORMAL
10:13:50,,,step_23,컨택홀_식각,IDLE,1499.7521173505834,350.9206489907108,1.5123863349111055,15.139348593484508,10.039925122017785,NORMAL
10:13:55,,,step_23,컨택홀_식각,IDLE,1499.7521173505834,350.9206489907108,1.5123863349111055,15.139348593484508,10.039925122017785,NORMAL
10:14:00,,,step_23,컨택홀_식각,IDLE,1499.7521173505834,350.9206489907108,1.5123863349111055,15.139348593484508,10.039925122017785,NORMAL
10:14:05,,,step_23,컨택홀_식각,IDLE,1499.7521173505834,350.9206489907108,1.5123863349111055,15.139348593484508,10.039925122017785,NORMAL
10:14:10,,,step_23,컨택홀_식각,IDLE,1499.7521173505834,350.9206489907108,1.5123863349111055,15.139348593484508,10.039925122017785,NORMAL
10:14:15,,,step_23,컨택홀_식각,IDLE,1499.7521173505834,350.9206489907108,1.5123863349111055,15.139348593484508,10.039925122017785,NORMAL
10:14:20,,,step_23,컨택홀_식각,IDLE,1499.7521173505834,350.9206489907108,1.5123863349111055,15.139348593484508,10.039925122017785,NORMAL
10:14:25,,,step_23,컨택홀_식각,IDLE,1499.7521173505834,350.9206489907108,1.5123863349111055,15.139348593484508,10.039925122017785,NORMAL
10:14:30,,,step_23,컨택홀_식각,IDLE,1499.7521173505834,350.9206489907108,1.5123863349111055,15.139348593484508,10.039925122017785,NORMAL
10:14:35,,,step_23,컨택홀_식각,IDLE,1499.7521173505834,350.9206489907108,1.5123863349111055,15.139348593484508,10.039925122017785,NORMAL
10:14:40,,,step_23,컨택홀_식각,IDLE,1499.7521173505834,350.9206489907108,1.5123863349111055,15.139348593484508,10.039925122017785,NORMAL
10:14:45,,,step_23,컨택홀_식각,IDLE,1499.7521173505834,350.9206489907108,1.5123863349111055,15.139348593484508,10.039925122017785,NORMAL
10:14:50,,,step_23,컨택홀_식각,IDLE,1499.7521173505834,350.9206489907108,1.5123863349111055,15.139348593484508,10.039925122017785,NORMAL
10:14:55,,,step_23,컨택홀_식각,IDLE,1499.7521173505834,350.9206489907108,1.5123863349111055,15.139348593484508,10.039925122017785,NORMAL
10:15:00,,,step_23,컨택홀_식각,IDLE,1499.7521173505834,350.9206489907108,1.5123863349111055,15.139348593484508,10.039925122017785,NORMAL
10:15:05,,,step_23,컨택홀_식각,IDLE,1499.7521173505834,350.9206489907108,1.5123863349111055,15.139348593484508,10.039925122017785,NORMAL
10:15:10,,,step_23,컨택홀_식각,IDLE,1499.7521173505834,350.9206489907108,1.5123863349111055,15.139348593484508,10.039925122017785,NORMAL
10:15:15,,,step_23,컨택홀_식각,IDLE,1499.7521173505834,350.9206489907108,1.5123863349111055,15.139348593484508,10.039925122017785,NORMAL
10:15:20,,,step_23,컨택홀_식각,IDLE,1499.7521173505834,350.9206489907108,1.5123863349111055,15.139348593484508,10.039925122017785,NORMAL
10:15:25,,,step_23,컨택홀_식각,IDLE,1499.7521173505834,350.9206489907108,1.5123863349111055,15.139348593484508,10.039925122017785,NORMAL
10:15:30,,,step_23,컨택홀_식각,IDLE,1499.7521173505834,350.9206489907108,1.5123863349111055,15.139348593484508,10.039925122017785,NORMAL
10:15:35,,,step_23,컨택홀_식각,IDLE,1499.7521173505834,350.9206489907108,1.5123863349111055,15.139348593484508,10.039925122017785,NORMAL
10:15:40,,,step_23,컨택홀_식각,IDLE,1499.7521173505834,350.9206489907108,1.5123863349111055,15.139348593484508,10.039925122017785,NORMAL
10:15:45,,,step_23,컨택홀_식각,IDLE,1499.7521173505834,350.9206489907108,1.5123863349111055,15.139348593484508,10.039925122017785,NORMAL
10:15:50,,,step_23,컨택홀_식각,IDLE,1499.7521173505834,350.9206489907108,1.5123863349111055,15.139348593484508,10.039925122017785,NORMAL
10:15:55,,,step_23,컨택홀_식각,IDLE,1499.7521173505834,350.9206489907108,1.5123863349111055,15.139348593484508,10.039925122017785,NORMAL
10:16:00,,,step_23,컨택홀_식각,IDLE,1499.7521173505834,350.9206489907108,1.5123863349111055,15.139348593484508,10.039925122017785,NORMAL
10:16:05,,,step_23,컨택홀_식각,IDLE,1499.7521173505834,350.9206489907108,1.5123863349111055,15.139348593484508,10.039925122017785,NORMAL
10:16:10,,,step_23,컨택홀_식각,IDLE,1499.7521173505834,350.9206489907108,1.5123863349111055,15.139348593484508,10.039925122017785,NORMAL
10:16:15,,,step_23,컨택홀_식각,IDLE,1499.7521173505834,350.9206489907108,1.5123863349111055,15.139348593484508,10.039925122017785,NORMAL
10:16:20,,,step_23,컨택홀_식각,IDLE,1499.7521173505834,350.9206489907108,1.5123863349111055,15.139348593484508,10.039925122017785,NORMAL
10:16:25,,,step_23,컨택홀_식각,IDLE,1499.7521173505834,350.9206489907108,1.5123863349111055,15.139348593484508,10.039925122017785,NORMAL
10:16:30,,,step_23,컨택홀_식각,IDLE,1499.7521173505834,350.9206489907108,1.5123863349111055,15.139348593484508,10.039925122017785,NORMAL
10:16:35,,,step_23,컨택홀_식각,IDLE,1499.7521173505834,350.9206489907108,1.5123863349111055,15.139348593484508,10.039925122017785,NORMAL
10:16:40,,,step_23,컨택홀_식각,IDLE,1499.7521173505834,350.9206489907108,1.5123863349111055,15.139348593484508,10.039925122017785,NORMAL
10:16:45,,,step_23,컨택홀_식각,IDLE,1499.7521173505834,350.9206489907108,1.5123863349111055,15.139348593484508,10.039925122017785,NORMAL
10:16:50,,,step_23,컨택홀_식각,IDLE,1499.7521173505834,350.9206489907108,1.5123863349111055,15.139348593484508,10.039925122017785,NORMAL
10:16:55,,,step_23,컨택홀_식각,IDLE,1499.7521173505834,350.9206489907108,1.5123863349111055,15.139348593484508,10.039925122017785,NORMAL
10:17:00,,,step_23,컨택홀_식각,IDLE,1499.7521173505834,350.9206489907108,1.5123863349111055,15.139348593484508,10.039925122017785,NORMAL
10:17:05,,,step_23,컨택홀_식각,IDLE,1499.7521173505834,350.9206489907108,1.5123863349111055,15.139348593484508,10.039925122017785,NORMAL
10:17:10,,,step_23,컨택홀_식각,IDLE,1499.7521173505834,350.9206489907108,1.5123863349111055,15.139348593484508,10.039925122017785,NORMAL
10:17:15,,,step_23,컨택홀_식각,IDLE,1499.7521173505834,350.9206489907108,1.5123863349111055,15.139348593484508,10.039925122017785,NORMAL
10:17:20,,,step_23,컨택홀_식각,IDLE,1499.7521173505834,350.9206489907108,1.5123863349111055,15.139348593484508,10.039925122017785,NORMAL
10:17:25,,,step_23,컨택홀_식각,IDLE,1499.7521173505834,350.9206489907108,1.5123863349111055,15.139348593484508,10.039925122017785,NORMAL
10:17:30,,,step_23,컨택홀_식각,IDLE,1499.7521173505834,350.9206489907108,1.5123863349111055,15.139348593484508,10.039925122017785,NORMAL
10:17:35,,,step_23,컨택홀_식각,IDLE,1499.7521173505834,350.9206489907108,1.5123863349111055,15.139348593484508,10.039925122017785,NORMAL
10:17:40,,,step_23,컨택홀_식각,IDLE,1499.7521173505834,350.9206489907108,1.5123863349111055,15.139348593484508,10.039925122017785,NORMAL
10:17:45,,,step_23,컨택홀_식각,IDLE,1499.7521173505834,350.9206489907108,1.5123863349111055,15.139348593484508,10.039925122017785,NORMAL
10:17:50,,,step_23,컨택홀_식각,IDLE,1499.7521173505834,350.9206489907108,1.5123863349111055,15.139348593484508,10.039925122017785,NORMAL
10:17:55,,,step_23,컨택홀_식각,IDLE,1499.7521173505834,350.9206489907108,1.5123863349111055,15.139348593484508,10.039925122017785,NORMAL
10:18:00,,,step_23,컨택홀_식각,IDLE,1499.7521173505834,350.9206489907108,1.5123863349111055,15.139348593484508,10.039925122017785,NORMAL
10:18:05,,,step_23,컨택홀_식각,IDLE,1499.7521173505834,350.9206489907108,1.5123863349111055,15.139348593484508,10.039925122017785,NORMAL
10:18:10,,,step_23,컨택홀_식각,IDLE,1499.7521173505834,350.9206489907108,1.5123863349111055,15.139348593484508,10.039925122017785,NORMAL
10:18:15,,,step_23,컨택홀_식각,IDLE,1499.7521173505834,350.9206489907108,1.5123863349111055,15.139348593484508,10.039925122017785,NORMAL
10:18:20,,,step_23,컨택홀_식각,IDLE,1499.7521173505834,350.9206489907108,1.5123863349111055,15.139348593484508,10.039925122017785,NORMAL
10:18:25,,,step_23,컨택홀_식각,IDLE,1499.7521173505834,350.9206489907108,1.5123863349111055,15.139348593484508,10.039925122017785,NORMAL
10:18:30,,,step_23,컨택홀_식각,IDLE,1499.7521173505834,350.9206489907108,1.5123863349111055,15.139348593484508,10.039925122017785,NORMAL
10:18:35,,,step_23,컨택홀_식각,IDLE,1499.7521173505834,350.9206489907108,1.5123863349111055,15.139348593484508,10.039925122017785,NORMAL
10:18:40,,,step_23,컨택홀_식각,IDLE,1499.7521173505834,350.9206489907108,1.5123863349111055,15.139348593484508,10.039925122017785,NORMAL
10:18:45,,,step_23,컨택홀_식각,IDLE,1499.7521173505834,350.9206489907108,1.5123863349111055,15.139348593484508,10.039925122017785,NORMAL
10:18:50,,,step_23,컨택홀_식각,IDLE,1499.7521173505834,350.9206489907108,1.5123863349111055,15.139348593484508,10.039925122017785,NORMAL
10:18:55,,,step_23,컨택홀_식각,IDLE,1499.7521173505834,350.9206489907108,1.5123863349111055,15.139348593484508,10.039925122017785,NORMAL
10:19:00,,,step_23,컨택홀_식각,IDLE,1499.7521173505834,350.9206489907108,1.5123863349111055,15.139348593484508,10.039925122017785,NORMAL
10:19:05,,,step_23,컨택홀_식각,IDLE,1499.7521173505834,350.9206489907108,1.5123863349111055,15.139348593484508,10.039925122017785,NORMAL
10:19:10,,,step_23,컨택홀_식각,IDLE,1499.7521173505834,350.9206489907108,1.5123863349111055,15.139348593484508,10.039925122017785,NORMAL
10:19:15,,,step_23,컨택홀_식각,IDLE,1499.7521173505834,350.9206489907108,1.5123863349111055,15.139348593484508,10.039925122017785,NORMAL
10:19:20,,,step_23,컨택홀_식각,IDLE,1499.7521173505834,350.9206489907108,1.5123863349111055,15.139348593484508,10.039925122017785,NORMAL
10:19:25,,,step_23,컨택홀_식각,IDLE,1499.7521173505834,350.9206489907108,1.5123863349111055,15.139348593484508,10.039925122017785,NORMAL
10:19:30,,,step_23,컨택홀_식각,IDLE,1499.7521173505834,350.9206489907108,1.5123863349111055,15.139348593484508,10.039925122017785,NORMAL
10:19:35,,,step_23,컨택홀_식각,IDLE,1499.7521173505834,350.9206489907108,1.5123863349111055,15.139348593484508,10.039925122017785,NORMAL
10:19:40,,,step_23,컨택홀_식각,IDLE,1499.7521173505834,350.9206489907108,1.5123863349111055,15.139348593484508,10.039925122017785,NORMAL
10:19:45,,,step_23,컨택홀_식각,IDLE,1499.7521173505834,350.9206489907108,1.5123863349111055,15.139348593484508,10.039925122017785,NORMAL
10:19:50,,,step_23,컨택홀_식각,IDLE,1499.7521173505834,350.9206489907108,1.5123863349111055,15.139348593484508,10.039925122017785,NORMAL
10:19:55,,,step_23,컨택홀_식각,IDLE,1499.7521173505834,350.9206489907108,1.5123863349111055,15.139348593484508,10.039925122017785,NORMAL
10:20:00,,,step_23,컨택홀_식각,IDLE,1499.7521173505834,350.9206489907108,1.5123863349111055,15.139348593484508,10.039925122017785,NORMAL
10:20:05,,,step_23,컨택홀_식각,IDLE,1499.7521173505834,350.9206489907108,1.5123863349111055,15.139348593484508,10.039925122017785,NORMAL
10:20:10,,,step_23,컨택홀_식각,IDLE,1499.7521173505834,350.9206489907108,1.5123863349111055,15.139348593484508,10.039925122017785,NORMAL
10:20:15,,,step_23,컨택홀_식각,IDLE,1499.7521173505834,350.9206489907108,1.5123863349111055,15.139348593484508,10.039925122017785,NORMAL
10:20:20,,,step_23,컨택홀_식각,IDLE,1499.7521173505834,350.9206489907108,1.5123863349111055,15.139348593484508,10.039925122017785,NORMAL
10:20:25,,,step_23,컨택홀_식각,IDLE,1499.7521173505834,350.9206489907108,1.5123863349111055,15.139348593484508,10.039925122017785,NORMAL
10:20:30,,,step_23,컨택홀_식각,IDLE,1499.7521173505834,350.9206489907108,1.5123863349111055,15.139348593484508,10.039925122017785,NORMAL
10:20:35,,,step_23,컨택홀_식각,IDLE,1499.7521173505834,350.9206489907108,1.5123863349111055,15.139348593484508,10.039925122017785,NORMAL
10:20:40,,,step_23,컨택홀_식각,IDLE,1499.7521173505834,350.9206489907108,1.5123863349111055,15.139348593484508,10.039925122017785,NORMAL
10:20:45,,,step_23,컨택홀_식각,IDLE,1499.7521173505834,350.9206489907108,1.5123863349111055,15.139348593484508,10.039925122017785,NORMAL
10:20:50,,,step_23,컨택홀_식각,IDLE,1499.7521173505834,350.9206489907108,1.5123863349111055,15.139348593484508,10.039925122017785,NORMAL
10:20:55,,,step_23,컨택홀_식각,IDLE,1499.7521173505834,350.9206489907108,1.5123863349111055,15.139348593484508,10.039925122017785,NORMAL
10:21:00,,,step_23,컨택홀_식각,IDLE,1499.7521173505834,350.9206489907108,1.5123863349111055,15.139348593484508,10.039925122017785,NORMAL
10:21:05,,,step_23,컨택홀_식각,IDLE,1499.7521173505834,350.9206489907108,1.5123863349111055,15.139348593484508,10.039925122017785,NORMAL
10:21:10,,,step_23,컨택홀_식각,IDLE,1499.7521173505834,350.9206489907108,1.5123863349111055,15.139348593484508,10.039925122017785,NORMAL
10:21:15,,,step_23,컨택홀_식각,IDLE,1499.7521173505834,350.9206489907108,1.5123863349111055,15.139348593484508,10.039925122017785,NORMAL
10:21:20,,,step_23,컨택홀_식각,IDLE,1499.7521173505834,350.9206489907108,1.5123863349111055,15.139348593484508,10.039925122017785,NORMAL
10:21:25,,,step_23,컨택홀_식각,IDLE,1499.7521173505834,350.9206489907108,1.5123863349111055,15.139348593484508,10.039925122017785,NORMAL
10:21:30,,,step_23,컨택홀_식각,IDLE,1499.7521173505834,350.9206489907108,1.5123863349111055,15.139348593484508,10.039925122017785,NORMAL
10:21:35,,,step_23,컨택홀_식각,IDLE,1499.7521173505834,350.9206489907108,1.5123863349111055,15.139348593484508,10.039925122017785,NORMAL
10:21:40,,,step_23,컨택홀_식각,IDLE,1499.7521173505834,350.9206489907108,1.5123863349111055,15.139348593484508,10.039925122017785,NORMAL
10:21:45,,,step_23,컨택홀_식각,IDLE,1499.7521173505834,350.9206489907108,1.5123863349111055,15.139348593484508,10.039925122017785,NORMAL
10:21:50,,,step_23,컨택홀_식각,IDLE,1499.7521173505834,350.9206489907108,1.5123863349111055,15.139348593484508,10.039925122017785,NORMAL
10:21:55,,,step_23,컨택홀_식각,IDLE,1499.7521173505834,350.9206489907108,1.5123863349111055,15.139348593484508,10.039925122017785,NORMAL
10:22:00,,,step_23,컨택홀_식각,IDLE,1499.7521173505834,350.9206489907108,1.5123863349111055,15.139348593484508,10.039925122017785,NORMAL
10:22:05,,,step_23,컨택홀_식각,IDLE,1499.7521173505834,350.9206489907108,1.5123863349111055,15.139348593484508,10.039925122017785,NORMAL
10:22:10,,,step_23,컨택홀_식각,IDLE,1499.7521173505834,350.9206489907108,1.5123863349111055,15.139348593484508,10.039925122017785,NORMAL
10:22:15,,,step_23,컨택홀_식각,IDLE,1499.7521173505834,350.9206489907108,1.5123863349111055,15.139348593484508,10.039925122017785,NORMAL
10:22:20,,,step_23,컨택홀_식각,IDLE,1499.7521173505834,350.9206489907108,1.5123863349111055,15.139348593484508,10.039925122017785,NORMAL
10:22:25,,,step_23,컨택홀_식각,IDLE,1499.7521173505834,350.9206489907108,1.5123863349111055,15.139348593484508,10.039925122017785,NORMAL
10:22:30,,,step_23,컨택홀_식각,IDLE,1499.7521173505834,350.9206489907108,1.5123863349111055,15.139348593484508,10.039925122017785,NORMAL
10:22:35,,,step_23,컨택홀_식각,IDLE,1499.7521173505834,350.9206489907108,1.5123863349111055,15.139348593484508,10.039925122017785,NORMAL
10:22:40,,,step_23,컨택홀_식각,IDLE,1499.7521173505834,350.9206489907108,1.5123863349111055,15.139348593484508,10.039925122017785,NORMAL
10:22:45,,,step_23,컨택홀_식각,IDLE,1499.7521173505834,350.9206489907108,1.5123863349111055,15.139348593484508,10.039925122017785,NORMAL
10:22:50,,,step_23,컨택홀_식각,IDLE,1499.7521173505834,350.9206489907108,1.5123863349111055,15.139348593484508,10.039925122017785,NORMAL
10:22:55,,,step_23,컨택홀_식각,IDLE,1499.7521173505834,350.9206489907108,1.5123863349111055,15.139348593484508,10.039925122017785,NORMAL
10:23:00,,,step_23,컨택홀_식각,IDLE,1499.7521173505834,350.9206489907108,1.5123863349111055,15.139348593484508,10.039925122017785,NORMAL
10:23:05,,,step_23,컨택홀_식각,IDLE,1499.7521173505834,350.9206489907108,1.5123863349111055,15.139348593484508,10.039925122017785,NORMAL
10:23:10,,,step_23,컨택홀_식각,IDLE,1499.7521173505834,350.9206489907108,1.5123863349111055,15.139348593484508,10.039925122017785,NORMAL
10:23:15,,,step_23,컨택홀_식각,IDLE,1499.7521173505834,350.9206489907108,1.5123863349111055,15.139348593484508,10.039925122017785,NORMAL
10:23:20,,,step_23,컨택홀_식각,IDLE,1499.7521173505834,350.9206489907108,1.5123863349111055,15.139348593484508,10.039925122017785,NORMAL
10:23:25,,,step_23,컨택홀_식각,IDLE,1499.7521173505834,350.9206489907108,1.5123863349111055,15.139348593484508,10.039925122017785,NORMAL
10:23:30,,,step_23,컨택홀_식각,IDLE,1499.7521173505834,350.9206489907108,1.5123863349111055,15.139348593484508,10.039925122017785,NORMAL
10:23:35,,,step_23,컨택홀_식각,IDLE,1499.7521173505834,350.9206489907108,1.5123863349111055,15.139348593484508,10.039925122017785,NORMAL
10:23:40,,,step_23,컨택홀_식각,IDLE,1499.7521173505834,350.9206489907108,1.5123863349111055,15.139348593484508,10.039925122017785,NORMAL
10:23:45,,,step_23,컨택홀_식각,IDLE,1499.7521173505834,350.9206489907108,1.5123863349111055,15.139348593484508,10.039925122017785,NORMAL
10:23:50,,,step_23,컨택홀_식각,IDLE,1499.7521173505834,350.9206489907108,1.5123863349111055,15.139348593484508,10.039925122017785,NORMAL
10:23:55,,,step_23,컨택홀_식각,IDLE,1499.7521173505834,350.9206489907108,1.5123863349111055,15.139348593484508,10.039925122017785,NORMAL
10:24:00,,,step_23,컨택홀_식각,IDLE,1499.7521173505834,350.9206489907108,1.5123863349111055,15.139348593484508,10.039925122017785,NORMAL
10:24:05,,,step_23,컨택홀_식각,IDLE,1499.7521173505834,350.9206489907108,1.5123863349111055,15.139348593484508,10.039925122017785,NORMAL
10:24:10,,,step_23,컨택홀_식각,IDLE,1499.7521173505834,350.9206489907108,1.5123863349111055,15.139348593484508,10.039925122017785,NORMAL
10:24:15,,,step_23,컨택홀_식각,IDLE,1499.7521173505834,350.9206489907108,1.5123863349111055,15.139348593484508,10.039925122017785,NORMAL
10:24:20,,,step_23,컨택홀_식각,IDLE,1499.7521173505834,350.9206489907108,1.5123863349111055,15.139348593484508,10.039925122017785,NORMAL
10:24:25,,,step_23,컨택홀_식각,IDLE,1499.7521173505834,350.9206489907108,1.5123863349111055,15.139348593484508,10.039925122017785,NORMAL
10:24:30,,,step_23,컨택홀_식각,IDLE,1499.7521173505834,350.9206489907108,1.5123863349111055,15.139348593484508,10.039925122017785,NORMAL
10:24:35,,,step_23,컨택홀_식각,IDLE,1499.7521173505834,350.9206489907108,1.5123863349111055,15.139348593484508,10.039925122017785,NORMAL
10:24:40,,,step_23,컨택홀_식각,IDLE,1499.7521173505834,350.9206489907108,1.5123863349111055,15.139348593484508,10.039925122017785,NORMAL
10:24:45,,,step_23,컨택홀_식각,IDLE,1499.7521173505834,350.9206489907108,1.5123863349111055,15.139348593484508,10.039925122017785,NORMAL
10:24:50,,,step_23,컨택홀_식각,IDLE,1499.7521173505834,350.9206489907108,1.5123863349111055,15.139348593484508,10.039925122017785,NORMAL
10:24:55,,,step_23,컨택홀_식각,IDLE,1499.7521173505834,350.9206489907108,1.5123863349111055,15.139348593484508,10.039925122017785,NORMAL
10:25:00,,,step_23,컨택홀_식각,IDLE,1499.7521173505834,350.9206489907108,1.5123863349111055,15.139348593484508,10.039925122017785,NORMAL
10:25:05,,,step_23,컨택홀_식각,IDLE,1499.7521173505834,350.9206489907108,1.5123863349111055,15.139348593484508,10.039925122017785,NORMAL
10:25:10,,,step_23,컨택홀_식각,IDLE,1499.7521173505834,350.9206489907108,1.5123863349111055,15.139348593484508,10.039925122017785,NORMAL
10:25:15,,,step_23,컨택홀_식각,IDLE,1499.7521173505834,350.9206489907108,1.5123863349111055,15.139348593484508,10.039925122017785,NORMAL
10:25:20,,,step_23,컨택홀_식각,IDLE,1499.7521173505834,350.9206489907108,1.5123863349111055,15.139348593484508,10.039925122017785,NORMAL
10:25:25,,,step_23,컨택홀_식각,IDLE,1499.7521173505834,350.9206489907108,1.5123863349111055,15.139348593484508,10.039925122017785,NORMAL
10:25:30,,,step_23,컨택홀_식각,IDLE,1499.7521173505834,350.9206489907108,1.5123863349111055,15.139348593484508,10.039925122017785,NORMAL
10:25:35,,,step_23,컨택홀_식각,IDLE,1499.7521173505834,350.9206489907108,1.5123863349111055,15.139348593484508,10.039925122017785,NORMAL
10:25:40,,,step_23,컨택홀_식각,IDLE,1499.7521173505834,350.9206489907108,1.5123863349111055,15.139348593484508,10.039925122017785,NORMAL
10:25:45,,,step_23,컨택홀_식각,IDLE,1499.7521173505834,350.9206489907108,1.5123863349111055,15.139348593484508,10.039925122017785,NORMAL
10:25:50,,,step_23,컨택홀_식각,IDLE,1499.7521173505834,350.9206489907108,1.5123863349111055,15.139348593484508,10.039925122017785,NORMAL
10:25:55,,,step_23,컨택홀_식각,IDLE,1499.7521173505834,350.9206489907108,1.5123863349111055,15.139348593484508,10.039925122017785,NORMAL
10:26:00,,,step_23,컨택홀_식각,IDLE,1499.7521173505834,350.9206489907108,1.5123863349111055,15.139348593484508,10.039925122017785,NORMAL
10:26:05,,,step_23,컨택홀_식각,IDLE,1499.7521173505834,350.9206489907108,1.5123863349111055,15.139348593484508,10.039925122017785,NORMAL
10:26:10,,,step_23,컨택홀_식각,IDLE,1499.7521173505834,350.9206489907108,1.5123863349111055,15.139348593484508,10.039925122017785,NORMAL
10:26:15,,,step_23,컨택홀_식각,IDLE,1499.7521173505834,350.9206489907108,1.5123863349111055,15.139348593484508,10.039925122017785,NORMAL
10:26:20,,,step_23,컨택홀_식각,IDLE,1499.7521173505834,350.9206489907108,1.5123863349111055,15.139348593484508,10.039925122017785,NORMAL
10:26:25,,,step_23,컨택홀_식각,IDLE,1499.7521173505834,350.9206489907108,1.5123863349111055,15.139348593484508,10.039925122017785,NORMAL
10:26:30,,,step_23,컨택홀_식각,IDLE,1499.7521173505834,350.9206489907108,1.5123863349111055,15.139348593484508,10.039925122017785,NORMAL
10:26:35,,,step_23,컨택홀_식각,IDLE,1499.7521173505834,350.9206489907108,1.5123863349111055,15.139348593484508,10.039925122017785,NORMAL
10:26:40,,,step_23,컨택홀_식각,IDLE,1499.7521173505834,350.9206489907108,1.5123863349111055,15.139348593484508,10.039925122017785,NORMAL
10:26:45,,,step_23,컨택홀_식각,IDLE,1499.7521173505834,350.9206489907108,1.5123863349111055,15.139348593484508,10.039925122017785,NORMAL
10:26:50,,,step_23,컨택홀_식각,IDLE,1499.7521173505834,350.9206489907108,1.5123863349111055,15.139348593484508,10.039925122017785,NORMAL
10:26:55,,,step_23,컨택홀_식각,IDLE,1499.7521173505834,350.9206489907108,1.5123863349111055,15.139348593484508,10.039925122017785,NORMAL
10:27:00,,,step_23,컨택홀_식각,IDLE,1499.7521173505834,350.9206489907108,1.5123863349111055,15.139348593484508,10.039925122017785,NORMAL
10:27:05,,,step_23,컨택홀_식각,IDLE,1499.7521173505834,350.9206489907108,1.5123863349111055,15.139348593484508,10.039925122017785,NORMAL
10:27:10,,,step_23,컨택홀_식각,IDLE,1499.7521173505834,350.9206489907108,1.5123863349111055,15.139348593484508,10.039925122017785,NORMAL
10:27:15,,,step_23,컨택홀_식각,IDLE,1499.7521173505834,350.9206489907108,1.5123863349111055,15.139348593484508,10.039925122017785,NORMAL
10:27:20,,,step_23,컨택홀_식각,IDLE,1499.7521173505834,350.9206489907108,1.5123863349111055,15.139348593484508,10.039925122017785,NORMAL
10:27:25,,,step_23,컨택홀_식각,IDLE,1499.7521173505834,350.9206489907108,1.5123863349111055,15.139348593484508,10.039925122017785,NORMAL
10:27:30,,,step_23,컨택홀_식각,IDLE,1499.7521173505834,350.9206489907108,1.5123863349111055,15.139348593484508,10.039925122017785,NORMAL
10:27:35,,,step_23,컨택홀_식각,IDLE,1499.7521173505834,350.9206489907108,1.5123863349111055,15.139348593484508,10.039925122017785,NORMAL
10:27:40,,,step_23,컨택홀_식각,IDLE,1499.7521173505834,350.9206489907108,1.5123863349111055,15.139348593484508,10.039925122017785,NORMAL
10:27:45,,,step_23,컨택홀_식각,IDLE,1499.7521173505834,350.9206489907108,1.5123863349111055,15.139348593484508,10.039925122017785,NORMAL
10:27:50,,,step_23,컨택홀_식각,IDLE,1499.7521173505834,350.9206489907108,1.5123863349111055,15.139348593484508,10.039925122017785,NORMAL
10:27:55,,,step_23,컨택홀_식각,IDLE,1499.7521173505834,350.9206489907108,1.5123863349111055,15.139348593484508,10.039925122017785,NORMAL
10:28:00,,,step_23,컨택홀_식각,IDLE,1499.7521173505834,350.9206489907108,1.5123863349111055,15.139348593484508,10.039925122017785,NORMAL
10:28:05,,,step_23,컨택홀_식각,IDLE,1499.7521173505834,350.9206489907108,1.5123863349111055,15.139348593484508,10.039925122017785,NORMAL
10:28:10,,,step_23,컨택홀_식각,IDLE,1499.7521173505834,350.9206489907108,1.5123863349111055,15.139348593484508,10.039925122017785,NORMAL
10:28:15,,,step_23,컨택홀_식각,IDLE,1499.7521173505834,350.9206489907108,1.5123863349111055,15.139348593484508,10.039925122017785,NORMAL
10:28:20,,,step_23,컨택홀_식각,IDLE,1499.7521173505834,350.9206489907108,1.5123863349111055,15.139348593484508,10.039925122017785,NORMAL
10:28:25,,,step_23,컨택홀_식각,IDLE,1499.7521173505834,350.9206489907108,1.5123863349111055,15.139348593484508,10.039925122017785,NORMAL
10:28:30,,,step_23,컨택홀_식각,IDLE,1499.7521173505834,350.9206489907108,1.5123863349111055,15.139348593484508,10.039925122017785,NORMAL
10:28:35,,,step_23,컨택홀_식각,IDLE,1499.7521173505834,350.9206489907108,1.5123863349111055,15.139348593484508,10.039925122017785,NORMAL
10:28:40,,,step_23,컨택홀_식각,IDLE,1499.7521173505834,350.9206489907108,1.5123863349111055,15.139348593484508,10.039925122017785,NORMAL
10:28:45,,,step_23,컨택홀_식각,IDLE,1499.7521173505834,350.9206489907108,1.5123863349111055,15.139348593484508,10.039925122017785,NORMAL
10:28:50,,,step_23,컨택홀_식각,IDLE,1499.7521173505834,350.9206489907108,1.5123863349111055,15.139348593484508,10.039925122017785,NORMAL
10:28:55,,,step_23,컨택홀_식각,IDLE,1499.7521173505834,350.9206489907108,1.5123863349111055,15.139348593484508,10.039925122017785,NORMAL
10:29:00,,,step_23,컨택홀_식각,IDLE,1499.7521173505834,350.9206489907108,1.5123863349111055,15.139348593484508,10.039925122017785,NORMAL
10:29:05,,,step_23,컨택홀_식각,IDLE,1499.7521173505834,350.9206489907108,1.5123863349111055,15.139348593484508,10.039925122017785,NORMAL
10:29:10,,,step_23,컨택홀_식각,IDLE,1499.7521173505834,350.9206489907108,1.5123863349111055,15.139348593484508,10.039925122017785,NORMAL
10:29:15,,,step_23,컨택홀_식각,IDLE,1499.7521173505834,350.9206489907108,1.5123863349111055,15.139348593484508,10.039925122017785,NORMAL
10:29:20,,,step_23,컨택홀_식각,IDLE,1499.7521173505834,350.9206489907108,1.5123863349111055,15.139348593484508,10.039925122017785,NORMAL
10:29:25,,,step_23,컨택홀_식각,IDLE,1499.7521173505834,350.9206489907108,1.5123863349111055,15.139348593484508,10.039925122017785,NORMAL
10:29:30,,,step_23,컨택홀_식각,IDLE,1499.7521173505834,350.9206489907108,1.5123863349111055,15.139348593484508,10.039925122017785,NORMAL
10:29:35,,,step_23,컨택홀_식각,IDLE,1499.7521173505834,350.9206489907108,1.5123863349111055,15.139348593484508,10.039925122017785,NORMAL
10:29:40,,,step_23,컨택홀_식각,IDLE,1499.7521173505834,350.9206489907108,1.5123863349111055,15.139348593484508,10.039925122017785,NORMAL
10:29:45,,,step_23,컨택홀_식각,IDLE,1499.7521173505834,350.9206489907108,1.5123863349111055,15.139348593484508,10.039925122017785,NORMAL
10:29:50,,,step_23,컨택홀_식각,IDLE,1499.7521173505834,350.9206489907108,1.5123863349111055,15.139348593484508,10.039925122017785,NORMAL
10:29:55,,,step_23,컨택홀_식각,IDLE,1499.7521173505834,350.9206489907108,1.5123863349111055,15.139348593484508,10.039925122017785,NORMAL
10:30:00,,,step_23,컨택홀_식각,IDLE,1499.7521173505834,350.9206489907108,1.5123863349111055,15.139348593484508,10.039925122017785,NORMAL
10:30:05,,,step_23,컨택홀_식각,IDLE,1499.7521173505834,350.9206489907108,1.5123863349111055,15.139348593484508,10.039925122017785,NORMAL
10:30:10,,,step_23,컨택홀_식각,IDLE,1499.7521173505834,350.9206489907108,1.5123863349111055,15.139348593484508,10.039925122017785,NORMAL
10:30:15,,,step_23,컨택홀_식각,IDLE,1499.7521173505834,350.9206489907108,1.5123863349111055,15.139348593484508,10.039925122017785,NORMAL
10:30:20,,,step_23,컨택홀_식각,IDLE,1499.7521173505834,350.9206489907108,1.5123863349111055,15.139348593484508,10.039925122017785,NORMAL
10:30:25,,,step_23,컨택홀_식각,IDLE,1499.7521173505834,350.9206489907108,1.5123863349111055,15.139348593484508,10.039925122017785,NORMAL
10:30:30,,,step_23,컨택홀_식각,IDLE,1499.7521173505834,350.9206489907108,1.5123863349111055,15.139348593484508,10.039925122017785,NORMAL
10:30:35,,,step_23,컨택홀_식각,IDLE,1499.7521173505834,350.9206489907108,1.5123863349111055,15.139348593484508,10.039925122017785,NORMAL
10:30:40,,,step_23,컨택홀_식각,IDLE,1499.7521173505834,350.9206489907108,1.5123863349111055,15.139348593484508,10.039925122017785,NORMAL
10:30:45,,,step_23,컨택홀_식각,IDLE,1499.7521173505834,350.9206489907108,1.5123863349111055,15.139348593484508,10.039925122017785,NORMAL
10:30:50,,,step_23,컨택홀_식각,IDLE,1499.7521173505834,350.9206489907108,1.5123863349111055,15.139348593484508,10.039925122017785,NORMAL
10:30:55,,,step_23,컨택홀_식각,IDLE,1499.7521173505834,350.9206489907108,1.5123863349111055,15.139348593484508,10.039925122017785,NORMAL
10:31:00,,,step_23,컨택홀_식각,IDLE,1499.7521173505834,350.9206489907108,1.5123863349111055,15.139348593484508,10.039925122017785,NORMAL
10:31:05,,,step_23,컨택홀_식각,IDLE,1499.7521173505834,350.9206489907108,1.5123863349111055,15.139348593484508,10.039925122017785,NORMAL
10:31:10,,,step_23,컨택홀_식각,IDLE,1499.7521173505834,350.9206489907108,1.5123863349111055,15.139348593484508,10.039925122017785,NORMAL
10:31:15,,,step_23,컨택홀_식각,IDLE,1499.7521173505834,350.9206489907108,1.5123863349111055,15.139348593484508,10.039925122017785,NORMAL
10:31:20,,,step_23,컨택홀_식각,IDLE,1499.7521173505834,350.9206489907108,1.5123863349111055,15.139348593484508,10.039925122017785,NORMAL
10:31:25,,,step_23,컨택홀_식각,IDLE,1499.7521173505834,350.9206489907108,1.5123863349111055,15.139348593484508,10.039925122017785,NORMAL
10:31:30,,,step_23,컨택홀_식각,IDLE,1499.7521173505834,350.9206489907108,1.5123863349111055,15.139348593484508,10.039925122017785,NORMAL
10:31:35,,,step_23,컨택홀_식각,IDLE,1499.7521173505834,350.9206489907108,1.5123863349111055,15.139348593484508,10.039925122017785,NORMAL
10:31:40,,,step_23,컨택홀_식각,IDLE,1499.7521173505834,350.9206489907108,1.5123863349111055,15.139348593484508,10.039925122017785,NORMAL
10:31:45,,,step_23,컨택홀_식각,IDLE,1499.7521173505834,350.9206489907108,1.5123863349111055,15.139348593484508,10.039925122017785,NORMAL
10:31:50,,,step_23,컨택홀_식각,IDLE,1499.7521173505834,350.9206489907108,1.5123863349111055,15.139348593484508,10.039925122017785,NORMAL
10:31:55,,,step_23,컨택홀_식각,IDLE,1499.7521173505834,350.9206489907108,1.5123863349111055,15.139348593484508,10.039925122017785,NORMAL
10:32:00,,,step_23,컨택홀_식각,IDLE,1499.7521173505834,350.9206489907108,1.5123863349111055,15.139348593484508,10.039925122017785,NORMAL
10:32:05,,,step_23,컨택홀_식각,IDLE,1499.7521173505834,350.9206489907108,1.5123863349111055,15.139348593484508,10.039925122017785,NORMAL
10:32:10,,,step_23,컨택홀_식각,IDLE,1499.7521173505834,350.9206489907108,1.5123863349111055,15.139348593484508,10.039925122017785,NORMAL
10:32:15,,,step_23,컨택홀_식각,IDLE,1499.7521173505834,350.9206489907108,1.5123863349111055,15.139348593484508,10.039925122017785,NORMAL
10:32:20,,,step_23,컨택홀_식각,IDLE,1499.7521173505834,350.9206489907108,1.5123863349111055,15.139348593484508,10.039925122017785,NORMAL
10:32:25,,,step_23,컨택홀_식각,IDLE,1499.7521173505834,350.9206489907108,1.5123863349111055,15.139348593484508,10.039925122017785,NORMAL
10:32:30,,,step_23,컨택홀_식각,IDLE,1499.7521173505834,350.9206489907108,1.5123863349111055,15.139348593484508,10.039925122017785,NORMAL
10:32:35,,,step_23,컨택홀_식각,IDLE,1499.7521173505834,350.9206489907108,1.5123863349111055,15.139348593484508,10.039925122017785,NORMAL
10:32:40,,,step_23,컨택홀_식각,IDLE,1499.7521173505834,350.9206489907108,1.5123863349111055,15.139348593484508,10.039925122017785,NORMAL
10:32:45,,,step_23,컨택홀_식각,IDLE,1499.7521173505834,350.9206489907108,1.5123863349111055,15.139348593484508,10.039925122017785,NORMAL
10:32:50,,,step_23,컨택홀_식각,IDLE,1499.7521173505834,350.9206489907108,1.5123863349111055,15.139348593484508,10.039925122017785,NORMAL
10:32:55,,,step_23,컨택홀_식각,IDLE,1499.7521173505834,350.9206489907108,1.5123863349111055,15.139348593484508,10.039925122017785,NORMAL
10:33:00,,,step_23,컨택홀_식각,IDLE,1499.7521173505834,350.9206489907108,1.5123863349111055,15.139348593484508,10.039925122017785,NORMAL
10:33:05,,,step_23,컨택홀_식각,IDLE,1499.7521173505834,350.9206489907108,1.5123863349111055,15.139348593484508,10.039925122017785,NORMAL
10:33:10,,,step_23,컨택홀_식각,IDLE,1499.7521173505834,350.9206489907108,1.5123863349111055,15.139348593484508,10.039925122017785,NORMAL
10:33:15,,,step_23,컨택홀_식각,IDLE,1499.7521173505834,350.9206489907108,1.5123863349111055,15.139348593484508,10.039925122017785,NORMAL
