Timestamp,Lot_ID,Wafer_ID,Address,Step_Name,Phase,Susceptor_Temp_C,Chamber_Pressure_mTorr,Precursor_Flow_sccm,RF_Power_W,Film_Thickness_nm,Status
09:00:00,,,step_33,보호막_증착,IDLE,32.59485225602768,40.83891196025091,7.5092012991351,40.264736486028085,2.250812675669408,NORMAL
09:00:05,,,step_33,보호막_증착,IDLE,32.59485225602768,40.83891196025091,7.5092012991351,40.264736486028085,2.250812675669408,NORMAL
09:00:10,,,step_33,보호막_증착,IDLE,32.59485225602768,40.83891196025091,7.5092012991351,40.264736486028085,2.250812675669408,NORMAL
09:00:15,,,step_33,보호막_증착,IDLE,32.59485225602768,40.83891196025091,7.5092012991351,40.264736486028085,2.250812675669408,NORMAL
09:00:20,,,step_33,보호막_증착,IDLE,32.59485225602768,40.83891196025091,7.5092012991351,40.264736486028085,2.250812675669408,NORMAL
09:00:25,,,step_33,보호막_증착,IDLE,32.59485225602768,40.83891196025091,7.5092012991351,40.264736486028085,2.250812675669408,NORMAL
09:00:30,,,step_33,보호막_증착,IDLE,32.59485225602768,40.83891196025091,7.5092012991351,40.264736486028085,2.250812675669408,NORMAL
09:00:35,,,step_33,보호막_증착,IDLE,32.59485225602768,40.83891196025091,7.5092012991351,40.264736486028085,2.250812675669408,NORMAL
09:00:40,,,step_33,보호막_증착,IDLE,32.59485225602768,40.83891196025091,7.5092012991351,40.264736486028085,2.250812675669408,NORMAL
09:00:45,,,step_33,보호막_증착,IDLE,32.59485225602768,40.83891196025091,7.5092012991351,40.264736486028085,2.250812675669408,NORMAL
09:00:50,,,step_33,보호막_증착,IDLE,32.59485225602768,40.83891196025091,7.5092012991351,40.264736486028085,2.250812675669408,NORMAL
09:00:55,,,step_33,보호막_증착,IDLE,32.59485225602768,40.83891196025091,7.5092012991351,40.264736486028085,2.250812675669408,NORMAL
09:01:00,,,step_33,보호막_증착,IDLE,32.59485225602768,40.83891196025091,7.5092012991351,40.264736486028085,2.250812675669408,NORMAL
09:01:05,,,step_33,보호막_증착,IDLE,32.59485225602768,40.83891196025091,7.5092012991351,40.264736486028085,2.250812675669408,NORMAL
09:01:10,,,step_33,보호막_증착,IDLE,32.59485225602768,40.83891196025091,7.5092012991351,40.264736486028085,2.250812675669408,NORMAL
09:01:15,,,step_33,보호막_증착,IDLE,32.59485225602768,40.83891196025091,7.5092012991351,40.264736486028085,2.250812675669408,NORMAL
09:01:20,,,step_33,보호막_증착,IDLE,32.59485225602768,40.83891196025091,7.5092012991351,40.264736486028085,2.250812675669408,NORMAL
09:01:25,,,step_33,보호막_증착,IDLE,32.59485225602768,40.83891196025091,7.5092012991351,40.264736486028085,2.250812675669408,NORMAL
09:01:30,,,step_33,보호막_증착,IDLE,32.59485225602768,40.83891196025091,7.5092012991351,40.264736486028085,2.250812675669408,NORMAL
09:01:35,,,step_33,보호막_증착,IDLE,32.59485225602768,40.83891196025091,7.5092012991351,40.264736486028085,2.250812675669408,NORMAL
09:01:40,,,step_33,보호막_증착,IDLE,32.59485225602768,40.83891196025091,7.5092012991351,40.264736486028085,2.250812675669408,NORMAL
09:01:45,,,step_33,보호막_증착,IDLE,32.59485225602768,40.83891196025091,7.5092012991351,40.264736486028085,2.250812675669408,NORMAL
09:01:50,,,step_33,보호막_증착,IDLE,32.59485225602768,40.83891196025091,7.5092012991351,40.264736486028085,2.250812675669408,NORMAL
09:01:55,,,step_33,보호막_증착,IDLE,32.59485225602768,40.83891196025091,7.5092012991351,40.264736486028085,2.250812675669408,NORMAL
09:02:00,,,step_33,보호막_증착,IDLE,32.59485225602768,40.83891196025091,7.5092012991351,40.264736486028085,2.250812675669408,NORMAL
09:02:05,,,step_33,보호막_증착,IDLE,32.59485225602768,40.83891196025091,7.5092012991351,40.264736486028085,2.250812675669408,NORMAL
09:02:10,,,step_33,보호막_증착,IDLE,32.59485225602768,40.83891196025091,7.5092012991351,40.264736486028085,2.250812675669408,NORMAL
09:02:15,,,step_33,보호막_증착,IDLE,32.59485225602768,40.83891196025091,7.5092012991351,40.264736486028085,2.250812675669408,NORMAL
09:02:20,,,step_33,보호막_증착,IDLE,32.59485225602768,40.83891196025091,7.5092012991351,40.264736486028085,2.250812675669408,NORMAL
09:02:25,,,step_33,보호막_증착,IDLE,32.59485225602768,40.83891196025091,7.5092012991351,40.264736486028085,2.250812675669408,NORMAL
09:02:30,,,step_33,보호막_증착,IDLE,32.59485225602768,40.83891196025091,7.5092012991351,40.264736486028085,2.250812675669408,NORMAL
09:02:35,,,step_33,보호막_증착,IDLE,32.59485225602768,40.83891196025091,7.5092012991351,40.264736486028085,2.250812675669408,NORMAL
09:02:40,,,step_33,보호막_증착,IDLE,32.59485225602768,40.83891196025091,7.5092012991351,40.264736486028085,2.250812675669408,NORMAL
09:02:45,,,step_33,보호막_증착,IDLE,32.59485225602768,40.83891196025091,7.5092012991351,40.264736486028085,2.250812675669408,NORMAL
09:02:50,,,step_33,보호막_증착,IDLE,32.59485225602768,40.83891196025091,7.5092012991351,40.264736486028085,2.250812675669408,NORMAL
09:02:55,,,step_33,보호막_증착,IDLE,32.59485225602768,40.83891196025091,7.5092012991351,40.264736486028085,2.250812675669408,NORMAL
09:03:00,,,step_33,보호막_증착,IDLE,32.59485225602768,40.83891196025091,7.5092012991351,40.264736486028085,2.250812675669408,NORMAL
09:03:05,,,step_33,보호막_증착,IDLE,32.59485225602768,40.83891196025091,7.5092012991351,40.264736486028085,2.250812675669408,NORMAL
09:03:10,,,step_33,보호막_증착,IDLE,32.59485225602768,40.83891196025091,7.5092012991351,40.264736486028085,2.250812675669408,NORMAL
09:03:15,,,step_33,보호막_증착,IDLE,32.59485225602768,40.83891196025091,7.5092012991351,40.264736486028085,2.250812675669408,NORMAL
09:03:20,,,step_33,보호막_증착,IDLE,32.59485225602768,40.83891196025091,7.5092012991351,40.264736486028085,2.250812675669408,NORMAL
09:03:25,,,step_33,보호막_증착,IDLE,32.59485225602768,40.83891196025091,7.5092012991351,40.264736486028085,2.250812675669408,NORMAL
09:03:30,,,step_33,보호막_증착,IDLE,32.59485225602768,40.83891196025091,7.5092012991351,40.264736486028085,2.250812675669408,NORMAL
09:03:35,,,step_33,보호막_증착,IDLE,32.59485225602768,40.83891196025091,7.5092012991351,40.264736486028085,2.250812675669408,NORMAL
09:03:40,,,step_33,보호막_증착,IDLE,32.59485225602768,40.83891196025091,7.5092012991351,40.264736486028085,2.250812675669408,NORMAL
09:03:45,,,step_33,보호막_증착,IDLE,32.59485225602768,40.83891196025091,7.5092012991351,40.264736486028085,2.250812675669408,NORMAL
09:03:50,,,step_33,보호막_증착,IDLE,32.59485225602768,40.83891196025091,7.5092012991351,40.264736486028085,2.250812675669408,NORMAL
09:03:55,,,step_33,보호막_증착,IDLE,32.59485225602768,40.83891196025091,7.5092012991351,40.264736486028085,2.250812675669408,NORMAL
09:04:00,,,step_33,보호막_증착,IDLE,32.59485225602768,40.83891196025091,7.5092012991351,40.264736486028085,2.250812675669408,NORMAL
09:04:05,,,step_33,보호막_증착,IDLE,32.59485225602768,40.83891196025091,7.5092012991351,40.264736486028085,2.250812675669408,NORMAL
09:04:10,,,step_33,보호막_증착,IDLE,32.59485225602768,40.83891196025091,7.5092012991351,40.264736486028085,2.250812675669408,NORMAL
09:04:15,,,step_33,보호막_증착,IDLE,32.59485225602768,40.83891196025091,7.5092012991351,40.264736486028085,2.250812675669408,NORMAL
09:04:20,,,step_33,보호막_증착,IDLE,32.59485225602768,40.83891196025091,7.5092012991351,40.264736486028085,2.250812675669408,NORMAL
09:04:25,,,step_33,보호막_증착,IDLE,32.59485225602768,40.83891196025091,7.5092012991351,40.264736486028085,2.250812675669408,NORMAL
09:04:30,,,step_33,보호막_증착,IDLE,32.59485225602768,40.83891196025091,7.5092012991351,40.264736486028085,2.250812675669408,NORMAL
09:04:35,,,step_33,보호막_증착,IDLE,32.59485225602768,40.83891196025091,7.5092012991351,40.264736486028085,2.250812675669408,NORMAL
09:04:40,,,step_33,보호막_증착,IDLE,32.59485225602768,40.83891196025091,7.5092012991351,40.264736486028085,2.250812675669408,NORMAL
09:04:45,,,step_33,보호막_증착,IDLE,32.59485225602768,40.83891196025091,7.5092012991351,40.264736486028085,2.250812675669408,NORMAL
09:04:50,,,step_33,보호막_증착,IDLE,32.59485225602768,40.83891196025091,7.5092012991351,40.264736486028085,2.250812675669408,NORMAL
09:04:55,,,step_33,보호막_증착,IDLE,32.59485225602768,40.83891196025091,7.5092012991351,40.264736486028085,2.250812675669408,NORMAL
09:05:00,,,step_33,보호막_증착,IDLE,32.59485225602768,40.83891196025091,7.5092012991351,40.264736486028085,2.250812675669408,NORMAL
09:05:05,,,step_33,보호막_증착,IDLE,32.59485225602768,40.83891196025091,7.5092012991351,40.264736486028085,2.250812675669408,NORMAL
09:05:10,,,step_33,보호막_증착,IDLE,32.59485225602768,40.83891196025091,7.5092012991351,40.264736486028085,2.250812675669408,NORMAL
09:05:15,,,step_33,보호막_증착,IDLE,32.59485225602768,40.83891196025091,7.5092012991351,40.264736486028085,2.250812675669408,NORMAL
09:05:20,,,step_33,보호막_증착,IDLE,32.59485225602768,40.83891196025091,7.5092012991351,40.264736486028085,2.250812675669408,NORMAL
09:05:25,,,step_33,보호막_증착,IDLE,32.59485225602768,40.83891196025091,7.5092012991351,40.264736486028085,2.250812675669408,NORMAL
09:05:30,,,step_33,보호막_증착,IDLE,32.59485225602768,40.83891196025091,7.5092012991351,40.264736486028085,2.250812675669408,NORMAL
09:05:35,,,step_33,보호막_증착,IDLE,32.59485225602768,40.83891196025091,7.5092012991351,40.264736486028085,2.250812675669408,NORMAL
09:05:40,,,step_33,보호막_증착,IDLE,32.59485225602768,40.83891196025091,7.5092012991351,40.264736486028085,2.250812675669408,NORMAL
09:05:45,,,step_33,보호막_증착,IDLE,32.59485225602768,40.83891196025091,7.5092012991351,40.264736486028085,2.250812675669408,NORMAL
09:05:50,,,step_33,보호막_증착,IDLE,32.59485225602768,40.83891196025091,7.5092012991351,40.264736486028085,2.250812675669408,NORMAL
09:05:55,,,step_33,보호막_증착,IDLE,32.59485225602768,40.83891196025091,7.5092012991351,40.264736486028085,2.250812675669408,NORMAL
09:06:00,,,step_33,보호막_증착,IDLE,32.59485225602768,40.83891196025091,7.5092012991351,40.264736486028085,2.250812675669408,NORMAL
09:06:05,,,step_33,보호막_증착,IDLE,32.59485225602768,40.83891196025091,7.5092012991351,40.264736486028085,2.250812675669408,NORMAL
09:06:10,,,step_33,보호막_증착,IDLE,32.59485225602768,40.83891196025091,7.5092012991351,40.264736486028085,2.250812675669408,NORMAL
09:06:15,,,step_33,보호막_증착,IDLE,32.59485225602768,40.83891196025091,7.5092012991351,40.264736486028085,2.250812675669408,NORMAL
09:06:20,,,step_33,보호막_증착,IDLE,32.59485225602768,40.83891196025091,7.5092012991351,40.264736486028085,2.250812675669408,NORMAL
09:06:25,,,step_33,보호막_증착,IDLE,32.59485225602768,40.83891196025091,7.5092012991351,40.264736486028085,2.250812675669408,NORMAL
09:06:30,,,step_33,보호막_증착,IDLE,32.59485225602768,40.83891196025091,7.5092012991351,40.264736486028085,2.250812675669408,NORMAL
09:06:35,,,step_33,보호막_증착,IDLE,32.59485225602768,40.83891196025091,7.5092012991351,40.264736486028085,2.250812675669408,NORMAL
09:06:40,,,step_33,보호막_증착,IDLE,32.59485225602768,40.83891196025091,7.5092012991351,40.264736486028085,2.250812675669408,NORMAL
09:06:45,,,step_33,보호막_증착,IDLE,32.59485225602768,40.83891196025091,7.5092012991351,40.264736486028085,2.250812675669408,NORMAL
09:06:50,,,step_33,보호막_증착,IDLE,32.59485225602768,40.83891196025091,7.5092012991351,40.264736486028085,2.250812675669408,NORMAL
09:06:55,,,step_33,보호막_증착,IDLE,32.59485225602768,40.83891196025091,7.5092012991351,40.264736486028085,2.250812675669408,NORMAL
09:07:00,,,step_33,보호막_증착,IDLE,32.59485225602768,40.83891196025091,7.5092012991351,40.264736486028085,2.250812675669408,NORMAL
09:07:05,,,step_33,보호막_증착,IDLE,32.59485225602768,40.83891196025091,7.5092012991351,40.264736486028085,2.250812675669408,NORMAL
09:07:10,,,step_33,보호막_증착,IDLE,32.59485225602768,40.83891196025091,7.5092012991351,40.264736486028085,2.250812675669408,NORMAL
09:07:15,,,step_33,보호막_증착,IDLE,32.59485225602768,40.83891196025091,7.5092012991351,40.264736486028085,2.250812675669408,NORMAL
09:07:20,,,step_33,보호막_증착,IDLE,32.59485225602768,40.83891196025091,7.5092012991351,40.264736486028085,2.250812675669408,NORMAL
09:07:25,,,step_33,보호막_증착,IDLE,32.59485225602768,40.83891196025091,7.5092012991351,40.264736486028085,2.250812675669408,NORMAL
09:07:30,,,step_33,보호막_증착,IDLE,32.59485225602768,40.83891196025091,7.5092012991351,40.264736486028085,2.250812675669408,NORMAL
09:07:35,,,step_33,보호막_증착,IDLE,32.59485225602768,40.83891196025091,7.5092012991351,40.264736486028085,2.250812675669408,NORMAL
09:07:40,,,step_33,보호막_증착,IDLE,32.59485225602768,40.83891196025091,7.5092012991351,40.264736486028085,2.250812675669408,NORMAL
09:07:45,,,step_33,보호막_증착,IDLE,32.59485225602768,40.83891196025091,7.5092012991351,40.264736486028085,2.250812675669408,NORMAL
09:07:50,,,step_33,보호막_증착,IDLE,32.59485225602768,40.83891196025091,7.5092012991351,40.264736486028085,2.250812675669408,NORMAL
09:07:55,,,step_33,보호막_증착,IDLE,32.59485225602768,40.83891196025091,7.5092012991351,40.264736486028085,2.250812675669408,NORMAL
09:08:00,,,step_33,보호막_증착,IDLE,32.59485225602768,40.83891196025091,7.5092012991351,40.264736486028085,2.250812675669408,NORMAL
09:08:05,,,step_33,보호막_증착,IDLE,32.59485225602768,40.83891196025091,7.5092012991351,40.264736486028085,2.250812675669408,NORMAL
09:08:10,,,step_33,보호막_증착,IDLE,32.59485225602768,40.83891196025091,7.5092012991351,40.264736486028085,2.250812675669408,NORMAL
09:08:15,,,step_33,보호막_증착,IDLE,32.59485225602768,40.83891196025091,7.5092012991351,40.264736486028085,2.250812675669408,NORMAL
09:08:20,,,step_33,보호막_증착,IDLE,32.59485225602768,40.83891196025091,7.5092012991351,40.264736486028085,2.250812675669408,NORMAL
09:08:25,,,step_33,보호막_증착,IDLE,32.59485225602768,40.83891196025091,7.5092012991351,40.264736486028085,2.250812675669408,NORMAL
09:08:30,,,step_33,보호막_증착,IDLE,32.59485225602768,40.83891196025091,7.5092012991351,40.264736486028085,2.250812675669408,NORMAL
09:08:35,,,step_33,보호막_증착,IDLE,32.59485225602768,40.83891196025091,7.5092012991351,40.264736486028085,2.250812675669408,NORMAL
09:08:40,,,step_33,보호막_증착,IDLE,32.59485225602768,40.83891196025091,7.5092012991351,40.264736486028085,2.250812675669408,NORMAL
09:08:45,,,step_33,보호막_증착,IDLE,32.59485225602768,40.83891196025091,7.5092012991351,40.264736486028085,2.250812675669408,NORMAL
09:08:50,,,step_33,보호막_증착,IDLE,32.59485225602768,40.83891196025091,7.5092012991351,40.264736486028085,2.250812675669408,NORMAL
09:08:55,,,step_33,보호막_증착,IDLE,32.59485225602768,40.83891196025091,7.5092012991351,40.264736486028085,2.250812675669408,NORMAL
09:09:00,,,step_33,보호막_증착,IDLE,32.59485225602768,40.83891196025091,7.5092012991351,40.264736486028085,2.250812675669408,NORMAL
09:09:05,,,step_33,보호막_증착,IDLE,32.59485225602768,40.83891196025091,7.5092012991351,40.264736486028085,2.250812675669408,NORMAL
09:09:10,,,step_33,보호막_증착,IDLE,32.59485225602768,40.83891196025091,7.5092012991351,40.264736486028085,2.250812675669408,NORMAL
09:09:15,,,step_33,보호막_증착,IDLE,32.59485225602768,40.83891196025091,7.5092012991351,40.264736486028085,2.250812675669408,NORMAL
09:09:20,,,step_33,보호막_증착,IDLE,32.59485225602768,40.83891196025091,7.5092012991351,40.264736486028085,2.250812675669408,NORMAL
09:09:25,,,step_33,보호막_증착,IDLE,32.59485225602768,40.83891196025091,7.5092012991351,40.264736486028085,2.250812675669408,NORMAL
09:09:30,,,step_33,보호막_증착,IDLE,32.59485225602768,40.83891196025091,7.5092012991351,40.264736486028085,2.250812675669408,NORMAL
09:09:35,,,step_33,보호막_증착,IDLE,32.59485225602768,40.83891196025091,7.5092012991351,40.264736486028085,2.250812675669408,NORMAL
09:09:40,,,step_33,보호막_증착,IDLE,32.59485225602768,40.83891196025091,7.5092012991351,40.264736486028085,2.250812675669408,NORMAL
09:09:45,,,step_33,보호막_증착,IDLE,32.59485225602768,40.83891196025091,7.5092012991351,40.264736486028085,2.250812675669408,NORMAL
09:09:50,,,step_33,보호막_증착,IDLE,32.59485225602768,40.83891196025091,7.5092012991351,40.264736486028085,2.250812675669408,NORMAL
09:09:55,,,step_33,보호막_증착,IDLE,32.59485225602768,40.83891196025091,7.5092012991351,40.264736486028085,2.250812675669408,NORMAL
09:10:00,,,step_33,보호막_증착,IDLE,32.59485225602768,40.83891196025091,7.5092012991351,40.264736486028085,2.250812675669408,NORMAL
09:10:05,,,step_33,보호막_증착,IDLE,32.59485225602768,40.83891196025091,7.5092012991351,40.264736486028085,2.250812675669408,NORMAL
09:10:10,,,step_33,보호막_증착,IDLE,32.59485225602768,40.83891196025091,7.5092012991351,40.264736486028085,2.250812675669408,NORMAL
09:10:15,,,step_33,보호막_증착,IDLE,32.59485225602768,40.83891196025091,7.5092012991351,40.264736486028085,2.250812675669408,NORMAL
09:10:20,,,step_33,보호막_증착,IDLE,32.59485225602768,40.83891196025091,7.5092012991351,40.264736486028085,2.250812675669408,NORMAL
09:10:25,,,step_33,보호막_증착,IDLE,32.59485225602768,40.83891196025091,7.5092012991351,40.264736486028085,2.250812675669408,NORMAL
09:10:30,,,step_33,보호막_증착,IDLE,32.59485225602768,40.83891196025091,7.5092012991351,40.264736486028085,2.250812675669408,NORMAL
09:10:35,,,step_33,보호막_증착,IDLE,32.59485225602768,40.83891196025091,7.5092012991351,40.264736486028085,2.250812675669408,NORMAL
09:10:40,,,step_33,보호막_증착,IDLE,32.59485225602768,40.83891196025091,7.5092012991351,40.264736486028085,2.250812675669408,NORMAL
09:10:45,,,step_33,보호막_증착,IDLE,32.59485225602768,40.83891196025091,7.5092012991351,40.264736486028085,2.250812675669408,NORMAL
09:10:50,,,step_33,보호막_증착,IDLE,32.59485225602768,40.83891196025091,7.5092012991351,40.264736486028085,2.250812675669408,NORMAL
09:10:55,,,step_33,보호막_증착,IDLE,32.59485225602768,40.83891196025091,7.5092012991351,40.264736486028085,2.250812675669408,NORMAL
09:11:00,,,step_33,보호막_증착,IDLE,32.59485225602768,40.83891196025091,7.5092012991351,40.264736486028085,2.250812675669408,NORMAL
09:11:05,,,step_33,보호막_증착,IDLE,32.59485225602768,40.83891196025091,7.5092012991351,40.264736486028085,2.250812675669408,NORMAL
09:11:10,,,step_33,보호막_증착,IDLE,32.59485225602768,40.83891196025091,7.5092012991351,40.264736486028085,2.250812675669408,NORMAL
09:11:15,,,step_33,보호막_증착,IDLE,32.59485225602768,40.83891196025091,7.5092012991351,40.264736486028085,2.250812675669408,NORMAL
09:11:20,,,step_33,보호막_증착,IDLE,32.59485225602768,40.83891196025091,7.5092012991351,40.264736486028085,2.250812675669408,NORMAL
09:11:25,,,step_33,보호막_증착,IDLE,32.59485225602768,40.83891196025091,7.5092012991351,40.264736486028085,2.250812675669408,NORMAL
09:11:30,,,step_33,보호막_증착,IDLE,32.59485225602768,40.83891196025091,7.5092012991351,40.264736486028085,2.250812675669408,NORMAL
09:11:35,,,step_33,보호막_증착,IDLE,32.59485225602768,40.83891196025091,7.5092012991351,40.264736486028085,2.250812675669408,NORMAL
09:11:40,,,step_33,보호막_증착,IDLE,32.59485225602768,40.83891196025091,7.5092012991351,40.264736486028085,2.250812675669408,NORMAL
09:11:45,,,step_33,보호막_증착,IDLE,32.59485225602768,40.83891196025091,7.5092012991351,40.264736486028085,2.250812675669408,NORMAL
09:11:50,,,step_33,보호막_증착,IDLE,32.59485225602768,40.83891196025091,7.5092012991351,40.264736486028085,2.250812675669408,NORMAL
09:11:55,,,step_33,보호막_증착,IDLE,32.59485225602768,40.83891196025091,7.5092012991351,40.264736486028085,2.250812675669408,NORMAL
09:12:00,,,step_33,보호막_증착,IDLE,32.59485225602768,40.83891196025091,7.5092012991351,40.264736486028085,2.250812675669408,NORMAL
09:12:05,,,step_33,보호막_증착,IDLE,32.59485225602768,40.83891196025091,7.5092012991351,40.264736486028085,2.250812675669408,NORMAL
09:12:10,,,step_33,보호막_증착,IDLE,32.59485225602768,40.83891196025091,7.5092012991351,40.264736486028085,2.250812675669408,NORMAL
09:12:15,,,step_33,보호막_증착,IDLE,32.59485225602768,40.83891196025091,7.5092012991351,40.264736486028085,2.250812675669408,NORMAL
09:12:20,,,step_33,보호막_증착,IDLE,32.59485225602768,40.83891196025091,7.5092012991351,40.264736486028085,2.250812675669408,NORMAL
09:12:25,,,step_33,보호막_증착,IDLE,32.59485225602768,40.83891196025091,7.5092012991351,40.264736486028085,2.250812675669408,NORMAL
09:12:30,,,step_33,보호막_증착,IDLE,32.59485225602768,40.83891196025091,7.5092012991351,40.264736486028085,2.250812675669408,NORMAL
09:12:35,,,step_33,보호막_증착,IDLE,32.59485225602768,40.83891196025091,7.5092012991351,40.264736486028085,2.250812675669408,NORMAL
09:12:40,,,step_33,보호막_증착,IDLE,32.59485225602768,40.83891196025091,7.5092012991351,40.264736486028085,2.250812675669408,NORMAL
09:12:45,,,step_33,보호막_증착,IDLE,32.59485225602768,40.83891196025091,7.5092012991351,40.264736486028085,2.250812675669408,NORMAL
09:12:50,,,step_33,보호막_증착,IDLE,32.59485225602768,40.83891196025091,7.5092012991351,40.264736486028085,2.250812675669408,NORMAL
09:12:55,,,step_33,보호막_증착,IDLE,32.59485225602768,40.83891196025091,7.5092012991351,40.264736486028085,2.250812675669408,NORMAL
09:13:00,,,step_33,보호막_증착,IDLE,32.59485225602768,40.83891196025091,7.5092012991351,40.264736486028085,2.250812675669408,NORMAL
09:13:05,,,step_33,보호막_증착,IDLE,32.59485225602768,40.83891196025091,7.5092012991351,40.264736486028085,2.250812675669408,NORMAL
09:13:10,,,step_33,보호막_증착,IDLE,32.59485225602768,40.83891196025091,7.5092012991351,40.264736486028085,2.250812675669408,NORMAL
09:13:15,,,step_33,보호막_증착,IDLE,32.59485225602768,40.83891196025091,7.5092012991351,40.264736486028085,2.250812675669408,NORMAL
09:13:20,,,step_33,보호막_증착,IDLE,32.59485225602768,40.83891196025091,7.5092012991351,40.264736486028085,2.250812675669408,NORMAL
09:13:25,,,step_33,보호막_증착,IDLE,32.59485225602768,40.83891196025091,7.5092012991351,40.264736486028085,2.250812675669408,NORMAL
09:13:30,,,step_33,보호막_증착,IDLE,32.59485225602768,40.83891196025091,7.5092012991351,40.264736486028085,2.250812675669408,NORMAL
09:13:35,,,step_33,보호막_증착,IDLE,32.59485225602768,40.83891196025091,7.5092012991351,40.264736486028085,2.250812675669408,NORMAL
09:13:40,,,step_33,보호막_증착,IDLE,32.59485225602768,40.83891196025091,7.5092012991351,40.264736486028085,2.250812675669408,NORMAL
09:13:45,,,step_33,보호막_증착,IDLE,32.59485225602768,40.83891196025091,7.5092012991351,40.264736486028085,2.250812675669408,NORMAL
09:13:50,,,step_33,보호막_증착,IDLE,32.59485225602768,40.83891196025091,7.5092012991351,40.264736486028085,2.250812675669408,NORMAL
09:13:55,,,step_33,보호막_증착,IDLE,32.59485225602768,40.83891196025091,7.5092012991351,40.264736486028085,2.250812675669408,NORMAL
09:14:00,,,step_33,보호막_증착,IDLE,32.59485225602768,40.83891196025091,7.5092012991351,40.264736486028085,2.250812675669408,NORMAL
09:14:05,,,step_33,보호막_증착,IDLE,32.59485225602768,40.83891196025091,7.5092012991351,40.264736486028085,2.250812675669408,NORMAL
09:14:10,,,step_33,보호막_증착,IDLE,32.59485225602768,40.83891196025091,7.5092012991351,40.264736486028085,2.250812675669408,NORMAL
09:14:15,,,step_33,보호막_증착,IDLE,32.59485225602768,40.83891196025091,7.5092012991351,40.264736486028085,2.250812675669408,NORMAL
09:14:20,,,step_33,보호막_증착,IDLE,32.59485225602768,40.83891196025091,7.5092012991351,40.264736486028085,2.250812675669408,NORMAL
09:14:25,,,step_33,보호막_증착,IDLE,32.59485225602768,40.83891196025091,7.5092012991351,40.264736486028085,2.250812675669408,NORMAL
09:14:30,,,step_33,보호막_증착,IDLE,32.59485225602768,40.83891196025091,7.5092012991351,40.264736486028085,2.250812675669408,NORMAL
09:14:35,,,step_33,보호막_증착,IDLE,32.59485225602768,40.83891196025091,7.5092012991351,40.264736486028085,2.250812675669408,NORMAL
09:14:40,,,step_33,보호막_증착,IDLE,32.59485225602768,40.83891196025091,7.5092012991351,40.264736486028085,2.250812675669408,NORMAL
09:14:45,,,step_33,보호막_증착,IDLE,32.59485225602768,40.83891196025091,7.5092012991351,40.264736486028085,2.250812675669408,NORMAL
09:14:50,,,step_33,보호막_증착,IDLE,32.59485225602768,40.83891196025091,7.5092012991351,40.264736486028085,2.250812675669408,NORMAL
09:14:55,,,step_33,보호막_증착,IDLE,32.59485225602768,40.83891196025091,7.5092012991351,40.264736486028085,2.250812675669408,NORMAL
09:15:00,,,step_33,보호막_증착,IDLE,32.59485225602768,40.83891196025091,7.5092012991351,40.264736486028085,2.250812675669408,NORMAL
09:15:05,,,step_33,보호막_증착,IDLE,32.59485225602768,40.83891196025091,7.5092012991351,40.264736486028085,2.250812675669408,NORMAL
09:15:10,,,step_33,보호막_증착,IDLE,32.59485225602768,40.83891196025091,7.5092012991351,40.264736486028085,2.250812675669408,NORMAL
09:15:15,,,step_33,보호막_증착,IDLE,32.59485225602768,40.83891196025091,7.5092012991351,40.264736486028085,2.250812675669408,NORMAL
09:15:20,,,step_33,보호막_증착,IDLE,32.59485225602768,40.83891196025091,7.5092012991351,40.264736486028085,2.250812675669408,NORMAL
09:15:25,,,step_33,보호막_증착,IDLE,32.59485225602768,40.83891196025091,7.5092012991351,40.264736486028085,2.250812675669408,NORMAL
09:15:30,,,step_33,보호막_증착,IDLE,32.59485225602768,40.83891196025091,7.5092012991351,40.264736486028085,2.250812675669408,NORMAL
09:15:35,,,step_33,보호막_증착,IDLE,32.59485225602768,40.83891196025091,7.5092012991351,40.264736486028085,2.250812675669408,NORMAL
09:15:40,,,step_33,보호막_증착,IDLE,32.59485225602768,40.83891196025091,7.5092012991351,40.264736486028085,2.250812675669408,NORMAL
09:15:45,,,step_33,보호막_증착,IDLE,32.59485225602768,40.83891196025091,7.5092012991351,40.264736486028085,2.250812675669408,NORMAL
09:15:50,,,step_33,보호막_증착,IDLE,32.59485225602768,40.83891196025091,7.5092012991351,40.264736486028085,2.250812675669408,NORMAL
09:15:55,,,step_33,보호막_증착,IDLE,32.59485225602768,40.83891196025091,7.5092012991351,40.264736486028085,2.250812675669408,NORMAL
09:16:00,,,step_33,보호막_증착,IDLE,32.59485225602768,40.83891196025091,7.5092012991351,40.264736486028085,2.250812675669408,NORMAL
09:16:05,,,step_33,보호막_증착,IDLE,32.59485225602768,40.83891196025091,7.5092012991351,40.264736486028085,2.250812675669408,NORMAL
09:16:10,,,step_33,보호막_증착,IDLE,32.59485225602768,40.83891196025091,7.5092012991351,40.264736486028085,2.250812675669408,NORMAL
09:16:15,,,step_33,보호막_증착,IDLE,32.59485225602768,40.83891196025091,7.5092012991351,40.264736486028085,2.250812675669408,NORMAL
09:16:20,,,step_33,보호막_증착,IDLE,32.59485225602768,40.83891196025091,7.5092012991351,40.264736486028085,2.250812675669408,NORMAL
09:16:25,,,step_33,보호막_증착,IDLE,32.59485225602768,40.83891196025091,7.5092012991351,40.264736486028085,2.250812675669408,NORMAL
09:16:30,,,step_33,보호막_증착,IDLE,32.59485225602768,40.83891196025091,7.5092012991351,40.264736486028085,2.250812675669408,NORMAL
09:16:35,,,step_33,보호막_증착,IDLE,32.59485225602768,40.83891196025091,7.5092012991351,40.264736486028085,2.250812675669408,NORMAL
09:16:40,,,step_33,보호막_증착,IDLE,32.59485225602768,40.83891196025091,7.5092012991351,40.264736486028085,2.250812675669408,NORMAL
09:16:45,,,step_33,보호막_증착,IDLE,32.59485225602768,40.83891196025091,7.5092012991351,40.264736486028085,2.250812675669408,NORMAL
09:16:50,,,step_33,보호막_증착,IDLE,32.59485225602768,40.83891196025091,7.5092012991351,40.264736486028085,2.250812675669408,NORMAL
09:16:55,,,step_33,보호막_증착,IDLE,32.59485225602768,40.83891196025091,7.5092012991351,40.264736486028085,2.250812675669408,NORMAL
09:17:00,,,step_33,보호막_증착,IDLE,32.59485225602768,40.83891196025091,7.5092012991351,40.264736486028085,2.250812675669408,NORMAL
09:17:05,,,step_33,보호막_증착,IDLE,32.59485225602768,40.83891196025091,7.5092012991351,40.264736486028085,2.250812675669408,NORMAL
09:17:10,,,step_33,보호막_증착,IDLE,32.59485225602768,40.83891196025091,7.5092012991351,40.264736486028085,2.250812675669408,NORMAL
09:17:15,,,step_33,보호막_증착,IDLE,32.59485225602768,40.83891196025091,7.5092012991351,40.264736486028085,2.250812675669408,NORMAL
09:17:20,,,step_33,보호막_증착,IDLE,32.59485225602768,40.83891196025091,7.5092012991351,40.264736486028085,2.250812675669408,NORMAL
09:17:25,,,step_33,보호막_증착,IDLE,32.59485225602768,40.83891196025091,7.5092012991351,40.264736486028085,2.250812675669408,NORMAL
09:17:30,,,step_33,보호막_증착,IDLE,32.59485225602768,40.83891196025091,7.5092012991351,40.264736486028085,2.250812675669408,NORMAL
09:17:35,,,step_33,보호막_증착,IDLE,32.59485225602768,40.83891196025091,7.5092012991351,40.264736486028085,2.250812675669408,NORMAL
09:17:40,,,step_33,보호막_증착,IDLE,32.59485225602768,40.83891196025091,7.5092012991351,40.264736486028085,2.250812675669408,NORMAL
09:17:45,,,step_33,보호막_증착,IDLE,32.59485225602768,40.83891196025091,7.5092012991351,40.264736486028085,2.250812675669408,NORMAL
09:17:50,,,step_33,보호막_증착,IDLE,32.59485225602768,40.83891196025091,7.5092012991351,40.264736486028085,2.250812675669408,NORMAL
09:17:55,,,step_33,보호막_증착,IDLE,32.59485225602768,40.83891196025091,7.5092012991351,40.264736486028085,2.250812675669408,NORMAL
09:18:00,,,step_33,보호막_증착,IDLE,32.59485225602768,40.83891196025091,7.5092012991351,40.264736486028085,2.250812675669408,NORMAL
09:18:05,,,step_33,보호막_증착,IDLE,32.59485225602768,40.83891196025091,7.5092012991351,40.264736486028085,2.250812675669408,NORMAL
09:18:10,,,step_33,보호막_증착,IDLE,32.59485225602768,40.83891196025091,7.5092012991351,40.264736486028085,2.250812675669408,NORMAL
09:18:15,,,step_33,보호막_증착,IDLE,32.59485225602768,40.83891196025091,7.5092012991351,40.264736486028085,2.250812675669408,NORMAL
09:18:20,,,step_33,보호막_증착,IDLE,32.59485225602768,40.83891196025091,7.5092012991351,40.264736486028085,2.250812675669408,NORMAL
09:18:25,,,step_33,보호막_증착,IDLE,32.59485225602768,40.83891196025091,7.5092012991351,40.264736486028085,2.250812675669408,NORMAL
09:18:30,,,step_33,보호막_증착,IDLE,32.59485225602768,40.83891196025091,7.5092012991351,40.264736486028085,2.250812675669408,NORMAL
09:18:35,,,step_33,보호막_증착,IDLE,32.59485225602768,40.83891196025091,7.5092012991351,40.264736486028085,2.250812675669408,NORMAL
09:18:40,,,step_33,보호막_증착,IDLE,32.59485225602768,40.83891196025091,7.5092012991351,40.264736486028085,2.250812675669408,NORMAL
09:18:45,,,step_33,보호막_증착,IDLE,32.59485225602768,40.83891196025091,7.5092012991351,40.264736486028085,2.250812675669408,NORMAL
09:18:50,,,step_33,보호막_증착,IDLE,32.59485225602768,40.83891196025091,7.5092012991351,40.264736486028085,2.250812675669408,NORMAL
09:18:55,,,step_33,보호막_증착,IDLE,32.59485225602768,40.83891196025091,7.5092012991351,40.264736486028085,2.250812675669408,NORMAL
09:19:00,,,step_33,보호막_증착,IDLE,32.59485225602768,40.83891196025091,7.5092012991351,40.264736486028085,2.250812675669408,NORMAL
09:19:05,,,step_33,보호막_증착,IDLE,32.59485225602768,40.83891196025091,7.5092012991351,40.264736486028085,2.250812675669408,NORMAL
09:19:10,,,step_33,보호막_증착,IDLE,32.59485225602768,40.83891196025091,7.5092012991351,40.264736486028085,2.250812675669408,NORMAL
09:19:15,,,step_33,보호막_증착,IDLE,32.59485225602768,40.83891196025091,7.5092012991351,40.264736486028085,2.250812675669408,NORMAL
09:19:20,,,step_33,보호막_증착,IDLE,32.59485225602768,40.83891196025091,7.5092012991351,40.264736486028085,2.250812675669408,NORMAL
09:19:25,,,step_33,보호막_증착,IDLE,32.59485225602768,40.83891196025091,7.5092012991351,40.264736486028085,2.250812675669408,NORMAL
09:19:30,,,step_33,보호막_증착,IDLE,32.59485225602768,40.83891196025091,7.5092012991351,40.264736486028085,2.250812675669408,NORMAL
09:19:35,,,step_33,보호막_증착,IDLE,32.59485225602768,40.83891196025091,7.5092012991351,40.264736486028085,2.250812675669408,NORMAL
09:19:40,,,step_33,보호막_증착,IDLE,32.59485225602768,40.83891196025091,7.5092012991351,40.264736486028085,2.250812675669408,NORMAL
09:19:45,,,step_33,보호막_증착,IDLE,32.59485225602768,40.83891196025091,7.5092012991351,40.264736486028085,2.250812675669408,NORMAL
09:19:50,,,step_33,보호막_증착,IDLE,32.59485225602768,40.83891196025091,7.5092012991351,40.264736486028085,2.250812675669408,NORMAL
09:19:55,,,step_33,보호막_증착,IDLE,32.59485225602768,40.83891196025091,7.5092012991351,40.264736486028085,2.250812675669408,NORMAL
09:20:00,,,step_33,보호막_증착,IDLE,32.59485225602768,40.83891196025091,7.5092012991351,40.264736486028085,2.250812675669408,NORMAL
09:20:05,,,step_33,보호막_증착,IDLE,32.59485225602768,40.83891196025091,7.5092012991351,40.264736486028085,2.250812675669408,NORMAL
09:20:10,,,step_33,보호막_증착,IDLE,32.59485225602768,40.83891196025091,7.5092012991351,40.264736486028085,2.250812675669408,NORMAL
09:20:15,,,step_33,보호막_증착,IDLE,32.59485225602768,40.83891196025091,7.5092012991351,40.264736486028085,2.250812675669408,NORMAL
09:20:20,,,step_33,보호막_증착,IDLE,32.59485225602768,40.83891196025091,7.5092012991351,40.264736486028085,2.250812675669408,NORMAL
09:20:25,,,step_33,보호막_증착,IDLE,32.59485225602768,40.83891196025091,7.5092012991351,40.264736486028085,2.250812675669408,NORMAL
09:20:30,,,step_33,보호막_증착,IDLE,32.59485225602768,40.83891196025091,7.5092012991351,40.264736486028085,2.250812675669408,NORMAL
09:20:35,,,step_33,보호막_증착,IDLE,32.59485225602768,40.83891196025091,7.5092012991351,40.264736486028085,2.250812675669408,NORMAL
09:20:40,,,step_33,보호막_증착,IDLE,32.59485225602768,40.83891196025091,7.5092012991351,40.264736486028085,2.250812675669408,NORMAL
09:20:45,,,step_33,보호막_증착,IDLE,32.59485225602768,40.83891196025091,7.5092012991351,40.264736486028085,2.250812675669408,NORMAL
09:20:50,,,step_33,보호막_증착,IDLE,32.59485225602768,40.83891196025091,7.5092012991351,40.264736486028085,2.250812675669408,NORMAL
09:20:55,,,step_33,보호막_증착,IDLE,32.59485225602768,40.83891196025091,7.5092012991351,40.264736486028085,2.250812675669408,NORMAL
09:21:00,,,step_33,보호막_증착,IDLE,32.59485225602768,40.83891196025091,7.5092012991351,40.264736486028085,2.250812675669408,NORMAL
09:21:05,,,step_33,보호막_증착,IDLE,32.59485225602768,40.83891196025091,7.5092012991351,40.264736486028085,2.250812675669408,NORMAL
09:21:10,,,step_33,보호막_증착,IDLE,32.59485225602768,40.83891196025091,7.5092012991351,40.264736486028085,2.250812675669408,NORMAL
09:21:15,,,step_33,보호막_증착,IDLE,32.59485225602768,40.83891196025091,7.5092012991351,40.264736486028085,2.250812675669408,NORMAL
09:21:20,,,step_33,보호막_증착,IDLE,32.59485225602768,40.83891196025091,7.5092012991351,40.264736486028085,2.250812675669408,NORMAL
09:21:25,,,step_33,보호막_증착,IDLE,32.59485225602768,40.83891196025091,7.5092012991351,40.264736486028085,2.250812675669408,NORMAL
09:21:30,,,step_33,보호막_증착,IDLE,32.59485225602768,40.83891196025091,7.5092012991351,40.264736486028085,2.250812675669408,NORMAL
09:21:35,,,step_33,보호막_증착,IDLE,32.59485225602768,40.83891196025091,7.5092012991351,40.264736486028085,2.250812675669408,NORMAL
09:21:40,,,step_33,보호막_증착,IDLE,32.59485225602768,40.83891196025091,7.5092012991351,40.264736486028085,2.250812675669408,NORMAL
09:21:45,,,step_33,보호막_증착,IDLE,32.59485225602768,40.83891196025091,7.5092012991351,40.264736486028085,2.250812675669408,NORMAL
09:21:50,,,step_33,보호막_증착,IDLE,32.59485225602768,40.83891196025091,7.5092012991351,40.264736486028085,2.250812675669408,NORMAL
09:21:55,,,step_33,보호막_증착,IDLE,32.59485225602768,40.83891196025091,7.5092012991351,40.264736486028085,2.250812675669408,NORMAL
09:22:00,,,step_33,보호막_증착,IDLE,32.59485225602768,40.83891196025091,7.5092012991351,40.264736486028085,2.250812675669408,NORMAL
09:22:05,,,step_33,보호막_증착,IDLE,32.59485225602768,40.83891196025091,7.5092012991351,40.264736486028085,2.250812675669408,NORMAL
09:22:10,,,step_33,보호막_증착,IDLE,32.59485225602768,40.83891196025091,7.5092012991351,40.264736486028085,2.250812675669408,NORMAL
09:22:15,,,step_33,보호막_증착,IDLE,32.59485225602768,40.83891196025091,7.5092012991351,40.264736486028085,2.250812675669408,NORMAL
09:22:20,,,step_33,보호막_증착,IDLE,32.59485225602768,40.83891196025091,7.5092012991351,40.264736486028085,2.250812675669408,NORMAL
09:22:25,,,step_33,보호막_증착,IDLE,32.59485225602768,40.83891196025091,7.5092012991351,40.264736486028085,2.250812675669408,NORMAL
09:22:30,,,step_33,보호막_증착,IDLE,32.59485225602768,40.83891196025091,7.5092012991351,40.264736486028085,2.250812675669408,NORMAL
09:22:35,,,step_33,보호막_증착,IDLE,32.59485225602768,40.83891196025091,7.5092012991351,40.264736486028085,2.250812675669408,NORMAL
09:22:40,,,step_33,보호막_증착,IDLE,32.59485225602768,40.83891196025091,7.5092012991351,40.264736486028085,2.250812675669408,NORMAL
09:22:45,,,step_33,보호막_증착,IDLE,32.59485225602768,40.83891196025091,7.5092012991351,40.264736486028085,2.250812675669408,NORMAL
09:22:50,,,step_33,보호막_증착,IDLE,32.59485225602768,40.83891196025091,7.5092012991351,40.264736486028085,2.250812675669408,NORMAL
09:22:55,,,step_33,보호막_증착,IDLE,32.59485225602768,40.83891196025091,7.5092012991351,40.264736486028085,2.250812675669408,NORMAL
09:23:00,,,step_33,보호막_증착,IDLE,32.59485225602768,40.83891196025091,7.5092012991351,40.264736486028085,2.250812675669408,NORMAL
09:23:05,,,step_33,보호막_증착,IDLE,32.59485225602768,40.83891196025091,7.5092012991351,40.264736486028085,2.250812675669408,NORMAL
09:23:10,,,step_33,보호막_증착,IDLE,32.59485225602768,40.83891196025091,7.5092012991351,40.264736486028085,2.250812675669408,NORMAL
09:23:15,,,step_33,보호막_증착,IDLE,32.59485225602768,40.83891196025091,7.5092012991351,40.264736486028085,2.250812675669408,NORMAL
09:23:20,,,step_33,보호막_증착,IDLE,32.59485225602768,40.83891196025091,7.5092012991351,40.264736486028085,2.250812675669408,NORMAL
09:23:25,,,step_33,보호막_증착,IDLE,32.59485225602768,40.83891196025091,7.5092012991351,40.264736486028085,2.250812675669408,NORMAL
09:23:30,,,step_33,보호막_증착,IDLE,32.59485225602768,40.83891196025091,7.5092012991351,40.264736486028085,2.250812675669408,NORMAL
09:23:35,,,step_33,보호막_증착,IDLE,32.59485225602768,40.83891196025091,7.5092012991351,40.264736486028085,2.250812675669408,NORMAL
09:23:40,,,step_33,보호막_증착,IDLE,32.59485225602768,40.83891196025091,7.5092012991351,40.264736486028085,2.250812675669408,NORMAL
09:23:45,,,step_33,보호막_증착,IDLE,32.59485225602768,40.83891196025091,7.5092012991351,40.264736486028085,2.250812675669408,NORMAL
09:23:50,,,step_33,보호막_증착,IDLE,32.59485225602768,40.83891196025091,7.5092012991351,40.264736486028085,2.250812675669408,NORMAL
09:23:55,,,step_33,보호막_증착,IDLE,32.59485225602768,40.83891196025091,7.5092012991351,40.264736486028085,2.250812675669408,NORMAL
09:24:00,,,step_33,보호막_증착,IDLE,32.59485225602768,40.83891196025091,7.5092012991351,40.264736486028085,2.250812675669408,NORMAL
09:24:05,,,step_33,보호막_증착,IDLE,32.59485225602768,40.83891196025091,7.5092012991351,40.264736486028085,2.250812675669408,NORMAL
09:24:10,,,step_33,보호막_증착,IDLE,32.59485225602768,40.83891196025091,7.5092012991351,40.264736486028085,2.250812675669408,NORMAL
09:24:15,,,step_33,보호막_증착,IDLE,32.59485225602768,40.83891196025091,7.5092012991351,40.264736486028085,2.250812675669408,NORMAL
09:24:20,,,step_33,보호막_증착,IDLE,32.59485225602768,40.83891196025091,7.5092012991351,40.264736486028085,2.250812675669408,NORMAL
09:24:25,,,step_33,보호막_증착,IDLE,32.59485225602768,40.83891196025091,7.5092012991351,40.264736486028085,2.250812675669408,NORMAL
09:24:30,,,step_33,보호막_증착,IDLE,32.59485225602768,40.83891196025091,7.5092012991351,40.264736486028085,2.250812675669408,NORMAL
09:24:35,,,step_33,보호막_증착,IDLE,32.59485225602768,40.83891196025091,7.5092012991351,40.264736486028085,2.250812675669408,NORMAL
09:24:40,,,step_33,보호막_증착,IDLE,32.59485225602768,40.83891196025091,7.5092012991351,40.264736486028085,2.250812675669408,NORMAL
09:24:45,,,step_33,보호막_증착,IDLE,32.59485225602768,40.83891196025091,7.5092012991351,40.264736486028085,2.250812675669408,NORMAL
09:24:50,,,step_33,보호막_증착,IDLE,32.59485225602768,40.83891196025091,7.5092012991351,40.264736486028085,2.250812675669408,NORMAL
09:24:55,,,step_33,보호막_증착,IDLE,32.59485225602768,40.83891196025091,7.5092012991351,40.264736486028085,2.250812675669408,NORMAL
09:25:00,,,step_33,보호막_증착,IDLE,32.59485225602768,40.83891196025091,7.5092012991351,40.264736486028085,2.250812675669408,NORMAL
09:25:05,,,step_33,보호막_증착,IDLE,32.59485225602768,40.83891196025091,7.5092012991351,40.264736486028085,2.250812675669408,NORMAL
09:25:10,,,step_33,보호막_증착,IDLE,32.59485225602768,40.83891196025091,7.5092012991351,40.264736486028085,2.250812675669408,NORMAL
09:25:15,,,step_33,보호막_증착,IDLE,32.59485225602768,40.83891196025091,7.5092012991351,40.264736486028085,2.250812675669408,NORMAL
09:25:20,,,step_33,보호막_증착,IDLE,32.59485225602768,40.83891196025091,7.5092012991351,40.264736486028085,2.250812675669408,NORMAL
09:25:25,,,step_33,보호막_증착,IDLE,32.59485225602768,40.83891196025091,7.5092012991351,40.264736486028085,2.250812675669408,NORMAL
09:25:30,,,step_33,보호막_증착,IDLE,32.59485225602768,40.83891196025091,7.5092012991351,40.264736486028085,2.250812675669408,NORMAL
09:25:35,,,step_33,보호막_증착,IDLE,32.59485225602768,40.83891196025091,7.5092012991351,40.264736486028085,2.250812675669408,NORMAL
09:25:40,,,step_33,보호막_증착,IDLE,32.59485225602768,40.83891196025091,7.5092012991351,40.264736486028085,2.250812675669408,NORMAL
09:25:45,,,step_33,보호막_증착,IDLE,32.59485225602768,40.83891196025091,7.5092012991351,40.264736486028085,2.250812675669408,NORMAL
09:25:50,,,step_33,보호막_증착,IDLE,32.59485225602768,40.83891196025091,7.5092012991351,40.264736486028085,2.250812675669408,NORMAL
09:25:55,,,step_33,보호막_증착,IDLE,32.59485225602768,40.83891196025091,7.5092012991351,40.264736486028085,2.250812675669408,NORMAL
09:26:00,,,step_33,보호막_증착,IDLE,32.59485225602768,40.83891196025091,7.5092012991351,40.264736486028085,2.250812675669408,NORMAL
09:26:05,,,step_33,보호막_증착,IDLE,32.59485225602768,40.83891196025091,7.5092012991351,40.264736486028085,2.250812675669408,NORMAL
09:26:10,,,step_33,보호막_증착,IDLE,32.59485225602768,40.83891196025091,7.5092012991351,40.264736486028085,2.250812675669408,NORMAL
09:26:15,,,step_33,보호막_증착,IDLE,32.59485225602768,40.83891196025091,7.5092012991351,40.264736486028085,2.250812675669408,NORMAL
09:26:20,,,step_33,보호막_증착,IDLE,32.59485225602768,40.83891196025091,7.5092012991351,40.264736486028085,2.250812675669408,NORMAL
09:26:25,,,step_33,보호막_증착,IDLE,32.59485225602768,40.83891196025091,7.5092012991351,40.264736486028085,2.250812675669408,NORMAL
09:26:30,,,step_33,보호막_증착,IDLE,32.59485225602768,40.83891196025091,7.5092012991351,40.264736486028085,2.250812675669408,NORMAL
09:26:35,,,step_33,보호막_증착,IDLE,32.59485225602768,40.83891196025091,7.5092012991351,40.264736486028085,2.250812675669408,NORMAL
09:26:40,,,step_33,보호막_증착,IDLE,32.59485225602768,40.83891196025091,7.5092012991351,40.264736486028085,2.250812675669408,NORMAL
09:26:45,,,step_33,보호막_증착,IDLE,32.59485225602768,40.83891196025091,7.5092012991351,40.264736486028085,2.250812675669408,NORMAL
09:26:50,,,step_33,보호막_증착,IDLE,32.59485225602768,40.83891196025091,7.5092012991351,40.264736486028085,2.250812675669408,NORMAL
09:26:55,,,step_33,보호막_증착,IDLE,32.59485225602768,40.83891196025091,7.5092012991351,40.264736486028085,2.250812675669408,NORMAL
09:27:00,,,step_33,보호막_증착,IDLE,32.59485225602768,40.83891196025091,7.5092012991351,40.264736486028085,2.250812675669408,NORMAL
09:27:05,,,step_33,보호막_증착,IDLE,32.59485225602768,40.83891196025091,7.5092012991351,40.264736486028085,2.250812675669408,NORMAL
09:27:10,,,step_33,보호막_증착,IDLE,32.59485225602768,40.83891196025091,7.5092012991351,40.264736486028085,2.250812675669408,NORMAL
09:27:15,,,step_33,보호막_증착,IDLE,32.59485225602768,40.83891196025091,7.5092012991351,40.264736486028085,2.250812675669408,NORMAL
09:27:20,,,step_33,보호막_증착,IDLE,32.59485225602768,40.83891196025091,7.5092012991351,40.264736486028085,2.250812675669408,NORMAL
09:27:25,,,step_33,보호막_증착,IDLE,32.59485225602768,40.83891196025091,7.5092012991351,40.264736486028085,2.250812675669408,NORMAL
09:27:30,,,step_33,보호막_증착,IDLE,32.59485225602768,40.83891196025091,7.5092012991351,40.264736486028085,2.250812675669408,NORMAL
09:27:35,,,step_33,보호막_증착,IDLE,32.59485225602768,40.83891196025091,7.5092012991351,40.264736486028085,2.250812675669408,NORMAL
09:27:40,,,step_33,보호막_증착,IDLE,32.59485225602768,40.83891196025091,7.5092012991351,40.264736486028085,2.250812675669408,NORMAL
09:27:45,,,step_33,보호막_증착,IDLE,32.59485225602768,40.83891196025091,7.5092012991351,40.264736486028085,2.250812675669408,NORMAL
09:27:50,,,step_33,보호막_증착,IDLE,32.59485225602768,40.83891196025091,7.5092012991351,40.264736486028085,2.250812675669408,NORMAL
09:27:55,,,step_33,보호막_증착,IDLE,32.59485225602768,40.83891196025091,7.5092012991351,40.264736486028085,2.250812675669408,NORMAL
09:28:00,,,step_33,보호막_증착,IDLE,32.59485225602768,40.83891196025091,7.5092012991351,40.264736486028085,2.250812675669408,NORMAL
09:28:05,,,step_33,보호막_증착,IDLE,32.59485225602768,40.83891196025091,7.5092012991351,40.264736486028085,2.250812675669408,NORMAL
09:28:10,,,step_33,보호막_증착,IDLE,32.59485225602768,40.83891196025091,7.5092012991351,40.264736486028085,2.250812675669408,NORMAL
09:28:15,,,step_33,보호막_증착,IDLE,32.59485225602768,40.83891196025091,7.5092012991351,40.264736486028085,2.250812675669408,NORMAL
09:28:20,,,step_33,보호막_증착,IDLE,32.59485225602768,40.83891196025091,7.5092012991351,40.264736486028085,2.250812675669408,NORMAL
09:28:25,,,step_33,보호막_증착,IDLE,32.59485225602768,40.83891196025091,7.5092012991351,40.264736486028085,2.250812675669408,NORMAL
09:28:30,,,step_33,보호막_증착,IDLE,32.59485225602768,40.83891196025091,7.5092012991351,40.264736486028085,2.250812675669408,NORMAL
09:28:35,,,step_33,보호막_증착,IDLE,32.59485225602768,40.83891196025091,7.5092012991351,40.264736486028085,2.250812675669408,NORMAL
09:28:40,,,step_33,보호막_증착,IDLE,32.59485225602768,40.83891196025091,7.5092012991351,40.264736486028085,2.250812675669408,NORMAL
09:28:45,,,step_33,보호막_증착,IDLE,32.59485225602768,40.83891196025091,7.5092012991351,40.264736486028085,2.250812675669408,NORMAL
09:28:50,,,step_33,보호막_증착,IDLE,32.59485225602768,40.83891196025091,7.5092012991351,40.264736486028085,2.250812675669408,NORMAL
09:28:55,,,step_33,보호막_증착,IDLE,32.59485225602768,40.83891196025091,7.5092012991351,40.264736486028085,2.250812675669408,NORMAL
09:29:00,,,step_33,보호막_증착,IDLE,32.59485225602768,40.83891196025091,7.5092012991351,40.264736486028085,2.250812675669408,NORMAL
09:29:05,,,step_33,보호막_증착,IDLE,32.59485225602768,40.83891196025091,7.5092012991351,40.264736486028085,2.250812675669408,NORMAL
09:29:10,,,step_33,보호막_증착,IDLE,32.59485225602768,40.83891196025091,7.5092012991351,40.264736486028085,2.250812675669408,NORMAL
09:29:15,,,step_33,보호막_증착,IDLE,32.59485225602768,40.83891196025091,7.5092012991351,40.264736486028085,2.250812675669408,NORMAL
09:29:20,,,step_33,보호막_증착,IDLE,32.59485225602768,40.83891196025091,7.5092012991351,40.264736486028085,2.250812675669408,NORMAL
09:29:25,,,step_33,보호막_증착,IDLE,32.59485225602768,40.83891196025091,7.5092012991351,40.264736486028085,2.250812675669408,NORMAL
09:29:30,,,step_33,보호막_증착,IDLE,32.59485225602768,40.83891196025091,7.5092012991351,40.264736486028085,2.250812675669408,NORMAL
09:29:35,,,step_33,보호막_증착,IDLE,32.59485225602768,40.83891196025091,7.5092012991351,40.264736486028085,2.250812675669408,NORMAL
09:29:40,,,step_33,보호막_증착,IDLE,32.59485225602768,40.83891196025091,7.5092012991351,40.264736486028085,2.250812675669408,NORMAL
09:29:45,,,step_33,보호막_증착,IDLE,32.59485225602768,40.83891196025091,7.5092012991351,40.264736486028085,2.250812675669408,NORMAL
09:29:50,,,step_33,보호막_증착,IDLE,32.59485225602768,40.83891196025091,7.5092012991351,40.264736486028085,2.250812675669408,NORMAL
09:29:55,,,step_33,보호막_증착,IDLE,32.59485225602768,40.83891196025091,7.5092012991351,40.264736486028085,2.250812675669408,NORMAL
09:30:00,,,step_33,보호막_증착,IDLE,32.59485225602768,40.83891196025091,7.5092012991351,40.264736486028085,2.250812675669408,NORMAL
09:30:05,,,step_33,보호막_증착,IDLE,32.59485225602768,40.83891196025091,7.5092012991351,40.264736486028085,2.250812675669408,NORMAL
09:30:10,,,step_33,보호막_증착,IDLE,32.59485225602768,40.83891196025091,7.5092012991351,40.264736486028085,2.250812675669408,NORMAL
09:30:15,,,step_33,보호막_증착,IDLE,32.59485225602768,40.83891196025091,7.5092012991351,40.264736486028085,2.250812675669408,NORMAL
09:30:20,,,step_33,보호막_증착,IDLE,32.59485225602768,40.83891196025091,7.5092012991351,40.264736486028085,2.250812675669408,NORMAL
09:30:25,,,step_33,보호막_증착,IDLE,32.59485225602768,40.83891196025091,7.5092012991351,40.264736486028085,2.250812675669408,NORMAL
09:30:30,,,step_33,보호막_증착,IDLE,32.59485225602768,40.83891196025091,7.5092012991351,40.264736486028085,2.250812675669408,NORMAL
09:30:35,,,step_33,보호막_증착,IDLE,32.59485225602768,40.83891196025091,7.5092012991351,40.264736486028085,2.250812675669408,NORMAL
09:30:40,,,step_33,보호막_증착,IDLE,32.59485225602768,40.83891196025091,7.5092012991351,40.264736486028085,2.250812675669408,NORMAL
09:30:45,,,step_33,보호막_증착,IDLE,32.59485225602768,40.83891196025091,7.5092012991351,40.264736486028085,2.250812675669408,NORMAL
09:30:50,,,step_33,보호막_증착,IDLE,32.59485225602768,40.83891196025091,7.5092012991351,40.264736486028085,2.250812675669408,NORMAL
09:30:55,,,step_33,보호막_증착,IDLE,32.59485225602768,40.83891196025091,7.5092012991351,40.264736486028085,2.250812675669408,NORMAL
09:31:00,,,step_33,보호막_증착,IDLE,32.59485225602768,40.83891196025091,7.5092012991351,40.264736486028085,2.250812675669408,NORMAL
09:31:05,,,step_33,보호막_증착,IDLE,32.59485225602768,40.83891196025091,7.5092012991351,40.264736486028085,2.250812675669408,NORMAL
09:31:10,,,step_33,보호막_증착,IDLE,32.59485225602768,40.83891196025091,7.5092012991351,40.264736486028085,2.250812675669408,NORMAL
09:31:15,,,step_33,보호막_증착,IDLE,32.59485225602768,40.83891196025091,7.5092012991351,40.264736486028085,2.250812675669408,NORMAL
09:31:20,,,step_33,보호막_증착,IDLE,32.59485225602768,40.83891196025091,7.5092012991351,40.264736486028085,2.250812675669408,NORMAL
09:31:25,,,step_33,보호막_증착,IDLE,32.59485225602768,40.83891196025091,7.5092012991351,40.264736486028085,2.250812675669408,NORMAL
09:31:30,,,step_33,보호막_증착,IDLE,32.59485225602768,40.83891196025091,7.5092012991351,40.264736486028085,2.250812675669408,NORMAL
09:31:35,,,step_33,보호막_증착,IDLE,32.59485225602768,40.83891196025091,7.5092012991351,40.264736486028085,2.250812675669408,NORMAL
09:31:40,,,step_33,보호막_증착,IDLE,32.59485225602768,40.83891196025091,7.5092012991351,40.264736486028085,2.250812675669408,NORMAL
09:31:45,,,step_33,보호막_증착,IDLE,32.59485225602768,40.83891196025091,7.5092012991351,40.264736486028085,2.250812675669408,NORMAL
09:31:50,,,step_33,보호막_증착,IDLE,32.59485225602768,40.83891196025091,7.5092012991351,40.264736486028085,2.250812675669408,NORMAL
09:31:55,,,step_33,보호막_증착,IDLE,32.59485225602768,40.83891196025091,7.5092012991351,40.264736486028085,2.250812675669408,NORMAL
09:32:00,,,step_33,보호막_증착,IDLE,32.59485225602768,40.83891196025091,7.5092012991351,40.264736486028085,2.250812675669408,NORMAL
09:32:05,,,step_33,보호막_증착,IDLE,32.59485225602768,40.83891196025091,7.5092012991351,40.264736486028085,2.250812675669408,NORMAL
09:32:10,,,step_33,보호막_증착,IDLE,32.59485225602768,40.83891196025091,7.5092012991351,40.264736486028085,2.250812675669408,NORMAL
09:32:15,,,step_33,보호막_증착,IDLE,32.59485225602768,40.83891196025091,7.5092012991351,40.264736486028085,2.250812675669408,NORMAL
09:32:20,,,step_33,보호막_증착,IDLE,32.59485225602768,40.83891196025091,7.5092012991351,40.264736486028085,2.250812675669408,NORMAL
09:32:25,,,step_33,보호막_증착,IDLE,32.59485225602768,40.83891196025091,7.5092012991351,40.264736486028085,2.250812675669408,NORMAL
09:32:30,,,step_33,보호막_증착,IDLE,32.59485225602768,40.83891196025091,7.5092012991351,40.264736486028085,2.250812675669408,NORMAL
09:32:35,,,step_33,보호막_증착,IDLE,32.59485225602768,40.83891196025091,7.5092012991351,40.264736486028085,2.250812675669408,NORMAL
09:32:40,,,step_33,보호막_증착,IDLE,32.59485225602768,40.83891196025091,7.5092012991351,40.264736486028085,2.250812675669408,NORMAL
09:32:45,,,step_33,보호막_증착,IDLE,32.59485225602768,40.83891196025091,7.5092012991351,40.264736486028085,2.250812675669408,NORMAL
09:32:50,,,step_33,보호막_증착,IDLE,32.59485225602768,40.83891196025091,7.5092012991351,40.264736486028085,2.250812675669408,NORMAL
09:32:55,,,step_33,보호막_증착,IDLE,32.59485225602768,40.83891196025091,7.5092012991351,40.264736486028085,2.250812675669408,NORMAL
09:33:00,,,step_33,보호막_증착,IDLE,32.59485225602768,40.83891196025091,7.5092012991351,40.264736486028085,2.250812675669408,NORMAL
09:33:05,,,step_33,보호막_증착,IDLE,32.59485225602768,40.83891196025091,7.5092012991351,40.264736486028085,2.250812675669408,NORMAL
09:33:10,,,step_33,보호막_증착,IDLE,32.59485225602768,40.83891196025091,7.5092012991351,40.264736486028085,2.250812675669408,NORMAL
09:33:15,,,step_33,보호막_증착,IDLE,32.59485225602768,40.83891196025091,7.5092012991351,40.264736486028085,2.250812675669408,NORMAL
09:33:20,,,step_33,보호막_증착,IDLE,32.59485225602768,40.83891196025091,7.5092012991351,40.264736486028085,2.250812675669408,NORMAL
09:33:25,,,step_33,보호막_증착,IDLE,32.59485225602768,40.83891196025091,7.5092012991351,40.264736486028085,2.250812675669408,NORMAL
09:33:30,,,step_33,보호막_증착,IDLE,32.59485225602768,40.83891196025091,7.5092012991351,40.264736486028085,2.250812675669408,NORMAL
09:33:35,,,step_33,보호막_증착,IDLE,32.59485225602768,40.83891196025091,7.5092012991351,40.264736486028085,2.250812675669408,NORMAL
09:33:40,,,step_33,보호막_증착,IDLE,32.59485225602768,40.83891196025091,7.5092012991351,40.264736486028085,2.250812675669408,NORMAL
09:33:45,,,step_33,보호막_증착,IDLE,32.59485225602768,40.83891196025091,7.5092012991351,40.264736486028085,2.250812675669408,NORMAL
09:33:50,,,step_33,보호막_증착,IDLE,32.59485225602768,40.83891196025091,7.5092012991351,40.264736486028085,2.250812675669408,NORMAL
09:33:55,,,step_33,보호막_증착,IDLE,32.59485225602768,40.83891196025091,7.5092012991351,40.264736486028085,2.250812675669408,NORMAL
09:34:00,,,step_33,보호막_증착,IDLE,32.59485225602768,40.83891196025091,7.5092012991351,40.264736486028085,2.250812675669408,NORMAL
09:34:05,,,step_33,보호막_증착,IDLE,32.59485225602768,40.83891196025091,7.5092012991351,40.264736486028085,2.250812675669408,NORMAL
09:34:10,,,step_33,보호막_증착,IDLE,32.59485225602768,40.83891196025091,7.5092012991351,40.264736486028085,2.250812675669408,NORMAL
09:34:15,,,step_33,보호막_증착,IDLE,32.59485225602768,40.83891196025091,7.5092012991351,40.264736486028085,2.250812675669408,NORMAL
09:34:20,,,step_33,보호막_증착,IDLE,32.59485225602768,40.83891196025091,7.5092012991351,40.264736486028085,2.250812675669408,NORMAL
09:34:25,,,step_33,보호막_증착,IDLE,32.59485225602768,40.83891196025091,7.5092012991351,40.264736486028085,2.250812675669408,NORMAL
09:34:30,,,step_33,보호막_증착,IDLE,32.59485225602768,40.83891196025091,7.5092012991351,40.264736486028085,2.250812675669408,NORMAL
09:34:35,,,step_33,보호막_증착,IDLE,32.59485225602768,40.83891196025091,7.5092012991351,40.264736486028085,2.250812675669408,NORMAL
09:34:40,,,step_33,보호막_증착,IDLE,32.59485225602768,40.83891196025091,7.5092012991351,40.264736486028085,2.250812675669408,NORMAL
09:34:45,,,step_33,보호막_증착,IDLE,32.59485225602768,40.83891196025091,7.5092012991351,40.264736486028085,2.250812675669408,NORMAL
09:34:50,,,step_33,보호막_증착,IDLE,32.59485225602768,40.83891196025091,7.5092012991351,40.264736486028085,2.250812675669408,NORMAL
09:34:55,,,step_33,보호막_증착,IDLE,32.59485225602768,40.83891196025091,7.5092012991351,40.264736486028085,2.250812675669408,NORMAL
09:35:00,,,step_33,보호막_증착,IDLE,32.59485225602768,40.83891196025091,7.5092012991351,40.264736486028085,2.250812675669408,NORMAL
09:35:05,,,step_33,보호막_증착,IDLE,32.59485225602768,40.83891196025091,7.5092012991351,40.264736486028085,2.250812675669408,NORMAL
09:35:10,,,step_33,보호막_증착,IDLE,32.59485225602768,40.83891196025091,7.5092012991351,40.264736486028085,2.250812675669408,NORMAL
09:35:15,,,step_33,보호막_증착,IDLE,32.59485225602768,40.83891196025091,7.5092012991351,40.264736486028085,2.250812675669408,NORMAL
09:35:20,,,step_33,보호막_증착,IDLE,32.59485225602768,40.83891196025091,7.5092012991351,40.264736486028085,2.250812675669408,NORMAL
09:35:25,,,step_33,보호막_증착,IDLE,32.59485225602768,40.83891196025091,7.5092012991351,40.264736486028085,2.250812675669408,NORMAL
09:35:30,,,step_33,보호막_증착,IDLE,32.59485225602768,40.83891196025091,7.5092012991351,40.264736486028085,2.250812675669408,NORMAL
09:35:35,,,step_33,보호막_증착,IDLE,32.59485225602768,40.83891196025091,7.5092012991351,40.264736486028085,2.250812675669408,NORMAL
09:35:40,,,step_33,보호막_증착,IDLE,32.59485225602768,40.83891196025091,7.5092012991351,40.264736486028085,2.250812675669408,NORMAL
09:35:45,,,step_33,보호막_증착,IDLE,32.59485225602768,40.83891196025091,7.5092012991351,40.264736486028085,2.250812675669408,NORMAL
09:35:50,,,step_33,보호막_증착,IDLE,32.59485225602768,40.83891196025091,7.5092012991351,40.264736486028085,2.250812675669408,NORMAL
09:35:55,,,step_33,보호막_증착,IDLE,32.59485225602768,40.83891196025091,7.5092012991351,40.264736486028085,2.250812675669408,NORMAL
09:36:00,,,step_33,보호막_증착,IDLE,32.59485225602768,40.83891196025091,7.5092012991351,40.264736486028085,2.250812675669408,NORMAL
09:36:05,,,step_33,보호막_증착,IDLE,32.59485225602768,40.83891196025091,7.5092012991351,40.264736486028085,2.250812675669408,NORMAL
09:36:10,,,step_33,보호막_증착,IDLE,32.59485225602768,40.83891196025091,7.5092012991351,40.264736486028085,2.250812675669408,NORMAL
09:36:15,,,step_33,보호막_증착,IDLE,32.59485225602768,40.83891196025091,7.5092012991351,40.264736486028085,2.250812675669408,NORMAL
09:36:20,,,step_33,보호막_증착,IDLE,32.59485225602768,40.83891196025091,7.5092012991351,40.264736486028085,2.250812675669408,NORMAL
09:36:25,,,step_33,보호막_증착,IDLE,32.59485225602768,40.83891196025091,7.5092012991351,40.264736486028085,2.250812675669408,NORMAL
09:36:30,,,step_33,보호막_증착,IDLE,32.59485225602768,40.83891196025091,7.5092012991351,40.264736486028085,2.250812675669408,NORMAL
09:36:35,,,step_33,보호막_증착,IDLE,32.59485225602768,40.83891196025091,7.5092012991351,40.264736486028085,2.250812675669408,NORMAL
09:36:40,,,step_33,보호막_증착,IDLE,32.59485225602768,40.83891196025091,7.5092012991351,40.264736486028085,2.250812675669408,NORMAL
09:36:45,,,step_33,보호막_증착,IDLE,32.59485225602768,40.83891196025091,7.5092012991351,40.264736486028085,2.250812675669408,NORMAL
09:36:50,,,step_33,보호막_증착,IDLE,32.59485225602768,40.83891196025091,7.5092012991351,40.264736486028085,2.250812675669408,NORMAL
09:36:55,,,step_33,보호막_증착,IDLE,32.59485225602768,40.83891196025091,7.5092012991351,40.264736486028085,2.250812675669408,NORMAL
09:37:00,,,step_33,보호막_증착,IDLE,32.59485225602768,40.83891196025091,7.5092012991351,40.264736486028085,2.250812675669408,NORMAL
09:37:05,,,step_33,보호막_증착,IDLE,32.59485225602768,40.83891196025091,7.5092012991351,40.264736486028085,2.250812675669408,NORMAL
09:37:10,,,step_33,보호막_증착,IDLE,32.59485225602768,40.83891196025091,7.5092012991351,40.264736486028085,2.250812675669408,NORMAL
09:37:15,,,step_33,보호막_증착,IDLE,32.59485225602768,40.83891196025091,7.5092012991351,40.264736486028085,2.250812675669408,NORMAL
09:37:20,,,step_33,보호막_증착,IDLE,32.59485225602768,40.83891196025091,7.5092012991351,40.264736486028085,2.250812675669408,NORMAL
09:37:25,,,step_33,보호막_증착,IDLE,32.59485225602768,40.83891196025091,7.5092012991351,40.264736486028085,2.250812675669408,NORMAL
09:37:30,,,step_33,보호막_증착,IDLE,32.59485225602768,40.83891196025091,7.5092012991351,40.264736486028085,2.250812675669408,NORMAL
09:37:35,,,step_33,보호막_증착,IDLE,32.59485225602768,40.83891196025091,7.5092012991351,40.264736486028085,2.250812675669408,NORMAL
09:37:40,,,step_33,보호막_증착,IDLE,32.59485225602768,40.83891196025091,7.5092012991351,40.264736486028085,2.250812675669408,NORMAL
09:37:45,,,step_33,보호막_증착,IDLE,32.59485225602768,40.83891196025091,7.5092012991351,40.264736486028085,2.250812675669408,NORMAL
09:37:50,,,step_33,보호막_증착,IDLE,32.59485225602768,40.83891196025091,7.5092012991351,40.264736486028085,2.250812675669408,NORMAL
09:37:55,,,step_33,보호막_증착,IDLE,32.59485225602768,40.83891196025091,7.5092012991351,40.264736486028085,2.250812675669408,NORMAL
09:38:00,,,step_33,보호막_증착,IDLE,32.59485225602768,40.83891196025091,7.5092012991351,40.264736486028085,2.250812675669408,NORMAL
09:38:05,,,step_33,보호막_증착,IDLE,32.59485225602768,40.83891196025091,7.5092012991351,40.264736486028085,2.250812675669408,NORMAL
09:38:10,,,step_33,보호막_증착,IDLE,32.59485225602768,40.83891196025091,7.5092012991351,40.264736486028085,2.250812675669408,NORMAL
09:38:15,,,step_33,보호막_증착,IDLE,32.59485225602768,40.83891196025091,7.5092012991351,40.264736486028085,2.250812675669408,NORMAL
09:38:20,,,step_33,보호막_증착,IDLE,32.59485225602768,40.83891196025091,7.5092012991351,40.264736486028085,2.250812675669408,NORMAL
09:38:25,,,step_33,보호막_증착,IDLE,32.59485225602768,40.83891196025091,7.5092012991351,40.264736486028085,2.250812675669408,NORMAL
09:38:30,,,step_33,보호막_증착,IDLE,32.59485225602768,40.83891196025091,7.5092012991351,40.264736486028085,2.250812675669408,NORMAL
09:38:35,,,step_33,보호막_증착,IDLE,32.59485225602768,40.83891196025091,7.5092012991351,40.264736486028085,2.250812675669408,NORMAL
09:38:40,,,step_33,보호막_증착,IDLE,32.59485225602768,40.83891196025091,7.5092012991351,40.264736486028085,2.250812675669408,NORMAL
09:38:45,,,step_33,보호막_증착,IDLE,32.59485225602768,40.83891196025091,7.5092012991351,40.264736486028085,2.250812675669408,NORMAL
09:38:50,,,step_33,보호막_증착,IDLE,32.59485225602768,40.83891196025091,7.5092012991351,40.264736486028085,2.250812675669408,NORMAL
09:38:55,,,step_33,보호막_증착,IDLE,32.59485225602768,40.83891196025091,7.5092012991351,40.264736486028085,2.250812675669408,NORMAL
09:39:00,,,step_33,보호막_증착,IDLE,32.59485225602768,40.83891196025091,7.5092012991351,40.264736486028085,2.250812675669408,NORMAL
09:39:05,,,step_33,보호막_증착,IDLE,32.59485225602768,40.83891196025091,7.5092012991351,40.264736486028085,2.250812675669408,NORMAL
09:39:10,,,step_33,보호막_증착,IDLE,32.59485225602768,40.83891196025091,7.5092012991351,40.264736486028085,2.250812675669408,NORMAL
09:39:15,,,step_33,보호막_증착,IDLE,32.59485225602768,40.83891196025091,7.5092012991351,40.264736486028085,2.250812675669408,NORMAL
09:39:20,,,step_33,보호막_증착,IDLE,32.59485225602768,40.83891196025091,7.5092012991351,40.264736486028085,2.250812675669408,NORMAL
09:39:25,,,step_33,보호막_증착,IDLE,32.59485225602768,40.83891196025091,7.5092012991351,40.264736486028085,2.250812675669408,NORMAL
09:39:30,,,step_33,보호막_증착,IDLE,32.59485225602768,40.83891196025091,7.5092012991351,40.264736486028085,2.250812675669408,NORMAL
09:39:35,,,step_33,보호막_증착,IDLE,32.59485225602768,40.83891196025091,7.5092012991351,40.264736486028085,2.250812675669408,NORMAL
09:39:40,,,step_33,보호막_증착,IDLE,32.59485225602768,40.83891196025091,7.5092012991351,40.264736486028085,2.250812675669408,NORMAL
09:39:45,,,step_33,보호막_증착,IDLE,32.59485225602768,40.83891196025091,7.5092012991351,40.264736486028085,2.250812675669408,NORMAL
09:39:50,,,step_33,보호막_증착,IDLE,32.59485225602768,40.83891196025091,7.5092012991351,40.264736486028085,2.250812675669408,NORMAL
09:39:55,,,step_33,보호막_증착,IDLE,32.59485225602768,40.83891196025091,7.5092012991351,40.264736486028085,2.250812675669408,NORMAL
09:40:00,,,step_33,보호막_증착,IDLE,32.59485225602768,40.83891196025091,7.5092012991351,40.264736486028085,2.250812675669408,NORMAL
09:40:05,,,step_33,보호막_증착,IDLE,32.59485225602768,40.83891196025091,7.5092012991351,40.264736486028085,2.250812675669408,NORMAL
09:40:10,,,step_33,보호막_증착,IDLE,32.59485225602768,40.83891196025091,7.5092012991351,40.264736486028085,2.250812675669408,NORMAL
09:40:15,,,step_33,보호막_증착,IDLE,32.59485225602768,40.83891196025091,7.5092012991351,40.264736486028085,2.250812675669408,NORMAL
09:40:20,,,step_33,보호막_증착,IDLE,32.59485225602768,40.83891196025091,7.5092012991351,40.264736486028085,2.250812675669408,NORMAL
09:40:25,,,step_33,보호막_증착,IDLE,32.59485225602768,40.83891196025091,7.5092012991351,40.264736486028085,2.250812675669408,NORMAL
09:40:30,,,step_33,보호막_증착,IDLE,32.59485225602768,40.83891196025091,7.5092012991351,40.264736486028085,2.250812675669408,NORMAL
09:40:35,,,step_33,보호막_증착,IDLE,32.59485225602768,40.83891196025091,7.5092012991351,40.264736486028085,2.250812675669408,NORMAL
09:40:40,,,step_33,보호막_증착,IDLE,32.59485225602768,40.83891196025091,7.5092012991351,40.264736486028085,2.250812675669408,NORMAL
09:40:45,,,step_33,보호막_증착,IDLE,32.59485225602768,40.83891196025091,7.5092012991351,40.264736486028085,2.250812675669408,NORMAL
09:40:50,,,step_33,보호막_증착,IDLE,32.59485225602768,40.83891196025091,7.5092012991351,40.264736486028085,2.250812675669408,NORMAL
09:40:55,,,step_33,보호막_증착,IDLE,32.59485225602768,40.83891196025091,7.5092012991351,40.264736486028085,2.250812675669408,NORMAL
09:41:00,,,step_33,보호막_증착,IDLE,32.59485225602768,40.83891196025091,7.5092012991351,40.264736486028085,2.250812675669408,NORMAL
09:41:05,,,step_33,보호막_증착,IDLE,32.59485225602768,40.83891196025091,7.5092012991351,40.264736486028085,2.250812675669408,NORMAL
09:41:10,,,step_33,보호막_증착,IDLE,32.59485225602768,40.83891196025091,7.5092012991351,40.264736486028085,2.250812675669408,NORMAL
09:41:15,,,step_33,보호막_증착,IDLE,32.59485225602768,40.83891196025091,7.5092012991351,40.264736486028085,2.250812675669408,NORMAL
09:41:20,,,step_33,보호막_증착,IDLE,32.59485225602768,40.83891196025091,7.5092012991351,40.264736486028085,2.250812675669408,NORMAL
09:41:25,,,step_33,보호막_증착,IDLE,32.59485225602768,40.83891196025091,7.5092012991351,40.264736486028085,2.250812675669408,NORMAL
09:41:30,,,step_33,보호막_증착,IDLE,32.59485225602768,40.83891196025091,7.5092012991351,40.264736486028085,2.250812675669408,NORMAL
09:41:35,,,step_33,보호막_증착,IDLE,32.59485225602768,40.83891196025091,7.5092012991351,40.264736486028085,2.250812675669408,NORMAL
09:41:40,,,step_33,보호막_증착,IDLE,32.59485225602768,40.83891196025091,7.5092012991351,40.264736486028085,2.250812675669408,NORMAL
09:41:45,,,step_33,보호막_증착,IDLE,32.59485225602768,40.83891196025091,7.5092012991351,40.264736486028085,2.250812675669408,NORMAL
09:41:50,,,step_33,보호막_증착,IDLE,32.59485225602768,40.83891196025091,7.5092012991351,40.264736486028085,2.250812675669408,NORMAL
09:41:55,,,step_33,보호막_증착,IDLE,32.59485225602768,40.83891196025091,7.5092012991351,40.264736486028085,2.250812675669408,NORMAL
09:42:00,,,step_33,보호막_증착,IDLE,32.59485225602768,40.83891196025091,7.5092012991351,40.264736486028085,2.250812675669408,NORMAL
09:42:05,,,step_33,보호막_증착,IDLE,32.59485225602768,40.83891196025091,7.5092012991351,40.264736486028085,2.250812675669408,NORMAL
09:42:10,,,step_33,보호막_증착,IDLE,32.59485225602768,40.83891196025091,7.5092012991351,40.264736486028085,2.250812675669408,NORMAL
09:42:15,,,step_33,보호막_증착,IDLE,32.59485225602768,40.83891196025091,7.5092012991351,40.264736486028085,2.250812675669408,NORMAL
09:42:20,,,step_33,보호막_증착,IDLE,32.59485225602768,40.83891196025091,7.5092012991351,40.264736486028085,2.250812675669408,NORMAL
09:42:25,,,step_33,보호막_증착,IDLE,32.59485225602768,40.83891196025091,7.5092012991351,40.264736486028085,2.250812675669408,NORMAL
09:42:30,,,step_33,보호막_증착,IDLE,32.59485225602768,40.83891196025091,7.5092012991351,40.264736486028085,2.250812675669408,NORMAL
09:42:35,,,step_33,보호막_증착,IDLE,32.59485225602768,40.83891196025091,7.5092012991351,40.264736486028085,2.250812675669408,NORMAL
09:42:40,,,step_33,보호막_증착,IDLE,32.59485225602768,40.83891196025091,7.5092012991351,40.264736486028085,2.250812675669408,NORMAL
09:42:45,,,step_33,보호막_증착,IDLE,32.59485225602768,40.83891196025091,7.5092012991351,40.264736486028085,2.250812675669408,NORMAL
09:42:50,,,step_33,보호막_증착,IDLE,32.59485225602768,40.83891196025091,7.5092012991351,40.264736486028085,2.250812675669408,NORMAL
09:42:55,,,step_33,보호막_증착,IDLE,32.59485225602768,40.83891196025091,7.5092012991351,40.264736486028085,2.250812675669408,NORMAL
09:43:00,,,step_33,보호막_증착,IDLE,32.59485225602768,40.83891196025091,7.5092012991351,40.264736486028085,2.250812675669408,NORMAL
09:43:05,,,step_33,보호막_증착,IDLE,32.59485225602768,40.83891196025091,7.5092012991351,40.264736486028085,2.250812675669408,NORMAL
09:43:10,,,step_33,보호막_증착,IDLE,32.59485225602768,40.83891196025091,7.5092012991351,40.264736486028085,2.250812675669408,NORMAL
09:43:15,,,step_33,보호막_증착,IDLE,32.59485225602768,40.83891196025091,7.5092012991351,40.264736486028085,2.250812675669408,NORMAL
09:43:20,,,step_33,보호막_증착,IDLE,32.59485225602768,40.83891196025091,7.5092012991351,40.264736486028085,2.250812675669408,NORMAL
09:43:25,,,step_33,보호막_증착,IDLE,32.59485225602768,40.83891196025091,7.5092012991351,40.264736486028085,2.250812675669408,NORMAL
09:43:30,,,step_33,보호막_증착,IDLE,32.59485225602768,40.83891196025091,7.5092012991351,40.264736486028085,2.250812675669408,NORMAL
09:43:35,,,step_33,보호막_증착,IDLE,32.59485225602768,40.83891196025091,7.5092012991351,40.264736486028085,2.250812675669408,NORMAL
09:43:40,,,step_33,보호막_증착,IDLE,32.59485225602768,40.83891196025091,7.5092012991351,40.264736486028085,2.250812675669408,NORMAL
09:43:45,,,step_33,보호막_증착,IDLE,32.59485225602768,40.83891196025091,7.5092012991351,40.264736486028085,2.250812675669408,NORMAL
09:43:50,,,step_33,보호막_증착,IDLE,32.59485225602768,40.83891196025091,7.5092012991351,40.264736486028085,2.250812675669408,NORMAL
09:43:55,,,step_33,보호막_증착,IDLE,32.59485225602768,40.83891196025091,7.5092012991351,40.264736486028085,2.250812675669408,NORMAL
09:44:00,,,step_33,보호막_증착,IDLE,32.59485225602768,40.83891196025091,7.5092012991351,40.264736486028085,2.250812675669408,NORMAL
09:44:05,,,step_33,보호막_증착,IDLE,32.59485225602768,40.83891196025091,7.5092012991351,40.264736486028085,2.250812675669408,NORMAL
09:44:10,,,step_33,보호막_증착,IDLE,32.59485225602768,40.83891196025091,7.5092012991351,40.264736486028085,2.250812675669408,NORMAL
09:44:15,,,step_33,보호막_증착,IDLE,32.59485225602768,40.83891196025091,7.5092012991351,40.264736486028085,2.250812675669408,NORMAL
09:44:20,,,step_33,보호막_증착,IDLE,32.59485225602768,40.83891196025091,7.5092012991351,40.264736486028085,2.250812675669408,NORMAL
09:44:25,,,step_33,보호막_증착,IDLE,32.59485225602768,40.83891196025091,7.5092012991351,40.264736486028085,2.250812675669408,NORMAL
09:44:30,,,step_33,보호막_증착,IDLE,32.59485225602768,40.83891196025091,7.5092012991351,40.264736486028085,2.250812675669408,NORMAL
09:44:35,,,step_33,보호막_증착,IDLE,32.59485225602768,40.83891196025091,7.5092012991351,40.264736486028085,2.250812675669408,NORMAL
09:44:40,,,step_33,보호막_증착,IDLE,32.59485225602768,40.83891196025091,7.5092012991351,40.264736486028085,2.250812675669408,NORMAL
09:44:45,,,step_33,보호막_증착,IDLE,32.59485225602768,40.83891196025091,7.5092012991351,40.264736486028085,2.250812675669408,NORMAL
09:44:50,,,step_33,보호막_증착,IDLE,32.59485225602768,40.83891196025091,7.5092012991351,40.264736486028085,2.250812675669408,NORMAL
09:44:55,,,step_33,보호막_증착,IDLE,32.59485225602768,40.83891196025091,7.5092012991351,40.264736486028085,2.250812675669408,NORMAL
09:45:00,,,step_33,보호막_증착,IDLE,32.59485225602768,40.83891196025091,7.5092012991351,40.264736486028085,2.250812675669408,NORMAL
09:45:05,,,step_33,보호막_증착,IDLE,32.59485225602768,40.83891196025091,7.5092012991351,40.264736486028085,2.250812675669408,NORMAL
09:45:10,,,step_33,보호막_증착,IDLE,32.59485225602768,40.83891196025091,7.5092012991351,40.264736486028085,2.250812675669408,NORMAL
09:45:15,,,step_33,보호막_증착,IDLE,32.59485225602768,40.83891196025091,7.5092012991351,40.264736486028085,2.250812675669408,NORMAL
09:45:20,,,step_33,보호막_증착,IDLE,32.59485225602768,40.83891196025091,7.5092012991351,40.264736486028085,2.250812675669408,NORMAL
09:45:25,,,step_33,보호막_증착,IDLE,32.59485225602768,40.83891196025091,7.5092012991351,40.264736486028085,2.250812675669408,NORMAL
09:45:30,,,step_33,보호막_증착,IDLE,32.59485225602768,40.83891196025091,7.5092012991351,40.264736486028085,2.250812675669408,NORMAL
09:45:35,,,step_33,보호막_증착,IDLE,32.59485225602768,40.83891196025091,7.5092012991351,40.264736486028085,2.250812675669408,NORMAL
09:45:40,,,step_33,보호막_증착,IDLE,32.59485225602768,40.83891196025091,7.5092012991351,40.264736486028085,2.250812675669408,NORMAL
09:45:45,,,step_33,보호막_증착,IDLE,32.59485225602768,40.83891196025091,7.5092012991351,40.264736486028085,2.250812675669408,NORMAL
09:45:50,,,step_33,보호막_증착,IDLE,32.59485225602768,40.83891196025091,7.5092012991351,40.264736486028085,2.250812675669408,NORMAL
09:45:55,,,step_33,보호막_증착,IDLE,32.59485225602768,40.83891196025091,7.5092012991351,40.264736486028085,2.250812675669408,NORMAL
09:46:00,,,step_33,보호막_증착,IDLE,32.59485225602768,40.83891196025091,7.5092012991351,40.264736486028085,2.250812675669408,NORMAL
09:46:05,,,step_33,보호막_증착,IDLE,32.59485225602768,40.83891196025091,7.5092012991351,40.264736486028085,2.250812675669408,NORMAL
09:46:10,,,step_33,보호막_증착,IDLE,32.59485225602768,40.83891196025091,7.5092012991351,40.264736486028085,2.250812675669408,NORMAL
09:46:15,,,step_33,보호막_증착,IDLE,32.59485225602768,40.83891196025091,7.5092012991351,40.264736486028085,2.250812675669408,NORMAL
09:46:20,,,step_33,보호막_증착,IDLE,32.59485225602768,40.83891196025091,7.5092012991351,40.264736486028085,2.250812675669408,NORMAL
09:46:25,,,step_33,보호막_증착,IDLE,32.59485225602768,40.83891196025091,7.5092012991351,40.264736486028085,2.250812675669408,NORMAL
09:46:30,,,step_33,보호막_증착,IDLE,32.59485225602768,40.83891196025091,7.5092012991351,40.264736486028085,2.250812675669408,NORMAL
09:46:35,,,step_33,보호막_증착,IDLE,32.59485225602768,40.83891196025091,7.5092012991351,40.264736486028085,2.250812675669408,NORMAL
09:46:40,,,step_33,보호막_증착,IDLE,32.59485225602768,40.83891196025091,7.5092012991351,40.264736486028085,2.250812675669408,NORMAL
09:46:45,,,step_33,보호막_증착,IDLE,32.59485225602768,40.83891196025091,7.5092012991351,40.264736486028085,2.250812675669408,NORMAL
09:46:50,,,step_33,보호막_증착,IDLE,32.59485225602768,40.83891196025091,7.5092012991351,40.264736486028085,2.250812675669408,NORMAL
09:46:55,,,step_33,보호막_증착,IDLE,32.59485225602768,40.83891196025091,7.5092012991351,40.264736486028085,2.250812675669408,NORMAL
09:47:00,,,step_33,보호막_증착,IDLE,32.59485225602768,40.83891196025091,7.5092012991351,40.264736486028085,2.250812675669408,NORMAL
09:47:05,,,step_33,보호막_증착,IDLE,32.59485225602768,40.83891196025091,7.5092012991351,40.264736486028085,2.250812675669408,NORMAL
09:47:10,,,step_33,보호막_증착,IDLE,32.59485225602768,40.83891196025091,7.5092012991351,40.264736486028085,2.250812675669408,NORMAL
09:47:15,,,step_33,보호막_증착,IDLE,32.59485225602768,40.83891196025091,7.5092012991351,40.264736486028085,2.250812675669408,NORMAL
09:47:20,,,step_33,보호막_증착,IDLE,32.59485225602768,40.83891196025091,7.5092012991351,40.264736486028085,2.250812675669408,NORMAL
09:47:25,,,step_33,보호막_증착,IDLE,32.59485225602768,40.83891196025091,7.5092012991351,40.264736486028085,2.250812675669408,NORMAL
09:47:30,,,step_33,보호막_증착,IDLE,32.59485225602768,40.83891196025091,7.5092012991351,40.264736486028085,2.250812675669408,NORMAL
09:47:35,,,step_33,보호막_증착,IDLE,32.59485225602768,40.83891196025091,7.5092012991351,40.264736486028085,2.250812675669408,NORMAL
09:47:40,,,step_33,보호막_증착,IDLE,32.59485225602768,40.83891196025091,7.5092012991351,40.264736486028085,2.250812675669408,NORMAL
09:47:45,,,step_33,보호막_증착,IDLE,32.59485225602768,40.83891196025091,7.5092012991351,40.264736486028085,2.250812675669408,NORMAL
09:47:50,,,step_33,보호막_증착,IDLE,32.59485225602768,40.83891196025091,7.5092012991351,40.264736486028085,2.250812675669408,NORMAL
09:47:55,,,step_33,보호막_증착,IDLE,32.59485225602768,40.83891196025091,7.5092012991351,40.264736486028085,2.250812675669408,NORMAL
09:48:00,,,step_33,보호막_증착,IDLE,32.59485225602768,40.83891196025091,7.5092012991351,40.264736486028085,2.250812675669408,NORMAL
09:48:05,,,step_33,보호막_증착,IDLE,32.59485225602768,40.83891196025091,7.5092012991351,40.264736486028085,2.250812675669408,NORMAL
09:48:10,,,step_33,보호막_증착,IDLE,32.59485225602768,40.83891196025091,7.5092012991351,40.264736486028085,2.250812675669408,NORMAL
09:48:15,,,step_33,보호막_증착,IDLE,32.59485225602768,40.83891196025091,7.5092012991351,40.264736486028085,2.250812675669408,NORMAL
09:48:20,,,step_33,보호막_증착,IDLE,32.59485225602768,40.83891196025091,7.5092012991351,40.264736486028085,2.250812675669408,NORMAL
09:48:25,,,step_33,보호막_증착,IDLE,32.59485225602768,40.83891196025091,7.5092012991351,40.264736486028085,2.250812675669408,NORMAL
09:48:30,,,step_33,보호막_증착,IDLE,32.59485225602768,40.83891196025091,7.5092012991351,40.264736486028085,2.250812675669408,NORMAL
09:48:35,,,step_33,보호막_증착,IDLE,32.59485225602768,40.83891196025091,7.5092012991351,40.264736486028085,2.250812675669408,NORMAL
09:48:40,,,step_33,보호막_증착,IDLE,32.59485225602768,40.83891196025091,7.5092012991351,40.264736486028085,2.250812675669408,NORMAL
09:48:45,,,step_33,보호막_증착,IDLE,32.59485225602768,40.83891196025091,7.5092012991351,40.264736486028085,2.250812675669408,NORMAL
09:48:50,,,step_33,보호막_증착,IDLE,32.59485225602768,40.83891196025091,7.5092012991351,40.264736486028085,2.250812675669408,NORMAL
09:48:55,,,step_33,보호막_증착,IDLE,32.59485225602768,40.83891196025091,7.5092012991351,40.264736486028085,2.250812675669408,NORMAL
09:49:00,,,step_33,보호막_증착,IDLE,32.59485225602768,40.83891196025091,7.5092012991351,40.264736486028085,2.250812675669408,NORMAL
09:49:05,,,step_33,보호막_증착,IDLE,32.59485225602768,40.83891196025091,7.5092012991351,40.264736486028085,2.250812675669408,NORMAL
09:49:10,,,step_33,보호막_증착,IDLE,32.59485225602768,40.83891196025091,7.5092012991351,40.264736486028085,2.250812675669408,NORMAL
09:49:15,,,step_33,보호막_증착,IDLE,32.59485225602768,40.83891196025091,7.5092012991351,40.264736486028085,2.250812675669408,NORMAL
09:49:20,,,step_33,보호막_증착,IDLE,32.59485225602768,40.83891196025091,7.5092012991351,40.264736486028085,2.250812675669408,NORMAL
09:49:25,,,step_33,보호막_증착,IDLE,32.59485225602768,40.83891196025091,7.5092012991351,40.264736486028085,2.250812675669408,NORMAL
09:49:30,,,step_33,보호막_증착,IDLE,32.59485225602768,40.83891196025091,7.5092012991351,40.264736486028085,2.250812675669408,NORMAL
09:49:35,,,step_33,보호막_증착,IDLE,32.59485225602768,40.83891196025091,7.5092012991351,40.264736486028085,2.250812675669408,NORMAL
09:49:40,,,step_33,보호막_증착,IDLE,32.59485225602768,40.83891196025091,7.5092012991351,40.264736486028085,2.250812675669408,NORMAL
09:49:45,,,step_33,보호막_증착,IDLE,32.59485225602768,40.83891196025091,7.5092012991351,40.264736486028085,2.250812675669408,NORMAL
09:49:50,,,step_33,보호막_증착,IDLE,32.59485225602768,40.83891196025091,7.5092012991351,40.264736486028085,2.250812675669408,NORMAL
09:49:55,,,step_33,보호막_증착,IDLE,32.59485225602768,40.83891196025091,7.5092012991351,40.264736486028085,2.250812675669408,NORMAL
09:50:00,,,step_33,보호막_증착,IDLE,32.59485225602768,40.83891196025091,7.5092012991351,40.264736486028085,2.250812675669408,NORMAL
09:50:05,,,step_33,보호막_증착,IDLE,32.59485225602768,40.83891196025091,7.5092012991351,40.264736486028085,2.250812675669408,NORMAL
09:50:10,,,step_33,보호막_증착,IDLE,32.59485225602768,40.83891196025091,7.5092012991351,40.264736486028085,2.250812675669408,NORMAL
09:50:15,,,step_33,보호막_증착,IDLE,32.59485225602768,40.83891196025091,7.5092012991351,40.264736486028085,2.250812675669408,NORMAL
09:50:20,,,step_33,보호막_증착,IDLE,32.59485225602768,40.83891196025091,7.5092012991351,40.264736486028085,2.250812675669408,NORMAL
09:50:25,,,step_33,보호막_증착,IDLE,32.59485225602768,40.83891196025091,7.5092012991351,40.264736486028085,2.250812675669408,NORMAL
09:50:30,,,step_33,보호막_증착,IDLE,32.59485225602768,40.83891196025091,7.5092012991351,40.264736486028085,2.250812675669408,NORMAL
09:50:35,,,step_33,보호막_증착,IDLE,32.59485225602768,40.83891196025091,7.5092012991351,40.264736486028085,2.250812675669408,NORMAL
09:50:40,,,step_33,보호막_증착,IDLE,32.59485225602768,40.83891196025091,7.5092012991351,40.264736486028085,2.250812675669408,NORMAL
09:50:45,,,step_33,보호막_증착,IDLE,32.59485225602768,40.83891196025091,7.5092012991351,40.264736486028085,2.250812675669408,NORMAL
09:50:50,,,step_33,보호막_증착,IDLE,32.59485225602768,40.83891196025091,7.5092012991351,40.264736486028085,2.250812675669408,NORMAL
09:50:55,,,step_33,보호막_증착,IDLE,32.59485225602768,40.83891196025091,7.5092012991351,40.264736486028085,2.250812675669408,NORMAL
09:51:00,,,step_33,보호막_증착,IDLE,32.59485225602768,40.83891196025091,7.5092012991351,40.264736486028085,2.250812675669408,NORMAL
09:51:05,,,step_33,보호막_증착,IDLE,32.59485225602768,40.83891196025091,7.5092012991351,40.264736486028085,2.250812675669408,NORMAL
09:51:10,,,step_33,보호막_증착,IDLE,32.59485225602768,40.83891196025091,7.5092012991351,40.264736486028085,2.250812675669408,NORMAL
09:51:15,,,step_33,보호막_증착,IDLE,32.59485225602768,40.83891196025091,7.5092012991351,40.264736486028085,2.250812675669408,NORMAL
09:51:20,,,step_33,보호막_증착,IDLE,32.59485225602768,40.83891196025091,7.5092012991351,40.264736486028085,2.250812675669408,NORMAL
09:51:25,,,step_33,보호막_증착,IDLE,32.59485225602768,40.83891196025091,7.5092012991351,40.264736486028085,2.250812675669408,NORMAL
09:51:30,,,step_33,보호막_증착,IDLE,32.59485225602768,40.83891196025091,7.5092012991351,40.264736486028085,2.250812675669408,NORMAL
09:51:35,,,step_33,보호막_증착,IDLE,32.59485225602768,40.83891196025091,7.5092012991351,40.264736486028085,2.250812675669408,NORMAL
09:51:40,,,step_33,보호막_증착,IDLE,32.59485225602768,40.83891196025091,7.5092012991351,40.264736486028085,2.250812675669408,NORMAL
09:51:45,,,step_33,보호막_증착,IDLE,32.59485225602768,40.83891196025091,7.5092012991351,40.264736486028085,2.250812675669408,NORMAL
09:51:50,,,step_33,보호막_증착,IDLE,32.59485225602768,40.83891196025091,7.5092012991351,40.264736486028085,2.250812675669408,NORMAL
09:51:55,,,step_33,보호막_증착,IDLE,32.59485225602768,40.83891196025091,7.5092012991351,40.264736486028085,2.250812675669408,NORMAL
09:52:00,,,step_33,보호막_증착,IDLE,32.59485225602768,40.83891196025091,7.5092012991351,40.264736486028085,2.250812675669408,NORMAL
09:52:05,,,step_33,보호막_증착,IDLE,32.59485225602768,40.83891196025091,7.5092012991351,40.264736486028085,2.250812675669408,NORMAL
09:52:10,,,step_33,보호막_증착,IDLE,32.59485225602768,40.83891196025091,7.5092012991351,40.264736486028085,2.250812675669408,NORMAL
09:52:15,,,step_33,보호막_증착,IDLE,32.59485225602768,40.83891196025091,7.5092012991351,40.264736486028085,2.250812675669408,NORMAL
09:52:20,,,step_33,보호막_증착,IDLE,32.59485225602768,40.83891196025091,7.5092012991351,40.264736486028085,2.250812675669408,NORMAL
09:52:25,,,step_33,보호막_증착,IDLE,32.59485225602768,40.83891196025091,7.5092012991351,40.264736486028085,2.250812675669408,NORMAL
09:52:30,,,step_33,보호막_증착,IDLE,32.59485225602768,40.83891196025091,7.5092012991351,40.264736486028085,2.250812675669408,NORMAL
09:52:35,,,step_33,보호막_증착,IDLE,32.59485225602768,40.83891196025091,7.5092012991351,40.264736486028085,2.250812675669408,NORMAL
09:52:40,,,step_33,보호막_증착,IDLE,32.59485225602768,40.83891196025091,7.5092012991351,40.264736486028085,2.250812675669408,NORMAL
09:52:45,,,step_33,보호막_증착,IDLE,32.59485225602768,40.83891196025091,7.5092012991351,40.264736486028085,2.250812675669408,NORMAL
09:52:50,,,step_33,보호막_증착,IDLE,32.59485225602768,40.83891196025091,7.5092012991351,40.264736486028085,2.250812675669408,NORMAL
09:52:55,,,step_33,보호막_증착,IDLE,32.59485225602768,40.83891196025091,7.5092012991351,40.264736486028085,2.250812675669408,NORMAL
09:53:00,,,step_33,보호막_증착,IDLE,32.59485225602768,40.83891196025091,7.5092012991351,40.264736486028085,2.250812675669408,NORMAL
09:53:05,,,step_33,보호막_증착,IDLE,32.59485225602768,40.83891196025091,7.5092012991351,40.264736486028085,2.250812675669408,NORMAL
09:53:10,,,step_33,보호막_증착,IDLE,32.59485225602768,40.83891196025091,7.5092012991351,40.264736486028085,2.250812675669408,NORMAL
09:53:15,,,step_33,보호막_증착,IDLE,32.59485225602768,40.83891196025091,7.5092012991351,40.264736486028085,2.250812675669408,NORMAL
09:53:20,,,step_33,보호막_증착,IDLE,32.59485225602768,40.83891196025091,7.5092012991351,40.264736486028085,2.250812675669408,NORMAL
09:53:25,,,step_33,보호막_증착,IDLE,32.59485225602768,40.83891196025091,7.5092012991351,40.264736486028085,2.250812675669408,NORMAL
09:53:30,,,step_33,보호막_증착,IDLE,32.59485225602768,40.83891196025091,7.5092012991351,40.264736486028085,2.250812675669408,NORMAL
09:53:35,,,step_33,보호막_증착,IDLE,32.59485225602768,40.83891196025091,7.5092012991351,40.264736486028085,2.250812675669408,NORMAL
09:53:40,,,step_33,보호막_증착,IDLE,32.59485225602768,40.83891196025091,7.5092012991351,40.264736486028085,2.250812675669408,NORMAL
09:53:45,,,step_33,보호막_증착,IDLE,32.59485225602768,40.83891196025091,7.5092012991351,40.264736486028085,2.250812675669408,NORMAL
09:53:50,,,step_33,보호막_증착,IDLE,32.59485225602768,40.83891196025091,7.5092012991351,40.264736486028085,2.250812675669408,NORMAL
09:53:55,,,step_33,보호막_증착,IDLE,32.59485225602768,40.83891196025091,7.5092012991351,40.264736486028085,2.250812675669408,NORMAL
09:54:00,,,step_33,보호막_증착,IDLE,32.59485225602768,40.83891196025091,7.5092012991351,40.264736486028085,2.250812675669408,NORMAL
09:54:05,,,step_33,보호막_증착,IDLE,32.59485225602768,40.83891196025091,7.5092012991351,40.264736486028085,2.250812675669408,NORMAL
09:54:10,,,step_33,보호막_증착,IDLE,32.59485225602768,40.83891196025091,7.5092012991351,40.264736486028085,2.250812675669408,NORMAL
09:54:15,,,step_33,보호막_증착,IDLE,32.59485225602768,40.83891196025091,7.5092012991351,40.264736486028085,2.250812675669408,NORMAL
09:54:20,,,step_33,보호막_증착,IDLE,32.59485225602768,40.83891196025091,7.5092012991351,40.264736486028085,2.250812675669408,NORMAL
09:54:25,,,step_33,보호막_증착,IDLE,32.59485225602768,40.83891196025091,7.5092012991351,40.264736486028085,2.250812675669408,NORMAL
09:54:30,,,step_33,보호막_증착,IDLE,32.59485225602768,40.83891196025091,7.5092012991351,40.264736486028085,2.250812675669408,NORMAL
09:54:35,,,step_33,보호막_증착,IDLE,32.59485225602768,40.83891196025091,7.5092012991351,40.264736486028085,2.250812675669408,NORMAL
09:54:40,,,step_33,보호막_증착,IDLE,32.59485225602768,40.83891196025091,7.5092012991351,40.264736486028085,2.250812675669408,NORMAL
09:54:45,,,step_33,보호막_증착,IDLE,32.59485225602768,40.83891196025091,7.5092012991351,40.264736486028085,2.250812675669408,NORMAL
09:54:50,,,step_33,보호막_증착,IDLE,32.59485225602768,40.83891196025091,7.5092012991351,40.264736486028085,2.250812675669408,NORMAL
09:54:55,,,step_33,보호막_증착,IDLE,32.59485225602768,40.83891196025091,7.5092012991351,40.264736486028085,2.250812675669408,NORMAL
09:55:00,,,step_33,보호막_증착,IDLE,32.59485225602768,40.83891196025091,7.5092012991351,40.264736486028085,2.250812675669408,NORMAL
09:55:05,,,step_33,보호막_증착,IDLE,32.59485225602768,40.83891196025091,7.5092012991351,40.264736486028085,2.250812675669408,NORMAL
09:55:10,,,step_33,보호막_증착,IDLE,32.59485225602768,40.83891196025091,7.5092012991351,40.264736486028085,2.250812675669408,NORMAL
09:55:15,,,step_33,보호막_증착,IDLE,32.59485225602768,40.83891196025091,7.5092012991351,40.264736486028085,2.250812675669408,NORMAL
09:55:20,,,step_33,보호막_증착,IDLE,32.59485225602768,40.83891196025091,7.5092012991351,40.264736486028085,2.250812675669408,NORMAL
09:55:25,,,step_33,보호막_증착,IDLE,32.59485225602768,40.83891196025091,7.5092012991351,40.264736486028085,2.250812675669408,NORMAL
09:55:30,,,step_33,보호막_증착,IDLE,32.59485225602768,40.83891196025091,7.5092012991351,40.264736486028085,2.250812675669408,NORMAL
09:55:35,,,step_33,보호막_증착,IDLE,32.59485225602768,40.83891196025091,7.5092012991351,40.264736486028085,2.250812675669408,NORMAL
09:55:40,,,step_33,보호막_증착,IDLE,32.59485225602768,40.83891196025091,7.5092012991351,40.264736486028085,2.250812675669408,NORMAL
09:55:45,,,step_33,보호막_증착,IDLE,32.59485225602768,40.83891196025091,7.5092012991351,40.264736486028085,2.250812675669408,NORMAL
09:55:50,,,step_33,보호막_증착,IDLE,32.59485225602768,40.83891196025091,7.5092012991351,40.264736486028085,2.250812675669408,NORMAL
09:55:55,,,step_33,보호막_증착,IDLE,32.59485225602768,40.83891196025091,7.5092012991351,40.264736486028085,2.250812675669408,NORMAL
09:56:00,,,step_33,보호막_증착,IDLE,32.59485225602768,40.83891196025091,7.5092012991351,40.264736486028085,2.250812675669408,NORMAL
09:56:05,,,step_33,보호막_증착,IDLE,32.59485225602768,40.83891196025091,7.5092012991351,40.264736486028085,2.250812675669408,NORMAL
09:56:10,,,step_33,보호막_증착,IDLE,32.59485225602768,40.83891196025091,7.5092012991351,40.264736486028085,2.250812675669408,NORMAL
09:56:15,,,step_33,보호막_증착,IDLE,32.59485225602768,40.83891196025091,7.5092012991351,40.264736486028085,2.250812675669408,NORMAL
09:56:20,,,step_33,보호막_증착,IDLE,32.59485225602768,40.83891196025091,7.5092012991351,40.264736486028085,2.250812675669408,NORMAL
09:56:25,,,step_33,보호막_증착,IDLE,32.59485225602768,40.83891196025091,7.5092012991351,40.264736486028085,2.250812675669408,NORMAL
09:56:30,,,step_33,보호막_증착,IDLE,32.59485225602768,40.83891196025091,7.5092012991351,40.264736486028085,2.250812675669408,NORMAL
09:56:35,,,step_33,보호막_증착,IDLE,32.59485225602768,40.83891196025091,7.5092012991351,40.264736486028085,2.250812675669408,NORMAL
09:56:40,,,step_33,보호막_증착,IDLE,32.59485225602768,40.83891196025091,7.5092012991351,40.264736486028085,2.250812675669408,NORMAL
09:56:45,,,step_33,보호막_증착,IDLE,32.59485225602768,40.83891196025091,7.5092012991351,40.264736486028085,2.250812675669408,NORMAL
09:56:50,,,step_33,보호막_증착,IDLE,32.59485225602768,40.83891196025091,7.5092012991351,40.264736486028085,2.250812675669408,NORMAL
09:56:55,,,step_33,보호막_증착,IDLE,32.59485225602768,40.83891196025091,7.5092012991351,40.264736486028085,2.250812675669408,NORMAL
09:57:00,,,step_33,보호막_증착,IDLE,32.59485225602768,40.83891196025091,7.5092012991351,40.264736486028085,2.250812675669408,NORMAL
09:57:05,,,step_33,보호막_증착,IDLE,32.59485225602768,40.83891196025091,7.5092012991351,40.264736486028085,2.250812675669408,NORMAL
09:57:10,,,step_33,보호막_증착,IDLE,32.59485225602768,40.83891196025091,7.5092012991351,40.264736486028085,2.250812675669408,NORMAL
09:57:15,,,step_33,보호막_증착,IDLE,32.59485225602768,40.83891196025091,7.5092012991351,40.264736486028085,2.250812675669408,NORMAL
09:57:20,,,step_33,보호막_증착,IDLE,32.59485225602768,40.83891196025091,7.5092012991351,40.264736486028085,2.250812675669408,NORMAL
09:57:25,,,step_33,보호막_증착,IDLE,32.59485225602768,40.83891196025091,7.5092012991351,40.264736486028085,2.250812675669408,NORMAL
09:57:30,,,step_33,보호막_증착,IDLE,32.59485225602768,40.83891196025091,7.5092012991351,40.264736486028085,2.250812675669408,NORMAL
09:57:35,,,step_33,보호막_증착,IDLE,32.59485225602768,40.83891196025091,7.5092012991351,40.264736486028085,2.250812675669408,NORMAL
09:57:40,,,step_33,보호막_증착,IDLE,32.59485225602768,40.83891196025091,7.5092012991351,40.264736486028085,2.250812675669408,NORMAL
09:57:45,,,step_33,보호막_증착,IDLE,32.59485225602768,40.83891196025091,7.5092012991351,40.264736486028085,2.250812675669408,NORMAL
09:57:50,,,step_33,보호막_증착,IDLE,32.59485225602768,40.83891196025091,7.5092012991351,40.264736486028085,2.250812675669408,NORMAL
09:57:55,,,step_33,보호막_증착,IDLE,32.59485225602768,40.83891196025091,7.5092012991351,40.264736486028085,2.250812675669408,NORMAL
09:58:00,,,step_33,보호막_증착,IDLE,32.59485225602768,40.83891196025091,7.5092012991351,40.264736486028085,2.250812675669408,NORMAL
09:58:05,,,step_33,보호막_증착,IDLE,32.59485225602768,40.83891196025091,7.5092012991351,40.264736486028085,2.250812675669408,NORMAL
09:58:10,,,step_33,보호막_증착,IDLE,32.59485225602768,40.83891196025091,7.5092012991351,40.264736486028085,2.250812675669408,NORMAL
09:58:15,,,step_33,보호막_증착,IDLE,32.59485225602768,40.83891196025091,7.5092012991351,40.264736486028085,2.250812675669408,NORMAL
09:58:20,,,step_33,보호막_증착,IDLE,32.59485225602768,40.83891196025091,7.5092012991351,40.264736486028085,2.250812675669408,NORMAL
09:58:25,,,step_33,보호막_증착,IDLE,32.59485225602768,40.83891196025091,7.5092012991351,40.264736486028085,2.250812675669408,NORMAL
09:58:30,,,step_33,보호막_증착,IDLE,32.59485225602768,40.83891196025091,7.5092012991351,40.264736486028085,2.250812675669408,NORMAL
09:58:35,,,step_33,보호막_증착,IDLE,32.59485225602768,40.83891196025091,7.5092012991351,40.264736486028085,2.250812675669408,NORMAL
09:58:40,,,step_33,보호막_증착,IDLE,32.59485225602768,40.83891196025091,7.5092012991351,40.264736486028085,2.250812675669408,NORMAL
09:58:45,,,step_33,보호막_증착,IDLE,32.59485225602768,40.83891196025091,7.5092012991351,40.264736486028085,2.250812675669408,NORMAL
09:58:50,,,step_33,보호막_증착,IDLE,32.59485225602768,40.83891196025091,7.5092012991351,40.264736486028085,2.250812675669408,NORMAL
09:58:55,,,step_33,보호막_증착,IDLE,32.59485225602768,40.83891196025091,7.5092012991351,40.264736486028085,2.250812675669408,NORMAL
09:59:00,,,step_33,보호막_증착,IDLE,32.59485225602768,40.83891196025091,7.5092012991351,40.264736486028085,2.250812675669408,NORMAL
09:59:05,,,step_33,보호막_증착,IDLE,32.59485225602768,40.83891196025091,7.5092012991351,40.264736486028085,2.250812675669408,NORMAL
09:59:10,,,step_33,보호막_증착,IDLE,32.59485225602768,40.83891196025091,7.5092012991351,40.264736486028085,2.250812675669408,NORMAL
09:59:15,,,step_33,보호막_증착,IDLE,32.59485225602768,40.83891196025091,7.5092012991351,40.264736486028085,2.250812675669408,NORMAL
09:59:20,,,step_33,보호막_증착,IDLE,32.59485225602768,40.83891196025091,7.5092012991351,40.264736486028085,2.250812675669408,NORMAL
09:59:25,,,step_33,보호막_증착,IDLE,32.59485225602768,40.83891196025091,7.5092012991351,40.264736486028085,2.250812675669408,NORMAL
09:59:30,,,step_33,보호막_증착,IDLE,32.59485225602768,40.83891196025091,7.5092012991351,40.264736486028085,2.250812675669408,NORMAL
09:59:35,,,step_33,보호막_증착,IDLE,32.59485225602768,40.83891196025091,7.5092012991351,40.264736486028085,2.250812675669408,NORMAL
09:59:40,,,step_33,보호막_증착,IDLE,32.59485225602768,40.83891196025091,7.5092012991351,40.264736486028085,2.250812675669408,NORMAL
09:59:45,,,step_33,보호막_증착,IDLE,32.59485225602768,40.83891196025091,7.5092012991351,40.264736486028085,2.250812675669408,NORMAL
09:59:50,,,step_33,보호막_증착,IDLE,32.59485225602768,40.83891196025091,7.5092012991351,40.264736486028085,2.250812675669408,NORMAL
09:59:55,,,step_33,보호막_증착,IDLE,32.59485225602768,40.83891196025091,7.5092012991351,40.264736486028085,2.250812675669408,NORMAL
10:00:00,,,step_33,보호막_증착,IDLE,32.59485225602768,40.83891196025091,7.5092012991351,40.264736486028085,2.250812675669408,NORMAL
10:00:05,,,step_33,보호막_증착,IDLE,32.59485225602768,40.83891196025091,7.5092012991351,40.264736486028085,2.250812675669408,NORMAL
10:00:10,,,step_33,보호막_증착,IDLE,32.59485225602768,40.83891196025091,7.5092012991351,40.264736486028085,2.250812675669408,NORMAL
10:00:15,,,step_33,보호막_증착,IDLE,32.59485225602768,40.83891196025091,7.5092012991351,40.264736486028085,2.250812675669408,NORMAL
10:00:20,,,step_33,보호막_증착,IDLE,32.59485225602768,40.83891196025091,7.5092012991351,40.264736486028085,2.250812675669408,NORMAL
10:00:25,,,step_33,보호막_증착,IDLE,32.59485225602768,40.83891196025091,7.5092012991351,40.264736486028085,2.250812675669408,NORMAL
10:00:30,,,step_33,보호막_증착,IDLE,32.59485225602768,40.83891196025091,7.5092012991351,40.264736486028085,2.250812675669408,NORMAL
10:00:35,,,step_33,보호막_증착,IDLE,32.59485225602768,40.83891196025091,7.5092012991351,40.264736486028085,2.250812675669408,NORMAL
10:00:40,,,step_33,보호막_증착,IDLE,32.59485225602768,40.83891196025091,7.5092012991351,40.264736486028085,2.250812675669408,NORMAL
10:00:45,,,step_33,보호막_증착,IDLE,32.59485225602768,40.83891196025091,7.5092012991351,40.264736486028085,2.250812675669408,NORMAL
10:00:50,,,step_33,보호막_증착,IDLE,32.59485225602768,40.83891196025091,7.5092012991351,40.264736486028085,2.250812675669408,NORMAL
10:00:55,,,step_33,보호막_증착,IDLE,32.59485225602768,40.83891196025091,7.5092012991351,40.264736486028085,2.250812675669408,NORMAL
10:01:00,,,step_33,보호막_증착,IDLE,32.59485225602768,40.83891196025091,7.5092012991351,40.264736486028085,2.250812675669408,NORMAL
10:01:05,,,step_33,보호막_증착,IDLE,32.59485225602768,40.83891196025091,7.5092012991351,40.264736486028085,2.250812675669408,NORMAL
10:01:10,,,step_33,보호막_증착,IDLE,32.59485225602768,40.83891196025091,7.5092012991351,40.264736486028085,2.250812675669408,NORMAL
10:01:15,,,step_33,보호막_증착,IDLE,32.59485225602768,40.83891196025091,7.5092012991351,40.264736486028085,2.250812675669408,NORMAL
10:01:20,,,step_33,보호막_증착,IDLE,32.59485225602768,40.83891196025091,7.5092012991351,40.264736486028085,2.250812675669408,NORMAL
10:01:25,,,step_33,보호막_증착,IDLE,32.59485225602768,40.83891196025091,7.5092012991351,40.264736486028085,2.250812675669408,NORMAL
10:01:30,,,step_33,보호막_증착,IDLE,32.59485225602768,40.83891196025091,7.5092012991351,40.264736486028085,2.250812675669408,NORMAL
10:01:35,,,step_33,보호막_증착,IDLE,32.59485225602768,40.83891196025091,7.5092012991351,40.264736486028085,2.250812675669408,NORMAL
10:01:40,,,step_33,보호막_증착,IDLE,32.59485225602768,40.83891196025091,7.5092012991351,40.264736486028085,2.250812675669408,NORMAL
10:01:45,,,step_33,보호막_증착,IDLE,32.59485225602768,40.83891196025091,7.5092012991351,40.264736486028085,2.250812675669408,NORMAL
10:01:50,,,step_33,보호막_증착,IDLE,32.59485225602768,40.83891196025091,7.5092012991351,40.264736486028085,2.250812675669408,NORMAL
10:01:55,,,step_33,보호막_증착,IDLE,32.59485225602768,40.83891196025091,7.5092012991351,40.264736486028085,2.250812675669408,NORMAL
10:02:00,,,step_33,보호막_증착,IDLE,32.59485225602768,40.83891196025091,7.5092012991351,40.264736486028085,2.250812675669408,NORMAL
10:02:05,,,step_33,보호막_증착,IDLE,32.59485225602768,40.83891196025091,7.5092012991351,40.264736486028085,2.250812675669408,NORMAL
10:02:10,,,step_33,보호막_증착,IDLE,32.59485225602768,40.83891196025091,7.5092012991351,40.264736486028085,2.250812675669408,NORMAL
10:02:15,,,step_33,보호막_증착,IDLE,32.59485225602768,40.83891196025091,7.5092012991351,40.264736486028085,2.250812675669408,NORMAL
10:02:20,,,step_33,보호막_증착,IDLE,32.59485225602768,40.83891196025091,7.5092012991351,40.264736486028085,2.250812675669408,NORMAL
10:02:25,,,step_33,보호막_증착,IDLE,32.59485225602768,40.83891196025091,7.5092012991351,40.264736486028085,2.250812675669408,NORMAL
10:02:30,,,step_33,보호막_증착,IDLE,32.59485225602768,40.83891196025091,7.5092012991351,40.264736486028085,2.250812675669408,NORMAL
10:02:35,,,step_33,보호막_증착,IDLE,32.59485225602768,40.83891196025091,7.5092012991351,40.264736486028085,2.250812675669408,NORMAL
10:02:40,,,step_33,보호막_증착,IDLE,32.59485225602768,40.83891196025091,7.5092012991351,40.264736486028085,2.250812675669408,NORMAL
10:02:45,,,step_33,보호막_증착,IDLE,32.59485225602768,40.83891196025091,7.5092012991351,40.264736486028085,2.250812675669408,NORMAL
10:02:50,,,step_33,보호막_증착,IDLE,32.59485225602768,40.83891196025091,7.5092012991351,40.264736486028085,2.250812675669408,NORMAL
10:02:55,,,step_33,보호막_증착,IDLE,32.59485225602768,40.83891196025091,7.5092012991351,40.264736486028085,2.250812675669408,NORMAL
10:03:00,,,step_33,보호막_증착,IDLE,32.59485225602768,40.83891196025091,7.5092012991351,40.264736486028085,2.250812675669408,NORMAL
10:03:05,,,step_33,보호막_증착,IDLE,32.59485225602768,40.83891196025091,7.5092012991351,40.264736486028085,2.250812675669408,NORMAL
10:03:10,,,step_33,보호막_증착,IDLE,32.59485225602768,40.83891196025091,7.5092012991351,40.264736486028085,2.250812675669408,NORMAL
10:03:15,,,step_33,보호막_증착,IDLE,32.59485225602768,40.83891196025091,7.5092012991351,40.264736486028085,2.250812675669408,NORMAL
10:03:20,,,step_33,보호막_증착,IDLE,32.59485225602768,40.83891196025091,7.5092012991351,40.264736486028085,2.250812675669408,NORMAL
10:03:25,,,step_33,보호막_증착,IDLE,32.59485225602768,40.83891196025091,7.5092012991351,40.264736486028085,2.250812675669408,NORMAL
10:03:30,,,step_33,보호막_증착,IDLE,32.59485225602768,40.83891196025091,7.5092012991351,40.264736486028085,2.250812675669408,NORMAL
10:03:35,,,step_33,보호막_증착,IDLE,32.59485225602768,40.83891196025091,7.5092012991351,40.264736486028085,2.250812675669408,NORMAL
10:03:40,,,step_33,보호막_증착,IDLE,32.59485225602768,40.83891196025091,7.5092012991351,40.264736486028085,2.250812675669408,NORMAL
10:03:45,,,step_33,보호막_증착,IDLE,32.59485225602768,40.83891196025091,7.5092012991351,40.264736486028085,2.250812675669408,NORMAL
10:03:50,,,step_33,보호막_증착,IDLE,32.59485225602768,40.83891196025091,7.5092012991351,40.264736486028085,2.250812675669408,NORMAL
10:03:55,,,step_33,보호막_증착,IDLE,32.59485225602768,40.83891196025091,7.5092012991351,40.264736486028085,2.250812675669408,NORMAL
10:04:00,,,step_33,보호막_증착,IDLE,32.59485225602768,40.83891196025091,7.5092012991351,40.264736486028085,2.250812675669408,NORMAL
10:04:05,,,step_33,보호막_증착,IDLE,32.59485225602768,40.83891196025091,7.5092012991351,40.264736486028085,2.250812675669408,NORMAL
10:04:10,,,step_33,보호막_증착,IDLE,32.59485225602768,40.83891196025091,7.5092012991351,40.264736486028085,2.250812675669408,NORMAL
10:04:15,,,step_33,보호막_증착,IDLE,32.59485225602768,40.83891196025091,7.5092012991351,40.264736486028085,2.250812675669408,NORMAL
10:04:20,,,step_33,보호막_증착,IDLE,32.59485225602768,40.83891196025091,7.5092012991351,40.264736486028085,2.250812675669408,NORMAL
10:04:25,,,step_33,보호막_증착,IDLE,32.59485225602768,40.83891196025091,7.5092012991351,40.264736486028085,2.250812675669408,NORMAL
10:04:30,,,step_33,보호막_증착,IDLE,32.59485225602768,40.83891196025091,7.5092012991351,40.264736486028085,2.250812675669408,NORMAL
10:04:35,,,step_33,보호막_증착,IDLE,32.59485225602768,40.83891196025091,7.5092012991351,40.264736486028085,2.250812675669408,NORMAL
10:04:40,,,step_33,보호막_증착,IDLE,32.59485225602768,40.83891196025091,7.5092012991351,40.264736486028085,2.250812675669408,NORMAL
10:04:45,,,step_33,보호막_증착,IDLE,32.59485225602768,40.83891196025091,7.5092012991351,40.264736486028085,2.250812675669408,NORMAL
10:04:50,,,step_33,보호막_증착,IDLE,32.59485225602768,40.83891196025091,7.5092012991351,40.264736486028085,2.250812675669408,NORMAL
10:04:55,,,step_33,보호막_증착,IDLE,32.59485225602768,40.83891196025091,7.5092012991351,40.264736486028085,2.250812675669408,NORMAL
10:05:00,,,step_33,보호막_증착,IDLE,32.59485225602768,40.83891196025091,7.5092012991351,40.264736486028085,2.250812675669408,NORMAL
10:05:05,,,step_33,보호막_증착,IDLE,32.59485225602768,40.83891196025091,7.5092012991351,40.264736486028085,2.250812675669408,NORMAL
10:05:10,,,step_33,보호막_증착,IDLE,32.59485225602768,40.83891196025091,7.5092012991351,40.264736486028085,2.250812675669408,NORMAL
10:05:15,,,step_33,보호막_증착,IDLE,32.59485225602768,40.83891196025091,7.5092012991351,40.264736486028085,2.250812675669408,NORMAL
10:05:20,,,step_33,보호막_증착,IDLE,32.59485225602768,40.83891196025091,7.5092012991351,40.264736486028085,2.250812675669408,NORMAL
10:05:25,,,step_33,보호막_증착,IDLE,32.59485225602768,40.83891196025091,7.5092012991351,40.264736486028085,2.250812675669408,NORMAL
10:05:30,,,step_33,보호막_증착,IDLE,32.59485225602768,40.83891196025091,7.5092012991351,40.264736486028085,2.250812675669408,NORMAL
10:05:35,,,step_33,보호막_증착,IDLE,32.59485225602768,40.83891196025091,7.5092012991351,40.264736486028085,2.250812675669408,NORMAL
10:05:40,,,step_33,보호막_증착,IDLE,32.59485225602768,40.83891196025091,7.5092012991351,40.264736486028085,2.250812675669408,NORMAL
10:05:45,,,step_33,보호막_증착,IDLE,32.59485225602768,40.83891196025091,7.5092012991351,40.264736486028085,2.250812675669408,NORMAL
10:05:50,,,step_33,보호막_증착,IDLE,32.59485225602768,40.83891196025091,7.5092012991351,40.264736486028085,2.250812675669408,NORMAL
10:05:55,,,step_33,보호막_증착,IDLE,32.59485225602768,40.83891196025091,7.5092012991351,40.264736486028085,2.250812675669408,NORMAL
10:06:00,,,step_33,보호막_증착,IDLE,32.59485225602768,40.83891196025091,7.5092012991351,40.264736486028085,2.250812675669408,NORMAL
10:06:05,,,step_33,보호막_증착,IDLE,32.59485225602768,40.83891196025091,7.5092012991351,40.264736486028085,2.250812675669408,NORMAL
10:06:10,,,step_33,보호막_증착,IDLE,32.59485225602768,40.83891196025091,7.5092012991351,40.264736486028085,2.250812675669408,NORMAL
10:06:15,,,step_33,보호막_증착,IDLE,32.59485225602768,40.83891196025091,7.5092012991351,40.264736486028085,2.250812675669408,NORMAL
10:06:20,,,step_33,보호막_증착,IDLE,32.59485225602768,40.83891196025091,7.5092012991351,40.264736486028085,2.250812675669408,NORMAL
10:06:25,,,step_33,보호막_증착,IDLE,32.59485225602768,40.83891196025091,7.5092012991351,40.264736486028085,2.250812675669408,NORMAL
10:06:30,,,step_33,보호막_증착,IDLE,32.59485225602768,40.83891196025091,7.5092012991351,40.264736486028085,2.250812675669408,NORMAL
10:06:35,,,step_33,보호막_증착,IDLE,32.59485225602768,40.83891196025091,7.5092012991351,40.264736486028085,2.250812675669408,NORMAL
10:06:40,,,step_33,보호막_증착,IDLE,32.59485225602768,40.83891196025091,7.5092012991351,40.264736486028085,2.250812675669408,NORMAL
10:06:45,,,step_33,보호막_증착,IDLE,32.59485225602768,40.83891196025091,7.5092012991351,40.264736486028085,2.250812675669408,NORMAL
10:06:50,,,step_33,보호막_증착,IDLE,32.59485225602768,40.83891196025091,7.5092012991351,40.264736486028085,2.250812675669408,NORMAL
10:06:55,,,step_33,보호막_증착,IDLE,32.59485225602768,40.83891196025091,7.5092012991351,40.264736486028085,2.250812675669408,NORMAL
10:07:00,,,step_33,보호막_증착,IDLE,32.59485225602768,40.83891196025091,7.5092012991351,40.264736486028085,2.250812675669408,NORMAL
10:07:05,,,step_33,보호막_증착,IDLE,32.59485225602768,40.83891196025091,7.5092012991351,40.264736486028085,2.250812675669408,NORMAL
10:07:10,,,step_33,보호막_증착,IDLE,32.59485225602768,40.83891196025091,7.5092012991351,40.264736486028085,2.250812675669408,NORMAL
10:07:15,,,step_33,보호막_증착,IDLE,32.59485225602768,40.83891196025091,7.5092012991351,40.264736486028085,2.250812675669408,NORMAL
10:07:20,,,step_33,보호막_증착,IDLE,32.59485225602768,40.83891196025091,7.5092012991351,40.264736486028085,2.250812675669408,NORMAL
10:07:25,,,step_33,보호막_증착,IDLE,32.59485225602768,40.83891196025091,7.5092012991351,40.264736486028085,2.250812675669408,NORMAL
10:07:30,,,step_33,보호막_증착,IDLE,32.59485225602768,40.83891196025091,7.5092012991351,40.264736486028085,2.250812675669408,NORMAL
10:07:35,,,step_33,보호막_증착,IDLE,32.59485225602768,40.83891196025091,7.5092012991351,40.264736486028085,2.250812675669408,NORMAL
10:07:40,,,step_33,보호막_증착,IDLE,32.59485225602768,40.83891196025091,7.5092012991351,40.264736486028085,2.250812675669408,NORMAL
10:07:45,,,step_33,보호막_증착,IDLE,32.59485225602768,40.83891196025091,7.5092012991351,40.264736486028085,2.250812675669408,NORMAL
10:07:50,,,step_33,보호막_증착,IDLE,32.59485225602768,40.83891196025091,7.5092012991351,40.264736486028085,2.250812675669408,NORMAL
10:07:55,,,step_33,보호막_증착,IDLE,32.59485225602768,40.83891196025091,7.5092012991351,40.264736486028085,2.250812675669408,NORMAL
10:08:00,,,step_33,보호막_증착,IDLE,32.59485225602768,40.83891196025091,7.5092012991351,40.264736486028085,2.250812675669408,NORMAL
10:08:05,,,step_33,보호막_증착,IDLE,32.59485225602768,40.83891196025091,7.5092012991351,40.264736486028085,2.250812675669408,NORMAL
10:08:10,,,step_33,보호막_증착,IDLE,32.59485225602768,40.83891196025091,7.5092012991351,40.264736486028085,2.250812675669408,NORMAL
10:08:15,,,step_33,보호막_증착,IDLE,32.59485225602768,40.83891196025091,7.5092012991351,40.264736486028085,2.250812675669408,NORMAL
10:08:20,,,step_33,보호막_증착,IDLE,32.59485225602768,40.83891196025091,7.5092012991351,40.264736486028085,2.250812675669408,NORMAL
10:08:25,,,step_33,보호막_증착,IDLE,32.59485225602768,40.83891196025091,7.5092012991351,40.264736486028085,2.250812675669408,NORMAL
10:08:30,,,step_33,보호막_증착,IDLE,32.59485225602768,40.83891196025091,7.5092012991351,40.264736486028085,2.250812675669408,NORMAL
10:08:35,,,step_33,보호막_증착,IDLE,32.59485225602768,40.83891196025091,7.5092012991351,40.264736486028085,2.250812675669408,NORMAL
10:08:40,,,step_33,보호막_증착,IDLE,32.59485225602768,40.83891196025091,7.5092012991351,40.264736486028085,2.250812675669408,NORMAL
10:08:45,,,step_33,보호막_증착,IDLE,32.59485225602768,40.83891196025091,7.5092012991351,40.264736486028085,2.250812675669408,NORMAL
10:08:50,,,step_33,보호막_증착,IDLE,32.59485225602768,40.83891196025091,7.5092012991351,40.264736486028085,2.250812675669408,NORMAL
10:08:55,,,step_33,보호막_증착,IDLE,32.59485225602768,40.83891196025091,7.5092012991351,40.264736486028085,2.250812675669408,NORMAL
10:09:00,,,step_33,보호막_증착,IDLE,32.59485225602768,40.83891196025091,7.5092012991351,40.264736486028085,2.250812675669408,NORMAL
10:09:05,,,step_33,보호막_증착,IDLE,32.59485225602768,40.83891196025091,7.5092012991351,40.264736486028085,2.250812675669408,NORMAL
10:09:10,,,step_33,보호막_증착,IDLE,32.59485225602768,40.83891196025091,7.5092012991351,40.264736486028085,2.250812675669408,NORMAL
10:09:15,,,step_33,보호막_증착,IDLE,32.59485225602768,40.83891196025091,7.5092012991351,40.264736486028085,2.250812675669408,NORMAL
10:09:20,,,step_33,보호막_증착,IDLE,32.59485225602768,40.83891196025091,7.5092012991351,40.264736486028085,2.250812675669408,NORMAL
10:09:25,,,step_33,보호막_증착,IDLE,32.59485225602768,40.83891196025091,7.5092012991351,40.264736486028085,2.250812675669408,NORMAL
10:09:30,,,step_33,보호막_증착,IDLE,32.59485225602768,40.83891196025091,7.5092012991351,40.264736486028085,2.250812675669408,NORMAL
10:09:35,,,step_33,보호막_증착,IDLE,32.59485225602768,40.83891196025091,7.5092012991351,40.264736486028085,2.250812675669408,NORMAL
10:09:40,,,step_33,보호막_증착,IDLE,32.59485225602768,40.83891196025091,7.5092012991351,40.264736486028085,2.250812675669408,NORMAL
10:09:45,,,step_33,보호막_증착,IDLE,32.59485225602768,40.83891196025091,7.5092012991351,40.264736486028085,2.250812675669408,NORMAL
10:09:50,,,step_33,보호막_증착,IDLE,32.59485225602768,40.83891196025091,7.5092012991351,40.264736486028085,2.250812675669408,NORMAL
10:09:55,,,step_33,보호막_증착,IDLE,32.59485225602768,40.83891196025091,7.5092012991351,40.264736486028085,2.250812675669408,NORMAL
10:10:00,,,step_33,보호막_증착,IDLE,32.59485225602768,40.83891196025091,7.5092012991351,40.264736486028085,2.250812675669408,NORMAL
10:10:05,,,step_33,보호막_증착,IDLE,32.59485225602768,40.83891196025091,7.5092012991351,40.264736486028085,2.250812675669408,NORMAL
10:10:10,,,step_33,보호막_증착,IDLE,32.59485225602768,40.83891196025091,7.5092012991351,40.264736486028085,2.250812675669408,NORMAL
10:10:15,,,step_33,보호막_증착,IDLE,32.59485225602768,40.83891196025091,7.5092012991351,40.264736486028085,2.250812675669408,NORMAL
10:10:20,,,step_33,보호막_증착,IDLE,32.59485225602768,40.83891196025091,7.5092012991351,40.264736486028085,2.250812675669408,NORMAL
10:10:25,,,step_33,보호막_증착,IDLE,32.59485225602768,40.83891196025091,7.5092012991351,40.264736486028085,2.250812675669408,NORMAL
10:10:30,,,step_33,보호막_증착,IDLE,32.59485225602768,40.83891196025091,7.5092012991351,40.264736486028085,2.250812675669408,NORMAL
10:10:35,,,step_33,보호막_증착,IDLE,32.59485225602768,40.83891196025091,7.5092012991351,40.264736486028085,2.250812675669408,NORMAL
10:10:40,,,step_33,보호막_증착,IDLE,32.59485225602768,40.83891196025091,7.5092012991351,40.264736486028085,2.250812675669408,NORMAL
10:10:45,,,step_33,보호막_증착,IDLE,32.59485225602768,40.83891196025091,7.5092012991351,40.264736486028085,2.250812675669408,NORMAL
10:10:50,,,step_33,보호막_증착,IDLE,32.59485225602768,40.83891196025091,7.5092012991351,40.264736486028085,2.250812675669408,NORMAL
10:10:55,,,step_33,보호막_증착,IDLE,32.59485225602768,40.83891196025091,7.5092012991351,40.264736486028085,2.250812675669408,NORMAL
10:11:00,,,step_33,보호막_증착,IDLE,32.59485225602768,40.83891196025091,7.5092012991351,40.264736486028085,2.250812675669408,NORMAL
10:11:05,,,step_33,보호막_증착,IDLE,32.59485225602768,40.83891196025091,7.5092012991351,40.264736486028085,2.250812675669408,NORMAL
10:11:10,,,step_33,보호막_증착,IDLE,32.59485225602768,40.83891196025091,7.5092012991351,40.264736486028085,2.250812675669408,NORMAL
10:11:15,,,step_33,보호막_증착,IDLE,32.59485225602768,40.83891196025091,7.5092012991351,40.264736486028085,2.250812675669408,NORMAL
10:11:20,,,step_33,보호막_증착,IDLE,32.59485225602768,40.83891196025091,7.5092012991351,40.264736486028085,2.250812675669408,NORMAL
10:11:25,,,step_33,보호막_증착,IDLE,32.59485225602768,40.83891196025091,7.5092012991351,40.264736486028085,2.250812675669408,NORMAL
10:11:30,,,step_33,보호막_증착,IDLE,32.59485225602768,40.83891196025091,7.5092012991351,40.264736486028085,2.250812675669408,NORMAL
10:11:35,,,step_33,보호막_증착,IDLE,32.59485225602768,40.83891196025091,7.5092012991351,40.264736486028085,2.250812675669408,NORMAL
10:11:40,,,step_33,보호막_증착,IDLE,32.59485225602768,40.83891196025091,7.5092012991351,40.264736486028085,2.250812675669408,NORMAL
10:11:45,,,step_33,보호막_증착,IDLE,32.59485225602768,40.83891196025091,7.5092012991351,40.264736486028085,2.250812675669408,NORMAL
10:11:50,,,step_33,보호막_증착,IDLE,32.59485225602768,40.83891196025091,7.5092012991351,40.264736486028085,2.250812675669408,NORMAL
10:11:55,,,step_33,보호막_증착,IDLE,32.59485225602768,40.83891196025091,7.5092012991351,40.264736486028085,2.250812675669408,NORMAL
10:12:00,,,step_33,보호막_증착,IDLE,32.59485225602768,40.83891196025091,7.5092012991351,40.264736486028085,2.250812675669408,NORMAL
10:12:05,,,step_33,보호막_증착,IDLE,32.59485225602768,40.83891196025091,7.5092012991351,40.264736486028085,2.250812675669408,NORMAL
10:12:10,,,step_33,보호막_증착,IDLE,32.59485225602768,40.83891196025091,7.5092012991351,40.264736486028085,2.250812675669408,NORMAL
10:12:15,,,step_33,보호막_증착,IDLE,32.59485225602768,40.83891196025091,7.5092012991351,40.264736486028085,2.250812675669408,NORMAL
10:12:20,,,step_33,보호막_증착,IDLE,32.59485225602768,40.83891196025091,7.5092012991351,40.264736486028085,2.250812675669408,NORMAL
10:12:25,,,step_33,보호막_증착,IDLE,32.59485225602768,40.83891196025091,7.5092012991351,40.264736486028085,2.250812675669408,NORMAL
10:12:30,,,step_33,보호막_증착,IDLE,32.59485225602768,40.83891196025091,7.5092012991351,40.264736486028085,2.250812675669408,NORMAL
10:12:35,,,step_33,보호막_증착,IDLE,32.59485225602768,40.83891196025091,7.5092012991351,40.264736486028085,2.250812675669408,NORMAL
10:12:40,,,step_33,보호막_증착,IDLE,32.59485225602768,40.83891196025091,7.5092012991351,40.264736486028085,2.250812675669408,NORMAL
10:12:45,,,step_33,보호막_증착,IDLE,32.59485225602768,40.83891196025091,7.5092012991351,40.264736486028085,2.250812675669408,NORMAL
10:12:50,,,step_33,보호막_증착,IDLE,32.59485225602768,40.83891196025091,7.5092012991351,40.264736486028085,2.250812675669408,NORMAL
10:12:55,,,step_33,보호막_증착,IDLE,32.59485225602768,40.83891196025091,7.5092012991351,40.264736486028085,2.250812675669408,NORMAL
10:13:00,,,step_33,보호막_증착,IDLE,32.59485225602768,40.83891196025091,7.5092012991351,40.264736486028085,2.250812675669408,NORMAL
10:13:05,,,step_33,보호막_증착,IDLE,32.59485225602768,40.83891196025091,7.5092012991351,40.264736486028085,2.250812675669408,NORMAL
10:13:10,,,step_33,보호막_증착,IDLE,32.59485225602768,40.83891196025091,7.5092012991351,40.264736486028085,2.250812675669408,NORMAL
10:13:15,,,step_33,보호막_증착,IDLE,32.59485225602768,40.83891196025091,7.5092012991351,40.264736486028085,2.250812675669408,NORMAL
10:13:20,,,step_33,보호막_증착,IDLE,32.59485225602768,40.83891196025091,7.5092012991351,40.264736486028085,2.250812675669408,NORMAL
10:13:25,,,step_33,보호막_증착,IDLE,32.59485225602768,40.83891196025091,7.5092012991351,40.264736486028085,2.250812675669408,NORMAL
10:13:30,,,step_33,보호막_증착,IDLE,32.59485225602768,40.83891196025091,7.5092012991351,40.264736486028085,2.250812675669408,NORMAL
10:13:35,,,step_33,보호막_증착,IDLE,32.59485225602768,40.83891196025091,7.5092012991351,40.264736486028085,2.250812675669408,NORMAL
10:13:40,,,step_33,보호막_증착,IDLE,32.59485225602768,40.83891196025091,7.5092012991351,40.264736486028085,2.250812675669408,NORMAL
10:13:45,,,step_33,보호막_증착,IDLE,32.59485225602768,40.83891196025091,7.5092012991351,40.264736486028085,2.250812675669408,NORMAL
10:13:50,,,step_33,보호막_증착,IDLE,32.59485225602768,40.83891196025091,7.5092012991351,40.264736486028085,2.250812675669408,NORMAL
10:13:55,,,step_33,보호막_증착,IDLE,32.59485225602768,40.83891196025091,7.5092012991351,40.264736486028085,2.250812675669408,NORMAL
10:14:00,,,step_33,보호막_증착,IDLE,32.59485225602768,40.83891196025091,7.5092012991351,40.264736486028085,2.250812675669408,NORMAL
10:14:05,,,step_33,보호막_증착,IDLE,32.59485225602768,40.83891196025091,7.5092012991351,40.264736486028085,2.250812675669408,NORMAL
10:14:10,,,step_33,보호막_증착,IDLE,32.59485225602768,40.83891196025091,7.5092012991351,40.264736486028085,2.250812675669408,NORMAL
10:14:15,,,step_33,보호막_증착,IDLE,32.59485225602768,40.83891196025091,7.5092012991351,40.264736486028085,2.250812675669408,NORMAL
10:14:20,,,step_33,보호막_증착,IDLE,32.59485225602768,40.83891196025091,7.5092012991351,40.264736486028085,2.250812675669408,NORMAL
10:14:25,,,step_33,보호막_증착,IDLE,32.59485225602768,40.83891196025091,7.5092012991351,40.264736486028085,2.250812675669408,NORMAL
10:14:30,,,step_33,보호막_증착,IDLE,32.59485225602768,40.83891196025091,7.5092012991351,40.264736486028085,2.250812675669408,NORMAL
10:14:35,,,step_33,보호막_증착,IDLE,32.59485225602768,40.83891196025091,7.5092012991351,40.264736486028085,2.250812675669408,NORMAL
10:14:40,,,step_33,보호막_증착,IDLE,32.59485225602768,40.83891196025091,7.5092012991351,40.264736486028085,2.250812675669408,NORMAL
10:14:45,,,step_33,보호막_증착,IDLE,32.59485225602768,40.83891196025091,7.5092012991351,40.264736486028085,2.250812675669408,NORMAL
10:14:50,,,step_33,보호막_증착,IDLE,32.59485225602768,40.83891196025091,7.5092012991351,40.264736486028085,2.250812675669408,NORMAL
10:14:55,,,step_33,보호막_증착,IDLE,32.59485225602768,40.83891196025091,7.5092012991351,40.264736486028085,2.250812675669408,NORMAL
10:15:00,,,step_33,보호막_증착,IDLE,32.59485225602768,40.83891196025091,7.5092012991351,40.264736486028085,2.250812675669408,NORMAL
10:15:05,,,step_33,보호막_증착,IDLE,32.59485225602768,40.83891196025091,7.5092012991351,40.264736486028085,2.250812675669408,NORMAL
10:15:10,,,step_33,보호막_증착,IDLE,32.59485225602768,40.83891196025091,7.5092012991351,40.264736486028085,2.250812675669408,NORMAL
10:15:15,,,step_33,보호막_증착,IDLE,32.59485225602768,40.83891196025091,7.5092012991351,40.264736486028085,2.250812675669408,NORMAL
10:15:20,,,step_33,보호막_증착,IDLE,32.59485225602768,40.83891196025091,7.5092012991351,40.264736486028085,2.250812675669408,NORMAL
10:15:25,,,step_33,보호막_증착,IDLE,32.59485225602768,40.83891196025091,7.5092012991351,40.264736486028085,2.250812675669408,NORMAL
10:15:30,,,step_33,보호막_증착,IDLE,32.59485225602768,40.83891196025091,7.5092012991351,40.264736486028085,2.250812675669408,NORMAL
10:15:35,,,step_33,보호막_증착,IDLE,32.59485225602768,40.83891196025091,7.5092012991351,40.264736486028085,2.250812675669408,NORMAL
10:15:40,,,step_33,보호막_증착,IDLE,32.59485225602768,40.83891196025091,7.5092012991351,40.264736486028085,2.250812675669408,NORMAL
10:15:45,,,step_33,보호막_증착,IDLE,32.59485225602768,40.83891196025091,7.5092012991351,40.264736486028085,2.250812675669408,NORMAL
10:15:50,,,step_33,보호막_증착,IDLE,32.59485225602768,40.83891196025091,7.5092012991351,40.264736486028085,2.250812675669408,NORMAL
10:15:55,,,step_33,보호막_증착,IDLE,32.59485225602768,40.83891196025091,7.5092012991351,40.264736486028085,2.250812675669408,NORMAL
10:16:00,,,step_33,보호막_증착,IDLE,32.59485225602768,40.83891196025091,7.5092012991351,40.264736486028085,2.250812675669408,NORMAL
10:16:05,,,step_33,보호막_증착,IDLE,32.59485225602768,40.83891196025091,7.5092012991351,40.264736486028085,2.250812675669408,NORMAL
10:16:10,,,step_33,보호막_증착,IDLE,32.59485225602768,40.83891196025091,7.5092012991351,40.264736486028085,2.250812675669408,NORMAL
10:16:15,,,step_33,보호막_증착,IDLE,32.59485225602768,40.83891196025091,7.5092012991351,40.264736486028085,2.250812675669408,NORMAL
10:16:20,,,step_33,보호막_증착,IDLE,32.59485225602768,40.83891196025091,7.5092012991351,40.264736486028085,2.250812675669408,NORMAL
10:16:25,,,step_33,보호막_증착,IDLE,32.59485225602768,40.83891196025091,7.5092012991351,40.264736486028085,2.250812675669408,NORMAL
10:16:30,,,step_33,보호막_증착,IDLE,32.59485225602768,40.83891196025091,7.5092012991351,40.264736486028085,2.250812675669408,NORMAL
10:16:35,,,step_33,보호막_증착,IDLE,32.59485225602768,40.83891196025091,7.5092012991351,40.264736486028085,2.250812675669408,NORMAL
10:16:40,,,step_33,보호막_증착,IDLE,32.59485225602768,40.83891196025091,7.5092012991351,40.264736486028085,2.250812675669408,NORMAL
10:16:45,,,step_33,보호막_증착,IDLE,32.59485225602768,40.83891196025091,7.5092012991351,40.264736486028085,2.250812675669408,NORMAL
10:16:50,,,step_33,보호막_증착,IDLE,32.59485225602768,40.83891196025091,7.5092012991351,40.264736486028085,2.250812675669408,NORMAL
10:16:55,,,step_33,보호막_증착,IDLE,32.59485225602768,40.83891196025091,7.5092012991351,40.264736486028085,2.250812675669408,NORMAL
10:17:00,,,step_33,보호막_증착,IDLE,32.59485225602768,40.83891196025091,7.5092012991351,40.264736486028085,2.250812675669408,NORMAL
10:17:05,,,step_33,보호막_증착,IDLE,32.59485225602768,40.83891196025091,7.5092012991351,40.264736486028085,2.250812675669408,NORMAL
10:17:10,,,step_33,보호막_증착,IDLE,32.59485225602768,40.83891196025091,7.5092012991351,40.264736486028085,2.250812675669408,NORMAL
10:17:15,,,step_33,보호막_증착,IDLE,32.59485225602768,40.83891196025091,7.5092012991351,40.264736486028085,2.250812675669408,NORMAL
10:17:20,,,step_33,보호막_증착,IDLE,32.59485225602768,40.83891196025091,7.5092012991351,40.264736486028085,2.250812675669408,NORMAL
10:17:25,,,step_33,보호막_증착,IDLE,32.59485225602768,40.83891196025091,7.5092012991351,40.264736486028085,2.250812675669408,NORMAL
10:17:30,,,step_33,보호막_증착,IDLE,32.59485225602768,40.83891196025091,7.5092012991351,40.264736486028085,2.250812675669408,NORMAL
10:17:35,,,step_33,보호막_증착,IDLE,32.59485225602768,40.83891196025091,7.5092012991351,40.264736486028085,2.250812675669408,NORMAL
10:17:40,,,step_33,보호막_증착,IDLE,32.59485225602768,40.83891196025091,7.5092012991351,40.264736486028085,2.250812675669408,NORMAL
10:17:45,,,step_33,보호막_증착,IDLE,32.59485225602768,40.83891196025091,7.5092012991351,40.264736486028085,2.250812675669408,NORMAL
10:17:50,,,step_33,보호막_증착,IDLE,32.59485225602768,40.83891196025091,7.5092012991351,40.264736486028085,2.250812675669408,NORMAL
10:17:55,,,step_33,보호막_증착,IDLE,32.59485225602768,40.83891196025091,7.5092012991351,40.264736486028085,2.250812675669408,NORMAL
10:18:00,,,step_33,보호막_증착,IDLE,32.59485225602768,40.83891196025091,7.5092012991351,40.264736486028085,2.250812675669408,NORMAL
10:18:05,,,step_33,보호막_증착,IDLE,32.59485225602768,40.83891196025091,7.5092012991351,40.264736486028085,2.250812675669408,NORMAL
10:18:10,,,step_33,보호막_증착,IDLE,32.59485225602768,40.83891196025091,7.5092012991351,40.264736486028085,2.250812675669408,NORMAL
10:18:15,,,step_33,보호막_증착,IDLE,32.59485225602768,40.83891196025091,7.5092012991351,40.264736486028085,2.250812675669408,NORMAL
10:18:20,,,step_33,보호막_증착,IDLE,32.59485225602768,40.83891196025091,7.5092012991351,40.264736486028085,2.250812675669408,NORMAL
10:18:25,,,step_33,보호막_증착,IDLE,32.59485225602768,40.83891196025091,7.5092012991351,40.264736486028085,2.250812675669408,NORMAL
10:18:30,,,step_33,보호막_증착,IDLE,32.59485225602768,40.83891196025091,7.5092012991351,40.264736486028085,2.250812675669408,NORMAL
10:18:35,,,step_33,보호막_증착,IDLE,32.59485225602768,40.83891196025091,7.5092012991351,40.264736486028085,2.250812675669408,NORMAL
10:18:40,,,step_33,보호막_증착,IDLE,32.59485225602768,40.83891196025091,7.5092012991351,40.264736486028085,2.250812675669408,NORMAL
10:18:45,,,step_33,보호막_증착,IDLE,32.59485225602768,40.83891196025091,7.5092012991351,40.264736486028085,2.250812675669408,NORMAL
10:18:50,,,step_33,보호막_증착,IDLE,32.59485225602768,40.83891196025091,7.5092012991351,40.264736486028085,2.250812675669408,NORMAL
10:18:55,,,step_33,보호막_증착,IDLE,32.59485225602768,40.83891196025091,7.5092012991351,40.264736486028085,2.250812675669408,NORMAL
10:19:00,,,step_33,보호막_증착,IDLE,32.59485225602768,40.83891196025091,7.5092012991351,40.264736486028085,2.250812675669408,NORMAL
10:19:05,,,step_33,보호막_증착,IDLE,32.59485225602768,40.83891196025091,7.5092012991351,40.264736486028085,2.250812675669408,NORMAL
10:19:10,,,step_33,보호막_증착,IDLE,32.59485225602768,40.83891196025091,7.5092012991351,40.264736486028085,2.250812675669408,NORMAL
10:19:15,,,step_33,보호막_증착,IDLE,32.59485225602768,40.83891196025091,7.5092012991351,40.264736486028085,2.250812675669408,NORMAL
10:19:20,,,step_33,보호막_증착,IDLE,32.59485225602768,40.83891196025091,7.5092012991351,40.264736486028085,2.250812675669408,NORMAL
10:19:25,,,step_33,보호막_증착,IDLE,32.59485225602768,40.83891196025091,7.5092012991351,40.264736486028085,2.250812675669408,NORMAL
10:19:30,,,step_33,보호막_증착,IDLE,32.59485225602768,40.83891196025091,7.5092012991351,40.264736486028085,2.250812675669408,NORMAL
10:19:35,,,step_33,보호막_증착,IDLE,32.59485225602768,40.83891196025091,7.5092012991351,40.264736486028085,2.250812675669408,NORMAL
10:19:40,,,step_33,보호막_증착,IDLE,32.59485225602768,40.83891196025091,7.5092012991351,40.264736486028085,2.250812675669408,NORMAL
10:19:45,,,step_33,보호막_증착,IDLE,32.59485225602768,40.83891196025091,7.5092012991351,40.264736486028085,2.250812675669408,NORMAL
10:19:50,,,step_33,보호막_증착,IDLE,32.59485225602768,40.83891196025091,7.5092012991351,40.264736486028085,2.250812675669408,NORMAL
10:19:55,,,step_33,보호막_증착,IDLE,32.59485225602768,40.83891196025091,7.5092012991351,40.264736486028085,2.250812675669408,NORMAL
10:20:00,LOT-20260812-A01,W01,step_33,보호막_증착,IDLE,32.59485225602768,40.83891196025091,7.5092012991351,40.264736486028085,2.250812675669408,NORMAL
10:20:05,LOT-20260812-A01,W02,step_33,보호막_증착,IDLE,32.6088316469837,40.4716288045139,7.502147521576249,40.36716168264602,2.2195705311125606,NORMAL
10:20:10,LOT-20260812-A01,W03,step_33,보호막_증착,IDLE,32.44059057196056,40.33481315747697,7.649770346867125,40.22310022758425,2.253236032269083,NORMAL
10:20:15,LOT-20260812-A01,W04,step_33,보호막_증착,IDLE,32.43496640685431,39.61795318290829,7.511829355436846,40.196176132541765,2.2873710031598526,NORMAL
10:20:20,LOT-20260812-A01,W05,step_33,보호막_증착,IDLE,32.834018045128666,40.033541645580144,7.452449976572224,39.65328959734272,2.2178337651544515,NORMAL
10:20:25,LOT-20260812-A01,W06,step_33,보호막_증착,IDLE,32.69886399450016,39.873329073101374,7.491162488430771,39.50465972625028,2.212629934335998,NORMAL
10:20:30,LOT-20260812-A01,W07,step_33,보호막_증착,IDLE,32.49276911692562,40.01049090337568,7.515763855342549,40.29081247217907,2.2470490031743102,NORMAL
10:20:35,LOT-20260812-A01,W08,step_33,보호막_증착,IDLE,32.602424343369286,40.05908831120073,7.318733422032759,40.00999895381413,2.249182429761829,NORMAL
10:20:40,LOT-20260812-A01,W09,step_33,보호막_증착,IDLE,32.35934727537406,39.63972101204054,7.549110516313772,40.0593363340948,2.26773512042854,NORMAL
10:20:45,LOT-20260812-A01,W10,step_33,보호막_증착,IDLE,32.41016781063471,39.93737501586396,7.635890453446207,40.0750720668416,2.2868823212329588,NORMAL
10:20:50,LOT-20260812-A01,W11,step_33,보호막_증착,IDLE,32.31296355225956,39.96144446760173,7.4951011211791485,40.08996846806403,2.2695000208016007,NORMAL
10:20:55,LOT-20260812-A01,W12,step_33,보호막_증착,IDLE,32.54284920723997,39.59590863644514,7.45792423412539,40.226289257082605,2.215307828760544,NORMAL
10:21:00,LOT-20260812-A01,W13,step_33,보호막_증착,IDLE,32.54460477523139,40.32016687332088,7.538776751866939,39.96660010494711,2.2232239541153613,NORMAL
10:21:05,LOT-20260812-A01,W14,step_33,보호막_증착,IDLE,32.662573915800266,40.08899408531054,7.674354739093969,39.333217283689706,2.230042483759232,NORMAL
10:21:10,LOT-20260812-A01,W15,step_33,보호막_증착,IDLE,32.46819490985147,40.32530128396725,7.546919486213638,40.24094192998711,2.2694418867864323,NORMAL
10:21:15,LOT-20260812-A01,W16,step_33,보호막_증착,IDLE,32.659988185916085,40.19488741611404,7.521437364764991,40.202141319244674,2.2651676525013835,NORMAL
10:21:20,LOT-20260812-A01,W17,step_33,보호막_증착,IDLE,32.59793699924878,39.31454980444859,7.460942075132869,39.54687440325423,2.28153842460543,NORMAL
10:21:25,LOT-20260812-A01,W18,step_33,보호막_증착,IDLE,32.86888468078264,39.6666779376323,7.393050359528013,39.59188363985014,2.263952838502976,NORMAL
10:21:30,LOT-20260812-A01,W19,step_33,보호막_증착,IDLE,32.75006739622998,40.66128452598743,7.502340758294069,40.30904694564428,2.2343132212387813,NORMAL
10:21:35,LOT-20260812-A01,W20,step_33,보호막_증착,IDLE,32.72382350916104,40.314035640301306,7.504157676062015,40.3916757676747,2.245079983066618,NORMAL
10:21:40,LOT-20260812-A01,W21,step_33,보호막_증착,RAMP,33.00140957000334,37.40537722370977,6.727161093445497,36.27090311637566,2.1038578253405325,NORMAL
10:21:45,LOT-20260812-A01,W22,step_33,보호막_증착,RAMP,64.46346476680033,80.75201765204558,14.70928654155699,80.61718028383127,4.562814422038225,NORMAL
10:21:50,LOT-20260812-A01,W23,step_33,보호막_증착,RAMP,97.67567641045908,118.66893612595082,22.963544504704327,119.69109510938875,6.687394015407949,NORMAL
10:21:55,LOT-20260812-A01,W24,step_33,보호막_증착,RAMP,131.34853313426282,156.64561681879945,29.89677216942135,160.10382992491122,9.122429828485624,NORMAL
10:22:00,LOT-20260812-A01,W25,step_33,보호막_증착,RAMP,162.80417284482752,202.6515344030112,36.51766970729442,200.1837889182599,11.310029698015404,NORMAL
10:22:05,LOT-20260812-A01,W01,step_33,보호막_증착,RAMP,194.50693286186265,240.12052130871507,45.64047013896182,238.9330001822873,13.69379995262491,NORMAL
10:22:10,LOT-20260812-A01,W02,step_33,보호막_증착,RAMP,227.7015816807408,280.3471654095686,52.14339636893443,280.91373837590334,15.791979591008172,NORMAL
10:22:15,LOT-20260812-A01,W03,step_33,보호막_증착,RAMP,259.40623709955514,317.9891662119914,59.81189308183713,319.03659078581114,18.04010732502533,NORMAL
10:22:20,LOT-20260812-A01,W04,step_33,보호막_증착,RAMP,291.9862834807879,358.1549800058701,67.92490164870742,361.04581793045344,20.23174817065451,NORMAL
10:22:25,LOT-20260812-A01,W05,step_33,보호막_증착,RAMP,325.2477395572527,397.45338048736,74.70317062014709,401.3566408153972,22.461542419757823,NORMAL
10:22:30,LOT-20260812-B02,W01,step_33,보호막_증착,RAMP,357.9437275547284,442.26716173070974,81.71201577272545,438.778977422802,24.72413481588137,NORMAL
10:22:35,LOT-20260812-B02,W02,step_33,보호막_증착,RAMP,389.5212468179356,477.3706741690604,90.08702621198576,478.8131928930472,27.099914802474228,NORMAL
10:22:40,LOT-20260812-B02,W03,step_33,보호막_증착,RAMP,422.16426611906667,522.5868559493132,97.81873686189869,520.159117750521,29.115138953381784,NORMAL
10:22:45,LOT-20260812-B02,W04,step_33,보호막_증착,RAMP,454.1441749452991,558.4211779922666,104.81235576073794,562.1051192489266,31.50633272026699,NORMAL
10:22:50,LOT-20260812-B02,W05,step_33,보호막_증착,RAMP,487.4224235936784,598.0353931944962,112.4508624746833,599.1702073661877,33.583366862708864,NORMAL
10:22:55,LOT-20260812-B02,W06,step_33,보호막_증착,RAMP,518.8323836086835,639.911404260843,119.52808150338343,639.4355249493403,36.03729751488943,NORMAL
10:23:00,LOT-20260812-B02,W07,step_33,보호막_증착,RAMP,552.320512999005,678.9052650053077,127.10181456738968,680.4495009990864,38.20414703842775,NORMAL
10:23:05,LOT-20260812-B02,W08,step_33,보호막_증착,RAMP,585.0477462123778,720.1556728614497,134.87132908004125,720.919492591588,40.5503621965501,NORMAL
10:23:10,LOT-20260812-B02,W09,step_33,보호막_증착,RAMP,616.4465263695964,758.5965495561704,142.75944489162524,760.7377542634406,42.67575018503352,NORMAL
10:23:15,LOT-20260812-B02,W10,step_33,보호막_증착,RAMP,649.3956452497769,799.4984276004601,150.0391098971986,800.0452110661491,44.97430215766659,NORMAL
10:23:20,LOT-20260812-B02,W11,step_33,보호막_증착,ACTIVE,649.9459174901062,798.1798563829055,150.61202957945915,799.3584101531078,45.094853417232464,NORMAL
10:23:25,LOT-20260812-B02,W12,step_33,보호막_증착,ACTIVE,649.8230807116546,802.0669417363191,150.99216658505875,800.6968278939703,45.01888219170836,NORMAL
10:23:30,LOT-20260812-B02,W13,step_33,보호막_증착,ACTIVE,649.8646733652423,801.2302951793372,150.5319433020888,793.2788031542157,45.23141900039269,NORMAL
10:23:35,LOT-20260812-B02,W14,step_33,보호막_증착,ACTIVE,650.2592116065531,800.5945261314537,149.04602193485158,803.9254330452429,44.9277680803424,NORMAL
10:23:40,LOT-20260812-B02,W15,step_33,보호막_증착,ACTIVE,648.495485377908,802.5285138149628,149.82973317853933,799.609807573479,44.91480184663947,NORMAL
10:23:45,LOT-20260812-B02,W16,step_33,보호막_증착,ACTIVE,650.6377940605479,800.6316308583712,150.52619739076297,800.3828252705102,45.18551877151555,NORMAL
10:23:50,LOT-20260812-B02,W17,step_33,보호막_증착,ACTIVE,649.7131453189742,800.4291186126309,149.92827303258562,804.408697603484,44.94492202005642,NORMAL
10:23:55,LOT-20260812-B02,W18,step_33,보호막_증착,ACTIVE,649.463422428121,799.7121110595568,149.02839547848623,798.4432471219496,44.9380172594573,NORMAL
10:24:00,LOT-20260812-B02,W19,step_33,보호막_증착,ACTIVE,648.3216300754784,798.2810044443227,149.6688126473215,804.8974471733814,45.05746522595093,NORMAL
10:24:05,LOT-20260812-B02,W20,step_33,보호막_증착,ACTIVE,649.7591805486492,798.2862983469532,148.63652896974145,801.5532882910035,44.97542192097551,NORMAL
10:24:10,LOT-20260812-B02,W21,step_33,보호막_증착,ACTIVE,650.4608272309205,800.3530900180294,149.8335026253734,800.9377339359132,44.95326820108213,NORMAL
10:24:15,LOT-20260812-B02,W22,step_33,보호막_증착,ACTIVE,650.1274149218893,802.4429763015225,149.58904723530242,801.3521872591664,44.89605064009535,NORMAL
10:24:20,LOT-20260812-B02,W23,step_33,보호막_증착,ACTIVE,650.1537315688407,801.3688729855279,149.78361244738318,798.2328815160574,45.2043487423522,NORMAL
10:24:25,LOT-20260812-B02,W24,step_33,보호막_증착,ACTIVE,649.6948607023278,801.3550835882493,150.7088851028465,796.5371909601122,44.97740349058373,NORMAL
10:24:30,LOT-20260812-B02,W25,step_33,보호막_증착,ACTIVE,649.9455063303146,797.3452252898322,149.2011591861962,797.5210262681474,44.91567774159282,NORMAL
10:24:35,LOT-20260812-B02,W01,step_33,보호막_증착,ACTIVE,649.0032848046952,801.25479647016,149.56907050126904,802.2835745953136,44.95546746213961,NORMAL
10:24:40,LOT-20260812-B02,W02,step_33,보호막_증착,ACTIVE,649.9957105651763,799.0419020982782,149.31494254349045,798.0352997866967,45.05323822481297,NORMAL
10:24:45,LOT-20260812-B02,W03,step_33,보호막_증착,ACTIVE,649.5580086331908,800.4217679038101,150.64280164772478,796.5263934287617,45.21919260296062,NORMAL
10:24:50,LOT-20260812-B02,W04,step_33,보호막_증착,ACTIVE,648.9876807187634,801.3248356875889,150.678742332003,799.8334350523147,44.97463212816205,NORMAL
10:24:55,LOT-20260812-B02,W05,step_33,보호막_증착,ACTIVE,650.6792473153569,797.225102720351,150.21604515952654,801.2068748947229,44.87058085599509,NORMAL
10:25:00,LOT-20260812-B02,W06,step_33,보호막_증착,ACTIVE,648.5824999143272,800.3777689171754,150.1849737615829,800.0811676982258,45.28783038814008,NORMAL
10:25:05,LOT-20260812-B02,W07,step_33,보호막_증착,ACTIVE,650.4718570389612,800.5670296008002,149.27979706470376,801.2734127635935,45.02033264466139,NORMAL
10:25:10,LOT-20260812-B02,W08,step_33,보호막_증착,ACTIVE,650.5284333282827,802.396723432464,150.119513392087,802.4255280928769,44.984110892021846,NORMAL
10:25:15,LOT-20260812-B02,W09,step_33,보호막_증착,ACTIVE,649.5254850529245,798.759498896071,149.32685375188888,801.1996850231915,45.01077518968619,NORMAL
10:25:20,LOT-20260812-B02,W10,step_33,보호막_증착,ACTIVE,650.9273680677841,799.8530856131915,150.02471637251176,799.6764891036878,44.81318100234738,NORMAL
10:25:25,LOT-20260812-B02,W11,step_33,보호막_증착,ACTIVE,649.5064938991235,800.4079142768867,149.79399089934049,798.8569328895422,44.99318915007464,NORMAL
10:25:30,LOT-20260812-C03,W01,step_33,보호막_증착,ACTIVE,649.4499595806386,798.7597137664735,149.64349987021197,801.618689692056,45.113941195143816,NORMAL
10:25:35,LOT-20260812-C03,W02,step_33,보호막_증착,ACTIVE,648.919680284427,798.7158853892032,150.016981415436,800.5781600993106,45.183018037905846,NORMAL
10:25:40,LOT-20260812-C03,W03,step_33,보호막_증착,ACTIVE,649.9924008963118,798.6232578561043,150.4063571404912,798.192390314311,44.94626842542035,NORMAL
10:25:45,LOT-20260812-C03,W04,step_33,보호막_증착,ACTIVE,649.1372080309234,799.6934647208191,151.06527415086003,802.7345826336241,45.02819301292743,NORMAL
10:25:50,LOT-20260812-C03,W05,step_33,보호막_증착,ACTIVE,649.2875183814064,804.193009324603,150.33059096258694,800.5505426160157,45.18569606181681,NORMAL
10:25:55,LOT-20260812-C03,W06,step_33,보호막_증착,ACTIVE,649.9411632127188,799.77901897733,151.36679388306274,801.3711183003143,45.005629327282165,NORMAL
10:26:00,LOT-20260812-C03,W07,step_33,보호막_증착,ACTIVE,649.9788433562338,801.170095983826,150.12055502221412,799.1767610772031,45.10792120966794,NORMAL
10:26:05,LOT-20260812-C03,W08,step_33,보호막_증착,ACTIVE,651.1303402686052,800.075822926343,151.0703323979513,802.3745017405614,45.06364669089568,NORMAL
10:26:10,LOT-20260812-C03,W09,step_33,보호막_증착,ACTIVE,650.8379295668093,799.261936555672,150.26135045259656,796.6707476357897,44.90035861818185,NORMAL
10:26:15,LOT-20260812-C03,W10,step_33,보호막_증착,ACTIVE,650.4958930172312,799.9419255151222,150.14387374905695,803.5185447416227,44.86257981241626,NORMAL
10:26:20,LOT-20260812-C03,W11,step_33,보호막_증착,ACTIVE,649.8681053446631,801.8464294647442,149.89906320277495,795.9284371336042,45.15889818529255,NORMAL
10:26:25,LOT-20260812-C03,W12,step_33,보호막_증착,ACTIVE,649.6363856412383,799.8716781542269,150.17946057462126,797.1090940823186,44.59880511807624,NORMAL
10:26:30,LOT-20260812-C03,W13,step_33,보호막_증착,ACTIVE,649.9760667289946,799.613757129611,150.2589470993539,800.5288434994774,44.899706570615415,NORMAL
10:26:35,LOT-20260812-C03,W14,step_33,보호막_증착,ACTIVE,649.4993458790019,799.4365439205324,149.14952832368843,798.8854121211087,44.79070492963681,NORMAL
10:26:40,LOT-20260812-C03,W15,step_33,보호막_증착,ACTIVE,649.3691628157919,797.615647663277,150.4200324322965,799.3105030157358,45.15911908304922,NORMAL
10:26:45,LOT-20260812-C03,W16,step_33,보호막_증착,ACTIVE,649.9290861673117,802.4962163772539,149.1096037124019,798.8847102002445,45.20471722087891,NORMAL
10:26:50,LOT-20260812-C03,W17,step_33,보호막_증착,ACTIVE,649.2094547652907,798.9273534299207,150.4207028122039,798.3555416831243,44.89135010811327,NORMAL
10:26:55,LOT-20260812-C03,W18,step_33,보호막_증착,ACTIVE,649.2647671108047,803.5265828712398,150.35937205867015,800.665652654204,45.41473547147317,NORMAL
10:27:00,LOT-20260812-C03,W19,step_33,보호막_증착,ACTIVE,650.8593866800683,800.5872943937349,150.8527485154549,799.8980203065927,45.20658248135543,NORMAL
10:27:05,LOT-20260812-C03,W20,step_33,보호막_증착,ACTIVE,648.7582888172383,803.37412493403,149.48273850724752,801.8581514123031,45.02957329590548,NORMAL
10:27:10,LOT-20260812-C03,W21,step_33,보호막_증착,ACTIVE,649.0642001556158,799.520137543462,149.40773844116458,800.1683608478091,45.22499842713618,NORMAL
10:27:15,LOT-20260812-C03,W22,step_33,보호막_증착,ACTIVE,651.145946443868,798.2403738177784,150.66435512995875,799.1246871553459,44.90374075602636,NORMAL
10:27:20,LOT-20260812-C03,W23,step_33,보호막_증착,ACTIVE,649.6470747113269,802.5037464533438,149.3550964456281,801.6263831964727,44.958511389949074,NORMAL
10:27:25,LOT-20260812-C03,W24,step_33,보호막_증착,ACTIVE,651.2384234114658,798.6535658813893,149.29606001522913,796.152301101728,45.06948156141437,NORMAL
10:27:30,LOT-20260812-C03,W25,step_33,보호막_증착,ACTIVE,648.9493713912575,803.0852883648328,150.12517074564155,794.5783477269679,44.89619224889759,NORMAL
10:27:35,LOT-20260812-C03,W01,step_33,보호막_증착,ACTIVE,650.0664039536775,801.3889129996077,149.97198507422522,796.6655735025286,44.80735344733527,NORMAL
10:27:40,LOT-20260812-C03,W02,step_33,보호막_증착,ACTIVE,650.6946444947588,803.5147100293706,150.09321320132014,799.2786042827794,44.85930120857556,NORMAL
10:27:45,LOT-20260812-C03,W03,step_33,보호막_증착,ACTIVE,649.1846256186486,797.6564676837173,150.3226360206291,800.8220830481791,44.97049745535261,NORMAL
10:27:50,LOT-20260812-C03,W04,step_33,보호막_증착,ACTIVE,651.5068995341412,802.2956261150894,150.32598618478517,794.3905247658238,45.07039730171321,NORMAL
10:27:55,LOT-20260812-C03,W05,step_33,보호막_증착,ACTIVE,649.6486851953259,798.2174067966795,149.95327628381796,799.9756185551335,44.94931643010808,NORMAL
10:28:00,LOT-20260812-C03,W06,step_33,보호막_증착,ACTIVE,650.4581809558647,794.2485801193338,150.02889197191416,799.2553866156418,44.75402363638845,NORMAL
10:28:05,LOT-20260812-C03,W07,step_33,보호막_증착,ACTIVE,649.389750848674,802.1502000757582,149.95980883862427,800.2876204321326,45.07054807658764,NORMAL
10:28:10,LOT-20260812-C03,W08,step_33,보호막_증착,ACTIVE,651.3424524647953,799.9846353524093,150.0211646148886,795.9940778047167,45.19100612104185,NORMAL
10:28:15,LOT-20260812-C03,W09,step_33,보호막_증착,ACTIVE,650.2730237392574,802.3097937300084,149.1675306575969,805.4920599803135,44.90100828147735,NORMAL
10:28:20,,,step_33,보호막_증착,IDLE,650.2730237392574,802.3097937300084,149.1675306575969,805.4920599803135,44.90100828147735,NORMAL
10:28:25,,,step_33,보호막_증착,IDLE,650.2730237392574,802.3097937300084,149.1675306575969,805.4920599803135,44.90100828147735,NORMAL
10:28:30,,,step_33,보호막_증착,IDLE,650.2730237392574,802.3097937300084,149.1675306575969,805.4920599803135,44.90100828147735,NORMAL
10:28:35,,,step_33,보호막_증착,IDLE,650.2730237392574,802.3097937300084,149.1675306575969,805.4920599803135,44.90100828147735,NORMAL
10:28:40,,,step_33,보호막_증착,IDLE,650.2730237392574,802.3097937300084,149.1675306575969,805.4920599803135,44.90100828147735,NORMAL
10:28:45,,,step_33,보호막_증착,IDLE,650.2730237392574,802.3097937300084,149.1675306575969,805.4920599803135,44.90100828147735,NORMAL
10:28:50,,,step_33,보호막_증착,IDLE,650.2730237392574,802.3097937300084,149.1675306575969,805.4920599803135,44.90100828147735,NORMAL
10:28:55,,,step_33,보호막_증착,IDLE,650.2730237392574,802.3097937300084,149.1675306575969,805.4920599803135,44.90100828147735,NORMAL
10:29:00,,,step_33,보호막_증착,IDLE,650.2730237392574,802.3097937300084,149.1675306575969,805.4920599803135,44.90100828147735,NORMAL
10:29:05,,,step_33,보호막_증착,IDLE,650.2730237392574,802.3097937300084,149.1675306575969,805.4920599803135,44.90100828147735,NORMAL
10:29:10,,,step_33,보호막_증착,IDLE,650.2730237392574,802.3097937300084,149.1675306575969,805.4920599803135,44.90100828147735,NORMAL
10:29:15,,,step_33,보호막_증착,IDLE,650.2730237392574,802.3097937300084,149.1675306575969,805.4920599803135,44.90100828147735,NORMAL
10:29:20,,,step_33,보호막_증착,IDLE,650.2730237392574,802.3097937300084,149.1675306575969,805.4920599803135,44.90100828147735,NORMAL
10:29:25,,,step_33,보호막_증착,IDLE,650.2730237392574,802.3097937300084,149.1675306575969,805.4920599803135,44.90100828147735,NORMAL
10:29:30,,,step_33,보호막_증착,IDLE,650.2730237392574,802.3097937300084,149.1675306575969,805.4920599803135,44.90100828147735,NORMAL
10:29:35,,,step_33,보호막_증착,IDLE,650.2730237392574,802.3097937300084,149.1675306575969,805.4920599803135,44.90100828147735,NORMAL
10:29:40,,,step_33,보호막_증착,IDLE,650.2730237392574,802.3097937300084,149.1675306575969,805.4920599803135,44.90100828147735,NORMAL
10:29:45,,,step_33,보호막_증착,IDLE,650.2730237392574,802.3097937300084,149.1675306575969,805.4920599803135,44.90100828147735,NORMAL
10:29:50,,,step_33,보호막_증착,IDLE,650.2730237392574,802.3097937300084,149.1675306575969,805.4920599803135,44.90100828147735,NORMAL
10:29:55,,,step_33,보호막_증착,IDLE,650.2730237392574,802.3097937300084,149.1675306575969,805.4920599803135,44.90100828147735,NORMAL
10:30:00,,,step_33,보호막_증착,IDLE,650.2730237392574,802.3097937300084,149.1675306575969,805.4920599803135,44.90100828147735,NORMAL
10:30:05,,,step_33,보호막_증착,IDLE,650.2730237392574,802.3097937300084,149.1675306575969,805.4920599803135,44.90100828147735,NORMAL
10:30:10,,,step_33,보호막_증착,IDLE,650.2730237392574,802.3097937300084,149.1675306575969,805.4920599803135,44.90100828147735,NORMAL
10:30:15,,,step_33,보호막_증착,IDLE,650.2730237392574,802.3097937300084,149.1675306575969,805.4920599803135,44.90100828147735,NORMAL
10:30:20,,,step_33,보호막_증착,IDLE,650.2730237392574,802.3097937300084,149.1675306575969,805.4920599803135,44.90100828147735,NORMAL
10:30:25,,,step_33,보호막_증착,IDLE,650.2730237392574,802.3097937300084,149.1675306575969,805.4920599803135,44.90100828147735,NORMAL
10:30:30,,,step_33,보호막_증착,IDLE,650.2730237392574,802.3097937300084,149.1675306575969,805.4920599803135,44.90100828147735,NORMAL
10:30:35,,,step_33,보호막_증착,IDLE,650.2730237392574,802.3097937300084,149.1675306575969,805.4920599803135,44.90100828147735,NORMAL
10:30:40,,,step_33,보호막_증착,IDLE,650.2730237392574,802.3097937300084,149.1675306575969,805.4920599803135,44.90100828147735,NORMAL
10:30:45,,,step_33,보호막_증착,IDLE,650.2730237392574,802.3097937300084,149.1675306575969,805.4920599803135,44.90100828147735,NORMAL
10:30:50,,,step_33,보호막_증착,IDLE,650.2730237392574,802.3097937300084,149.1675306575969,805.4920599803135,44.90100828147735,NORMAL
10:30:55,,,step_33,보호막_증착,IDLE,650.2730237392574,802.3097937300084,149.1675306575969,805.4920599803135,44.90100828147735,NORMAL
10:31:00,,,step_33,보호막_증착,IDLE,650.2730237392574,802.3097937300084,149.1675306575969,805.4920599803135,44.90100828147735,NORMAL
10:31:05,,,step_33,보호막_증착,IDLE,650.2730237392574,802.3097937300084,149.1675306575969,805.4920599803135,44.90100828147735,NORMAL
10:31:10,,,step_33,보호막_증착,IDLE,650.2730237392574,802.3097937300084,149.1675306575969,805.4920599803135,44.90100828147735,NORMAL
10:31:15,,,step_33,보호막_증착,IDLE,650.2730237392574,802.3097937300084,149.1675306575969,805.4920599803135,44.90100828147735,NORMAL
10:31:20,,,step_33,보호막_증착,IDLE,650.2730237392574,802.3097937300084,149.1675306575969,805.4920599803135,44.90100828147735,NORMAL
10:31:25,,,step_33,보호막_증착,IDLE,650.2730237392574,802.3097937300084,149.1675306575969,805.4920599803135,44.90100828147735,NORMAL
10:31:30,,,step_33,보호막_증착,IDLE,650.2730237392574,802.3097937300084,149.1675306575969,805.4920599803135,44.90100828147735,NORMAL
10:31:35,,,step_33,보호막_증착,IDLE,650.2730237392574,802.3097937300084,149.1675306575969,805.4920599803135,44.90100828147735,NORMAL
10:31:40,,,step_33,보호막_증착,IDLE,650.2730237392574,802.3097937300084,149.1675306575969,805.4920599803135,44.90100828147735,NORMAL
10:31:45,,,step_33,보호막_증착,IDLE,650.2730237392574,802.3097937300084,149.1675306575969,805.4920599803135,44.90100828147735,NORMAL
10:31:50,,,step_33,보호막_증착,IDLE,650.2730237392574,802.3097937300084,149.1675306575969,805.4920599803135,44.90100828147735,NORMAL
10:31:55,,,step_33,보호막_증착,IDLE,650.2730237392574,802.3097937300084,149.1675306575969,805.4920599803135,44.90100828147735,NORMAL
10:32:00,,,step_33,보호막_증착,IDLE,650.2730237392574,802.3097937300084,149.1675306575969,805.4920599803135,44.90100828147735,NORMAL
10:32:05,,,step_33,보호막_증착,IDLE,650.2730237392574,802.3097937300084,149.1675306575969,805.4920599803135,44.90100828147735,NORMAL
10:32:10,,,step_33,보호막_증착,IDLE,650.2730237392574,802.3097937300084,149.1675306575969,805.4920599803135,44.90100828147735,NORMAL
10:32:15,,,step_33,보호막_증착,IDLE,650.2730237392574,802.3097937300084,149.1675306575969,805.4920599803135,44.90100828147735,NORMAL
10:32:20,,,step_33,보호막_증착,IDLE,650.2730237392574,802.3097937300084,149.1675306575969,805.4920599803135,44.90100828147735,NORMAL
10:32:25,,,step_33,보호막_증착,IDLE,650.2730237392574,802.3097937300084,149.1675306575969,805.4920599803135,44.90100828147735,NORMAL
10:32:30,,,step_33,보호막_증착,IDLE,650.2730237392574,802.3097937300084,149.1675306575969,805.4920599803135,44.90100828147735,NORMAL
10:32:35,,,step_33,보호막_증착,IDLE,650.2730237392574,802.3097937300084,149.1675306575969,805.4920599803135,44.90100828147735,NORMAL
10:32:40,,,step_33,보호막_증착,IDLE,650.2730237392574,802.3097937300084,149.1675306575969,805.4920599803135,44.90100828147735,NORMAL
10:32:45,,,step_33,보호막_증착,IDLE,650.2730237392574,802.3097937300084,149.1675306575969,805.4920599803135,44.90100828147735,NORMAL
10:32:50,,,step_33,보호막_증착,IDLE,650.2730237392574,802.3097937300084,149.1675306575969,805.4920599803135,44.90100828147735,NORMAL
10:32:55,,,step_33,보호막_증착,IDLE,650.2730237392574,802.3097937300084,149.1675306575969,805.4920599803135,44.90100828147735,NORMAL
10:33:00,,,step_33,보호막_증착,IDLE,650.2730237392574,802.3097937300084,149.1675306575969,805.4920599803135,44.90100828147735,NORMAL
10:33:05,,,step_33,보호막_증착,IDLE,650.2730237392574,802.3097937300084,149.1675306575969,805.4920599803135,44.90100828147735,NORMAL
10:33:10,,,step_33,보호막_증착,IDLE,650.2730237392574,802.3097937300084,149.1675306575969,805.4920599803135,44.90100828147735,NORMAL
10:33:15,,,step_33,보호막_증착,IDLE,650.2730237392574,802.3097937300084,149.1675306575969,805.4920599803135,44.90100828147735,NORMAL
