Timestamp,Lot_ID,Wafer_ID,Address,Step_Name,Phase,Dose_mJ_cm2,Focus_Offset_um,Overlay_Error_nm,PR_Thickness_nm,Bake_Temp_C,Status
09:00:00,,,step_04,STI_포토,IDLE,1.2416582187985885,-0.0003887543403798,0.0971388416047949,6.012182861185136,5.483056056730873,NORMAL
09:00:05,,,step_04,STI_포토,IDLE,1.2416582187985885,-0.0003887543403798,0.0971388416047949,6.012182861185136,5.483056056730873,NORMAL
09:00:10,,,step_04,STI_포토,IDLE,1.2416582187985885,-0.0003887543403798,0.0971388416047949,6.012182861185136,5.483056056730873,NORMAL
09:00:15,,,step_04,STI_포토,IDLE,1.2416582187985885,-0.0003887543403798,0.0971388416047949,6.012182861185136,5.483056056730873,NORMAL
09:00:20,,,step_04,STI_포토,IDLE,1.2416582187985885,-0.0003887543403798,0.0971388416047949,6.012182861185136,5.483056056730873,NORMAL
09:00:25,,,step_04,STI_포토,IDLE,1.2416582187985885,-0.0003887543403798,0.0971388416047949,6.012182861185136,5.483056056730873,NORMAL
09:00:30,,,step_04,STI_포토,IDLE,1.2416582187985885,-0.0003887543403798,0.0971388416047949,6.012182861185136,5.483056056730873,NORMAL
09:00:35,,,step_04,STI_포토,IDLE,1.2416582187985885,-0.0003887543403798,0.0971388416047949,6.012182861185136,5.483056056730873,NORMAL
09:00:40,,,step_04,STI_포토,IDLE,1.2416582187985885,-0.0003887543403798,0.0971388416047949,6.012182861185136,5.483056056730873,NORMAL
09:00:45,,,step_04,STI_포토,IDLE,1.2416582187985885,-0.0003887543403798,0.0971388416047949,6.012182861185136,5.483056056730873,NORMAL
09:00:50,,,step_04,STI_포토,IDLE,1.2416582187985885,-0.0003887543403798,0.0971388416047949,6.012182861185136,5.483056056730873,NORMAL
09:00:55,,,step_04,STI_포토,IDLE,1.2416582187985885,-0.0003887543403798,0.0971388416047949,6.012182861185136,5.483056056730873,NORMAL
09:01:00,,,step_04,STI_포토,IDLE,1.2416582187985885,-0.0003887543403798,0.0971388416047949,6.012182861185136,5.483056056730873,NORMAL
09:01:05,,,step_04,STI_포토,IDLE,1.2416582187985885,-0.0003887543403798,0.0971388416047949,6.012182861185136,5.483056056730873,NORMAL
09:01:10,,,step_04,STI_포토,IDLE,1.2416582187985885,-0.0003887543403798,0.0971388416047949,6.012182861185136,5.483056056730873,NORMAL
09:01:15,,,step_04,STI_포토,IDLE,1.2416582187985885,-0.0003887543403798,0.0971388416047949,6.012182861185136,5.483056056730873,NORMAL
09:01:20,,,step_04,STI_포토,IDLE,1.2416582187985885,-0.0003887543403798,0.0971388416047949,6.012182861185136,5.483056056730873,NORMAL
09:01:25,,,step_04,STI_포토,IDLE,1.2416582187985885,-0.0003887543403798,0.0971388416047949,6.012182861185136,5.483056056730873,NORMAL
09:01:30,,,step_04,STI_포토,IDLE,1.2416582187985885,-0.0003887543403798,0.0971388416047949,6.012182861185136,5.483056056730873,NORMAL
09:01:35,,,step_04,STI_포토,IDLE,1.2416582187985885,-0.0003887543403798,0.0971388416047949,6.012182861185136,5.483056056730873,NORMAL
09:01:40,,,step_04,STI_포토,IDLE,1.2416582187985885,-0.0003887543403798,0.0971388416047949,6.012182861185136,5.483056056730873,NORMAL
09:01:45,,,step_04,STI_포토,IDLE,1.2416582187985885,-0.0003887543403798,0.0971388416047949,6.012182861185136,5.483056056730873,NORMAL
09:01:50,,,step_04,STI_포토,IDLE,1.2416582187985885,-0.0003887543403798,0.0971388416047949,6.012182861185136,5.483056056730873,NORMAL
09:01:55,,,step_04,STI_포토,IDLE,1.2416582187985885,-0.0003887543403798,0.0971388416047949,6.012182861185136,5.483056056730873,NORMAL
09:02:00,,,step_04,STI_포토,IDLE,1.2416582187985885,-0.0003887543403798,0.0971388416047949,6.012182861185136,5.483056056730873,NORMAL
09:02:05,,,step_04,STI_포토,IDLE,1.2416582187985885,-0.0003887543403798,0.0971388416047949,6.012182861185136,5.483056056730873,NORMAL
09:02:10,,,step_04,STI_포토,IDLE,1.2416582187985885,-0.0003887543403798,0.0971388416047949,6.012182861185136,5.483056056730873,NORMAL
09:02:15,,,step_04,STI_포토,IDLE,1.2416582187985885,-0.0003887543403798,0.0971388416047949,6.012182861185136,5.483056056730873,NORMAL
09:02:20,,,step_04,STI_포토,IDLE,1.2416582187985885,-0.0003887543403798,0.0971388416047949,6.012182861185136,5.483056056730873,NORMAL
09:02:25,,,step_04,STI_포토,IDLE,1.2416582187985885,-0.0003887543403798,0.0971388416047949,6.012182861185136,5.483056056730873,NORMAL
09:02:30,,,step_04,STI_포토,IDLE,1.2416582187985885,-0.0003887543403798,0.0971388416047949,6.012182861185136,5.483056056730873,NORMAL
09:02:35,,,step_04,STI_포토,IDLE,1.2416582187985885,-0.0003887543403798,0.0971388416047949,6.012182861185136,5.483056056730873,NORMAL
09:02:40,,,step_04,STI_포토,IDLE,1.2416582187985885,-0.0003887543403798,0.0971388416047949,6.012182861185136,5.483056056730873,NORMAL
09:02:45,,,step_04,STI_포토,IDLE,1.2416582187985885,-0.0003887543403798,0.0971388416047949,6.012182861185136,5.483056056730873,NORMAL
09:02:50,,,step_04,STI_포토,IDLE,1.2416582187985885,-0.0003887543403798,0.0971388416047949,6.012182861185136,5.483056056730873,NORMAL
09:02:55,,,step_04,STI_포토,IDLE,1.2416582187985885,-0.0003887543403798,0.0971388416047949,6.012182861185136,5.483056056730873,NORMAL
09:03:00,,,step_04,STI_포토,IDLE,1.2416582187985885,-0.0003887543403798,0.0971388416047949,6.012182861185136,5.483056056730873,NORMAL
09:03:05,,,step_04,STI_포토,IDLE,1.2416582187985885,-0.0003887543403798,0.0971388416047949,6.012182861185136,5.483056056730873,NORMAL
09:03:10,,,step_04,STI_포토,IDLE,1.2416582187985885,-0.0003887543403798,0.0971388416047949,6.012182861185136,5.483056056730873,NORMAL
09:03:15,,,step_04,STI_포토,IDLE,1.2416582187985885,-0.0003887543403798,0.0971388416047949,6.012182861185136,5.483056056730873,NORMAL
09:03:20,,,step_04,STI_포토,IDLE,1.2416582187985885,-0.0003887543403798,0.0971388416047949,6.012182861185136,5.483056056730873,NORMAL
09:03:25,,,step_04,STI_포토,IDLE,1.2416582187985885,-0.0003887543403798,0.0971388416047949,6.012182861185136,5.483056056730873,NORMAL
09:03:30,,,step_04,STI_포토,IDLE,1.2416582187985885,-0.0003887543403798,0.0971388416047949,6.012182861185136,5.483056056730873,NORMAL
09:03:35,,,step_04,STI_포토,IDLE,1.2416582187985885,-0.0003887543403798,0.0971388416047949,6.012182861185136,5.483056056730873,NORMAL
09:03:40,,,step_04,STI_포토,IDLE,1.2416582187985885,-0.0003887543403798,0.0971388416047949,6.012182861185136,5.483056056730873,NORMAL
09:03:45,,,step_04,STI_포토,IDLE,1.2416582187985885,-0.0003887543403798,0.0971388416047949,6.012182861185136,5.483056056730873,NORMAL
09:03:50,,,step_04,STI_포토,IDLE,1.2416582187985885,-0.0003887543403798,0.0971388416047949,6.012182861185136,5.483056056730873,NORMAL
09:03:55,,,step_04,STI_포토,IDLE,1.2416582187985885,-0.0003887543403798,0.0971388416047949,6.012182861185136,5.483056056730873,NORMAL
09:04:00,,,step_04,STI_포토,IDLE,1.2416582187985885,-0.0003887543403798,0.0971388416047949,6.012182861185136,5.483056056730873,NORMAL
09:04:05,,,step_04,STI_포토,IDLE,1.2416582187985885,-0.0003887543403798,0.0971388416047949,6.012182861185136,5.483056056730873,NORMAL
09:04:10,,,step_04,STI_포토,IDLE,1.2416582187985885,-0.0003887543403798,0.0971388416047949,6.012182861185136,5.483056056730873,NORMAL
09:04:15,,,step_04,STI_포토,IDLE,1.2416582187985885,-0.0003887543403798,0.0971388416047949,6.012182861185136,5.483056056730873,NORMAL
09:04:20,,,step_04,STI_포토,IDLE,1.2416582187985885,-0.0003887543403798,0.0971388416047949,6.012182861185136,5.483056056730873,NORMAL
09:04:25,,,step_04,STI_포토,IDLE,1.2416582187985885,-0.0003887543403798,0.0971388416047949,6.012182861185136,5.483056056730873,NORMAL
09:04:30,,,step_04,STI_포토,IDLE,1.2416582187985885,-0.0003887543403798,0.0971388416047949,6.012182861185136,5.483056056730873,NORMAL
09:04:35,,,step_04,STI_포토,IDLE,1.2416582187985885,-0.0003887543403798,0.0971388416047949,6.012182861185136,5.483056056730873,NORMAL
09:04:40,,,step_04,STI_포토,IDLE,1.2416582187985885,-0.0003887543403798,0.0971388416047949,6.012182861185136,5.483056056730873,NORMAL
09:04:45,,,step_04,STI_포토,IDLE,1.2416582187985885,-0.0003887543403798,0.0971388416047949,6.012182861185136,5.483056056730873,NORMAL
09:04:50,,,step_04,STI_포토,IDLE,1.2416582187985885,-0.0003887543403798,0.0971388416047949,6.012182861185136,5.483056056730873,NORMAL
09:04:55,,,step_04,STI_포토,IDLE,1.2416582187985885,-0.0003887543403798,0.0971388416047949,6.012182861185136,5.483056056730873,NORMAL
09:05:00,,,step_04,STI_포토,IDLE,1.2416582187985885,-0.0003887543403798,0.0971388416047949,6.012182861185136,5.483056056730873,NORMAL
09:05:05,,,step_04,STI_포토,IDLE,1.2416582187985885,-0.0003887543403798,0.0971388416047949,6.012182861185136,5.483056056730873,NORMAL
09:05:10,,,step_04,STI_포토,IDLE,1.2416582187985885,-0.0003887543403798,0.0971388416047949,6.012182861185136,5.483056056730873,NORMAL
09:05:15,,,step_04,STI_포토,IDLE,1.2416582187985885,-0.0003887543403798,0.0971388416047949,6.012182861185136,5.483056056730873,NORMAL
09:05:20,,,step_04,STI_포토,IDLE,1.2416582187985885,-0.0003887543403798,0.0971388416047949,6.012182861185136,5.483056056730873,NORMAL
09:05:25,,,step_04,STI_포토,IDLE,1.2416582187985885,-0.0003887543403798,0.0971388416047949,6.012182861185136,5.483056056730873,NORMAL
09:05:30,,,step_04,STI_포토,IDLE,1.2416582187985885,-0.0003887543403798,0.0971388416047949,6.012182861185136,5.483056056730873,NORMAL
09:05:35,,,step_04,STI_포토,IDLE,1.2416582187985885,-0.0003887543403798,0.0971388416047949,6.012182861185136,5.483056056730873,NORMAL
09:05:40,,,step_04,STI_포토,IDLE,1.2416582187985885,-0.0003887543403798,0.0971388416047949,6.012182861185136,5.483056056730873,NORMAL
09:05:45,,,step_04,STI_포토,IDLE,1.2416582187985885,-0.0003887543403798,0.0971388416047949,6.012182861185136,5.483056056730873,NORMAL
09:05:50,,,step_04,STI_포토,IDLE,1.2416582187985885,-0.0003887543403798,0.0971388416047949,6.012182861185136,5.483056056730873,NORMAL
09:05:55,,,step_04,STI_포토,IDLE,1.2416582187985885,-0.0003887543403798,0.0971388416047949,6.012182861185136,5.483056056730873,NORMAL
09:06:00,,,step_04,STI_포토,IDLE,1.2416582187985885,-0.0003887543403798,0.0971388416047949,6.012182861185136,5.483056056730873,NORMAL
09:06:05,,,step_04,STI_포토,IDLE,1.2416582187985885,-0.0003887543403798,0.0971388416047949,6.012182861185136,5.483056056730873,NORMAL
09:06:10,,,step_04,STI_포토,IDLE,1.2416582187985885,-0.0003887543403798,0.0971388416047949,6.012182861185136,5.483056056730873,NORMAL
09:06:15,,,step_04,STI_포토,IDLE,1.2416582187985885,-0.0003887543403798,0.0971388416047949,6.012182861185136,5.483056056730873,NORMAL
09:06:20,,,step_04,STI_포토,IDLE,1.2416582187985885,-0.0003887543403798,0.0971388416047949,6.012182861185136,5.483056056730873,NORMAL
09:06:25,,,step_04,STI_포토,IDLE,1.2416582187985885,-0.0003887543403798,0.0971388416047949,6.012182861185136,5.483056056730873,NORMAL
09:06:30,,,step_04,STI_포토,IDLE,1.2416582187985885,-0.0003887543403798,0.0971388416047949,6.012182861185136,5.483056056730873,NORMAL
09:06:35,,,step_04,STI_포토,IDLE,1.2416582187985885,-0.0003887543403798,0.0971388416047949,6.012182861185136,5.483056056730873,NORMAL
09:06:40,,,step_04,STI_포토,IDLE,1.2416582187985885,-0.0003887543403798,0.0971388416047949,6.012182861185136,5.483056056730873,NORMAL
09:06:45,,,step_04,STI_포토,IDLE,1.2416582187985885,-0.0003887543403798,0.0971388416047949,6.012182861185136,5.483056056730873,NORMAL
09:06:50,,,step_04,STI_포토,IDLE,1.2416582187985885,-0.0003887543403798,0.0971388416047949,6.012182861185136,5.483056056730873,NORMAL
09:06:55,,,step_04,STI_포토,IDLE,1.2416582187985885,-0.0003887543403798,0.0971388416047949,6.012182861185136,5.483056056730873,NORMAL
09:07:00,,,step_04,STI_포토,IDLE,1.2416582187985885,-0.0003887543403798,0.0971388416047949,6.012182861185136,5.483056056730873,NORMAL
09:07:05,,,step_04,STI_포토,IDLE,1.2416582187985885,-0.0003887543403798,0.0971388416047949,6.012182861185136,5.483056056730873,NORMAL
09:07:10,,,step_04,STI_포토,IDLE,1.2416582187985885,-0.0003887543403798,0.0971388416047949,6.012182861185136,5.483056056730873,NORMAL
09:07:15,,,step_04,STI_포토,IDLE,1.2416582187985885,-0.0003887543403798,0.0971388416047949,6.012182861185136,5.483056056730873,NORMAL
09:07:20,,,step_04,STI_포토,IDLE,1.2416582187985885,-0.0003887543403798,0.0971388416047949,6.012182861185136,5.483056056730873,NORMAL
09:07:25,,,step_04,STI_포토,IDLE,1.2416582187985885,-0.0003887543403798,0.0971388416047949,6.012182861185136,5.483056056730873,NORMAL
09:07:30,LOT-20260812-A01,W01,step_04,STI_포토,IDLE,1.2416582187985885,-0.0003887543403798,0.0971388416047949,6.012182861185136,5.483056056730873,NORMAL
09:07:35,LOT-20260812-A01,W02,step_04,STI_포토,IDLE,1.2480490955966956,-0.0003697907140198,0.0971388416047949,5.945489579660029,5.445375303832394,NORMAL
09:07:40,LOT-20260812-A01,W03,step_04,STI_포토,IDLE,1.275036042887395,-0.0003697907140198,0.1021203206614511,5.950723019963953,5.461035126151345,NORMAL
09:07:45,LOT-20260812-A01,W04,step_04,STI_포토,IDLE,1.2358616299131218,-0.0003697907140198,0.1021203206614511,5.951512814018266,5.528137116671492,NORMAL
09:07:50,LOT-20260812-A01,W05,step_04,STI_포토,IDLE,1.2742216818606478,-0.0003887543403798,0.0993736042267276,6.005526765873697,5.447705208710762,NORMAL
09:07:55,LOT-20260812-A01,W06,step_04,STI_포토,IDLE,1.245169577682619,-0.0003697907140198,0.1021203206614511,5.96868423619085,5.436085114620206,NORMAL
09:08:00,LOT-20260812-A01,W07,step_04,STI_포토,IDLE,1.269881481636426,-0.0003887543403798,0.0971388416047949,6.024703195948776,5.474799000818644,NORMAL
09:08:05,LOT-20260812-A01,W08,step_04,STI_포토,IDLE,1.228897774857537,-0.0003887543403798,0.1021203206614511,5.857268666854781,5.529278220100394,NORMAL
09:08:10,LOT-20260812-A01,W09,step_04,STI_포토,IDLE,1.2587885630174698,-0.0003887543403798,0.0979964742220583,5.95715740674361,5.492123127680125,NORMAL
09:08:15,LOT-20260812-A01,W10,step_04,STI_포토,IDLE,1.2389484479607855,-0.0003697907140198,0.1021203206614511,5.943697301954448,5.481416756875375,NORMAL
09:08:20,LOT-20260812-A01,W11,step_04,STI_포토,IDLE,1.2287709921211372,-0.0003697907140198,0.1021203206614511,5.987182966081376,5.501774351900624,NORMAL
09:08:25,LOT-20260812-A01,W12,step_04,STI_포토,IDLE,1.2532780106361645,-0.0003887543403798,0.0971388416047949,5.9730976120754935,5.430171702685614,NORMAL
09:08:30,LOT-20260812-A01,W13,step_04,STI_포토,IDLE,1.2651420768289394,-0.0003887543403798,0.1021203206614511,6.039892188994789,5.519788226151001,NORMAL
09:08:35,LOT-20260812-A01,W14,step_04,STI_포토,IDLE,1.2373258784210976,-0.0003697907140198,0.0971388416047949,5.907033161416997,5.515337401256145,NORMAL
09:08:40,LOT-20260812-A01,W15,step_04,STI_포토,IDLE,1.227514760593124,-0.0003697907140198,0.1021203206614511,6.002274573816537,5.483627661036171,NORMAL
09:08:45,LOT-20260812-A01,W16,step_04,STI_포토,IDLE,1.2486223285349756,-0.0003887543403798,0.0971388416047949,6.027916821160585,5.540236980471857,NORMAL
09:08:50,LOT-20260812-A01,W17,step_04,STI_포토,IDLE,1.2486884700683425,-0.0003887543403798,0.0975730125217471,6.092832371828098,5.454900156041878,NORMAL
09:08:55,LOT-20260812-A01,W18,step_04,STI_포토,IDLE,1.2582247944133176,-0.0003697907140198,0.0971388416047949,5.975911701445327,5.545116359730143,NORMAL
09:09:00,LOT-20260812-A01,W19,step_04,STI_포토,IDLE,1.2642439185704673,-0.0003887543403798,0.0971388416047949,6.0162229302176256,5.50617974662381,NORMAL
09:09:05,LOT-20260812-A01,W20,step_04,STI_포토,IDLE,1.2491087722809129,-0.0003697907140198,0.0971388416047949,5.909806860371882,5.486537896404873,NORMAL
09:09:10,LOT-20260812-A01,W21,step_04,STI_포토,RAMP,1.3613301988876558,0.0086797463523221,0.0756941461850611,5.521608759137395,5.49682021834107,NORMAL
09:09:15,LOT-20260812-A01,W22,step_04,STI_포토,RAMP,2.5134540846721176,-0.0056947305475356,0.1945075613684448,12.16895487515634,10.982837637470247,NORMAL
09:09:20,LOT-20260812-A01,W23,step_04,STI_포토,RAMP,3.729214409639586,-0.0074073709262986,0.3383116645789162,17.998887941270386,16.695245263426834,NORMAL
09:09:25,LOT-20260812-A01,W24,step_04,STI_포토,RAMP,4.903305958453831,0.0031343586591944,0.408304134056025,24.23570253795969,21.82773133960464,NORMAL
09:09:30,LOT-20260812-A01,W25,step_04,STI_포토,RAMP,6.23424042878103,-0.0027145722451764,0.5123070661360446,29.72531942220605,27.377996921736543,NORMAL
09:09:35,LOT-20260812-A01,W01,step_04,STI_포토,RAMP,7.479816783275332,-0.0012729501109704,0.5561792244461775,36.10398042790575,33.1658084627316,NORMAL
09:09:40,LOT-20260812-A01,W02,step_04,STI_포토,RAMP,8.807618287776888,-0.0031246255125244,0.6647698364158907,42.37376356810877,38.40471441037058,NORMAL
09:09:45,LOT-20260812-A01,W03,step_04,STI_포토,RAMP,10.02774901744401,-0.00103920056307,0.8719490007340525,48.08394112167145,44.144085292373056,NORMAL
09:09:50,LOT-20260812-A01,W04,step_04,STI_포토,RAMP,11.179237852702045,0.0063941524483853,0.87059195860947,54.05531630111821,49.77190975728139,NORMAL
09:09:55,LOT-20260812-A01,W05,step_04,STI_포토,RAMP,12.510335263184665,0.0032085138344724,1.0662483300822918,60.00171121616487,54.93571279568934,NORMAL
09:10:00,LOT-20260812-B02,W01,step_04,STI_포토,RAMP,13.790291870303744,0.0034488940475479,1.0902775520447652,65.68582370857482,60.60901797225205,NORMAL
09:10:05,LOT-20260812-B02,W02,step_04,STI_포토,RAMP,15.09168188156327,-0.0056649082231705,1.20009151744574,72.27111458714207,65.81540923498562,NORMAL
09:10:10,LOT-20260812-B02,W03,step_04,STI_포토,RAMP,16.303250238044843,-0.0046046149462114,1.3428146064091973,77.87782847203898,71.62075732769085,NORMAL
09:10:15,LOT-20260812-B02,W04,step_04,STI_포토,RAMP,17.545650799258688,-0.0113563146379417,1.4508756968775465,84.1008966512766,77.03190783775788,NORMAL
09:10:20,LOT-20260812-B02,W05,step_04,STI_포토,RAMP,18.75360515967691,-0.003237523284331,1.4955674975888364,89.68739313868575,82.57568612514564,NORMAL
09:10:25,LOT-20260812-B02,W06,step_04,STI_포토,RAMP,20.023298720325407,0.0038268127455426,1.5844702778591384,95.76410806709843,87.89670846847433,NORMAL
09:10:30,LOT-20260812-B02,W07,step_04,STI_포토,RAMP,21.32497029404237,0.0020677860629934,1.6977631820591117,102.28701747984444,93.23422665350924,NORMAL
09:10:35,LOT-20260812-B02,W08,step_04,STI_포토,RAMP,22.420033356151222,-0.0008860530518084,1.8135183011292848,107.93053954220844,99.08052033035992,NORMAL
09:10:40,LOT-20260812-B02,W09,step_04,STI_포토,RAMP,23.729033640366985,-8.920113487221221e-05,1.93565214747479,114.2906550952085,104.16985549560329,NORMAL
09:10:45,LOT-20260812-B02,W10,step_04,STI_포토,RAMP,24.953645875074624,-0.0027555421703016,2.000169194359766,119.9843538681883,109.9492239212412,NORMAL
09:10:50,LOT-20260812-B02,W11,step_04,STI_포토,ACTIVE,25.034123780685352,0.0002938874215601,2.037133177881389,119.44743066811264,110.2258836479408,NORMAL
09:10:55,LOT-20260812-B02,W12,step_04,STI_포토,ACTIVE,25.11071999580857,0.0002938874215601,2.039747006311611,120.26762027991953,110.04605545660952,NORMAL
09:11:00,LOT-20260812-B02,W13,step_04,STI_포토,ACTIVE,24.946272314195102,0.0002795514497767,2.022878576735887,119.82303230467332,110.46760223474956,NORMAL
09:11:05,LOT-20260812-B02,W14,step_04,STI_포토,ACTIVE,24.78487260692775,0.0002938874215601,2.018699171360286,120.20960664405511,110.24602619661962,NORMAL
09:11:10,LOT-20260812-B02,W15,step_04,STI_포토,ACTIVE,24.9629001329478,0.0002938874215601,1.9402471523451907,120.00756326026205,109.84306438680186,NORMAL
09:11:15,LOT-20260812-B02,W16,step_04,STI_포토,ACTIVE,25.082212635881568,0.0002795514497767,1.9402471523451907,119.53706453161712,110.00655521116434,NORMAL
09:11:20,LOT-20260812-B02,W17,step_04,STI_포토,ACTIVE,25.04838669126549,0.0002938874215601,2.02330254375381,120.04928842961117,109.98863103138932,NORMAL
09:11:25,LOT-20260812-B02,W18,step_04,STI_포토,ACTIVE,25.03853676230295,0.0002938874215601,1.994310546123148,120.65886694264584,109.62027757679692,NORMAL
09:11:30,LOT-20260812-B02,W19,step_04,STI_포토,ACTIVE,24.974800602831294,0.0002795514497767,1.9691130395051155,120.14789593755434,109.77430426004376,NORMAL
09:11:35,LOT-20260812-B02,W20,step_04,STI_포토,ACTIVE,24.88488723374022,0.0002938874215601,2.0146118122511805,119.98274467409836,109.86541738232484,NORMAL
09:11:40,LOT-20260812-B02,W21,step_04,STI_포토,ACTIVE,25.0463764889462,0.0002795514497767,1.9963757762481853,120.32260302058708,109.51130707931458,NORMAL
09:11:45,LOT-20260812-B02,W22,step_04,STI_포토,ACTIVE,24.924914637096883,0.0002938874215601,2.039747006311611,120.06320053956094,110.0113984323804,NORMAL
09:11:50,LOT-20260812-B02,W23,step_04,STI_포토,ACTIVE,25.196568706004243,0.0002938874215601,2.0051666520955385,120.06286026907884,109.94022275728328,NORMAL
09:11:55,LOT-20260812-B02,W24,step_04,STI_포토,ACTIVE,25.051345648751905,0.0002938874215601,1.95518460289579,119.67251244835226,109.59850546368524,NORMAL
09:12:00,LOT-20260812-B02,W25,step_04,STI_포토,ACTIVE,24.947741652770144,0.0002795514497767,2.039747006311611,120.07015440773688,110.09701108766656,NORMAL
09:12:05,LOT-20260812-B02,W01,step_04,STI_포토,ACTIVE,24.944975327735023,0.0002938874215601,1.986972135503228,120.31063302492508,110.17180945872585,NORMAL
09:12:10,LOT-20260812-B02,W02,step_04,STI_포토,ACTIVE,24.991635021404772,0.0002938874215601,2.0315922010203384,119.74918135437,110.05448827492758,NORMAL
09:12:15,LOT-20260812-B02,W03,step_04,STI_포토,ACTIVE,24.97844482701804,0.0002938874215601,1.971355357628432,120.42734874637408,109.92222363794984,NORMAL
09:12:20,LOT-20260812-B02,W04,step_04,STI_포토,ACTIVE,25.100515039797692,0.0002938874215601,1.9610103868701536,119.97248819275646,110.14194611642044,NORMAL
09:12:25,LOT-20260812-B02,W05,step_04,STI_포토,ACTIVE,25.01677745527697,0.0002795514497767,2.0050500938111417,119.73366914653845,110.1632528865144,NORMAL
09:12:30,LOT-20260812-B02,W06,step_04,STI_포토,ACTIVE,24.934153143498232,0.0002938874215601,2.000769718612621,120.29928962307608,110.07377685673272,NORMAL
09:12:35,LOT-20260812-B02,W07,step_04,STI_포토,ACTIVE,25.17013966166402,0.0002938874215601,2.02878962212201,119.91396172927853,109.80209305989564,NORMAL
09:12:40,LOT-20260812-B02,W08,step_04,STI_포토,ACTIVE,25.00443774983682,0.0002795514497767,1.9838812548014155,120.22785446624584,110.06638418372268,NORMAL
09:12:45,LOT-20260812-B02,W09,step_04,STI_포토,ACTIVE,25.0691955708372,0.0002938874215601,1.9402471523451907,119.91247241032244,110.28691535619812,NORMAL
09:12:50,LOT-20260812-B02,W10,step_04,STI_포토,ACTIVE,24.94525961432997,0.0002795514497767,1.974033566984697,119.98205215694102,109.8568090259332,NORMAL
09:12:55,LOT-20260812-B02,W11,step_04,STI_포토,ACTIVE,25.032680406497008,0.0002795514497767,2.039747006311611,120.1480680613003,110.50350544139178,NORMAL
09:13:00,LOT-20260812-C03,W01,step_04,STI_포토,ACTIVE,25.02799989920289,0.0002938874215601,1.9821574352454137,120.087269117277,109.87384857584352,NORMAL
09:13:05,LOT-20260812-C03,W02,step_04,STI_포토,ACTIVE,24.829931563711348,0.0002938874215601,1.985216995849127,119.40134046586448,110.00777768320164,NORMAL
09:13:10,LOT-20260812-C03,W03,step_04,STI_포토,ACTIVE,25.18137475994146,0.0002795514497767,2.039747006311611,119.66362687797168,109.83860345695848,NORMAL
09:13:15,LOT-20260812-C03,W04,step_04,STI_포토,ACTIVE,25.11615800148303,0.0002938874215601,1.957281606364465,120.27882299543724,110.05358500062086,NORMAL
09:13:20,LOT-20260812-C03,W05,step_04,STI_포토,ACTIVE,24.96425242154686,0.0002938874215601,1.9402471523451907,119.96035902332952,109.58186679376752,NORMAL
09:13:25,LOT-20260812-C03,W06,step_04,STI_포토,ACTIVE,24.90079572335897,0.0002795514497767,1.9903621328284704,119.84288060916856,109.868949968284,NORMAL
09:13:30,LOT-20260812-C03,W07,step_04,STI_포토,ACTIVE,25.03128054524232,0.0002795514497767,1.970949562925076,119.59242779542276,109.73789091191634,NORMAL
09:13:35,LOT-20260812-C03,W08,step_04,STI_포토,ACTIVE,25.00780279294729,0.0002795514497767,1.9420252208148048,119.67607910361724,110.03248120349414,NORMAL
09:13:40,LOT-20260812-C03,W09,step_04,STI_포토,ACTIVE,25.03201020537069,0.0002795514497767,1.9894772926460784,119.39346040801142,110.23866737012214,NORMAL
09:13:45,LOT-20260812-C03,W10,step_04,STI_포토,ACTIVE,25.01724196565747,0.0002938874215601,2.029490338834807,119.96961578438956,110.15504148490749,NORMAL
09:13:50,LOT-20260812-C03,W11,step_04,STI_포토,ACTIVE,25.04556168903753,0.0002795514497767,1.9994426863059311,119.82046872582568,109.43080175339388,NORMAL
09:13:55,LOT-20260812-C03,W12,step_04,STI_포토,ACTIVE,25.130257512945263,0.0002795514497767,2.0184188643611742,119.7100236327044,110.4900967167027,NORMAL
09:14:00,LOT-20260812-C03,W13,step_04,STI_포토,ACTIVE,25.051129288461578,0.0002795514497767,2.039747006311611,119.9795629724496,110.070867185749,NORMAL
09:14:05,LOT-20260812-C03,W14,step_04,STI_포토,ACTIVE,24.905531005098105,0.0002795514497767,1.979427268306546,120.10919118925582,109.81364020628168,NORMAL
09:14:10,LOT-20260812-C03,W15,step_04,STI_포토,ACTIVE,25.12263065674412,0.0002938874215601,2.0167009180786803,120.62795937966298,110.03771070055782,NORMAL
09:14:15,LOT-20260812-C03,W16,step_04,STI_포토,ACTIVE,25.147655310713947,0.0002795514497767,1.969447198244052,119.54643497413105,110.04228555740065,NORMAL
09:14:20,LOT-20260812-C03,W17,step_04,STI_포토,ACTIVE,25.283685106106088,0.0002938874215601,1.9492184168067817,120.34781431299017,109.83995630793164,NORMAL
09:14:25,LOT-20260812-C03,W18,step_04,STI_포토,ACTIVE,24.89888553700844,0.0002795514497767,1.9649055407949336,120.29193046830451,110.0475000001621,NORMAL
09:14:30,LOT-20260812-C03,W19,step_04,STI_포토,ACTIVE,25.021859381183525,0.0002938874215601,1.9712744857086988,119.766272178187,109.85420665097112,NORMAL
09:14:35,LOT-20260812-C03,W20,step_04,STI_포토,ACTIVE,24.81261111671299,0.0002795514497767,2.021568547852828,120.0609707863758,109.9029531217544,NORMAL
09:14:40,LOT-20260812-C03,W21,step_04,STI_포토,ACTIVE,25.04978342407413,0.0002938874215601,2.039747006311611,119.86271002519872,109.83529300741878,NORMAL
09:14:45,LOT-20260812-C03,W22,step_04,STI_포토,ACTIVE,24.95066197316499,0.0002938874215601,1.957037393823449,120.05570657412562,109.65615889046248,NORMAL
09:14:50,LOT-20260812-C03,W23,step_04,STI_포토,ACTIVE,25.173110121534247,0.0002938874215601,1.975002481663072,120.45273930402136,110.03500075285169,NORMAL
09:14:55,LOT-20260812-C03,W24,step_04,STI_포토,ACTIVE,24.93028465269833,0.0002795514497767,1.9962126192133247,120.1816818697894,110.14047186476392,NORMAL
09:15:00,LOT-20260812-C03,W25,step_04,STI_포토,ACTIVE,24.847973526582948,0.0002795514497767,2.023747930922585,120.15258251197004,110.12357206305832,NORMAL
09:15:05,LOT-20260812-C03,W01,step_04,STI_포토,ACTIVE,24.95758626333677,0.0002938874215601,2.015813048717287,119.8709072040136,110.19678206063246,NORMAL
09:15:10,LOT-20260812-C03,W02,step_04,STI_포토,ACTIVE,24.822206100590456,0.0002795514497767,2.039747006311611,119.5547830005227,110.07784165040356,NORMAL
09:15:15,LOT-20260812-C03,W03,step_04,STI_포토,ACTIVE,25.06759895090566,0.0002938874215601,1.9402471523451907,119.93745953683788,109.87214588042794,NORMAL
09:15:20,LOT-20260812-C03,W04,step_04,STI_포토,ACTIVE,24.81414252583693,0.0002938874215601,1.9402471523451907,120.36198244645918,110.20151932746349,NORMAL
09:15:25,LOT-20260812-C03,W05,step_04,STI_포토,ACTIVE,25.002561182306483,0.0002795514497767,1.970247309679391,119.5418496430231,109.67419579043792,NORMAL
09:15:30,LOT-20260812-C03,W06,step_04,STI_포토,ACTIVE,24.812996936212944,0.0002938874215601,2.039747006311611,119.683473189547,109.783838868197,NORMAL
09:15:35,LOT-20260812-C03,W07,step_04,STI_포토,ACTIVE,24.971173197591703,0.0002795514497767,1.9402471523451907,120.03788032087022,109.76859198285842,NORMAL
09:15:40,LOT-20260812-C03,W08,step_04,STI_포토,ACTIVE,25.147904034022407,0.0002795514497767,1.9402471523451907,119.70460356454582,110.25921345419344,NORMAL
09:15:45,LOT-20260812-C03,W09,step_04,STI_포토,ACTIVE,25.03245831022922,0.0002938874215601,2.034270764373153,119.76224296586544,110.22626924339362,NORMAL
09:15:50,,,step_04,STI_포토,IDLE,25.03245831022922,0.0002938874215601,2.034270764373153,119.76224296586544,110.22626924339362,NORMAL
09:15:55,,,step_04,STI_포토,IDLE,25.03245831022922,0.0002938874215601,2.034270764373153,119.76224296586544,110.22626924339362,NORMAL
09:16:00,,,step_04,STI_포토,IDLE,25.03245831022922,0.0002938874215601,2.034270764373153,119.76224296586544,110.22626924339362,NORMAL
09:16:05,,,step_04,STI_포토,IDLE,25.03245831022922,0.0002938874215601,2.034270764373153,119.76224296586544,110.22626924339362,NORMAL
09:16:10,,,step_04,STI_포토,IDLE,25.03245831022922,0.0002938874215601,2.034270764373153,119.76224296586544,110.22626924339362,NORMAL
09:16:15,,,step_04,STI_포토,IDLE,25.03245831022922,0.0002938874215601,2.034270764373153,119.76224296586544,110.22626924339362,NORMAL
09:16:20,,,step_04,STI_포토,IDLE,25.03245831022922,0.0002938874215601,2.034270764373153,119.76224296586544,110.22626924339362,NORMAL
09:16:25,,,step_04,STI_포토,IDLE,25.03245831022922,0.0002938874215601,2.034270764373153,119.76224296586544,110.22626924339362,NORMAL
09:16:30,,,step_04,STI_포토,IDLE,25.03245831022922,0.0002938874215601,2.034270764373153,119.76224296586544,110.22626924339362,NORMAL
09:16:35,,,step_04,STI_포토,IDLE,25.03245831022922,0.0002938874215601,2.034270764373153,119.76224296586544,110.22626924339362,NORMAL
09:16:40,,,step_04,STI_포토,IDLE,25.03245831022922,0.0002938874215601,2.034270764373153,119.76224296586544,110.22626924339362,NORMAL
09:16:45,,,step_04,STI_포토,IDLE,25.03245831022922,0.0002938874215601,2.034270764373153,119.76224296586544,110.22626924339362,NORMAL
09:16:50,,,step_04,STI_포토,IDLE,25.03245831022922,0.0002938874215601,2.034270764373153,119.76224296586544,110.22626924339362,NORMAL
09:16:55,,,step_04,STI_포토,IDLE,25.03245831022922,0.0002938874215601,2.034270764373153,119.76224296586544,110.22626924339362,NORMAL
09:17:00,,,step_04,STI_포토,IDLE,25.03245831022922,0.0002938874215601,2.034270764373153,119.76224296586544,110.22626924339362,NORMAL
09:17:05,,,step_04,STI_포토,IDLE,25.03245831022922,0.0002938874215601,2.034270764373153,119.76224296586544,110.22626924339362,NORMAL
09:17:10,,,step_04,STI_포토,IDLE,25.03245831022922,0.0002938874215601,2.034270764373153,119.76224296586544,110.22626924339362,NORMAL
09:17:15,,,step_04,STI_포토,IDLE,25.03245831022922,0.0002938874215601,2.034270764373153,119.76224296586544,110.22626924339362,NORMAL
09:17:20,,,step_04,STI_포토,IDLE,25.03245831022922,0.0002938874215601,2.034270764373153,119.76224296586544,110.22626924339362,NORMAL
09:17:25,,,step_04,STI_포토,IDLE,25.03245831022922,0.0002938874215601,2.034270764373153,119.76224296586544,110.22626924339362,NORMAL
09:17:30,,,step_04,STI_포토,IDLE,25.03245831022922,0.0002938874215601,2.034270764373153,119.76224296586544,110.22626924339362,NORMAL
09:17:35,,,step_04,STI_포토,IDLE,25.03245831022922,0.0002938874215601,2.034270764373153,119.76224296586544,110.22626924339362,NORMAL
09:17:40,,,step_04,STI_포토,IDLE,25.03245831022922,0.0002938874215601,2.034270764373153,119.76224296586544,110.22626924339362,NORMAL
09:17:45,,,step_04,STI_포토,IDLE,25.03245831022922,0.0002938874215601,2.034270764373153,119.76224296586544,110.22626924339362,NORMAL
09:17:50,,,step_04,STI_포토,IDLE,25.03245831022922,0.0002938874215601,2.034270764373153,119.76224296586544,110.22626924339362,NORMAL
09:17:55,,,step_04,STI_포토,IDLE,25.03245831022922,0.0002938874215601,2.034270764373153,119.76224296586544,110.22626924339362,NORMAL
09:18:00,,,step_04,STI_포토,IDLE,25.03245831022922,0.0002938874215601,2.034270764373153,119.76224296586544,110.22626924339362,NORMAL
09:18:05,,,step_04,STI_포토,IDLE,25.03245831022922,0.0002938874215601,2.034270764373153,119.76224296586544,110.22626924339362,NORMAL
09:18:10,,,step_04,STI_포토,IDLE,25.03245831022922,0.0002938874215601,2.034270764373153,119.76224296586544,110.22626924339362,NORMAL
09:18:15,,,step_04,STI_포토,IDLE,25.03245831022922,0.0002938874215601,2.034270764373153,119.76224296586544,110.22626924339362,NORMAL
09:18:20,,,step_04,STI_포토,IDLE,25.03245831022922,0.0002938874215601,2.034270764373153,119.76224296586544,110.22626924339362,NORMAL
09:18:25,,,step_04,STI_포토,IDLE,25.03245831022922,0.0002938874215601,2.034270764373153,119.76224296586544,110.22626924339362,NORMAL
09:18:30,,,step_04,STI_포토,IDLE,25.03245831022922,0.0002938874215601,2.034270764373153,119.76224296586544,110.22626924339362,NORMAL
09:18:35,,,step_04,STI_포토,IDLE,25.03245831022922,0.0002938874215601,2.034270764373153,119.76224296586544,110.22626924339362,NORMAL
09:18:40,,,step_04,STI_포토,IDLE,25.03245831022922,0.0002938874215601,2.034270764373153,119.76224296586544,110.22626924339362,NORMAL
09:18:45,,,step_04,STI_포토,IDLE,25.03245831022922,0.0002938874215601,2.034270764373153,119.76224296586544,110.22626924339362,NORMAL
09:18:50,,,step_04,STI_포토,IDLE,25.03245831022922,0.0002938874215601,2.034270764373153,119.76224296586544,110.22626924339362,NORMAL
09:18:55,,,step_04,STI_포토,IDLE,25.03245831022922,0.0002938874215601,2.034270764373153,119.76224296586544,110.22626924339362,NORMAL
09:19:00,,,step_04,STI_포토,IDLE,25.03245831022922,0.0002938874215601,2.034270764373153,119.76224296586544,110.22626924339362,NORMAL
09:19:05,,,step_04,STI_포토,IDLE,25.03245831022922,0.0002938874215601,2.034270764373153,119.76224296586544,110.22626924339362,NORMAL
09:19:10,,,step_04,STI_포토,IDLE,25.03245831022922,0.0002938874215601,2.034270764373153,119.76224296586544,110.22626924339362,NORMAL
09:19:15,,,step_04,STI_포토,IDLE,25.03245831022922,0.0002938874215601,2.034270764373153,119.76224296586544,110.22626924339362,NORMAL
09:19:20,,,step_04,STI_포토,IDLE,25.03245831022922,0.0002938874215601,2.034270764373153,119.76224296586544,110.22626924339362,NORMAL
09:19:25,,,step_04,STI_포토,IDLE,25.03245831022922,0.0002938874215601,2.034270764373153,119.76224296586544,110.22626924339362,NORMAL
09:19:30,,,step_04,STI_포토,IDLE,25.03245831022922,0.0002938874215601,2.034270764373153,119.76224296586544,110.22626924339362,NORMAL
09:19:35,,,step_04,STI_포토,IDLE,25.03245831022922,0.0002938874215601,2.034270764373153,119.76224296586544,110.22626924339362,NORMAL
09:19:40,,,step_04,STI_포토,IDLE,25.03245831022922,0.0002938874215601,2.034270764373153,119.76224296586544,110.22626924339362,NORMAL
09:19:45,,,step_04,STI_포토,IDLE,25.03245831022922,0.0002938874215601,2.034270764373153,119.76224296586544,110.22626924339362,NORMAL
09:19:50,,,step_04,STI_포토,IDLE,25.03245831022922,0.0002938874215601,2.034270764373153,119.76224296586544,110.22626924339362,NORMAL
09:19:55,,,step_04,STI_포토,IDLE,25.03245831022922,0.0002938874215601,2.034270764373153,119.76224296586544,110.22626924339362,NORMAL
09:20:00,,,step_04,STI_포토,IDLE,25.03245831022922,0.0002938874215601,2.034270764373153,119.76224296586544,110.22626924339362,NORMAL
09:20:05,,,step_04,STI_포토,IDLE,25.03245831022922,0.0002938874215601,2.034270764373153,119.76224296586544,110.22626924339362,NORMAL
09:20:10,,,step_04,STI_포토,IDLE,25.03245831022922,0.0002938874215601,2.034270764373153,119.76224296586544,110.22626924339362,NORMAL
09:20:15,,,step_04,STI_포토,IDLE,25.03245831022922,0.0002938874215601,2.034270764373153,119.76224296586544,110.22626924339362,NORMAL
09:20:20,,,step_04,STI_포토,IDLE,25.03245831022922,0.0002938874215601,2.034270764373153,119.76224296586544,110.22626924339362,NORMAL
09:20:25,,,step_04,STI_포토,IDLE,25.03245831022922,0.0002938874215601,2.034270764373153,119.76224296586544,110.22626924339362,NORMAL
09:20:30,,,step_04,STI_포토,IDLE,25.03245831022922,0.0002938874215601,2.034270764373153,119.76224296586544,110.22626924339362,NORMAL
09:20:35,,,step_04,STI_포토,IDLE,25.03245831022922,0.0002938874215601,2.034270764373153,119.76224296586544,110.22626924339362,NORMAL
09:20:40,,,step_04,STI_포토,IDLE,25.03245831022922,0.0002938874215601,2.034270764373153,119.76224296586544,110.22626924339362,NORMAL
09:20:45,,,step_04,STI_포토,IDLE,25.03245831022922,0.0002938874215601,2.034270764373153,119.76224296586544,110.22626924339362,NORMAL
09:20:50,,,step_04,STI_포토,IDLE,25.03245831022922,0.0002938874215601,2.034270764373153,119.76224296586544,110.22626924339362,NORMAL
09:20:55,,,step_04,STI_포토,IDLE,25.03245831022922,0.0002938874215601,2.034270764373153,119.76224296586544,110.22626924339362,NORMAL
09:21:00,,,step_04,STI_포토,IDLE,25.03245831022922,0.0002938874215601,2.034270764373153,119.76224296586544,110.22626924339362,NORMAL
09:21:05,,,step_04,STI_포토,IDLE,25.03245831022922,0.0002938874215601,2.034270764373153,119.76224296586544,110.22626924339362,NORMAL
09:21:10,,,step_04,STI_포토,IDLE,25.03245831022922,0.0002938874215601,2.034270764373153,119.76224296586544,110.22626924339362,NORMAL
09:21:15,,,step_04,STI_포토,IDLE,25.03245831022922,0.0002938874215601,2.034270764373153,119.76224296586544,110.22626924339362,NORMAL
09:21:20,,,step_04,STI_포토,IDLE,25.03245831022922,0.0002938874215601,2.034270764373153,119.76224296586544,110.22626924339362,NORMAL
09:21:25,,,step_04,STI_포토,IDLE,25.03245831022922,0.0002938874215601,2.034270764373153,119.76224296586544,110.22626924339362,NORMAL
09:21:30,,,step_04,STI_포토,IDLE,25.03245831022922,0.0002938874215601,2.034270764373153,119.76224296586544,110.22626924339362,NORMAL
09:21:35,,,step_04,STI_포토,IDLE,25.03245831022922,0.0002938874215601,2.034270764373153,119.76224296586544,110.22626924339362,NORMAL
09:21:40,,,step_04,STI_포토,IDLE,25.03245831022922,0.0002938874215601,2.034270764373153,119.76224296586544,110.22626924339362,NORMAL
09:21:45,,,step_04,STI_포토,IDLE,25.03245831022922,0.0002938874215601,2.034270764373153,119.76224296586544,110.22626924339362,NORMAL
09:21:50,,,step_04,STI_포토,IDLE,25.03245831022922,0.0002938874215601,2.034270764373153,119.76224296586544,110.22626924339362,NORMAL
09:21:55,,,step_04,STI_포토,IDLE,25.03245831022922,0.0002938874215601,2.034270764373153,119.76224296586544,110.22626924339362,NORMAL
09:22:00,,,step_04,STI_포토,IDLE,25.03245831022922,0.0002938874215601,2.034270764373153,119.76224296586544,110.22626924339362,NORMAL
09:22:05,,,step_04,STI_포토,IDLE,25.03245831022922,0.0002938874215601,2.034270764373153,119.76224296586544,110.22626924339362,NORMAL
09:22:10,,,step_04,STI_포토,IDLE,25.03245831022922,0.0002938874215601,2.034270764373153,119.76224296586544,110.22626924339362,NORMAL
09:22:15,,,step_04,STI_포토,IDLE,25.03245831022922,0.0002938874215601,2.034270764373153,119.76224296586544,110.22626924339362,NORMAL
09:22:20,,,step_04,STI_포토,IDLE,25.03245831022922,0.0002938874215601,2.034270764373153,119.76224296586544,110.22626924339362,NORMAL
09:22:25,,,step_04,STI_포토,IDLE,25.03245831022922,0.0002938874215601,2.034270764373153,119.76224296586544,110.22626924339362,NORMAL
09:22:30,,,step_04,STI_포토,IDLE,25.03245831022922,0.0002938874215601,2.034270764373153,119.76224296586544,110.22626924339362,NORMAL
09:22:35,,,step_04,STI_포토,IDLE,25.03245831022922,0.0002938874215601,2.034270764373153,119.76224296586544,110.22626924339362,NORMAL
09:22:40,,,step_04,STI_포토,IDLE,25.03245831022922,0.0002938874215601,2.034270764373153,119.76224296586544,110.22626924339362,NORMAL
09:22:45,,,step_04,STI_포토,IDLE,25.03245831022922,0.0002938874215601,2.034270764373153,119.76224296586544,110.22626924339362,NORMAL
09:22:50,,,step_04,STI_포토,IDLE,25.03245831022922,0.0002938874215601,2.034270764373153,119.76224296586544,110.22626924339362,NORMAL
09:22:55,,,step_04,STI_포토,IDLE,25.03245831022922,0.0002938874215601,2.034270764373153,119.76224296586544,110.22626924339362,NORMAL
09:23:00,,,step_04,STI_포토,IDLE,25.03245831022922,0.0002938874215601,2.034270764373153,119.76224296586544,110.22626924339362,NORMAL
09:23:05,,,step_04,STI_포토,IDLE,25.03245831022922,0.0002938874215601,2.034270764373153,119.76224296586544,110.22626924339362,NORMAL
09:23:10,,,step_04,STI_포토,IDLE,25.03245831022922,0.0002938874215601,2.034270764373153,119.76224296586544,110.22626924339362,NORMAL
09:23:15,,,step_04,STI_포토,IDLE,25.03245831022922,0.0002938874215601,2.034270764373153,119.76224296586544,110.22626924339362,NORMAL
09:23:20,,,step_04,STI_포토,IDLE,25.03245831022922,0.0002938874215601,2.034270764373153,119.76224296586544,110.22626924339362,NORMAL
09:23:25,,,step_04,STI_포토,IDLE,25.03245831022922,0.0002938874215601,2.034270764373153,119.76224296586544,110.22626924339362,NORMAL
09:23:30,,,step_04,STI_포토,IDLE,25.03245831022922,0.0002938874215601,2.034270764373153,119.76224296586544,110.22626924339362,NORMAL
09:23:35,,,step_04,STI_포토,IDLE,25.03245831022922,0.0002938874215601,2.034270764373153,119.76224296586544,110.22626924339362,NORMAL
09:23:40,,,step_04,STI_포토,IDLE,25.03245831022922,0.0002938874215601,2.034270764373153,119.76224296586544,110.22626924339362,NORMAL
09:23:45,,,step_04,STI_포토,IDLE,25.03245831022922,0.0002938874215601,2.034270764373153,119.76224296586544,110.22626924339362,NORMAL
09:23:50,,,step_04,STI_포토,IDLE,25.03245831022922,0.0002938874215601,2.034270764373153,119.76224296586544,110.22626924339362,NORMAL
09:23:55,,,step_04,STI_포토,IDLE,25.03245831022922,0.0002938874215601,2.034270764373153,119.76224296586544,110.22626924339362,NORMAL
09:24:00,,,step_04,STI_포토,IDLE,25.03245831022922,0.0002938874215601,2.034270764373153,119.76224296586544,110.22626924339362,NORMAL
09:24:05,,,step_04,STI_포토,IDLE,25.03245831022922,0.0002938874215601,2.034270764373153,119.76224296586544,110.22626924339362,NORMAL
09:24:10,,,step_04,STI_포토,IDLE,25.03245831022922,0.0002938874215601,2.034270764373153,119.76224296586544,110.22626924339362,NORMAL
09:24:15,,,step_04,STI_포토,IDLE,25.03245831022922,0.0002938874215601,2.034270764373153,119.76224296586544,110.22626924339362,NORMAL
09:24:20,,,step_04,STI_포토,IDLE,25.03245831022922,0.0002938874215601,2.034270764373153,119.76224296586544,110.22626924339362,NORMAL
09:24:25,,,step_04,STI_포토,IDLE,25.03245831022922,0.0002938874215601,2.034270764373153,119.76224296586544,110.22626924339362,NORMAL
09:24:30,,,step_04,STI_포토,IDLE,25.03245831022922,0.0002938874215601,2.034270764373153,119.76224296586544,110.22626924339362,NORMAL
09:24:35,,,step_04,STI_포토,IDLE,25.03245831022922,0.0002938874215601,2.034270764373153,119.76224296586544,110.22626924339362,NORMAL
09:24:40,,,step_04,STI_포토,IDLE,25.03245831022922,0.0002938874215601,2.034270764373153,119.76224296586544,110.22626924339362,NORMAL
09:24:45,,,step_04,STI_포토,IDLE,25.03245831022922,0.0002938874215601,2.034270764373153,119.76224296586544,110.22626924339362,NORMAL
09:24:50,,,step_04,STI_포토,IDLE,25.03245831022922,0.0002938874215601,2.034270764373153,119.76224296586544,110.22626924339362,NORMAL
09:24:55,,,step_04,STI_포토,IDLE,25.03245831022922,0.0002938874215601,2.034270764373153,119.76224296586544,110.22626924339362,NORMAL
09:25:00,,,step_04,STI_포토,IDLE,25.03245831022922,0.0002938874215601,2.034270764373153,119.76224296586544,110.22626924339362,NORMAL
09:25:05,,,step_04,STI_포토,IDLE,25.03245831022922,0.0002938874215601,2.034270764373153,119.76224296586544,110.22626924339362,NORMAL
09:25:10,,,step_04,STI_포토,IDLE,25.03245831022922,0.0002938874215601,2.034270764373153,119.76224296586544,110.22626924339362,NORMAL
09:25:15,,,step_04,STI_포토,IDLE,25.03245831022922,0.0002938874215601,2.034270764373153,119.76224296586544,110.22626924339362,NORMAL
09:25:20,,,step_04,STI_포토,IDLE,25.03245831022922,0.0002938874215601,2.034270764373153,119.76224296586544,110.22626924339362,NORMAL
09:25:25,,,step_04,STI_포토,IDLE,25.03245831022922,0.0002938874215601,2.034270764373153,119.76224296586544,110.22626924339362,NORMAL
09:25:30,,,step_04,STI_포토,IDLE,25.03245831022922,0.0002938874215601,2.034270764373153,119.76224296586544,110.22626924339362,NORMAL
09:25:35,,,step_04,STI_포토,IDLE,25.03245831022922,0.0002938874215601,2.034270764373153,119.76224296586544,110.22626924339362,NORMAL
09:25:40,,,step_04,STI_포토,IDLE,25.03245831022922,0.0002938874215601,2.034270764373153,119.76224296586544,110.22626924339362,NORMAL
09:25:45,,,step_04,STI_포토,IDLE,25.03245831022922,0.0002938874215601,2.034270764373153,119.76224296586544,110.22626924339362,NORMAL
09:25:50,,,step_04,STI_포토,IDLE,25.03245831022922,0.0002938874215601,2.034270764373153,119.76224296586544,110.22626924339362,NORMAL
09:25:55,,,step_04,STI_포토,IDLE,25.03245831022922,0.0002938874215601,2.034270764373153,119.76224296586544,110.22626924339362,NORMAL
09:26:00,,,step_04,STI_포토,IDLE,25.03245831022922,0.0002938874215601,2.034270764373153,119.76224296586544,110.22626924339362,NORMAL
09:26:05,,,step_04,STI_포토,IDLE,25.03245831022922,0.0002938874215601,2.034270764373153,119.76224296586544,110.22626924339362,NORMAL
09:26:10,,,step_04,STI_포토,IDLE,25.03245831022922,0.0002938874215601,2.034270764373153,119.76224296586544,110.22626924339362,NORMAL
09:26:15,,,step_04,STI_포토,IDLE,25.03245831022922,0.0002938874215601,2.034270764373153,119.76224296586544,110.22626924339362,NORMAL
09:26:20,,,step_04,STI_포토,IDLE,25.03245831022922,0.0002938874215601,2.034270764373153,119.76224296586544,110.22626924339362,NORMAL
09:26:25,,,step_04,STI_포토,IDLE,25.03245831022922,0.0002938874215601,2.034270764373153,119.76224296586544,110.22626924339362,NORMAL
09:26:30,,,step_04,STI_포토,IDLE,25.03245831022922,0.0002938874215601,2.034270764373153,119.76224296586544,110.22626924339362,NORMAL
09:26:35,,,step_04,STI_포토,IDLE,25.03245831022922,0.0002938874215601,2.034270764373153,119.76224296586544,110.22626924339362,NORMAL
09:26:40,,,step_04,STI_포토,IDLE,25.03245831022922,0.0002938874215601,2.034270764373153,119.76224296586544,110.22626924339362,NORMAL
09:26:45,,,step_04,STI_포토,IDLE,25.03245831022922,0.0002938874215601,2.034270764373153,119.76224296586544,110.22626924339362,NORMAL
09:26:50,,,step_04,STI_포토,IDLE,25.03245831022922,0.0002938874215601,2.034270764373153,119.76224296586544,110.22626924339362,NORMAL
09:26:55,,,step_04,STI_포토,IDLE,25.03245831022922,0.0002938874215601,2.034270764373153,119.76224296586544,110.22626924339362,NORMAL
09:27:00,,,step_04,STI_포토,IDLE,25.03245831022922,0.0002938874215601,2.034270764373153,119.76224296586544,110.22626924339362,NORMAL
09:27:05,,,step_04,STI_포토,IDLE,25.03245831022922,0.0002938874215601,2.034270764373153,119.76224296586544,110.22626924339362,NORMAL
09:27:10,,,step_04,STI_포토,IDLE,25.03245831022922,0.0002938874215601,2.034270764373153,119.76224296586544,110.22626924339362,NORMAL
09:27:15,,,step_04,STI_포토,IDLE,25.03245831022922,0.0002938874215601,2.034270764373153,119.76224296586544,110.22626924339362,NORMAL
09:27:20,,,step_04,STI_포토,IDLE,25.03245831022922,0.0002938874215601,2.034270764373153,119.76224296586544,110.22626924339362,NORMAL
09:27:25,,,step_04,STI_포토,IDLE,25.03245831022922,0.0002938874215601,2.034270764373153,119.76224296586544,110.22626924339362,NORMAL
09:27:30,,,step_04,STI_포토,IDLE,25.03245831022922,0.0002938874215601,2.034270764373153,119.76224296586544,110.22626924339362,NORMAL
09:27:35,,,step_04,STI_포토,IDLE,25.03245831022922,0.0002938874215601,2.034270764373153,119.76224296586544,110.22626924339362,NORMAL
09:27:40,,,step_04,STI_포토,IDLE,25.03245831022922,0.0002938874215601,2.034270764373153,119.76224296586544,110.22626924339362,NORMAL
09:27:45,,,step_04,STI_포토,IDLE,25.03245831022922,0.0002938874215601,2.034270764373153,119.76224296586544,110.22626924339362,NORMAL
09:27:50,,,step_04,STI_포토,IDLE,25.03245831022922,0.0002938874215601,2.034270764373153,119.76224296586544,110.22626924339362,NORMAL
09:27:55,,,step_04,STI_포토,IDLE,25.03245831022922,0.0002938874215601,2.034270764373153,119.76224296586544,110.22626924339362,NORMAL
09:28:00,,,step_04,STI_포토,IDLE,25.03245831022922,0.0002938874215601,2.034270764373153,119.76224296586544,110.22626924339362,NORMAL
09:28:05,,,step_04,STI_포토,IDLE,25.03245831022922,0.0002938874215601,2.034270764373153,119.76224296586544,110.22626924339362,NORMAL
09:28:10,,,step_04,STI_포토,IDLE,25.03245831022922,0.0002938874215601,2.034270764373153,119.76224296586544,110.22626924339362,NORMAL
09:28:15,,,step_04,STI_포토,IDLE,25.03245831022922,0.0002938874215601,2.034270764373153,119.76224296586544,110.22626924339362,NORMAL
09:28:20,,,step_04,STI_포토,IDLE,25.03245831022922,0.0002938874215601,2.034270764373153,119.76224296586544,110.22626924339362,NORMAL
09:28:25,,,step_04,STI_포토,IDLE,25.03245831022922,0.0002938874215601,2.034270764373153,119.76224296586544,110.22626924339362,NORMAL
09:28:30,,,step_04,STI_포토,IDLE,25.03245831022922,0.0002938874215601,2.034270764373153,119.76224296586544,110.22626924339362,NORMAL
09:28:35,,,step_04,STI_포토,IDLE,25.03245831022922,0.0002938874215601,2.034270764373153,119.76224296586544,110.22626924339362,NORMAL
09:28:40,,,step_04,STI_포토,IDLE,25.03245831022922,0.0002938874215601,2.034270764373153,119.76224296586544,110.22626924339362,NORMAL
09:28:45,,,step_04,STI_포토,IDLE,25.03245831022922,0.0002938874215601,2.034270764373153,119.76224296586544,110.22626924339362,NORMAL
09:28:50,,,step_04,STI_포토,IDLE,25.03245831022922,0.0002938874215601,2.034270764373153,119.76224296586544,110.22626924339362,NORMAL
09:28:55,,,step_04,STI_포토,IDLE,25.03245831022922,0.0002938874215601,2.034270764373153,119.76224296586544,110.22626924339362,NORMAL
09:29:00,,,step_04,STI_포토,IDLE,25.03245831022922,0.0002938874215601,2.034270764373153,119.76224296586544,110.22626924339362,NORMAL
09:29:05,,,step_04,STI_포토,IDLE,25.03245831022922,0.0002938874215601,2.034270764373153,119.76224296586544,110.22626924339362,NORMAL
09:29:10,,,step_04,STI_포토,IDLE,25.03245831022922,0.0002938874215601,2.034270764373153,119.76224296586544,110.22626924339362,NORMAL
09:29:15,,,step_04,STI_포토,IDLE,25.03245831022922,0.0002938874215601,2.034270764373153,119.76224296586544,110.22626924339362,NORMAL
09:29:20,,,step_04,STI_포토,IDLE,25.03245831022922,0.0002938874215601,2.034270764373153,119.76224296586544,110.22626924339362,NORMAL
09:29:25,,,step_04,STI_포토,IDLE,25.03245831022922,0.0002938874215601,2.034270764373153,119.76224296586544,110.22626924339362,NORMAL
09:29:30,,,step_04,STI_포토,IDLE,25.03245831022922,0.0002938874215601,2.034270764373153,119.76224296586544,110.22626924339362,NORMAL
09:29:35,,,step_04,STI_포토,IDLE,25.03245831022922,0.0002938874215601,2.034270764373153,119.76224296586544,110.22626924339362,NORMAL
09:29:40,,,step_04,STI_포토,IDLE,25.03245831022922,0.0002938874215601,2.034270764373153,119.76224296586544,110.22626924339362,NORMAL
09:29:45,,,step_04,STI_포토,IDLE,25.03245831022922,0.0002938874215601,2.034270764373153,119.76224296586544,110.22626924339362,NORMAL
09:29:50,,,step_04,STI_포토,IDLE,25.03245831022922,0.0002938874215601,2.034270764373153,119.76224296586544,110.22626924339362,NORMAL
09:29:55,,,step_04,STI_포토,IDLE,25.03245831022922,0.0002938874215601,2.034270764373153,119.76224296586544,110.22626924339362,NORMAL
09:30:00,,,step_04,STI_포토,IDLE,25.03245831022922,0.0002938874215601,2.034270764373153,119.76224296586544,110.22626924339362,NORMAL
09:30:05,,,step_04,STI_포토,IDLE,25.03245831022922,0.0002938874215601,2.034270764373153,119.76224296586544,110.22626924339362,NORMAL
09:30:10,,,step_04,STI_포토,IDLE,25.03245831022922,0.0002938874215601,2.034270764373153,119.76224296586544,110.22626924339362,NORMAL
09:30:15,,,step_04,STI_포토,IDLE,25.03245831022922,0.0002938874215601,2.034270764373153,119.76224296586544,110.22626924339362,NORMAL
09:30:20,,,step_04,STI_포토,IDLE,25.03245831022922,0.0002938874215601,2.034270764373153,119.76224296586544,110.22626924339362,NORMAL
09:30:25,,,step_04,STI_포토,IDLE,25.03245831022922,0.0002938874215601,2.034270764373153,119.76224296586544,110.22626924339362,NORMAL
09:30:30,,,step_04,STI_포토,IDLE,25.03245831022922,0.0002938874215601,2.034270764373153,119.76224296586544,110.22626924339362,NORMAL
09:30:35,,,step_04,STI_포토,IDLE,25.03245831022922,0.0002938874215601,2.034270764373153,119.76224296586544,110.22626924339362,NORMAL
09:30:40,,,step_04,STI_포토,IDLE,25.03245831022922,0.0002938874215601,2.034270764373153,119.76224296586544,110.22626924339362,NORMAL
09:30:45,,,step_04,STI_포토,IDLE,25.03245831022922,0.0002938874215601,2.034270764373153,119.76224296586544,110.22626924339362,NORMAL
09:30:50,,,step_04,STI_포토,IDLE,25.03245831022922,0.0002938874215601,2.034270764373153,119.76224296586544,110.22626924339362,NORMAL
09:30:55,,,step_04,STI_포토,IDLE,25.03245831022922,0.0002938874215601,2.034270764373153,119.76224296586544,110.22626924339362,NORMAL
09:31:00,,,step_04,STI_포토,IDLE,25.03245831022922,0.0002938874215601,2.034270764373153,119.76224296586544,110.22626924339362,NORMAL
09:31:05,,,step_04,STI_포토,IDLE,25.03245831022922,0.0002938874215601,2.034270764373153,119.76224296586544,110.22626924339362,NORMAL
09:31:10,,,step_04,STI_포토,IDLE,25.03245831022922,0.0002938874215601,2.034270764373153,119.76224296586544,110.22626924339362,NORMAL
09:31:15,,,step_04,STI_포토,IDLE,25.03245831022922,0.0002938874215601,2.034270764373153,119.76224296586544,110.22626924339362,NORMAL
09:31:20,,,step_04,STI_포토,IDLE,25.03245831022922,0.0002938874215601,2.034270764373153,119.76224296586544,110.22626924339362,NORMAL
09:31:25,,,step_04,STI_포토,IDLE,25.03245831022922,0.0002938874215601,2.034270764373153,119.76224296586544,110.22626924339362,NORMAL
09:31:30,,,step_04,STI_포토,IDLE,25.03245831022922,0.0002938874215601,2.034270764373153,119.76224296586544,110.22626924339362,NORMAL
09:31:35,,,step_04,STI_포토,IDLE,25.03245831022922,0.0002938874215601,2.034270764373153,119.76224296586544,110.22626924339362,NORMAL
09:31:40,,,step_04,STI_포토,IDLE,25.03245831022922,0.0002938874215601,2.034270764373153,119.76224296586544,110.22626924339362,NORMAL
09:31:45,,,step_04,STI_포토,IDLE,25.03245831022922,0.0002938874215601,2.034270764373153,119.76224296586544,110.22626924339362,NORMAL
09:31:50,,,step_04,STI_포토,IDLE,25.03245831022922,0.0002938874215601,2.034270764373153,119.76224296586544,110.22626924339362,NORMAL
09:31:55,,,step_04,STI_포토,IDLE,25.03245831022922,0.0002938874215601,2.034270764373153,119.76224296586544,110.22626924339362,NORMAL
09:32:00,,,step_04,STI_포토,IDLE,25.03245831022922,0.0002938874215601,2.034270764373153,119.76224296586544,110.22626924339362,NORMAL
09:32:05,,,step_04,STI_포토,IDLE,25.03245831022922,0.0002938874215601,2.034270764373153,119.76224296586544,110.22626924339362,NORMAL
09:32:10,,,step_04,STI_포토,IDLE,25.03245831022922,0.0002938874215601,2.034270764373153,119.76224296586544,110.22626924339362,NORMAL
09:32:15,,,step_04,STI_포토,IDLE,25.03245831022922,0.0002938874215601,2.034270764373153,119.76224296586544,110.22626924339362,NORMAL
09:32:20,,,step_04,STI_포토,IDLE,25.03245831022922,0.0002938874215601,2.034270764373153,119.76224296586544,110.22626924339362,NORMAL
09:32:25,,,step_04,STI_포토,IDLE,25.03245831022922,0.0002938874215601,2.034270764373153,119.76224296586544,110.22626924339362,NORMAL
09:32:30,,,step_04,STI_포토,IDLE,25.03245831022922,0.0002938874215601,2.034270764373153,119.76224296586544,110.22626924339362,NORMAL
09:32:35,,,step_04,STI_포토,IDLE,25.03245831022922,0.0002938874215601,2.034270764373153,119.76224296586544,110.22626924339362,NORMAL
09:32:40,,,step_04,STI_포토,IDLE,25.03245831022922,0.0002938874215601,2.034270764373153,119.76224296586544,110.22626924339362,NORMAL
09:32:45,,,step_04,STI_포토,IDLE,25.03245831022922,0.0002938874215601,2.034270764373153,119.76224296586544,110.22626924339362,NORMAL
09:32:50,,,step_04,STI_포토,IDLE,25.03245831022922,0.0002938874215601,2.034270764373153,119.76224296586544,110.22626924339362,NORMAL
09:32:55,,,step_04,STI_포토,IDLE,25.03245831022922,0.0002938874215601,2.034270764373153,119.76224296586544,110.22626924339362,NORMAL
09:33:00,,,step_04,STI_포토,IDLE,25.03245831022922,0.0002938874215601,2.034270764373153,119.76224296586544,110.22626924339362,NORMAL
09:33:05,,,step_04,STI_포토,IDLE,25.03245831022922,0.0002938874215601,2.034270764373153,119.76224296586544,110.22626924339362,NORMAL
09:33:10,,,step_04,STI_포토,IDLE,25.03245831022922,0.0002938874215601,2.034270764373153,119.76224296586544,110.22626924339362,NORMAL
09:33:15,,,step_04,STI_포토,IDLE,25.03245831022922,0.0002938874215601,2.034270764373153,119.76224296586544,110.22626924339362,NORMAL
09:33:20,,,step_04,STI_포토,IDLE,25.03245831022922,0.0002938874215601,2.034270764373153,119.76224296586544,110.22626924339362,NORMAL
09:33:25,,,step_04,STI_포토,IDLE,25.03245831022922,0.0002938874215601,2.034270764373153,119.76224296586544,110.22626924339362,NORMAL
09:33:30,,,step_04,STI_포토,IDLE,25.03245831022922,0.0002938874215601,2.034270764373153,119.76224296586544,110.22626924339362,NORMAL
09:33:35,,,step_04,STI_포토,IDLE,25.03245831022922,0.0002938874215601,2.034270764373153,119.76224296586544,110.22626924339362,NORMAL
09:33:40,,,step_04,STI_포토,IDLE,25.03245831022922,0.0002938874215601,2.034270764373153,119.76224296586544,110.22626924339362,NORMAL
09:33:45,,,step_04,STI_포토,IDLE,25.03245831022922,0.0002938874215601,2.034270764373153,119.76224296586544,110.22626924339362,NORMAL
09:33:50,,,step_04,STI_포토,IDLE,25.03245831022922,0.0002938874215601,2.034270764373153,119.76224296586544,110.22626924339362,NORMAL
09:33:55,,,step_04,STI_포토,IDLE,25.03245831022922,0.0002938874215601,2.034270764373153,119.76224296586544,110.22626924339362,NORMAL
09:34:00,,,step_04,STI_포토,IDLE,25.03245831022922,0.0002938874215601,2.034270764373153,119.76224296586544,110.22626924339362,NORMAL
09:34:05,,,step_04,STI_포토,IDLE,25.03245831022922,0.0002938874215601,2.034270764373153,119.76224296586544,110.22626924339362,NORMAL
09:34:10,,,step_04,STI_포토,IDLE,25.03245831022922,0.0002938874215601,2.034270764373153,119.76224296586544,110.22626924339362,NORMAL
09:34:15,,,step_04,STI_포토,IDLE,25.03245831022922,0.0002938874215601,2.034270764373153,119.76224296586544,110.22626924339362,NORMAL
09:34:20,,,step_04,STI_포토,IDLE,25.03245831022922,0.0002938874215601,2.034270764373153,119.76224296586544,110.22626924339362,NORMAL
09:34:25,,,step_04,STI_포토,IDLE,25.03245831022922,0.0002938874215601,2.034270764373153,119.76224296586544,110.22626924339362,NORMAL
09:34:30,,,step_04,STI_포토,IDLE,25.03245831022922,0.0002938874215601,2.034270764373153,119.76224296586544,110.22626924339362,NORMAL
09:34:35,,,step_04,STI_포토,IDLE,25.03245831022922,0.0002938874215601,2.034270764373153,119.76224296586544,110.22626924339362,NORMAL
09:34:40,,,step_04,STI_포토,IDLE,25.03245831022922,0.0002938874215601,2.034270764373153,119.76224296586544,110.22626924339362,NORMAL
09:34:45,,,step_04,STI_포토,IDLE,25.03245831022922,0.0002938874215601,2.034270764373153,119.76224296586544,110.22626924339362,NORMAL
09:34:50,,,step_04,STI_포토,IDLE,25.03245831022922,0.0002938874215601,2.034270764373153,119.76224296586544,110.22626924339362,NORMAL
09:34:55,,,step_04,STI_포토,IDLE,25.03245831022922,0.0002938874215601,2.034270764373153,119.76224296586544,110.22626924339362,NORMAL
09:35:00,,,step_04,STI_포토,IDLE,25.03245831022922,0.0002938874215601,2.034270764373153,119.76224296586544,110.22626924339362,NORMAL
09:35:05,,,step_04,STI_포토,IDLE,25.03245831022922,0.0002938874215601,2.034270764373153,119.76224296586544,110.22626924339362,NORMAL
09:35:10,,,step_04,STI_포토,IDLE,25.03245831022922,0.0002938874215601,2.034270764373153,119.76224296586544,110.22626924339362,NORMAL
09:35:15,,,step_04,STI_포토,IDLE,25.03245831022922,0.0002938874215601,2.034270764373153,119.76224296586544,110.22626924339362,NORMAL
09:35:20,,,step_04,STI_포토,IDLE,25.03245831022922,0.0002938874215601,2.034270764373153,119.76224296586544,110.22626924339362,NORMAL
09:35:25,,,step_04,STI_포토,IDLE,25.03245831022922,0.0002938874215601,2.034270764373153,119.76224296586544,110.22626924339362,NORMAL
09:35:30,,,step_04,STI_포토,IDLE,25.03245831022922,0.0002938874215601,2.034270764373153,119.76224296586544,110.22626924339362,NORMAL
09:35:35,,,step_04,STI_포토,IDLE,25.03245831022922,0.0002938874215601,2.034270764373153,119.76224296586544,110.22626924339362,NORMAL
09:35:40,,,step_04,STI_포토,IDLE,25.03245831022922,0.0002938874215601,2.034270764373153,119.76224296586544,110.22626924339362,NORMAL
09:35:45,,,step_04,STI_포토,IDLE,25.03245831022922,0.0002938874215601,2.034270764373153,119.76224296586544,110.22626924339362,NORMAL
09:35:50,,,step_04,STI_포토,IDLE,25.03245831022922,0.0002938874215601,2.034270764373153,119.76224296586544,110.22626924339362,NORMAL
09:35:55,,,step_04,STI_포토,IDLE,25.03245831022922,0.0002938874215601,2.034270764373153,119.76224296586544,110.22626924339362,NORMAL
09:36:00,,,step_04,STI_포토,IDLE,25.03245831022922,0.0002938874215601,2.034270764373153,119.76224296586544,110.22626924339362,NORMAL
09:36:05,,,step_04,STI_포토,IDLE,25.03245831022922,0.0002938874215601,2.034270764373153,119.76224296586544,110.22626924339362,NORMAL
09:36:10,,,step_04,STI_포토,IDLE,25.03245831022922,0.0002938874215601,2.034270764373153,119.76224296586544,110.22626924339362,NORMAL
09:36:15,,,step_04,STI_포토,IDLE,25.03245831022922,0.0002938874215601,2.034270764373153,119.76224296586544,110.22626924339362,NORMAL
09:36:20,,,step_04,STI_포토,IDLE,25.03245831022922,0.0002938874215601,2.034270764373153,119.76224296586544,110.22626924339362,NORMAL
09:36:25,,,step_04,STI_포토,IDLE,25.03245831022922,0.0002938874215601,2.034270764373153,119.76224296586544,110.22626924339362,NORMAL
09:36:30,,,step_04,STI_포토,IDLE,25.03245831022922,0.0002938874215601,2.034270764373153,119.76224296586544,110.22626924339362,NORMAL
09:36:35,,,step_04,STI_포토,IDLE,25.03245831022922,0.0002938874215601,2.034270764373153,119.76224296586544,110.22626924339362,NORMAL
09:36:40,,,step_04,STI_포토,IDLE,25.03245831022922,0.0002938874215601,2.034270764373153,119.76224296586544,110.22626924339362,NORMAL
09:36:45,,,step_04,STI_포토,IDLE,25.03245831022922,0.0002938874215601,2.034270764373153,119.76224296586544,110.22626924339362,NORMAL
09:36:50,,,step_04,STI_포토,IDLE,25.03245831022922,0.0002938874215601,2.034270764373153,119.76224296586544,110.22626924339362,NORMAL
09:36:55,,,step_04,STI_포토,IDLE,25.03245831022922,0.0002938874215601,2.034270764373153,119.76224296586544,110.22626924339362,NORMAL
09:37:00,,,step_04,STI_포토,IDLE,25.03245831022922,0.0002938874215601,2.034270764373153,119.76224296586544,110.22626924339362,NORMAL
09:37:05,,,step_04,STI_포토,IDLE,25.03245831022922,0.0002938874215601,2.034270764373153,119.76224296586544,110.22626924339362,NORMAL
09:37:10,,,step_04,STI_포토,IDLE,25.03245831022922,0.0002938874215601,2.034270764373153,119.76224296586544,110.22626924339362,NORMAL
09:37:15,,,step_04,STI_포토,IDLE,25.03245831022922,0.0002938874215601,2.034270764373153,119.76224296586544,110.22626924339362,NORMAL
09:37:20,,,step_04,STI_포토,IDLE,25.03245831022922,0.0002938874215601,2.034270764373153,119.76224296586544,110.22626924339362,NORMAL
09:37:25,,,step_04,STI_포토,IDLE,25.03245831022922,0.0002938874215601,2.034270764373153,119.76224296586544,110.22626924339362,NORMAL
09:37:30,,,step_04,STI_포토,IDLE,25.03245831022922,0.0002938874215601,2.034270764373153,119.76224296586544,110.22626924339362,NORMAL
09:37:35,,,step_04,STI_포토,IDLE,25.03245831022922,0.0002938874215601,2.034270764373153,119.76224296586544,110.22626924339362,NORMAL
09:37:40,,,step_04,STI_포토,IDLE,25.03245831022922,0.0002938874215601,2.034270764373153,119.76224296586544,110.22626924339362,NORMAL
09:37:45,,,step_04,STI_포토,IDLE,25.03245831022922,0.0002938874215601,2.034270764373153,119.76224296586544,110.22626924339362,NORMAL
09:37:50,,,step_04,STI_포토,IDLE,25.03245831022922,0.0002938874215601,2.034270764373153,119.76224296586544,110.22626924339362,NORMAL
09:37:55,,,step_04,STI_포토,IDLE,25.03245831022922,0.0002938874215601,2.034270764373153,119.76224296586544,110.22626924339362,NORMAL
09:38:00,,,step_04,STI_포토,IDLE,25.03245831022922,0.0002938874215601,2.034270764373153,119.76224296586544,110.22626924339362,NORMAL
09:38:05,,,step_04,STI_포토,IDLE,25.03245831022922,0.0002938874215601,2.034270764373153,119.76224296586544,110.22626924339362,NORMAL
09:38:10,,,step_04,STI_포토,IDLE,25.03245831022922,0.0002938874215601,2.034270764373153,119.76224296586544,110.22626924339362,NORMAL
09:38:15,,,step_04,STI_포토,IDLE,25.03245831022922,0.0002938874215601,2.034270764373153,119.76224296586544,110.22626924339362,NORMAL
09:38:20,,,step_04,STI_포토,IDLE,25.03245831022922,0.0002938874215601,2.034270764373153,119.76224296586544,110.22626924339362,NORMAL
09:38:25,,,step_04,STI_포토,IDLE,25.03245831022922,0.0002938874215601,2.034270764373153,119.76224296586544,110.22626924339362,NORMAL
09:38:30,,,step_04,STI_포토,IDLE,25.03245831022922,0.0002938874215601,2.034270764373153,119.76224296586544,110.22626924339362,NORMAL
09:38:35,,,step_04,STI_포토,IDLE,25.03245831022922,0.0002938874215601,2.034270764373153,119.76224296586544,110.22626924339362,NORMAL
09:38:40,,,step_04,STI_포토,IDLE,25.03245831022922,0.0002938874215601,2.034270764373153,119.76224296586544,110.22626924339362,NORMAL
09:38:45,,,step_04,STI_포토,IDLE,25.03245831022922,0.0002938874215601,2.034270764373153,119.76224296586544,110.22626924339362,NORMAL
09:38:50,,,step_04,STI_포토,IDLE,25.03245831022922,0.0002938874215601,2.034270764373153,119.76224296586544,110.22626924339362,NORMAL
09:38:55,,,step_04,STI_포토,IDLE,25.03245831022922,0.0002938874215601,2.034270764373153,119.76224296586544,110.22626924339362,NORMAL
09:39:00,,,step_04,STI_포토,IDLE,25.03245831022922,0.0002938874215601,2.034270764373153,119.76224296586544,110.22626924339362,NORMAL
09:39:05,,,step_04,STI_포토,IDLE,25.03245831022922,0.0002938874215601,2.034270764373153,119.76224296586544,110.22626924339362,NORMAL
09:39:10,,,step_04,STI_포토,IDLE,25.03245831022922,0.0002938874215601,2.034270764373153,119.76224296586544,110.22626924339362,NORMAL
09:39:15,,,step_04,STI_포토,IDLE,25.03245831022922,0.0002938874215601,2.034270764373153,119.76224296586544,110.22626924339362,NORMAL
09:39:20,,,step_04,STI_포토,IDLE,25.03245831022922,0.0002938874215601,2.034270764373153,119.76224296586544,110.22626924339362,NORMAL
09:39:25,,,step_04,STI_포토,IDLE,25.03245831022922,0.0002938874215601,2.034270764373153,119.76224296586544,110.22626924339362,NORMAL
09:39:30,,,step_04,STI_포토,IDLE,25.03245831022922,0.0002938874215601,2.034270764373153,119.76224296586544,110.22626924339362,NORMAL
09:39:35,,,step_04,STI_포토,IDLE,25.03245831022922,0.0002938874215601,2.034270764373153,119.76224296586544,110.22626924339362,NORMAL
09:39:40,,,step_04,STI_포토,IDLE,25.03245831022922,0.0002938874215601,2.034270764373153,119.76224296586544,110.22626924339362,NORMAL
09:39:45,,,step_04,STI_포토,IDLE,25.03245831022922,0.0002938874215601,2.034270764373153,119.76224296586544,110.22626924339362,NORMAL
09:39:50,,,step_04,STI_포토,IDLE,25.03245831022922,0.0002938874215601,2.034270764373153,119.76224296586544,110.22626924339362,NORMAL
09:39:55,,,step_04,STI_포토,IDLE,25.03245831022922,0.0002938874215601,2.034270764373153,119.76224296586544,110.22626924339362,NORMAL
09:40:00,,,step_04,STI_포토,IDLE,25.03245831022922,0.0002938874215601,2.034270764373153,119.76224296586544,110.22626924339362,NORMAL
09:40:05,,,step_04,STI_포토,IDLE,25.03245831022922,0.0002938874215601,2.034270764373153,119.76224296586544,110.22626924339362,NORMAL
09:40:10,,,step_04,STI_포토,IDLE,25.03245831022922,0.0002938874215601,2.034270764373153,119.76224296586544,110.22626924339362,NORMAL
09:40:15,,,step_04,STI_포토,IDLE,25.03245831022922,0.0002938874215601,2.034270764373153,119.76224296586544,110.22626924339362,NORMAL
09:40:20,,,step_04,STI_포토,IDLE,25.03245831022922,0.0002938874215601,2.034270764373153,119.76224296586544,110.22626924339362,NORMAL
09:40:25,,,step_04,STI_포토,IDLE,25.03245831022922,0.0002938874215601,2.034270764373153,119.76224296586544,110.22626924339362,NORMAL
09:40:30,,,step_04,STI_포토,IDLE,25.03245831022922,0.0002938874215601,2.034270764373153,119.76224296586544,110.22626924339362,NORMAL
09:40:35,,,step_04,STI_포토,IDLE,25.03245831022922,0.0002938874215601,2.034270764373153,119.76224296586544,110.22626924339362,NORMAL
09:40:40,,,step_04,STI_포토,IDLE,25.03245831022922,0.0002938874215601,2.034270764373153,119.76224296586544,110.22626924339362,NORMAL
09:40:45,,,step_04,STI_포토,IDLE,25.03245831022922,0.0002938874215601,2.034270764373153,119.76224296586544,110.22626924339362,NORMAL
09:40:50,,,step_04,STI_포토,IDLE,25.03245831022922,0.0002938874215601,2.034270764373153,119.76224296586544,110.22626924339362,NORMAL
09:40:55,,,step_04,STI_포토,IDLE,25.03245831022922,0.0002938874215601,2.034270764373153,119.76224296586544,110.22626924339362,NORMAL
09:41:00,,,step_04,STI_포토,IDLE,25.03245831022922,0.0002938874215601,2.034270764373153,119.76224296586544,110.22626924339362,NORMAL
09:41:05,,,step_04,STI_포토,IDLE,25.03245831022922,0.0002938874215601,2.034270764373153,119.76224296586544,110.22626924339362,NORMAL
09:41:10,,,step_04,STI_포토,IDLE,25.03245831022922,0.0002938874215601,2.034270764373153,119.76224296586544,110.22626924339362,NORMAL
09:41:15,,,step_04,STI_포토,IDLE,25.03245831022922,0.0002938874215601,2.034270764373153,119.76224296586544,110.22626924339362,NORMAL
09:41:20,,,step_04,STI_포토,IDLE,25.03245831022922,0.0002938874215601,2.034270764373153,119.76224296586544,110.22626924339362,NORMAL
09:41:25,,,step_04,STI_포토,IDLE,25.03245831022922,0.0002938874215601,2.034270764373153,119.76224296586544,110.22626924339362,NORMAL
09:41:30,,,step_04,STI_포토,IDLE,25.03245831022922,0.0002938874215601,2.034270764373153,119.76224296586544,110.22626924339362,NORMAL
09:41:35,,,step_04,STI_포토,IDLE,25.03245831022922,0.0002938874215601,2.034270764373153,119.76224296586544,110.22626924339362,NORMAL
09:41:40,,,step_04,STI_포토,IDLE,25.03245831022922,0.0002938874215601,2.034270764373153,119.76224296586544,110.22626924339362,NORMAL
09:41:45,,,step_04,STI_포토,IDLE,25.03245831022922,0.0002938874215601,2.034270764373153,119.76224296586544,110.22626924339362,NORMAL
09:41:50,,,step_04,STI_포토,IDLE,25.03245831022922,0.0002938874215601,2.034270764373153,119.76224296586544,110.22626924339362,NORMAL
09:41:55,,,step_04,STI_포토,IDLE,25.03245831022922,0.0002938874215601,2.034270764373153,119.76224296586544,110.22626924339362,NORMAL
09:42:00,,,step_04,STI_포토,IDLE,25.03245831022922,0.0002938874215601,2.034270764373153,119.76224296586544,110.22626924339362,NORMAL
09:42:05,,,step_04,STI_포토,IDLE,25.03245831022922,0.0002938874215601,2.034270764373153,119.76224296586544,110.22626924339362,NORMAL
09:42:10,,,step_04,STI_포토,IDLE,25.03245831022922,0.0002938874215601,2.034270764373153,119.76224296586544,110.22626924339362,NORMAL
09:42:15,,,step_04,STI_포토,IDLE,25.03245831022922,0.0002938874215601,2.034270764373153,119.76224296586544,110.22626924339362,NORMAL
09:42:20,,,step_04,STI_포토,IDLE,25.03245831022922,0.0002938874215601,2.034270764373153,119.76224296586544,110.22626924339362,NORMAL
09:42:25,,,step_04,STI_포토,IDLE,25.03245831022922,0.0002938874215601,2.034270764373153,119.76224296586544,110.22626924339362,NORMAL
09:42:30,,,step_04,STI_포토,IDLE,25.03245831022922,0.0002938874215601,2.034270764373153,119.76224296586544,110.22626924339362,NORMAL
09:42:35,,,step_04,STI_포토,IDLE,25.03245831022922,0.0002938874215601,2.034270764373153,119.76224296586544,110.22626924339362,NORMAL
09:42:40,,,step_04,STI_포토,IDLE,25.03245831022922,0.0002938874215601,2.034270764373153,119.76224296586544,110.22626924339362,NORMAL
09:42:45,,,step_04,STI_포토,IDLE,25.03245831022922,0.0002938874215601,2.034270764373153,119.76224296586544,110.22626924339362,NORMAL
09:42:50,,,step_04,STI_포토,IDLE,25.03245831022922,0.0002938874215601,2.034270764373153,119.76224296586544,110.22626924339362,NORMAL
09:42:55,,,step_04,STI_포토,IDLE,25.03245831022922,0.0002938874215601,2.034270764373153,119.76224296586544,110.22626924339362,NORMAL
09:43:00,,,step_04,STI_포토,IDLE,25.03245831022922,0.0002938874215601,2.034270764373153,119.76224296586544,110.22626924339362,NORMAL
09:43:05,,,step_04,STI_포토,IDLE,25.03245831022922,0.0002938874215601,2.034270764373153,119.76224296586544,110.22626924339362,NORMAL
09:43:10,,,step_04,STI_포토,IDLE,25.03245831022922,0.0002938874215601,2.034270764373153,119.76224296586544,110.22626924339362,NORMAL
09:43:15,,,step_04,STI_포토,IDLE,25.03245831022922,0.0002938874215601,2.034270764373153,119.76224296586544,110.22626924339362,NORMAL
09:43:20,,,step_04,STI_포토,IDLE,25.03245831022922,0.0002938874215601,2.034270764373153,119.76224296586544,110.22626924339362,NORMAL
09:43:25,,,step_04,STI_포토,IDLE,25.03245831022922,0.0002938874215601,2.034270764373153,119.76224296586544,110.22626924339362,NORMAL
09:43:30,,,step_04,STI_포토,IDLE,25.03245831022922,0.0002938874215601,2.034270764373153,119.76224296586544,110.22626924339362,NORMAL
09:43:35,,,step_04,STI_포토,IDLE,25.03245831022922,0.0002938874215601,2.034270764373153,119.76224296586544,110.22626924339362,NORMAL
09:43:40,,,step_04,STI_포토,IDLE,25.03245831022922,0.0002938874215601,2.034270764373153,119.76224296586544,110.22626924339362,NORMAL
09:43:45,,,step_04,STI_포토,IDLE,25.03245831022922,0.0002938874215601,2.034270764373153,119.76224296586544,110.22626924339362,NORMAL
09:43:50,,,step_04,STI_포토,IDLE,25.03245831022922,0.0002938874215601,2.034270764373153,119.76224296586544,110.22626924339362,NORMAL
09:43:55,,,step_04,STI_포토,IDLE,25.03245831022922,0.0002938874215601,2.034270764373153,119.76224296586544,110.22626924339362,NORMAL
09:44:00,,,step_04,STI_포토,IDLE,25.03245831022922,0.0002938874215601,2.034270764373153,119.76224296586544,110.22626924339362,NORMAL
09:44:05,,,step_04,STI_포토,IDLE,25.03245831022922,0.0002938874215601,2.034270764373153,119.76224296586544,110.22626924339362,NORMAL
09:44:10,,,step_04,STI_포토,IDLE,25.03245831022922,0.0002938874215601,2.034270764373153,119.76224296586544,110.22626924339362,NORMAL
09:44:15,,,step_04,STI_포토,IDLE,25.03245831022922,0.0002938874215601,2.034270764373153,119.76224296586544,110.22626924339362,NORMAL
09:44:20,,,step_04,STI_포토,IDLE,25.03245831022922,0.0002938874215601,2.034270764373153,119.76224296586544,110.22626924339362,NORMAL
09:44:25,,,step_04,STI_포토,IDLE,25.03245831022922,0.0002938874215601,2.034270764373153,119.76224296586544,110.22626924339362,NORMAL
09:44:30,,,step_04,STI_포토,IDLE,25.03245831022922,0.0002938874215601,2.034270764373153,119.76224296586544,110.22626924339362,NORMAL
09:44:35,,,step_04,STI_포토,IDLE,25.03245831022922,0.0002938874215601,2.034270764373153,119.76224296586544,110.22626924339362,NORMAL
09:44:40,,,step_04,STI_포토,IDLE,25.03245831022922,0.0002938874215601,2.034270764373153,119.76224296586544,110.22626924339362,NORMAL
09:44:45,,,step_04,STI_포토,IDLE,25.03245831022922,0.0002938874215601,2.034270764373153,119.76224296586544,110.22626924339362,NORMAL
09:44:50,,,step_04,STI_포토,IDLE,25.03245831022922,0.0002938874215601,2.034270764373153,119.76224296586544,110.22626924339362,NORMAL
09:44:55,,,step_04,STI_포토,IDLE,25.03245831022922,0.0002938874215601,2.034270764373153,119.76224296586544,110.22626924339362,NORMAL
09:45:00,,,step_04,STI_포토,IDLE,25.03245831022922,0.0002938874215601,2.034270764373153,119.76224296586544,110.22626924339362,NORMAL
09:45:05,,,step_04,STI_포토,IDLE,25.03245831022922,0.0002938874215601,2.034270764373153,119.76224296586544,110.22626924339362,NORMAL
09:45:10,,,step_04,STI_포토,IDLE,25.03245831022922,0.0002938874215601,2.034270764373153,119.76224296586544,110.22626924339362,NORMAL
09:45:15,,,step_04,STI_포토,IDLE,25.03245831022922,0.0002938874215601,2.034270764373153,119.76224296586544,110.22626924339362,NORMAL
09:45:20,,,step_04,STI_포토,IDLE,25.03245831022922,0.0002938874215601,2.034270764373153,119.76224296586544,110.22626924339362,NORMAL
09:45:25,,,step_04,STI_포토,IDLE,25.03245831022922,0.0002938874215601,2.034270764373153,119.76224296586544,110.22626924339362,NORMAL
09:45:30,,,step_04,STI_포토,IDLE,25.03245831022922,0.0002938874215601,2.034270764373153,119.76224296586544,110.22626924339362,NORMAL
09:45:35,,,step_04,STI_포토,IDLE,25.03245831022922,0.0002938874215601,2.034270764373153,119.76224296586544,110.22626924339362,NORMAL
09:45:40,,,step_04,STI_포토,IDLE,25.03245831022922,0.0002938874215601,2.034270764373153,119.76224296586544,110.22626924339362,NORMAL
09:45:45,,,step_04,STI_포토,IDLE,25.03245831022922,0.0002938874215601,2.034270764373153,119.76224296586544,110.22626924339362,NORMAL
09:45:50,,,step_04,STI_포토,IDLE,25.03245831022922,0.0002938874215601,2.034270764373153,119.76224296586544,110.22626924339362,NORMAL
09:45:55,,,step_04,STI_포토,IDLE,25.03245831022922,0.0002938874215601,2.034270764373153,119.76224296586544,110.22626924339362,NORMAL
09:46:00,,,step_04,STI_포토,IDLE,25.03245831022922,0.0002938874215601,2.034270764373153,119.76224296586544,110.22626924339362,NORMAL
09:46:05,,,step_04,STI_포토,IDLE,25.03245831022922,0.0002938874215601,2.034270764373153,119.76224296586544,110.22626924339362,NORMAL
09:46:10,,,step_04,STI_포토,IDLE,25.03245831022922,0.0002938874215601,2.034270764373153,119.76224296586544,110.22626924339362,NORMAL
09:46:15,,,step_04,STI_포토,IDLE,25.03245831022922,0.0002938874215601,2.034270764373153,119.76224296586544,110.22626924339362,NORMAL
09:46:20,,,step_04,STI_포토,IDLE,25.03245831022922,0.0002938874215601,2.034270764373153,119.76224296586544,110.22626924339362,NORMAL
09:46:25,,,step_04,STI_포토,IDLE,25.03245831022922,0.0002938874215601,2.034270764373153,119.76224296586544,110.22626924339362,NORMAL
09:46:30,,,step_04,STI_포토,IDLE,25.03245831022922,0.0002938874215601,2.034270764373153,119.76224296586544,110.22626924339362,NORMAL
09:46:35,,,step_04,STI_포토,IDLE,25.03245831022922,0.0002938874215601,2.034270764373153,119.76224296586544,110.22626924339362,NORMAL
09:46:40,,,step_04,STI_포토,IDLE,25.03245831022922,0.0002938874215601,2.034270764373153,119.76224296586544,110.22626924339362,NORMAL
09:46:45,,,step_04,STI_포토,IDLE,25.03245831022922,0.0002938874215601,2.034270764373153,119.76224296586544,110.22626924339362,NORMAL
09:46:50,,,step_04,STI_포토,IDLE,25.03245831022922,0.0002938874215601,2.034270764373153,119.76224296586544,110.22626924339362,NORMAL
09:46:55,,,step_04,STI_포토,IDLE,25.03245831022922,0.0002938874215601,2.034270764373153,119.76224296586544,110.22626924339362,NORMAL
09:47:00,,,step_04,STI_포토,IDLE,25.03245831022922,0.0002938874215601,2.034270764373153,119.76224296586544,110.22626924339362,NORMAL
09:47:05,,,step_04,STI_포토,IDLE,25.03245831022922,0.0002938874215601,2.034270764373153,119.76224296586544,110.22626924339362,NORMAL
09:47:10,,,step_04,STI_포토,IDLE,25.03245831022922,0.0002938874215601,2.034270764373153,119.76224296586544,110.22626924339362,NORMAL
09:47:15,,,step_04,STI_포토,IDLE,25.03245831022922,0.0002938874215601,2.034270764373153,119.76224296586544,110.22626924339362,NORMAL
09:47:20,,,step_04,STI_포토,IDLE,25.03245831022922,0.0002938874215601,2.034270764373153,119.76224296586544,110.22626924339362,NORMAL
09:47:25,,,step_04,STI_포토,IDLE,25.03245831022922,0.0002938874215601,2.034270764373153,119.76224296586544,110.22626924339362,NORMAL
09:47:30,,,step_04,STI_포토,IDLE,25.03245831022922,0.0002938874215601,2.034270764373153,119.76224296586544,110.22626924339362,NORMAL
09:47:35,,,step_04,STI_포토,IDLE,25.03245831022922,0.0002938874215601,2.034270764373153,119.76224296586544,110.22626924339362,NORMAL
09:47:40,,,step_04,STI_포토,IDLE,25.03245831022922,0.0002938874215601,2.034270764373153,119.76224296586544,110.22626924339362,NORMAL
09:47:45,,,step_04,STI_포토,IDLE,25.03245831022922,0.0002938874215601,2.034270764373153,119.76224296586544,110.22626924339362,NORMAL
09:47:50,,,step_04,STI_포토,IDLE,25.03245831022922,0.0002938874215601,2.034270764373153,119.76224296586544,110.22626924339362,NORMAL
09:47:55,,,step_04,STI_포토,IDLE,25.03245831022922,0.0002938874215601,2.034270764373153,119.76224296586544,110.22626924339362,NORMAL
09:48:00,,,step_04,STI_포토,IDLE,25.03245831022922,0.0002938874215601,2.034270764373153,119.76224296586544,110.22626924339362,NORMAL
09:48:05,,,step_04,STI_포토,IDLE,25.03245831022922,0.0002938874215601,2.034270764373153,119.76224296586544,110.22626924339362,NORMAL
09:48:10,,,step_04,STI_포토,IDLE,25.03245831022922,0.0002938874215601,2.034270764373153,119.76224296586544,110.22626924339362,NORMAL
09:48:15,,,step_04,STI_포토,IDLE,25.03245831022922,0.0002938874215601,2.034270764373153,119.76224296586544,110.22626924339362,NORMAL
09:48:20,,,step_04,STI_포토,IDLE,25.03245831022922,0.0002938874215601,2.034270764373153,119.76224296586544,110.22626924339362,NORMAL
09:48:25,,,step_04,STI_포토,IDLE,25.03245831022922,0.0002938874215601,2.034270764373153,119.76224296586544,110.22626924339362,NORMAL
09:48:30,,,step_04,STI_포토,IDLE,25.03245831022922,0.0002938874215601,2.034270764373153,119.76224296586544,110.22626924339362,NORMAL
09:48:35,,,step_04,STI_포토,IDLE,25.03245831022922,0.0002938874215601,2.034270764373153,119.76224296586544,110.22626924339362,NORMAL
09:48:40,,,step_04,STI_포토,IDLE,25.03245831022922,0.0002938874215601,2.034270764373153,119.76224296586544,110.22626924339362,NORMAL
09:48:45,,,step_04,STI_포토,IDLE,25.03245831022922,0.0002938874215601,2.034270764373153,119.76224296586544,110.22626924339362,NORMAL
09:48:50,,,step_04,STI_포토,IDLE,25.03245831022922,0.0002938874215601,2.034270764373153,119.76224296586544,110.22626924339362,NORMAL
09:48:55,,,step_04,STI_포토,IDLE,25.03245831022922,0.0002938874215601,2.034270764373153,119.76224296586544,110.22626924339362,NORMAL
09:49:00,,,step_04,STI_포토,IDLE,25.03245831022922,0.0002938874215601,2.034270764373153,119.76224296586544,110.22626924339362,NORMAL
09:49:05,,,step_04,STI_포토,IDLE,25.03245831022922,0.0002938874215601,2.034270764373153,119.76224296586544,110.22626924339362,NORMAL
09:49:10,,,step_04,STI_포토,IDLE,25.03245831022922,0.0002938874215601,2.034270764373153,119.76224296586544,110.22626924339362,NORMAL
09:49:15,,,step_04,STI_포토,IDLE,25.03245831022922,0.0002938874215601,2.034270764373153,119.76224296586544,110.22626924339362,NORMAL
09:49:20,,,step_04,STI_포토,IDLE,25.03245831022922,0.0002938874215601,2.034270764373153,119.76224296586544,110.22626924339362,NORMAL
09:49:25,,,step_04,STI_포토,IDLE,25.03245831022922,0.0002938874215601,2.034270764373153,119.76224296586544,110.22626924339362,NORMAL
09:49:30,,,step_04,STI_포토,IDLE,25.03245831022922,0.0002938874215601,2.034270764373153,119.76224296586544,110.22626924339362,NORMAL
09:49:35,,,step_04,STI_포토,IDLE,25.03245831022922,0.0002938874215601,2.034270764373153,119.76224296586544,110.22626924339362,NORMAL
09:49:40,,,step_04,STI_포토,IDLE,25.03245831022922,0.0002938874215601,2.034270764373153,119.76224296586544,110.22626924339362,NORMAL
09:49:45,,,step_04,STI_포토,IDLE,25.03245831022922,0.0002938874215601,2.034270764373153,119.76224296586544,110.22626924339362,NORMAL
09:49:50,,,step_04,STI_포토,IDLE,25.03245831022922,0.0002938874215601,2.034270764373153,119.76224296586544,110.22626924339362,NORMAL
09:49:55,,,step_04,STI_포토,IDLE,25.03245831022922,0.0002938874215601,2.034270764373153,119.76224296586544,110.22626924339362,NORMAL
09:50:00,,,step_04,STI_포토,IDLE,25.03245831022922,0.0002938874215601,2.034270764373153,119.76224296586544,110.22626924339362,NORMAL
09:50:05,,,step_04,STI_포토,IDLE,25.03245831022922,0.0002938874215601,2.034270764373153,119.76224296586544,110.22626924339362,NORMAL
09:50:10,,,step_04,STI_포토,IDLE,25.03245831022922,0.0002938874215601,2.034270764373153,119.76224296586544,110.22626924339362,NORMAL
09:50:15,,,step_04,STI_포토,IDLE,25.03245831022922,0.0002938874215601,2.034270764373153,119.76224296586544,110.22626924339362,NORMAL
09:50:20,,,step_04,STI_포토,IDLE,25.03245831022922,0.0002938874215601,2.034270764373153,119.76224296586544,110.22626924339362,NORMAL
09:50:25,,,step_04,STI_포토,IDLE,25.03245831022922,0.0002938874215601,2.034270764373153,119.76224296586544,110.22626924339362,NORMAL
09:50:30,,,step_04,STI_포토,IDLE,25.03245831022922,0.0002938874215601,2.034270764373153,119.76224296586544,110.22626924339362,NORMAL
09:50:35,,,step_04,STI_포토,IDLE,25.03245831022922,0.0002938874215601,2.034270764373153,119.76224296586544,110.22626924339362,NORMAL
09:50:40,,,step_04,STI_포토,IDLE,25.03245831022922,0.0002938874215601,2.034270764373153,119.76224296586544,110.22626924339362,NORMAL
09:50:45,,,step_04,STI_포토,IDLE,25.03245831022922,0.0002938874215601,2.034270764373153,119.76224296586544,110.22626924339362,NORMAL
09:50:50,,,step_04,STI_포토,IDLE,25.03245831022922,0.0002938874215601,2.034270764373153,119.76224296586544,110.22626924339362,NORMAL
09:50:55,,,step_04,STI_포토,IDLE,25.03245831022922,0.0002938874215601,2.034270764373153,119.76224296586544,110.22626924339362,NORMAL
09:51:00,,,step_04,STI_포토,IDLE,25.03245831022922,0.0002938874215601,2.034270764373153,119.76224296586544,110.22626924339362,NORMAL
09:51:05,,,step_04,STI_포토,IDLE,25.03245831022922,0.0002938874215601,2.034270764373153,119.76224296586544,110.22626924339362,NORMAL
09:51:10,,,step_04,STI_포토,IDLE,25.03245831022922,0.0002938874215601,2.034270764373153,119.76224296586544,110.22626924339362,NORMAL
09:51:15,,,step_04,STI_포토,IDLE,25.03245831022922,0.0002938874215601,2.034270764373153,119.76224296586544,110.22626924339362,NORMAL
09:51:20,,,step_04,STI_포토,IDLE,25.03245831022922,0.0002938874215601,2.034270764373153,119.76224296586544,110.22626924339362,NORMAL
09:51:25,,,step_04,STI_포토,IDLE,25.03245831022922,0.0002938874215601,2.034270764373153,119.76224296586544,110.22626924339362,NORMAL
09:51:30,,,step_04,STI_포토,IDLE,25.03245831022922,0.0002938874215601,2.034270764373153,119.76224296586544,110.22626924339362,NORMAL
09:51:35,,,step_04,STI_포토,IDLE,25.03245831022922,0.0002938874215601,2.034270764373153,119.76224296586544,110.22626924339362,NORMAL
09:51:40,,,step_04,STI_포토,IDLE,25.03245831022922,0.0002938874215601,2.034270764373153,119.76224296586544,110.22626924339362,NORMAL
09:51:45,,,step_04,STI_포토,IDLE,25.03245831022922,0.0002938874215601,2.034270764373153,119.76224296586544,110.22626924339362,NORMAL
09:51:50,,,step_04,STI_포토,IDLE,25.03245831022922,0.0002938874215601,2.034270764373153,119.76224296586544,110.22626924339362,NORMAL
09:51:55,,,step_04,STI_포토,IDLE,25.03245831022922,0.0002938874215601,2.034270764373153,119.76224296586544,110.22626924339362,NORMAL
09:52:00,,,step_04,STI_포토,IDLE,25.03245831022922,0.0002938874215601,2.034270764373153,119.76224296586544,110.22626924339362,NORMAL
09:52:05,,,step_04,STI_포토,IDLE,25.03245831022922,0.0002938874215601,2.034270764373153,119.76224296586544,110.22626924339362,NORMAL
09:52:10,,,step_04,STI_포토,IDLE,25.03245831022922,0.0002938874215601,2.034270764373153,119.76224296586544,110.22626924339362,NORMAL
09:52:15,,,step_04,STI_포토,IDLE,25.03245831022922,0.0002938874215601,2.034270764373153,119.76224296586544,110.22626924339362,NORMAL
09:52:20,,,step_04,STI_포토,IDLE,25.03245831022922,0.0002938874215601,2.034270764373153,119.76224296586544,110.22626924339362,NORMAL
09:52:25,,,step_04,STI_포토,IDLE,25.03245831022922,0.0002938874215601,2.034270764373153,119.76224296586544,110.22626924339362,NORMAL
09:52:30,,,step_04,STI_포토,IDLE,25.03245831022922,0.0002938874215601,2.034270764373153,119.76224296586544,110.22626924339362,NORMAL
09:52:35,,,step_04,STI_포토,IDLE,25.03245831022922,0.0002938874215601,2.034270764373153,119.76224296586544,110.22626924339362,NORMAL
09:52:40,,,step_04,STI_포토,IDLE,25.03245831022922,0.0002938874215601,2.034270764373153,119.76224296586544,110.22626924339362,NORMAL
09:52:45,,,step_04,STI_포토,IDLE,25.03245831022922,0.0002938874215601,2.034270764373153,119.76224296586544,110.22626924339362,NORMAL
09:52:50,,,step_04,STI_포토,IDLE,25.03245831022922,0.0002938874215601,2.034270764373153,119.76224296586544,110.22626924339362,NORMAL
09:52:55,,,step_04,STI_포토,IDLE,25.03245831022922,0.0002938874215601,2.034270764373153,119.76224296586544,110.22626924339362,NORMAL
09:53:00,,,step_04,STI_포토,IDLE,25.03245831022922,0.0002938874215601,2.034270764373153,119.76224296586544,110.22626924339362,NORMAL
09:53:05,,,step_04,STI_포토,IDLE,25.03245831022922,0.0002938874215601,2.034270764373153,119.76224296586544,110.22626924339362,NORMAL
09:53:10,,,step_04,STI_포토,IDLE,25.03245831022922,0.0002938874215601,2.034270764373153,119.76224296586544,110.22626924339362,NORMAL
09:53:15,,,step_04,STI_포토,IDLE,25.03245831022922,0.0002938874215601,2.034270764373153,119.76224296586544,110.22626924339362,NORMAL
09:53:20,,,step_04,STI_포토,IDLE,25.03245831022922,0.0002938874215601,2.034270764373153,119.76224296586544,110.22626924339362,NORMAL
09:53:25,,,step_04,STI_포토,IDLE,25.03245831022922,0.0002938874215601,2.034270764373153,119.76224296586544,110.22626924339362,NORMAL
09:53:30,,,step_04,STI_포토,IDLE,25.03245831022922,0.0002938874215601,2.034270764373153,119.76224296586544,110.22626924339362,NORMAL
09:53:35,,,step_04,STI_포토,IDLE,25.03245831022922,0.0002938874215601,2.034270764373153,119.76224296586544,110.22626924339362,NORMAL
09:53:40,,,step_04,STI_포토,IDLE,25.03245831022922,0.0002938874215601,2.034270764373153,119.76224296586544,110.22626924339362,NORMAL
09:53:45,,,step_04,STI_포토,IDLE,25.03245831022922,0.0002938874215601,2.034270764373153,119.76224296586544,110.22626924339362,NORMAL
09:53:50,,,step_04,STI_포토,IDLE,25.03245831022922,0.0002938874215601,2.034270764373153,119.76224296586544,110.22626924339362,NORMAL
09:53:55,,,step_04,STI_포토,IDLE,25.03245831022922,0.0002938874215601,2.034270764373153,119.76224296586544,110.22626924339362,NORMAL
09:54:00,,,step_04,STI_포토,IDLE,25.03245831022922,0.0002938874215601,2.034270764373153,119.76224296586544,110.22626924339362,NORMAL
09:54:05,,,step_04,STI_포토,IDLE,25.03245831022922,0.0002938874215601,2.034270764373153,119.76224296586544,110.22626924339362,NORMAL
09:54:10,,,step_04,STI_포토,IDLE,25.03245831022922,0.0002938874215601,2.034270764373153,119.76224296586544,110.22626924339362,NORMAL
09:54:15,,,step_04,STI_포토,IDLE,25.03245831022922,0.0002938874215601,2.034270764373153,119.76224296586544,110.22626924339362,NORMAL
09:54:20,,,step_04,STI_포토,IDLE,25.03245831022922,0.0002938874215601,2.034270764373153,119.76224296586544,110.22626924339362,NORMAL
09:54:25,,,step_04,STI_포토,IDLE,25.03245831022922,0.0002938874215601,2.034270764373153,119.76224296586544,110.22626924339362,NORMAL
09:54:30,,,step_04,STI_포토,IDLE,25.03245831022922,0.0002938874215601,2.034270764373153,119.76224296586544,110.22626924339362,NORMAL
09:54:35,,,step_04,STI_포토,IDLE,25.03245831022922,0.0002938874215601,2.034270764373153,119.76224296586544,110.22626924339362,NORMAL
09:54:40,,,step_04,STI_포토,IDLE,25.03245831022922,0.0002938874215601,2.034270764373153,119.76224296586544,110.22626924339362,NORMAL
09:54:45,,,step_04,STI_포토,IDLE,25.03245831022922,0.0002938874215601,2.034270764373153,119.76224296586544,110.22626924339362,NORMAL
09:54:50,,,step_04,STI_포토,IDLE,25.03245831022922,0.0002938874215601,2.034270764373153,119.76224296586544,110.22626924339362,NORMAL
09:54:55,,,step_04,STI_포토,IDLE,25.03245831022922,0.0002938874215601,2.034270764373153,119.76224296586544,110.22626924339362,NORMAL
09:55:00,,,step_04,STI_포토,IDLE,25.03245831022922,0.0002938874215601,2.034270764373153,119.76224296586544,110.22626924339362,NORMAL
09:55:05,,,step_04,STI_포토,IDLE,25.03245831022922,0.0002938874215601,2.034270764373153,119.76224296586544,110.22626924339362,NORMAL
09:55:10,,,step_04,STI_포토,IDLE,25.03245831022922,0.0002938874215601,2.034270764373153,119.76224296586544,110.22626924339362,NORMAL
09:55:15,,,step_04,STI_포토,IDLE,25.03245831022922,0.0002938874215601,2.034270764373153,119.76224296586544,110.22626924339362,NORMAL
09:55:20,,,step_04,STI_포토,IDLE,25.03245831022922,0.0002938874215601,2.034270764373153,119.76224296586544,110.22626924339362,NORMAL
09:55:25,,,step_04,STI_포토,IDLE,25.03245831022922,0.0002938874215601,2.034270764373153,119.76224296586544,110.22626924339362,NORMAL
09:55:30,,,step_04,STI_포토,IDLE,25.03245831022922,0.0002938874215601,2.034270764373153,119.76224296586544,110.22626924339362,NORMAL
09:55:35,,,step_04,STI_포토,IDLE,25.03245831022922,0.0002938874215601,2.034270764373153,119.76224296586544,110.22626924339362,NORMAL
09:55:40,,,step_04,STI_포토,IDLE,25.03245831022922,0.0002938874215601,2.034270764373153,119.76224296586544,110.22626924339362,NORMAL
09:55:45,,,step_04,STI_포토,IDLE,25.03245831022922,0.0002938874215601,2.034270764373153,119.76224296586544,110.22626924339362,NORMAL
09:55:50,,,step_04,STI_포토,IDLE,25.03245831022922,0.0002938874215601,2.034270764373153,119.76224296586544,110.22626924339362,NORMAL
09:55:55,,,step_04,STI_포토,IDLE,25.03245831022922,0.0002938874215601,2.034270764373153,119.76224296586544,110.22626924339362,NORMAL
09:56:00,,,step_04,STI_포토,IDLE,25.03245831022922,0.0002938874215601,2.034270764373153,119.76224296586544,110.22626924339362,NORMAL
09:56:05,,,step_04,STI_포토,IDLE,25.03245831022922,0.0002938874215601,2.034270764373153,119.76224296586544,110.22626924339362,NORMAL
09:56:10,,,step_04,STI_포토,IDLE,25.03245831022922,0.0002938874215601,2.034270764373153,119.76224296586544,110.22626924339362,NORMAL
09:56:15,,,step_04,STI_포토,IDLE,25.03245831022922,0.0002938874215601,2.034270764373153,119.76224296586544,110.22626924339362,NORMAL
09:56:20,,,step_04,STI_포토,IDLE,25.03245831022922,0.0002938874215601,2.034270764373153,119.76224296586544,110.22626924339362,NORMAL
09:56:25,,,step_04,STI_포토,IDLE,25.03245831022922,0.0002938874215601,2.034270764373153,119.76224296586544,110.22626924339362,NORMAL
09:56:30,,,step_04,STI_포토,IDLE,25.03245831022922,0.0002938874215601,2.034270764373153,119.76224296586544,110.22626924339362,NORMAL
09:56:35,,,step_04,STI_포토,IDLE,25.03245831022922,0.0002938874215601,2.034270764373153,119.76224296586544,110.22626924339362,NORMAL
09:56:40,,,step_04,STI_포토,IDLE,25.03245831022922,0.0002938874215601,2.034270764373153,119.76224296586544,110.22626924339362,NORMAL
09:56:45,,,step_04,STI_포토,IDLE,25.03245831022922,0.0002938874215601,2.034270764373153,119.76224296586544,110.22626924339362,NORMAL
09:56:50,,,step_04,STI_포토,IDLE,25.03245831022922,0.0002938874215601,2.034270764373153,119.76224296586544,110.22626924339362,NORMAL
09:56:55,,,step_04,STI_포토,IDLE,25.03245831022922,0.0002938874215601,2.034270764373153,119.76224296586544,110.22626924339362,NORMAL
09:57:00,,,step_04,STI_포토,IDLE,25.03245831022922,0.0002938874215601,2.034270764373153,119.76224296586544,110.22626924339362,NORMAL
09:57:05,,,step_04,STI_포토,IDLE,25.03245831022922,0.0002938874215601,2.034270764373153,119.76224296586544,110.22626924339362,NORMAL
09:57:10,,,step_04,STI_포토,IDLE,25.03245831022922,0.0002938874215601,2.034270764373153,119.76224296586544,110.22626924339362,NORMAL
09:57:15,,,step_04,STI_포토,IDLE,25.03245831022922,0.0002938874215601,2.034270764373153,119.76224296586544,110.22626924339362,NORMAL
09:57:20,,,step_04,STI_포토,IDLE,25.03245831022922,0.0002938874215601,2.034270764373153,119.76224296586544,110.22626924339362,NORMAL
09:57:25,,,step_04,STI_포토,IDLE,25.03245831022922,0.0002938874215601,2.034270764373153,119.76224296586544,110.22626924339362,NORMAL
09:57:30,,,step_04,STI_포토,IDLE,25.03245831022922,0.0002938874215601,2.034270764373153,119.76224296586544,110.22626924339362,NORMAL
09:57:35,,,step_04,STI_포토,IDLE,25.03245831022922,0.0002938874215601,2.034270764373153,119.76224296586544,110.22626924339362,NORMAL
09:57:40,,,step_04,STI_포토,IDLE,25.03245831022922,0.0002938874215601,2.034270764373153,119.76224296586544,110.22626924339362,NORMAL
09:57:45,,,step_04,STI_포토,IDLE,25.03245831022922,0.0002938874215601,2.034270764373153,119.76224296586544,110.22626924339362,NORMAL
09:57:50,,,step_04,STI_포토,IDLE,25.03245831022922,0.0002938874215601,2.034270764373153,119.76224296586544,110.22626924339362,NORMAL
09:57:55,,,step_04,STI_포토,IDLE,25.03245831022922,0.0002938874215601,2.034270764373153,119.76224296586544,110.22626924339362,NORMAL
09:58:00,,,step_04,STI_포토,IDLE,25.03245831022922,0.0002938874215601,2.034270764373153,119.76224296586544,110.22626924339362,NORMAL
09:58:05,,,step_04,STI_포토,IDLE,25.03245831022922,0.0002938874215601,2.034270764373153,119.76224296586544,110.22626924339362,NORMAL
09:58:10,,,step_04,STI_포토,IDLE,25.03245831022922,0.0002938874215601,2.034270764373153,119.76224296586544,110.22626924339362,NORMAL
09:58:15,,,step_04,STI_포토,IDLE,25.03245831022922,0.0002938874215601,2.034270764373153,119.76224296586544,110.22626924339362,NORMAL
09:58:20,,,step_04,STI_포토,IDLE,25.03245831022922,0.0002938874215601,2.034270764373153,119.76224296586544,110.22626924339362,NORMAL
09:58:25,,,step_04,STI_포토,IDLE,25.03245831022922,0.0002938874215601,2.034270764373153,119.76224296586544,110.22626924339362,NORMAL
09:58:30,,,step_04,STI_포토,IDLE,25.03245831022922,0.0002938874215601,2.034270764373153,119.76224296586544,110.22626924339362,NORMAL
09:58:35,,,step_04,STI_포토,IDLE,25.03245831022922,0.0002938874215601,2.034270764373153,119.76224296586544,110.22626924339362,NORMAL
09:58:40,,,step_04,STI_포토,IDLE,25.03245831022922,0.0002938874215601,2.034270764373153,119.76224296586544,110.22626924339362,NORMAL
09:58:45,,,step_04,STI_포토,IDLE,25.03245831022922,0.0002938874215601,2.034270764373153,119.76224296586544,110.22626924339362,NORMAL
09:58:50,,,step_04,STI_포토,IDLE,25.03245831022922,0.0002938874215601,2.034270764373153,119.76224296586544,110.22626924339362,NORMAL
09:58:55,,,step_04,STI_포토,IDLE,25.03245831022922,0.0002938874215601,2.034270764373153,119.76224296586544,110.22626924339362,NORMAL
09:59:00,,,step_04,STI_포토,IDLE,25.03245831022922,0.0002938874215601,2.034270764373153,119.76224296586544,110.22626924339362,NORMAL
09:59:05,,,step_04,STI_포토,IDLE,25.03245831022922,0.0002938874215601,2.034270764373153,119.76224296586544,110.22626924339362,NORMAL
09:59:10,,,step_04,STI_포토,IDLE,25.03245831022922,0.0002938874215601,2.034270764373153,119.76224296586544,110.22626924339362,NORMAL
09:59:15,,,step_04,STI_포토,IDLE,25.03245831022922,0.0002938874215601,2.034270764373153,119.76224296586544,110.22626924339362,NORMAL
09:59:20,,,step_04,STI_포토,IDLE,25.03245831022922,0.0002938874215601,2.034270764373153,119.76224296586544,110.22626924339362,NORMAL
09:59:25,,,step_04,STI_포토,IDLE,25.03245831022922,0.0002938874215601,2.034270764373153,119.76224296586544,110.22626924339362,NORMAL
09:59:30,,,step_04,STI_포토,IDLE,25.03245831022922,0.0002938874215601,2.034270764373153,119.76224296586544,110.22626924339362,NORMAL
09:59:35,,,step_04,STI_포토,IDLE,25.03245831022922,0.0002938874215601,2.034270764373153,119.76224296586544,110.22626924339362,NORMAL
09:59:40,,,step_04,STI_포토,IDLE,25.03245831022922,0.0002938874215601,2.034270764373153,119.76224296586544,110.22626924339362,NORMAL
09:59:45,,,step_04,STI_포토,IDLE,25.03245831022922,0.0002938874215601,2.034270764373153,119.76224296586544,110.22626924339362,NORMAL
09:59:50,,,step_04,STI_포토,IDLE,25.03245831022922,0.0002938874215601,2.034270764373153,119.76224296586544,110.22626924339362,NORMAL
09:59:55,,,step_04,STI_포토,IDLE,25.03245831022922,0.0002938874215601,2.034270764373153,119.76224296586544,110.22626924339362,NORMAL
10:00:00,,,step_04,STI_포토,IDLE,25.03245831022922,0.0002938874215601,2.034270764373153,119.76224296586544,110.22626924339362,NORMAL
10:00:05,,,step_04,STI_포토,IDLE,25.03245831022922,0.0002938874215601,2.034270764373153,119.76224296586544,110.22626924339362,NORMAL
10:00:10,,,step_04,STI_포토,IDLE,25.03245831022922,0.0002938874215601,2.034270764373153,119.76224296586544,110.22626924339362,NORMAL
10:00:15,,,step_04,STI_포토,IDLE,25.03245831022922,0.0002938874215601,2.034270764373153,119.76224296586544,110.22626924339362,NORMAL
10:00:20,,,step_04,STI_포토,IDLE,25.03245831022922,0.0002938874215601,2.034270764373153,119.76224296586544,110.22626924339362,NORMAL
10:00:25,,,step_04,STI_포토,IDLE,25.03245831022922,0.0002938874215601,2.034270764373153,119.76224296586544,110.22626924339362,NORMAL
10:00:30,,,step_04,STI_포토,IDLE,25.03245831022922,0.0002938874215601,2.034270764373153,119.76224296586544,110.22626924339362,NORMAL
10:00:35,,,step_04,STI_포토,IDLE,25.03245831022922,0.0002938874215601,2.034270764373153,119.76224296586544,110.22626924339362,NORMAL
10:00:40,,,step_04,STI_포토,IDLE,25.03245831022922,0.0002938874215601,2.034270764373153,119.76224296586544,110.22626924339362,NORMAL
10:00:45,,,step_04,STI_포토,IDLE,25.03245831022922,0.0002938874215601,2.034270764373153,119.76224296586544,110.22626924339362,NORMAL
10:00:50,,,step_04,STI_포토,IDLE,25.03245831022922,0.0002938874215601,2.034270764373153,119.76224296586544,110.22626924339362,NORMAL
10:00:55,,,step_04,STI_포토,IDLE,25.03245831022922,0.0002938874215601,2.034270764373153,119.76224296586544,110.22626924339362,NORMAL
10:01:00,,,step_04,STI_포토,IDLE,25.03245831022922,0.0002938874215601,2.034270764373153,119.76224296586544,110.22626924339362,NORMAL
10:01:05,,,step_04,STI_포토,IDLE,25.03245831022922,0.0002938874215601,2.034270764373153,119.76224296586544,110.22626924339362,NORMAL
10:01:10,,,step_04,STI_포토,IDLE,25.03245831022922,0.0002938874215601,2.034270764373153,119.76224296586544,110.22626924339362,NORMAL
10:01:15,,,step_04,STI_포토,IDLE,25.03245831022922,0.0002938874215601,2.034270764373153,119.76224296586544,110.22626924339362,NORMAL
10:01:20,,,step_04,STI_포토,IDLE,25.03245831022922,0.0002938874215601,2.034270764373153,119.76224296586544,110.22626924339362,NORMAL
10:01:25,,,step_04,STI_포토,IDLE,25.03245831022922,0.0002938874215601,2.034270764373153,119.76224296586544,110.22626924339362,NORMAL
10:01:30,,,step_04,STI_포토,IDLE,25.03245831022922,0.0002938874215601,2.034270764373153,119.76224296586544,110.22626924339362,NORMAL
10:01:35,,,step_04,STI_포토,IDLE,25.03245831022922,0.0002938874215601,2.034270764373153,119.76224296586544,110.22626924339362,NORMAL
10:01:40,,,step_04,STI_포토,IDLE,25.03245831022922,0.0002938874215601,2.034270764373153,119.76224296586544,110.22626924339362,NORMAL
10:01:45,,,step_04,STI_포토,IDLE,25.03245831022922,0.0002938874215601,2.034270764373153,119.76224296586544,110.22626924339362,NORMAL
10:01:50,,,step_04,STI_포토,IDLE,25.03245831022922,0.0002938874215601,2.034270764373153,119.76224296586544,110.22626924339362,NORMAL
10:01:55,,,step_04,STI_포토,IDLE,25.03245831022922,0.0002938874215601,2.034270764373153,119.76224296586544,110.22626924339362,NORMAL
10:02:00,,,step_04,STI_포토,IDLE,25.03245831022922,0.0002938874215601,2.034270764373153,119.76224296586544,110.22626924339362,NORMAL
10:02:05,,,step_04,STI_포토,IDLE,25.03245831022922,0.0002938874215601,2.034270764373153,119.76224296586544,110.22626924339362,NORMAL
10:02:10,,,step_04,STI_포토,IDLE,25.03245831022922,0.0002938874215601,2.034270764373153,119.76224296586544,110.22626924339362,NORMAL
10:02:15,,,step_04,STI_포토,IDLE,25.03245831022922,0.0002938874215601,2.034270764373153,119.76224296586544,110.22626924339362,NORMAL
10:02:20,,,step_04,STI_포토,IDLE,25.03245831022922,0.0002938874215601,2.034270764373153,119.76224296586544,110.22626924339362,NORMAL
10:02:25,,,step_04,STI_포토,IDLE,25.03245831022922,0.0002938874215601,2.034270764373153,119.76224296586544,110.22626924339362,NORMAL
10:02:30,,,step_04,STI_포토,IDLE,25.03245831022922,0.0002938874215601,2.034270764373153,119.76224296586544,110.22626924339362,NORMAL
10:02:35,,,step_04,STI_포토,IDLE,25.03245831022922,0.0002938874215601,2.034270764373153,119.76224296586544,110.22626924339362,NORMAL
10:02:40,,,step_04,STI_포토,IDLE,25.03245831022922,0.0002938874215601,2.034270764373153,119.76224296586544,110.22626924339362,NORMAL
10:02:45,,,step_04,STI_포토,IDLE,25.03245831022922,0.0002938874215601,2.034270764373153,119.76224296586544,110.22626924339362,NORMAL
10:02:50,,,step_04,STI_포토,IDLE,25.03245831022922,0.0002938874215601,2.034270764373153,119.76224296586544,110.22626924339362,NORMAL
10:02:55,,,step_04,STI_포토,IDLE,25.03245831022922,0.0002938874215601,2.034270764373153,119.76224296586544,110.22626924339362,NORMAL
10:03:00,,,step_04,STI_포토,IDLE,25.03245831022922,0.0002938874215601,2.034270764373153,119.76224296586544,110.22626924339362,NORMAL
10:03:05,,,step_04,STI_포토,IDLE,25.03245831022922,0.0002938874215601,2.034270764373153,119.76224296586544,110.22626924339362,NORMAL
10:03:10,,,step_04,STI_포토,IDLE,25.03245831022922,0.0002938874215601,2.034270764373153,119.76224296586544,110.22626924339362,NORMAL
10:03:15,,,step_04,STI_포토,IDLE,25.03245831022922,0.0002938874215601,2.034270764373153,119.76224296586544,110.22626924339362,NORMAL
10:03:20,,,step_04,STI_포토,IDLE,25.03245831022922,0.0002938874215601,2.034270764373153,119.76224296586544,110.22626924339362,NORMAL
10:03:25,,,step_04,STI_포토,IDLE,25.03245831022922,0.0002938874215601,2.034270764373153,119.76224296586544,110.22626924339362,NORMAL
10:03:30,,,step_04,STI_포토,IDLE,25.03245831022922,0.0002938874215601,2.034270764373153,119.76224296586544,110.22626924339362,NORMAL
10:03:35,,,step_04,STI_포토,IDLE,25.03245831022922,0.0002938874215601,2.034270764373153,119.76224296586544,110.22626924339362,NORMAL
10:03:40,,,step_04,STI_포토,IDLE,25.03245831022922,0.0002938874215601,2.034270764373153,119.76224296586544,110.22626924339362,NORMAL
10:03:45,,,step_04,STI_포토,IDLE,25.03245831022922,0.0002938874215601,2.034270764373153,119.76224296586544,110.22626924339362,NORMAL
10:03:50,,,step_04,STI_포토,IDLE,25.03245831022922,0.0002938874215601,2.034270764373153,119.76224296586544,110.22626924339362,NORMAL
10:03:55,,,step_04,STI_포토,IDLE,25.03245831022922,0.0002938874215601,2.034270764373153,119.76224296586544,110.22626924339362,NORMAL
10:04:00,,,step_04,STI_포토,IDLE,25.03245831022922,0.0002938874215601,2.034270764373153,119.76224296586544,110.22626924339362,NORMAL
10:04:05,,,step_04,STI_포토,IDLE,25.03245831022922,0.0002938874215601,2.034270764373153,119.76224296586544,110.22626924339362,NORMAL
10:04:10,,,step_04,STI_포토,IDLE,25.03245831022922,0.0002938874215601,2.034270764373153,119.76224296586544,110.22626924339362,NORMAL
10:04:15,,,step_04,STI_포토,IDLE,25.03245831022922,0.0002938874215601,2.034270764373153,119.76224296586544,110.22626924339362,NORMAL
10:04:20,,,step_04,STI_포토,IDLE,25.03245831022922,0.0002938874215601,2.034270764373153,119.76224296586544,110.22626924339362,NORMAL
10:04:25,,,step_04,STI_포토,IDLE,25.03245831022922,0.0002938874215601,2.034270764373153,119.76224296586544,110.22626924339362,NORMAL
10:04:30,,,step_04,STI_포토,IDLE,25.03245831022922,0.0002938874215601,2.034270764373153,119.76224296586544,110.22626924339362,NORMAL
10:04:35,,,step_04,STI_포토,IDLE,25.03245831022922,0.0002938874215601,2.034270764373153,119.76224296586544,110.22626924339362,NORMAL
10:04:40,,,step_04,STI_포토,IDLE,25.03245831022922,0.0002938874215601,2.034270764373153,119.76224296586544,110.22626924339362,NORMAL
10:04:45,,,step_04,STI_포토,IDLE,25.03245831022922,0.0002938874215601,2.034270764373153,119.76224296586544,110.22626924339362,NORMAL
10:04:50,,,step_04,STI_포토,IDLE,25.03245831022922,0.0002938874215601,2.034270764373153,119.76224296586544,110.22626924339362,NORMAL
10:04:55,,,step_04,STI_포토,IDLE,25.03245831022922,0.0002938874215601,2.034270764373153,119.76224296586544,110.22626924339362,NORMAL
10:05:00,,,step_04,STI_포토,IDLE,25.03245831022922,0.0002938874215601,2.034270764373153,119.76224296586544,110.22626924339362,NORMAL
10:05:05,,,step_04,STI_포토,IDLE,25.03245831022922,0.0002938874215601,2.034270764373153,119.76224296586544,110.22626924339362,NORMAL
10:05:10,,,step_04,STI_포토,IDLE,25.03245831022922,0.0002938874215601,2.034270764373153,119.76224296586544,110.22626924339362,NORMAL
10:05:15,,,step_04,STI_포토,IDLE,25.03245831022922,0.0002938874215601,2.034270764373153,119.76224296586544,110.22626924339362,NORMAL
10:05:20,,,step_04,STI_포토,IDLE,25.03245831022922,0.0002938874215601,2.034270764373153,119.76224296586544,110.22626924339362,NORMAL
10:05:25,,,step_04,STI_포토,IDLE,25.03245831022922,0.0002938874215601,2.034270764373153,119.76224296586544,110.22626924339362,NORMAL
10:05:30,,,step_04,STI_포토,IDLE,25.03245831022922,0.0002938874215601,2.034270764373153,119.76224296586544,110.22626924339362,NORMAL
10:05:35,,,step_04,STI_포토,IDLE,25.03245831022922,0.0002938874215601,2.034270764373153,119.76224296586544,110.22626924339362,NORMAL
10:05:40,,,step_04,STI_포토,IDLE,25.03245831022922,0.0002938874215601,2.034270764373153,119.76224296586544,110.22626924339362,NORMAL
10:05:45,,,step_04,STI_포토,IDLE,25.03245831022922,0.0002938874215601,2.034270764373153,119.76224296586544,110.22626924339362,NORMAL
10:05:50,,,step_04,STI_포토,IDLE,25.03245831022922,0.0002938874215601,2.034270764373153,119.76224296586544,110.22626924339362,NORMAL
10:05:55,,,step_04,STI_포토,IDLE,25.03245831022922,0.0002938874215601,2.034270764373153,119.76224296586544,110.22626924339362,NORMAL
10:06:00,,,step_04,STI_포토,IDLE,25.03245831022922,0.0002938874215601,2.034270764373153,119.76224296586544,110.22626924339362,NORMAL
10:06:05,,,step_04,STI_포토,IDLE,25.03245831022922,0.0002938874215601,2.034270764373153,119.76224296586544,110.22626924339362,NORMAL
10:06:10,,,step_04,STI_포토,IDLE,25.03245831022922,0.0002938874215601,2.034270764373153,119.76224296586544,110.22626924339362,NORMAL
10:06:15,,,step_04,STI_포토,IDLE,25.03245831022922,0.0002938874215601,2.034270764373153,119.76224296586544,110.22626924339362,NORMAL
10:06:20,,,step_04,STI_포토,IDLE,25.03245831022922,0.0002938874215601,2.034270764373153,119.76224296586544,110.22626924339362,NORMAL
10:06:25,,,step_04,STI_포토,IDLE,25.03245831022922,0.0002938874215601,2.034270764373153,119.76224296586544,110.22626924339362,NORMAL
10:06:30,,,step_04,STI_포토,IDLE,25.03245831022922,0.0002938874215601,2.034270764373153,119.76224296586544,110.22626924339362,NORMAL
10:06:35,,,step_04,STI_포토,IDLE,25.03245831022922,0.0002938874215601,2.034270764373153,119.76224296586544,110.22626924339362,NORMAL
10:06:40,,,step_04,STI_포토,IDLE,25.03245831022922,0.0002938874215601,2.034270764373153,119.76224296586544,110.22626924339362,NORMAL
10:06:45,,,step_04,STI_포토,IDLE,25.03245831022922,0.0002938874215601,2.034270764373153,119.76224296586544,110.22626924339362,NORMAL
10:06:50,,,step_04,STI_포토,IDLE,25.03245831022922,0.0002938874215601,2.034270764373153,119.76224296586544,110.22626924339362,NORMAL
10:06:55,,,step_04,STI_포토,IDLE,25.03245831022922,0.0002938874215601,2.034270764373153,119.76224296586544,110.22626924339362,NORMAL
10:07:00,,,step_04,STI_포토,IDLE,25.03245831022922,0.0002938874215601,2.034270764373153,119.76224296586544,110.22626924339362,NORMAL
10:07:05,,,step_04,STI_포토,IDLE,25.03245831022922,0.0002938874215601,2.034270764373153,119.76224296586544,110.22626924339362,NORMAL
10:07:10,,,step_04,STI_포토,IDLE,25.03245831022922,0.0002938874215601,2.034270764373153,119.76224296586544,110.22626924339362,NORMAL
10:07:15,,,step_04,STI_포토,IDLE,25.03245831022922,0.0002938874215601,2.034270764373153,119.76224296586544,110.22626924339362,NORMAL
10:07:20,,,step_04,STI_포토,IDLE,25.03245831022922,0.0002938874215601,2.034270764373153,119.76224296586544,110.22626924339362,NORMAL
10:07:25,,,step_04,STI_포토,IDLE,25.03245831022922,0.0002938874215601,2.034270764373153,119.76224296586544,110.22626924339362,NORMAL
10:07:30,,,step_04,STI_포토,IDLE,25.03245831022922,0.0002938874215601,2.034270764373153,119.76224296586544,110.22626924339362,NORMAL
10:07:35,,,step_04,STI_포토,IDLE,25.03245831022922,0.0002938874215601,2.034270764373153,119.76224296586544,110.22626924339362,NORMAL
10:07:40,,,step_04,STI_포토,IDLE,25.03245831022922,0.0002938874215601,2.034270764373153,119.76224296586544,110.22626924339362,NORMAL
10:07:45,,,step_04,STI_포토,IDLE,25.03245831022922,0.0002938874215601,2.034270764373153,119.76224296586544,110.22626924339362,NORMAL
10:07:50,,,step_04,STI_포토,IDLE,25.03245831022922,0.0002938874215601,2.034270764373153,119.76224296586544,110.22626924339362,NORMAL
10:07:55,,,step_04,STI_포토,IDLE,25.03245831022922,0.0002938874215601,2.034270764373153,119.76224296586544,110.22626924339362,NORMAL
10:08:00,,,step_04,STI_포토,IDLE,25.03245831022922,0.0002938874215601,2.034270764373153,119.76224296586544,110.22626924339362,NORMAL
10:08:05,,,step_04,STI_포토,IDLE,25.03245831022922,0.0002938874215601,2.034270764373153,119.76224296586544,110.22626924339362,NORMAL
10:08:10,,,step_04,STI_포토,IDLE,25.03245831022922,0.0002938874215601,2.034270764373153,119.76224296586544,110.22626924339362,NORMAL
10:08:15,,,step_04,STI_포토,IDLE,25.03245831022922,0.0002938874215601,2.034270764373153,119.76224296586544,110.22626924339362,NORMAL
10:08:20,,,step_04,STI_포토,IDLE,25.03245831022922,0.0002938874215601,2.034270764373153,119.76224296586544,110.22626924339362,NORMAL
10:08:25,,,step_04,STI_포토,IDLE,25.03245831022922,0.0002938874215601,2.034270764373153,119.76224296586544,110.22626924339362,NORMAL
10:08:30,,,step_04,STI_포토,IDLE,25.03245831022922,0.0002938874215601,2.034270764373153,119.76224296586544,110.22626924339362,NORMAL
10:08:35,,,step_04,STI_포토,IDLE,25.03245831022922,0.0002938874215601,2.034270764373153,119.76224296586544,110.22626924339362,NORMAL
10:08:40,,,step_04,STI_포토,IDLE,25.03245831022922,0.0002938874215601,2.034270764373153,119.76224296586544,110.22626924339362,NORMAL
10:08:45,,,step_04,STI_포토,IDLE,25.03245831022922,0.0002938874215601,2.034270764373153,119.76224296586544,110.22626924339362,NORMAL
10:08:50,,,step_04,STI_포토,IDLE,25.03245831022922,0.0002938874215601,2.034270764373153,119.76224296586544,110.22626924339362,NORMAL
10:08:55,,,step_04,STI_포토,IDLE,25.03245831022922,0.0002938874215601,2.034270764373153,119.76224296586544,110.22626924339362,NORMAL
10:09:00,,,step_04,STI_포토,IDLE,25.03245831022922,0.0002938874215601,2.034270764373153,119.76224296586544,110.22626924339362,NORMAL
10:09:05,,,step_04,STI_포토,IDLE,25.03245831022922,0.0002938874215601,2.034270764373153,119.76224296586544,110.22626924339362,NORMAL
10:09:10,,,step_04,STI_포토,IDLE,25.03245831022922,0.0002938874215601,2.034270764373153,119.76224296586544,110.22626924339362,NORMAL
10:09:15,,,step_04,STI_포토,IDLE,25.03245831022922,0.0002938874215601,2.034270764373153,119.76224296586544,110.22626924339362,NORMAL
10:09:20,,,step_04,STI_포토,IDLE,25.03245831022922,0.0002938874215601,2.034270764373153,119.76224296586544,110.22626924339362,NORMAL
10:09:25,,,step_04,STI_포토,IDLE,25.03245831022922,0.0002938874215601,2.034270764373153,119.76224296586544,110.22626924339362,NORMAL
10:09:30,,,step_04,STI_포토,IDLE,25.03245831022922,0.0002938874215601,2.034270764373153,119.76224296586544,110.22626924339362,NORMAL
10:09:35,,,step_04,STI_포토,IDLE,25.03245831022922,0.0002938874215601,2.034270764373153,119.76224296586544,110.22626924339362,NORMAL
10:09:40,,,step_04,STI_포토,IDLE,25.03245831022922,0.0002938874215601,2.034270764373153,119.76224296586544,110.22626924339362,NORMAL
10:09:45,,,step_04,STI_포토,IDLE,25.03245831022922,0.0002938874215601,2.034270764373153,119.76224296586544,110.22626924339362,NORMAL
10:09:50,,,step_04,STI_포토,IDLE,25.03245831022922,0.0002938874215601,2.034270764373153,119.76224296586544,110.22626924339362,NORMAL
10:09:55,,,step_04,STI_포토,IDLE,25.03245831022922,0.0002938874215601,2.034270764373153,119.76224296586544,110.22626924339362,NORMAL
10:10:00,,,step_04,STI_포토,IDLE,25.03245831022922,0.0002938874215601,2.034270764373153,119.76224296586544,110.22626924339362,NORMAL
10:10:05,,,step_04,STI_포토,IDLE,25.03245831022922,0.0002938874215601,2.034270764373153,119.76224296586544,110.22626924339362,NORMAL
10:10:10,,,step_04,STI_포토,IDLE,25.03245831022922,0.0002938874215601,2.034270764373153,119.76224296586544,110.22626924339362,NORMAL
10:10:15,,,step_04,STI_포토,IDLE,25.03245831022922,0.0002938874215601,2.034270764373153,119.76224296586544,110.22626924339362,NORMAL
10:10:20,,,step_04,STI_포토,IDLE,25.03245831022922,0.0002938874215601,2.034270764373153,119.76224296586544,110.22626924339362,NORMAL
10:10:25,,,step_04,STI_포토,IDLE,25.03245831022922,0.0002938874215601,2.034270764373153,119.76224296586544,110.22626924339362,NORMAL
10:10:30,,,step_04,STI_포토,IDLE,25.03245831022922,0.0002938874215601,2.034270764373153,119.76224296586544,110.22626924339362,NORMAL
10:10:35,,,step_04,STI_포토,IDLE,25.03245831022922,0.0002938874215601,2.034270764373153,119.76224296586544,110.22626924339362,NORMAL
10:10:40,,,step_04,STI_포토,IDLE,25.03245831022922,0.0002938874215601,2.034270764373153,119.76224296586544,110.22626924339362,NORMAL
10:10:45,,,step_04,STI_포토,IDLE,25.03245831022922,0.0002938874215601,2.034270764373153,119.76224296586544,110.22626924339362,NORMAL
10:10:50,,,step_04,STI_포토,IDLE,25.03245831022922,0.0002938874215601,2.034270764373153,119.76224296586544,110.22626924339362,NORMAL
10:10:55,,,step_04,STI_포토,IDLE,25.03245831022922,0.0002938874215601,2.034270764373153,119.76224296586544,110.22626924339362,NORMAL
10:11:00,,,step_04,STI_포토,IDLE,25.03245831022922,0.0002938874215601,2.034270764373153,119.76224296586544,110.22626924339362,NORMAL
10:11:05,,,step_04,STI_포토,IDLE,25.03245831022922,0.0002938874215601,2.034270764373153,119.76224296586544,110.22626924339362,NORMAL
10:11:10,,,step_04,STI_포토,IDLE,25.03245831022922,0.0002938874215601,2.034270764373153,119.76224296586544,110.22626924339362,NORMAL
10:11:15,,,step_04,STI_포토,IDLE,25.03245831022922,0.0002938874215601,2.034270764373153,119.76224296586544,110.22626924339362,NORMAL
10:11:20,,,step_04,STI_포토,IDLE,25.03245831022922,0.0002938874215601,2.034270764373153,119.76224296586544,110.22626924339362,NORMAL
10:11:25,,,step_04,STI_포토,IDLE,25.03245831022922,0.0002938874215601,2.034270764373153,119.76224296586544,110.22626924339362,NORMAL
10:11:30,,,step_04,STI_포토,IDLE,25.03245831022922,0.0002938874215601,2.034270764373153,119.76224296586544,110.22626924339362,NORMAL
10:11:35,,,step_04,STI_포토,IDLE,25.03245831022922,0.0002938874215601,2.034270764373153,119.76224296586544,110.22626924339362,NORMAL
10:11:40,,,step_04,STI_포토,IDLE,25.03245831022922,0.0002938874215601,2.034270764373153,119.76224296586544,110.22626924339362,NORMAL
10:11:45,,,step_04,STI_포토,IDLE,25.03245831022922,0.0002938874215601,2.034270764373153,119.76224296586544,110.22626924339362,NORMAL
10:11:50,,,step_04,STI_포토,IDLE,25.03245831022922,0.0002938874215601,2.034270764373153,119.76224296586544,110.22626924339362,NORMAL
10:11:55,,,step_04,STI_포토,IDLE,25.03245831022922,0.0002938874215601,2.034270764373153,119.76224296586544,110.22626924339362,NORMAL
10:12:00,,,step_04,STI_포토,IDLE,25.03245831022922,0.0002938874215601,2.034270764373153,119.76224296586544,110.22626924339362,NORMAL
10:12:05,,,step_04,STI_포토,IDLE,25.03245831022922,0.0002938874215601,2.034270764373153,119.76224296586544,110.22626924339362,NORMAL
10:12:10,,,step_04,STI_포토,IDLE,25.03245831022922,0.0002938874215601,2.034270764373153,119.76224296586544,110.22626924339362,NORMAL
10:12:15,,,step_04,STI_포토,IDLE,25.03245831022922,0.0002938874215601,2.034270764373153,119.76224296586544,110.22626924339362,NORMAL
10:12:20,,,step_04,STI_포토,IDLE,25.03245831022922,0.0002938874215601,2.034270764373153,119.76224296586544,110.22626924339362,NORMAL
10:12:25,,,step_04,STI_포토,IDLE,25.03245831022922,0.0002938874215601,2.034270764373153,119.76224296586544,110.22626924339362,NORMAL
10:12:30,,,step_04,STI_포토,IDLE,25.03245831022922,0.0002938874215601,2.034270764373153,119.76224296586544,110.22626924339362,NORMAL
10:12:35,,,step_04,STI_포토,IDLE,25.03245831022922,0.0002938874215601,2.034270764373153,119.76224296586544,110.22626924339362,NORMAL
10:12:40,,,step_04,STI_포토,IDLE,25.03245831022922,0.0002938874215601,2.034270764373153,119.76224296586544,110.22626924339362,NORMAL
10:12:45,,,step_04,STI_포토,IDLE,25.03245831022922,0.0002938874215601,2.034270764373153,119.76224296586544,110.22626924339362,NORMAL
10:12:50,,,step_04,STI_포토,IDLE,25.03245831022922,0.0002938874215601,2.034270764373153,119.76224296586544,110.22626924339362,NORMAL
10:12:55,,,step_04,STI_포토,IDLE,25.03245831022922,0.0002938874215601,2.034270764373153,119.76224296586544,110.22626924339362,NORMAL
10:13:00,,,step_04,STI_포토,IDLE,25.03245831022922,0.0002938874215601,2.034270764373153,119.76224296586544,110.22626924339362,NORMAL
10:13:05,,,step_04,STI_포토,IDLE,25.03245831022922,0.0002938874215601,2.034270764373153,119.76224296586544,110.22626924339362,NORMAL
10:13:10,,,step_04,STI_포토,IDLE,25.03245831022922,0.0002938874215601,2.034270764373153,119.76224296586544,110.22626924339362,NORMAL
10:13:15,,,step_04,STI_포토,IDLE,25.03245831022922,0.0002938874215601,2.034270764373153,119.76224296586544,110.22626924339362,NORMAL
10:13:20,,,step_04,STI_포토,IDLE,25.03245831022922,0.0002938874215601,2.034270764373153,119.76224296586544,110.22626924339362,NORMAL
10:13:25,,,step_04,STI_포토,IDLE,25.03245831022922,0.0002938874215601,2.034270764373153,119.76224296586544,110.22626924339362,NORMAL
10:13:30,,,step_04,STI_포토,IDLE,25.03245831022922,0.0002938874215601,2.034270764373153,119.76224296586544,110.22626924339362,NORMAL
10:13:35,,,step_04,STI_포토,IDLE,25.03245831022922,0.0002938874215601,2.034270764373153,119.76224296586544,110.22626924339362,NORMAL
10:13:40,,,step_04,STI_포토,IDLE,25.03245831022922,0.0002938874215601,2.034270764373153,119.76224296586544,110.22626924339362,NORMAL
10:13:45,,,step_04,STI_포토,IDLE,25.03245831022922,0.0002938874215601,2.034270764373153,119.76224296586544,110.22626924339362,NORMAL
10:13:50,,,step_04,STI_포토,IDLE,25.03245831022922,0.0002938874215601,2.034270764373153,119.76224296586544,110.22626924339362,NORMAL
10:13:55,,,step_04,STI_포토,IDLE,25.03245831022922,0.0002938874215601,2.034270764373153,119.76224296586544,110.22626924339362,NORMAL
10:14:00,,,step_04,STI_포토,IDLE,25.03245831022922,0.0002938874215601,2.034270764373153,119.76224296586544,110.22626924339362,NORMAL
10:14:05,,,step_04,STI_포토,IDLE,25.03245831022922,0.0002938874215601,2.034270764373153,119.76224296586544,110.22626924339362,NORMAL
10:14:10,,,step_04,STI_포토,IDLE,25.03245831022922,0.0002938874215601,2.034270764373153,119.76224296586544,110.22626924339362,NORMAL
10:14:15,,,step_04,STI_포토,IDLE,25.03245831022922,0.0002938874215601,2.034270764373153,119.76224296586544,110.22626924339362,NORMAL
10:14:20,,,step_04,STI_포토,IDLE,25.03245831022922,0.0002938874215601,2.034270764373153,119.76224296586544,110.22626924339362,NORMAL
10:14:25,,,step_04,STI_포토,IDLE,25.03245831022922,0.0002938874215601,2.034270764373153,119.76224296586544,110.22626924339362,NORMAL
10:14:30,,,step_04,STI_포토,IDLE,25.03245831022922,0.0002938874215601,2.034270764373153,119.76224296586544,110.22626924339362,NORMAL
10:14:35,,,step_04,STI_포토,IDLE,25.03245831022922,0.0002938874215601,2.034270764373153,119.76224296586544,110.22626924339362,NORMAL
10:14:40,,,step_04,STI_포토,IDLE,25.03245831022922,0.0002938874215601,2.034270764373153,119.76224296586544,110.22626924339362,NORMAL
10:14:45,,,step_04,STI_포토,IDLE,25.03245831022922,0.0002938874215601,2.034270764373153,119.76224296586544,110.22626924339362,NORMAL
10:14:50,,,step_04,STI_포토,IDLE,25.03245831022922,0.0002938874215601,2.034270764373153,119.76224296586544,110.22626924339362,NORMAL
10:14:55,,,step_04,STI_포토,IDLE,25.03245831022922,0.0002938874215601,2.034270764373153,119.76224296586544,110.22626924339362,NORMAL
10:15:00,,,step_04,STI_포토,IDLE,25.03245831022922,0.0002938874215601,2.034270764373153,119.76224296586544,110.22626924339362,NORMAL
10:15:05,,,step_04,STI_포토,IDLE,25.03245831022922,0.0002938874215601,2.034270764373153,119.76224296586544,110.22626924339362,NORMAL
10:15:10,,,step_04,STI_포토,IDLE,25.03245831022922,0.0002938874215601,2.034270764373153,119.76224296586544,110.22626924339362,NORMAL
10:15:15,,,step_04,STI_포토,IDLE,25.03245831022922,0.0002938874215601,2.034270764373153,119.76224296586544,110.22626924339362,NORMAL
10:15:20,,,step_04,STI_포토,IDLE,25.03245831022922,0.0002938874215601,2.034270764373153,119.76224296586544,110.22626924339362,NORMAL
10:15:25,,,step_04,STI_포토,IDLE,25.03245831022922,0.0002938874215601,2.034270764373153,119.76224296586544,110.22626924339362,NORMAL
10:15:30,,,step_04,STI_포토,IDLE,25.03245831022922,0.0002938874215601,2.034270764373153,119.76224296586544,110.22626924339362,NORMAL
10:15:35,,,step_04,STI_포토,IDLE,25.03245831022922,0.0002938874215601,2.034270764373153,119.76224296586544,110.22626924339362,NORMAL
10:15:40,,,step_04,STI_포토,IDLE,25.03245831022922,0.0002938874215601,2.034270764373153,119.76224296586544,110.22626924339362,NORMAL
10:15:45,,,step_04,STI_포토,IDLE,25.03245831022922,0.0002938874215601,2.034270764373153,119.76224296586544,110.22626924339362,NORMAL
10:15:50,,,step_04,STI_포토,IDLE,25.03245831022922,0.0002938874215601,2.034270764373153,119.76224296586544,110.22626924339362,NORMAL
10:15:55,,,step_04,STI_포토,IDLE,25.03245831022922,0.0002938874215601,2.034270764373153,119.76224296586544,110.22626924339362,NORMAL
10:16:00,,,step_04,STI_포토,IDLE,25.03245831022922,0.0002938874215601,2.034270764373153,119.76224296586544,110.22626924339362,NORMAL
10:16:05,,,step_04,STI_포토,IDLE,25.03245831022922,0.0002938874215601,2.034270764373153,119.76224296586544,110.22626924339362,NORMAL
10:16:10,,,step_04,STI_포토,IDLE,25.03245831022922,0.0002938874215601,2.034270764373153,119.76224296586544,110.22626924339362,NORMAL
10:16:15,,,step_04,STI_포토,IDLE,25.03245831022922,0.0002938874215601,2.034270764373153,119.76224296586544,110.22626924339362,NORMAL
10:16:20,,,step_04,STI_포토,IDLE,25.03245831022922,0.0002938874215601,2.034270764373153,119.76224296586544,110.22626924339362,NORMAL
10:16:25,,,step_04,STI_포토,IDLE,25.03245831022922,0.0002938874215601,2.034270764373153,119.76224296586544,110.22626924339362,NORMAL
10:16:30,,,step_04,STI_포토,IDLE,25.03245831022922,0.0002938874215601,2.034270764373153,119.76224296586544,110.22626924339362,NORMAL
10:16:35,,,step_04,STI_포토,IDLE,25.03245831022922,0.0002938874215601,2.034270764373153,119.76224296586544,110.22626924339362,NORMAL
10:16:40,,,step_04,STI_포토,IDLE,25.03245831022922,0.0002938874215601,2.034270764373153,119.76224296586544,110.22626924339362,NORMAL
10:16:45,,,step_04,STI_포토,IDLE,25.03245831022922,0.0002938874215601,2.034270764373153,119.76224296586544,110.22626924339362,NORMAL
10:16:50,,,step_04,STI_포토,IDLE,25.03245831022922,0.0002938874215601,2.034270764373153,119.76224296586544,110.22626924339362,NORMAL
10:16:55,,,step_04,STI_포토,IDLE,25.03245831022922,0.0002938874215601,2.034270764373153,119.76224296586544,110.22626924339362,NORMAL
10:17:00,,,step_04,STI_포토,IDLE,25.03245831022922,0.0002938874215601,2.034270764373153,119.76224296586544,110.22626924339362,NORMAL
10:17:05,,,step_04,STI_포토,IDLE,25.03245831022922,0.0002938874215601,2.034270764373153,119.76224296586544,110.22626924339362,NORMAL
10:17:10,,,step_04,STI_포토,IDLE,25.03245831022922,0.0002938874215601,2.034270764373153,119.76224296586544,110.22626924339362,NORMAL
10:17:15,,,step_04,STI_포토,IDLE,25.03245831022922,0.0002938874215601,2.034270764373153,119.76224296586544,110.22626924339362,NORMAL
10:17:20,,,step_04,STI_포토,IDLE,25.03245831022922,0.0002938874215601,2.034270764373153,119.76224296586544,110.22626924339362,NORMAL
10:17:25,,,step_04,STI_포토,IDLE,25.03245831022922,0.0002938874215601,2.034270764373153,119.76224296586544,110.22626924339362,NORMAL
10:17:30,,,step_04,STI_포토,IDLE,25.03245831022922,0.0002938874215601,2.034270764373153,119.76224296586544,110.22626924339362,NORMAL
10:17:35,,,step_04,STI_포토,IDLE,25.03245831022922,0.0002938874215601,2.034270764373153,119.76224296586544,110.22626924339362,NORMAL
10:17:40,,,step_04,STI_포토,IDLE,25.03245831022922,0.0002938874215601,2.034270764373153,119.76224296586544,110.22626924339362,NORMAL
10:17:45,,,step_04,STI_포토,IDLE,25.03245831022922,0.0002938874215601,2.034270764373153,119.76224296586544,110.22626924339362,NORMAL
10:17:50,,,step_04,STI_포토,IDLE,25.03245831022922,0.0002938874215601,2.034270764373153,119.76224296586544,110.22626924339362,NORMAL
10:17:55,,,step_04,STI_포토,IDLE,25.03245831022922,0.0002938874215601,2.034270764373153,119.76224296586544,110.22626924339362,NORMAL
10:18:00,,,step_04,STI_포토,IDLE,25.03245831022922,0.0002938874215601,2.034270764373153,119.76224296586544,110.22626924339362,NORMAL
10:18:05,,,step_04,STI_포토,IDLE,25.03245831022922,0.0002938874215601,2.034270764373153,119.76224296586544,110.22626924339362,NORMAL
10:18:10,,,step_04,STI_포토,IDLE,25.03245831022922,0.0002938874215601,2.034270764373153,119.76224296586544,110.22626924339362,NORMAL
10:18:15,,,step_04,STI_포토,IDLE,25.03245831022922,0.0002938874215601,2.034270764373153,119.76224296586544,110.22626924339362,NORMAL
10:18:20,,,step_04,STI_포토,IDLE,25.03245831022922,0.0002938874215601,2.034270764373153,119.76224296586544,110.22626924339362,NORMAL
10:18:25,,,step_04,STI_포토,IDLE,25.03245831022922,0.0002938874215601,2.034270764373153,119.76224296586544,110.22626924339362,NORMAL
10:18:30,,,step_04,STI_포토,IDLE,25.03245831022922,0.0002938874215601,2.034270764373153,119.76224296586544,110.22626924339362,NORMAL
10:18:35,,,step_04,STI_포토,IDLE,25.03245831022922,0.0002938874215601,2.034270764373153,119.76224296586544,110.22626924339362,NORMAL
10:18:40,,,step_04,STI_포토,IDLE,25.03245831022922,0.0002938874215601,2.034270764373153,119.76224296586544,110.22626924339362,NORMAL
10:18:45,,,step_04,STI_포토,IDLE,25.03245831022922,0.0002938874215601,2.034270764373153,119.76224296586544,110.22626924339362,NORMAL
10:18:50,,,step_04,STI_포토,IDLE,25.03245831022922,0.0002938874215601,2.034270764373153,119.76224296586544,110.22626924339362,NORMAL
10:18:55,,,step_04,STI_포토,IDLE,25.03245831022922,0.0002938874215601,2.034270764373153,119.76224296586544,110.22626924339362,NORMAL
10:19:00,,,step_04,STI_포토,IDLE,25.03245831022922,0.0002938874215601,2.034270764373153,119.76224296586544,110.22626924339362,NORMAL
10:19:05,,,step_04,STI_포토,IDLE,25.03245831022922,0.0002938874215601,2.034270764373153,119.76224296586544,110.22626924339362,NORMAL
10:19:10,,,step_04,STI_포토,IDLE,25.03245831022922,0.0002938874215601,2.034270764373153,119.76224296586544,110.22626924339362,NORMAL
10:19:15,,,step_04,STI_포토,IDLE,25.03245831022922,0.0002938874215601,2.034270764373153,119.76224296586544,110.22626924339362,NORMAL
10:19:20,,,step_04,STI_포토,IDLE,25.03245831022922,0.0002938874215601,2.034270764373153,119.76224296586544,110.22626924339362,NORMAL
10:19:25,,,step_04,STI_포토,IDLE,25.03245831022922,0.0002938874215601,2.034270764373153,119.76224296586544,110.22626924339362,NORMAL
10:19:30,,,step_04,STI_포토,IDLE,25.03245831022922,0.0002938874215601,2.034270764373153,119.76224296586544,110.22626924339362,NORMAL
10:19:35,,,step_04,STI_포토,IDLE,25.03245831022922,0.0002938874215601,2.034270764373153,119.76224296586544,110.22626924339362,NORMAL
10:19:40,,,step_04,STI_포토,IDLE,25.03245831022922,0.0002938874215601,2.034270764373153,119.76224296586544,110.22626924339362,NORMAL
10:19:45,,,step_04,STI_포토,IDLE,25.03245831022922,0.0002938874215601,2.034270764373153,119.76224296586544,110.22626924339362,NORMAL
10:19:50,,,step_04,STI_포토,IDLE,25.03245831022922,0.0002938874215601,2.034270764373153,119.76224296586544,110.22626924339362,NORMAL
10:19:55,,,step_04,STI_포토,IDLE,25.03245831022922,0.0002938874215601,2.034270764373153,119.76224296586544,110.22626924339362,NORMAL
10:20:00,,,step_04,STI_포토,IDLE,25.03245831022922,0.0002938874215601,2.034270764373153,119.76224296586544,110.22626924339362,NORMAL
10:20:05,,,step_04,STI_포토,IDLE,25.03245831022922,0.0002938874215601,2.034270764373153,119.76224296586544,110.22626924339362,NORMAL
10:20:10,,,step_04,STI_포토,IDLE,25.03245831022922,0.0002938874215601,2.034270764373153,119.76224296586544,110.22626924339362,NORMAL
10:20:15,,,step_04,STI_포토,IDLE,25.03245831022922,0.0002938874215601,2.034270764373153,119.76224296586544,110.22626924339362,NORMAL
10:20:20,,,step_04,STI_포토,IDLE,25.03245831022922,0.0002938874215601,2.034270764373153,119.76224296586544,110.22626924339362,NORMAL
10:20:25,,,step_04,STI_포토,IDLE,25.03245831022922,0.0002938874215601,2.034270764373153,119.76224296586544,110.22626924339362,NORMAL
10:20:30,,,step_04,STI_포토,IDLE,25.03245831022922,0.0002938874215601,2.034270764373153,119.76224296586544,110.22626924339362,NORMAL
10:20:35,,,step_04,STI_포토,IDLE,25.03245831022922,0.0002938874215601,2.034270764373153,119.76224296586544,110.22626924339362,NORMAL
10:20:40,,,step_04,STI_포토,IDLE,25.03245831022922,0.0002938874215601,2.034270764373153,119.76224296586544,110.22626924339362,NORMAL
10:20:45,,,step_04,STI_포토,IDLE,25.03245831022922,0.0002938874215601,2.034270764373153,119.76224296586544,110.22626924339362,NORMAL
10:20:50,,,step_04,STI_포토,IDLE,25.03245831022922,0.0002938874215601,2.034270764373153,119.76224296586544,110.22626924339362,NORMAL
10:20:55,,,step_04,STI_포토,IDLE,25.03245831022922,0.0002938874215601,2.034270764373153,119.76224296586544,110.22626924339362,NORMAL
10:21:00,,,step_04,STI_포토,IDLE,25.03245831022922,0.0002938874215601,2.034270764373153,119.76224296586544,110.22626924339362,NORMAL
10:21:05,,,step_04,STI_포토,IDLE,25.03245831022922,0.0002938874215601,2.034270764373153,119.76224296586544,110.22626924339362,NORMAL
10:21:10,,,step_04,STI_포토,IDLE,25.03245831022922,0.0002938874215601,2.034270764373153,119.76224296586544,110.22626924339362,NORMAL
10:21:15,,,step_04,STI_포토,IDLE,25.03245831022922,0.0002938874215601,2.034270764373153,119.76224296586544,110.22626924339362,NORMAL
10:21:20,,,step_04,STI_포토,IDLE,25.03245831022922,0.0002938874215601,2.034270764373153,119.76224296586544,110.22626924339362,NORMAL
10:21:25,,,step_04,STI_포토,IDLE,25.03245831022922,0.0002938874215601,2.034270764373153,119.76224296586544,110.22626924339362,NORMAL
10:21:30,,,step_04,STI_포토,IDLE,25.03245831022922,0.0002938874215601,2.034270764373153,119.76224296586544,110.22626924339362,NORMAL
10:21:35,,,step_04,STI_포토,IDLE,25.03245831022922,0.0002938874215601,2.034270764373153,119.76224296586544,110.22626924339362,NORMAL
10:21:40,,,step_04,STI_포토,IDLE,25.03245831022922,0.0002938874215601,2.034270764373153,119.76224296586544,110.22626924339362,NORMAL
10:21:45,,,step_04,STI_포토,IDLE,25.03245831022922,0.0002938874215601,2.034270764373153,119.76224296586544,110.22626924339362,NORMAL
10:21:50,,,step_04,STI_포토,IDLE,25.03245831022922,0.0002938874215601,2.034270764373153,119.76224296586544,110.22626924339362,NORMAL
10:21:55,,,step_04,STI_포토,IDLE,25.03245831022922,0.0002938874215601,2.034270764373153,119.76224296586544,110.22626924339362,NORMAL
10:22:00,,,step_04,STI_포토,IDLE,25.03245831022922,0.0002938874215601,2.034270764373153,119.76224296586544,110.22626924339362,NORMAL
10:22:05,,,step_04,STI_포토,IDLE,25.03245831022922,0.0002938874215601,2.034270764373153,119.76224296586544,110.22626924339362,NORMAL
10:22:10,,,step_04,STI_포토,IDLE,25.03245831022922,0.0002938874215601,2.034270764373153,119.76224296586544,110.22626924339362,NORMAL
10:22:15,,,step_04,STI_포토,IDLE,25.03245831022922,0.0002938874215601,2.034270764373153,119.76224296586544,110.22626924339362,NORMAL
10:22:20,,,step_04,STI_포토,IDLE,25.03245831022922,0.0002938874215601,2.034270764373153,119.76224296586544,110.22626924339362,NORMAL
10:22:25,,,step_04,STI_포토,IDLE,25.03245831022922,0.0002938874215601,2.034270764373153,119.76224296586544,110.22626924339362,NORMAL
10:22:30,,,step_04,STI_포토,IDLE,25.03245831022922,0.0002938874215601,2.034270764373153,119.76224296586544,110.22626924339362,NORMAL
10:22:35,,,step_04,STI_포토,IDLE,25.03245831022922,0.0002938874215601,2.034270764373153,119.76224296586544,110.22626924339362,NORMAL
10:22:40,,,step_04,STI_포토,IDLE,25.03245831022922,0.0002938874215601,2.034270764373153,119.76224296586544,110.22626924339362,NORMAL
10:22:45,,,step_04,STI_포토,IDLE,25.03245831022922,0.0002938874215601,2.034270764373153,119.76224296586544,110.22626924339362,NORMAL
10:22:50,,,step_04,STI_포토,IDLE,25.03245831022922,0.0002938874215601,2.034270764373153,119.76224296586544,110.22626924339362,NORMAL
10:22:55,,,step_04,STI_포토,IDLE,25.03245831022922,0.0002938874215601,2.034270764373153,119.76224296586544,110.22626924339362,NORMAL
10:23:00,,,step_04,STI_포토,IDLE,25.03245831022922,0.0002938874215601,2.034270764373153,119.76224296586544,110.22626924339362,NORMAL
10:23:05,,,step_04,STI_포토,IDLE,25.03245831022922,0.0002938874215601,2.034270764373153,119.76224296586544,110.22626924339362,NORMAL
10:23:10,,,step_04,STI_포토,IDLE,25.03245831022922,0.0002938874215601,2.034270764373153,119.76224296586544,110.22626924339362,NORMAL
10:23:15,,,step_04,STI_포토,IDLE,25.03245831022922,0.0002938874215601,2.034270764373153,119.76224296586544,110.22626924339362,NORMAL
10:23:20,,,step_04,STI_포토,IDLE,25.03245831022922,0.0002938874215601,2.034270764373153,119.76224296586544,110.22626924339362,NORMAL
10:23:25,,,step_04,STI_포토,IDLE,25.03245831022922,0.0002938874215601,2.034270764373153,119.76224296586544,110.22626924339362,NORMAL
10:23:30,,,step_04,STI_포토,IDLE,25.03245831022922,0.0002938874215601,2.034270764373153,119.76224296586544,110.22626924339362,NORMAL
10:23:35,,,step_04,STI_포토,IDLE,25.03245831022922,0.0002938874215601,2.034270764373153,119.76224296586544,110.22626924339362,NORMAL
10:23:40,,,step_04,STI_포토,IDLE,25.03245831022922,0.0002938874215601,2.034270764373153,119.76224296586544,110.22626924339362,NORMAL
10:23:45,,,step_04,STI_포토,IDLE,25.03245831022922,0.0002938874215601,2.034270764373153,119.76224296586544,110.22626924339362,NORMAL
10:23:50,,,step_04,STI_포토,IDLE,25.03245831022922,0.0002938874215601,2.034270764373153,119.76224296586544,110.22626924339362,NORMAL
10:23:55,,,step_04,STI_포토,IDLE,25.03245831022922,0.0002938874215601,2.034270764373153,119.76224296586544,110.22626924339362,NORMAL
10:24:00,,,step_04,STI_포토,IDLE,25.03245831022922,0.0002938874215601,2.034270764373153,119.76224296586544,110.22626924339362,NORMAL
10:24:05,,,step_04,STI_포토,IDLE,25.03245831022922,0.0002938874215601,2.034270764373153,119.76224296586544,110.22626924339362,NORMAL
10:24:10,,,step_04,STI_포토,IDLE,25.03245831022922,0.0002938874215601,2.034270764373153,119.76224296586544,110.22626924339362,NORMAL
10:24:15,,,step_04,STI_포토,IDLE,25.03245831022922,0.0002938874215601,2.034270764373153,119.76224296586544,110.22626924339362,NORMAL
10:24:20,,,step_04,STI_포토,IDLE,25.03245831022922,0.0002938874215601,2.034270764373153,119.76224296586544,110.22626924339362,NORMAL
10:24:25,,,step_04,STI_포토,IDLE,25.03245831022922,0.0002938874215601,2.034270764373153,119.76224296586544,110.22626924339362,NORMAL
10:24:30,,,step_04,STI_포토,IDLE,25.03245831022922,0.0002938874215601,2.034270764373153,119.76224296586544,110.22626924339362,NORMAL
10:24:35,,,step_04,STI_포토,IDLE,25.03245831022922,0.0002938874215601,2.034270764373153,119.76224296586544,110.22626924339362,NORMAL
10:24:40,,,step_04,STI_포토,IDLE,25.03245831022922,0.0002938874215601,2.034270764373153,119.76224296586544,110.22626924339362,NORMAL
10:24:45,,,step_04,STI_포토,IDLE,25.03245831022922,0.0002938874215601,2.034270764373153,119.76224296586544,110.22626924339362,NORMAL
10:24:50,,,step_04,STI_포토,IDLE,25.03245831022922,0.0002938874215601,2.034270764373153,119.76224296586544,110.22626924339362,NORMAL
10:24:55,,,step_04,STI_포토,IDLE,25.03245831022922,0.0002938874215601,2.034270764373153,119.76224296586544,110.22626924339362,NORMAL
10:25:00,,,step_04,STI_포토,IDLE,25.03245831022922,0.0002938874215601,2.034270764373153,119.76224296586544,110.22626924339362,NORMAL
10:25:05,,,step_04,STI_포토,IDLE,25.03245831022922,0.0002938874215601,2.034270764373153,119.76224296586544,110.22626924339362,NORMAL
10:25:10,,,step_04,STI_포토,IDLE,25.03245831022922,0.0002938874215601,2.034270764373153,119.76224296586544,110.22626924339362,NORMAL
10:25:15,,,step_04,STI_포토,IDLE,25.03245831022922,0.0002938874215601,2.034270764373153,119.76224296586544,110.22626924339362,NORMAL
10:25:20,,,step_04,STI_포토,IDLE,25.03245831022922,0.0002938874215601,2.034270764373153,119.76224296586544,110.22626924339362,NORMAL
10:25:25,,,step_04,STI_포토,IDLE,25.03245831022922,0.0002938874215601,2.034270764373153,119.76224296586544,110.22626924339362,NORMAL
10:25:30,,,step_04,STI_포토,IDLE,25.03245831022922,0.0002938874215601,2.034270764373153,119.76224296586544,110.22626924339362,NORMAL
10:25:35,,,step_04,STI_포토,IDLE,25.03245831022922,0.0002938874215601,2.034270764373153,119.76224296586544,110.22626924339362,NORMAL
10:25:40,,,step_04,STI_포토,IDLE,25.03245831022922,0.0002938874215601,2.034270764373153,119.76224296586544,110.22626924339362,NORMAL
10:25:45,,,step_04,STI_포토,IDLE,25.03245831022922,0.0002938874215601,2.034270764373153,119.76224296586544,110.22626924339362,NORMAL
10:25:50,,,step_04,STI_포토,IDLE,25.03245831022922,0.0002938874215601,2.034270764373153,119.76224296586544,110.22626924339362,NORMAL
10:25:55,,,step_04,STI_포토,IDLE,25.03245831022922,0.0002938874215601,2.034270764373153,119.76224296586544,110.22626924339362,NORMAL
10:26:00,,,step_04,STI_포토,IDLE,25.03245831022922,0.0002938874215601,2.034270764373153,119.76224296586544,110.22626924339362,NORMAL
10:26:05,,,step_04,STI_포토,IDLE,25.03245831022922,0.0002938874215601,2.034270764373153,119.76224296586544,110.22626924339362,NORMAL
10:26:10,,,step_04,STI_포토,IDLE,25.03245831022922,0.0002938874215601,2.034270764373153,119.76224296586544,110.22626924339362,NORMAL
10:26:15,,,step_04,STI_포토,IDLE,25.03245831022922,0.0002938874215601,2.034270764373153,119.76224296586544,110.22626924339362,NORMAL
10:26:20,,,step_04,STI_포토,IDLE,25.03245831022922,0.0002938874215601,2.034270764373153,119.76224296586544,110.22626924339362,NORMAL
10:26:25,,,step_04,STI_포토,IDLE,25.03245831022922,0.0002938874215601,2.034270764373153,119.76224296586544,110.22626924339362,NORMAL
10:26:30,,,step_04,STI_포토,IDLE,25.03245831022922,0.0002938874215601,2.034270764373153,119.76224296586544,110.22626924339362,NORMAL
10:26:35,,,step_04,STI_포토,IDLE,25.03245831022922,0.0002938874215601,2.034270764373153,119.76224296586544,110.22626924339362,NORMAL
10:26:40,,,step_04,STI_포토,IDLE,25.03245831022922,0.0002938874215601,2.034270764373153,119.76224296586544,110.22626924339362,NORMAL
10:26:45,,,step_04,STI_포토,IDLE,25.03245831022922,0.0002938874215601,2.034270764373153,119.76224296586544,110.22626924339362,NORMAL
10:26:50,,,step_04,STI_포토,IDLE,25.03245831022922,0.0002938874215601,2.034270764373153,119.76224296586544,110.22626924339362,NORMAL
10:26:55,,,step_04,STI_포토,IDLE,25.03245831022922,0.0002938874215601,2.034270764373153,119.76224296586544,110.22626924339362,NORMAL
10:27:00,,,step_04,STI_포토,IDLE,25.03245831022922,0.0002938874215601,2.034270764373153,119.76224296586544,110.22626924339362,NORMAL
10:27:05,,,step_04,STI_포토,IDLE,25.03245831022922,0.0002938874215601,2.034270764373153,119.76224296586544,110.22626924339362,NORMAL
10:27:10,,,step_04,STI_포토,IDLE,25.03245831022922,0.0002938874215601,2.034270764373153,119.76224296586544,110.22626924339362,NORMAL
10:27:15,,,step_04,STI_포토,IDLE,25.03245831022922,0.0002938874215601,2.034270764373153,119.76224296586544,110.22626924339362,NORMAL
10:27:20,,,step_04,STI_포토,IDLE,25.03245831022922,0.0002938874215601,2.034270764373153,119.76224296586544,110.22626924339362,NORMAL
10:27:25,,,step_04,STI_포토,IDLE,25.03245831022922,0.0002938874215601,2.034270764373153,119.76224296586544,110.22626924339362,NORMAL
10:27:30,,,step_04,STI_포토,IDLE,25.03245831022922,0.0002938874215601,2.034270764373153,119.76224296586544,110.22626924339362,NORMAL
10:27:35,,,step_04,STI_포토,IDLE,25.03245831022922,0.0002938874215601,2.034270764373153,119.76224296586544,110.22626924339362,NORMAL
10:27:40,,,step_04,STI_포토,IDLE,25.03245831022922,0.0002938874215601,2.034270764373153,119.76224296586544,110.22626924339362,NORMAL
10:27:45,,,step_04,STI_포토,IDLE,25.03245831022922,0.0002938874215601,2.034270764373153,119.76224296586544,110.22626924339362,NORMAL
10:27:50,,,step_04,STI_포토,IDLE,25.03245831022922,0.0002938874215601,2.034270764373153,119.76224296586544,110.22626924339362,NORMAL
10:27:55,,,step_04,STI_포토,IDLE,25.03245831022922,0.0002938874215601,2.034270764373153,119.76224296586544,110.22626924339362,NORMAL
10:28:00,,,step_04,STI_포토,IDLE,25.03245831022922,0.0002938874215601,2.034270764373153,119.76224296586544,110.22626924339362,NORMAL
10:28:05,,,step_04,STI_포토,IDLE,25.03245831022922,0.0002938874215601,2.034270764373153,119.76224296586544,110.22626924339362,NORMAL
10:28:10,,,step_04,STI_포토,IDLE,25.03245831022922,0.0002938874215601,2.034270764373153,119.76224296586544,110.22626924339362,NORMAL
10:28:15,,,step_04,STI_포토,IDLE,25.03245831022922,0.0002938874215601,2.034270764373153,119.76224296586544,110.22626924339362,NORMAL
10:28:20,,,step_04,STI_포토,IDLE,25.03245831022922,0.0002938874215601,2.034270764373153,119.76224296586544,110.22626924339362,NORMAL
10:28:25,,,step_04,STI_포토,IDLE,25.03245831022922,0.0002938874215601,2.034270764373153,119.76224296586544,110.22626924339362,NORMAL
10:28:30,,,step_04,STI_포토,IDLE,25.03245831022922,0.0002938874215601,2.034270764373153,119.76224296586544,110.22626924339362,NORMAL
10:28:35,,,step_04,STI_포토,IDLE,25.03245831022922,0.0002938874215601,2.034270764373153,119.76224296586544,110.22626924339362,NORMAL
10:28:40,,,step_04,STI_포토,IDLE,25.03245831022922,0.0002938874215601,2.034270764373153,119.76224296586544,110.22626924339362,NORMAL
10:28:45,,,step_04,STI_포토,IDLE,25.03245831022922,0.0002938874215601,2.034270764373153,119.76224296586544,110.22626924339362,NORMAL
10:28:50,,,step_04,STI_포토,IDLE,25.03245831022922,0.0002938874215601,2.034270764373153,119.76224296586544,110.22626924339362,NORMAL
10:28:55,,,step_04,STI_포토,IDLE,25.03245831022922,0.0002938874215601,2.034270764373153,119.76224296586544,110.22626924339362,NORMAL
10:29:00,,,step_04,STI_포토,IDLE,25.03245831022922,0.0002938874215601,2.034270764373153,119.76224296586544,110.22626924339362,NORMAL
10:29:05,,,step_04,STI_포토,IDLE,25.03245831022922,0.0002938874215601,2.034270764373153,119.76224296586544,110.22626924339362,NORMAL
10:29:10,,,step_04,STI_포토,IDLE,25.03245831022922,0.0002938874215601,2.034270764373153,119.76224296586544,110.22626924339362,NORMAL
10:29:15,,,step_04,STI_포토,IDLE,25.03245831022922,0.0002938874215601,2.034270764373153,119.76224296586544,110.22626924339362,NORMAL
10:29:20,,,step_04,STI_포토,IDLE,25.03245831022922,0.0002938874215601,2.034270764373153,119.76224296586544,110.22626924339362,NORMAL
10:29:25,,,step_04,STI_포토,IDLE,25.03245831022922,0.0002938874215601,2.034270764373153,119.76224296586544,110.22626924339362,NORMAL
10:29:30,,,step_04,STI_포토,IDLE,25.03245831022922,0.0002938874215601,2.034270764373153,119.76224296586544,110.22626924339362,NORMAL
10:29:35,,,step_04,STI_포토,IDLE,25.03245831022922,0.0002938874215601,2.034270764373153,119.76224296586544,110.22626924339362,NORMAL
10:29:40,,,step_04,STI_포토,IDLE,25.03245831022922,0.0002938874215601,2.034270764373153,119.76224296586544,110.22626924339362,NORMAL
10:29:45,,,step_04,STI_포토,IDLE,25.03245831022922,0.0002938874215601,2.034270764373153,119.76224296586544,110.22626924339362,NORMAL
10:29:50,,,step_04,STI_포토,IDLE,25.03245831022922,0.0002938874215601,2.034270764373153,119.76224296586544,110.22626924339362,NORMAL
10:29:55,,,step_04,STI_포토,IDLE,25.03245831022922,0.0002938874215601,2.034270764373153,119.76224296586544,110.22626924339362,NORMAL
10:30:00,,,step_04,STI_포토,IDLE,25.03245831022922,0.0002938874215601,2.034270764373153,119.76224296586544,110.22626924339362,NORMAL
10:30:05,,,step_04,STI_포토,IDLE,25.03245831022922,0.0002938874215601,2.034270764373153,119.76224296586544,110.22626924339362,NORMAL
10:30:10,,,step_04,STI_포토,IDLE,25.03245831022922,0.0002938874215601,2.034270764373153,119.76224296586544,110.22626924339362,NORMAL
10:30:15,,,step_04,STI_포토,IDLE,25.03245831022922,0.0002938874215601,2.034270764373153,119.76224296586544,110.22626924339362,NORMAL
10:30:20,,,step_04,STI_포토,IDLE,25.03245831022922,0.0002938874215601,2.034270764373153,119.76224296586544,110.22626924339362,NORMAL
10:30:25,,,step_04,STI_포토,IDLE,25.03245831022922,0.0002938874215601,2.034270764373153,119.76224296586544,110.22626924339362,NORMAL
10:30:30,,,step_04,STI_포토,IDLE,25.03245831022922,0.0002938874215601,2.034270764373153,119.76224296586544,110.22626924339362,NORMAL
10:30:35,,,step_04,STI_포토,IDLE,25.03245831022922,0.0002938874215601,2.034270764373153,119.76224296586544,110.22626924339362,NORMAL
10:30:40,,,step_04,STI_포토,IDLE,25.03245831022922,0.0002938874215601,2.034270764373153,119.76224296586544,110.22626924339362,NORMAL
10:30:45,,,step_04,STI_포토,IDLE,25.03245831022922,0.0002938874215601,2.034270764373153,119.76224296586544,110.22626924339362,NORMAL
10:30:50,,,step_04,STI_포토,IDLE,25.03245831022922,0.0002938874215601,2.034270764373153,119.76224296586544,110.22626924339362,NORMAL
10:30:55,,,step_04,STI_포토,IDLE,25.03245831022922,0.0002938874215601,2.034270764373153,119.76224296586544,110.22626924339362,NORMAL
10:31:00,,,step_04,STI_포토,IDLE,25.03245831022922,0.0002938874215601,2.034270764373153,119.76224296586544,110.22626924339362,NORMAL
10:31:05,,,step_04,STI_포토,IDLE,25.03245831022922,0.0002938874215601,2.034270764373153,119.76224296586544,110.22626924339362,NORMAL
10:31:10,,,step_04,STI_포토,IDLE,25.03245831022922,0.0002938874215601,2.034270764373153,119.76224296586544,110.22626924339362,NORMAL
10:31:15,,,step_04,STI_포토,IDLE,25.03245831022922,0.0002938874215601,2.034270764373153,119.76224296586544,110.22626924339362,NORMAL
10:31:20,,,step_04,STI_포토,IDLE,25.03245831022922,0.0002938874215601,2.034270764373153,119.76224296586544,110.22626924339362,NORMAL
10:31:25,,,step_04,STI_포토,IDLE,25.03245831022922,0.0002938874215601,2.034270764373153,119.76224296586544,110.22626924339362,NORMAL
10:31:30,,,step_04,STI_포토,IDLE,25.03245831022922,0.0002938874215601,2.034270764373153,119.76224296586544,110.22626924339362,NORMAL
10:31:35,,,step_04,STI_포토,IDLE,25.03245831022922,0.0002938874215601,2.034270764373153,119.76224296586544,110.22626924339362,NORMAL
10:31:40,,,step_04,STI_포토,IDLE,25.03245831022922,0.0002938874215601,2.034270764373153,119.76224296586544,110.22626924339362,NORMAL
10:31:45,,,step_04,STI_포토,IDLE,25.03245831022922,0.0002938874215601,2.034270764373153,119.76224296586544,110.22626924339362,NORMAL
10:31:50,,,step_04,STI_포토,IDLE,25.03245831022922,0.0002938874215601,2.034270764373153,119.76224296586544,110.22626924339362,NORMAL
10:31:55,,,step_04,STI_포토,IDLE,25.03245831022922,0.0002938874215601,2.034270764373153,119.76224296586544,110.22626924339362,NORMAL
10:32:00,,,step_04,STI_포토,IDLE,25.03245831022922,0.0002938874215601,2.034270764373153,119.76224296586544,110.22626924339362,NORMAL
10:32:05,,,step_04,STI_포토,IDLE,25.03245831022922,0.0002938874215601,2.034270764373153,119.76224296586544,110.22626924339362,NORMAL
10:32:10,,,step_04,STI_포토,IDLE,25.03245831022922,0.0002938874215601,2.034270764373153,119.76224296586544,110.22626924339362,NORMAL
10:32:15,,,step_04,STI_포토,IDLE,25.03245831022922,0.0002938874215601,2.034270764373153,119.76224296586544,110.22626924339362,NORMAL
10:32:20,,,step_04,STI_포토,IDLE,25.03245831022922,0.0002938874215601,2.034270764373153,119.76224296586544,110.22626924339362,NORMAL
10:32:25,,,step_04,STI_포토,IDLE,25.03245831022922,0.0002938874215601,2.034270764373153,119.76224296586544,110.22626924339362,NORMAL
10:32:30,,,step_04,STI_포토,IDLE,25.03245831022922,0.0002938874215601,2.034270764373153,119.76224296586544,110.22626924339362,NORMAL
10:32:35,,,step_04,STI_포토,IDLE,25.03245831022922,0.0002938874215601,2.034270764373153,119.76224296586544,110.22626924339362,NORMAL
10:32:40,,,step_04,STI_포토,IDLE,25.03245831022922,0.0002938874215601,2.034270764373153,119.76224296586544,110.22626924339362,NORMAL
10:32:45,,,step_04,STI_포토,IDLE,25.03245831022922,0.0002938874215601,2.034270764373153,119.76224296586544,110.22626924339362,NORMAL
10:32:50,,,step_04,STI_포토,IDLE,25.03245831022922,0.0002938874215601,2.034270764373153,119.76224296586544,110.22626924339362,NORMAL
10:32:55,,,step_04,STI_포토,IDLE,25.03245831022922,0.0002938874215601,2.034270764373153,119.76224296586544,110.22626924339362,NORMAL
10:33:00,,,step_04,STI_포토,IDLE,25.03245831022922,0.0002938874215601,2.034270764373153,119.76224296586544,110.22626924339362,NORMAL
10:33:05,,,step_04,STI_포토,IDLE,25.03245831022922,0.0002938874215601,2.034270764373153,119.76224296586544,110.22626924339362,NORMAL
10:33:10,,,step_04,STI_포토,IDLE,25.03245831022922,0.0002938874215601,2.034270764373153,119.76224296586544,110.22626924339362,NORMAL
10:33:15,,,step_04,STI_포토,IDLE,25.03245831022922,0.0002938874215601,2.034270764373153,119.76224296586544,110.22626924339362,NORMAL
