Timestamp,Lot_ID,Wafer_ID,Address,Step_Name,Phase,DC_Power_kW,Ar_Flow_sccm,Vacuum_Pressure_Torr,Magnet_RPM,Status
09:00:00,,,step_29,Cu_Barrier_Seed,IDLE,0.5085973558326947,2.508832091785388,5.039655116690675e-09,2.9808022179869105,NORMAL
09:00:05,,,step_29,Cu_Barrier_Seed,IDLE,0.5085973558326947,2.508832091785388,5.039655116690675e-09,2.9808022179869105,NORMAL
09:00:10,,,step_29,Cu_Barrier_Seed,IDLE,0.5085973558326947,2.508832091785388,5.039655116690675e-09,2.9808022179869105,NORMAL
09:00:15,,,step_29,Cu_Barrier_Seed,IDLE,0.5085973558326947,2.508832091785388,5.039655116690675e-09,2.9808022179869105,NORMAL
09:00:20,,,step_29,Cu_Barrier_Seed,IDLE,0.5085973558326947,2.508832091785388,5.039655116690675e-09,2.9808022179869105,NORMAL
09:00:25,,,step_29,Cu_Barrier_Seed,IDLE,0.5085973558326947,2.508832091785388,5.039655116690675e-09,2.9808022179869105,NORMAL
09:00:30,,,step_29,Cu_Barrier_Seed,IDLE,0.5085973558326947,2.508832091785388,5.039655116690675e-09,2.9808022179869105,NORMAL
09:00:35,,,step_29,Cu_Barrier_Seed,IDLE,0.5085973558326947,2.508832091785388,5.039655116690675e-09,2.9808022179869105,NORMAL
09:00:40,,,step_29,Cu_Barrier_Seed,IDLE,0.5085973558326947,2.508832091785388,5.039655116690675e-09,2.9808022179869105,NORMAL
09:00:45,,,step_29,Cu_Barrier_Seed,IDLE,0.5085973558326947,2.508832091785388,5.039655116690675e-09,2.9808022179869105,NORMAL
09:00:50,,,step_29,Cu_Barrier_Seed,IDLE,0.5085973558326947,2.508832091785388,5.039655116690675e-09,2.9808022179869105,NORMAL
09:00:55,,,step_29,Cu_Barrier_Seed,IDLE,0.5085973558326947,2.508832091785388,5.039655116690675e-09,2.9808022179869105,NORMAL
09:01:00,,,step_29,Cu_Barrier_Seed,IDLE,0.5085973558326947,2.508832091785388,5.039655116690675e-09,2.9808022179869105,NORMAL
09:01:05,,,step_29,Cu_Barrier_Seed,IDLE,0.5085973558326947,2.508832091785388,5.039655116690675e-09,2.9808022179869105,NORMAL
09:01:10,,,step_29,Cu_Barrier_Seed,IDLE,0.5085973558326947,2.508832091785388,5.039655116690675e-09,2.9808022179869105,NORMAL
09:01:15,,,step_29,Cu_Barrier_Seed,IDLE,0.5085973558326947,2.508832091785388,5.039655116690675e-09,2.9808022179869105,NORMAL
09:01:20,,,step_29,Cu_Barrier_Seed,IDLE,0.5085973558326947,2.508832091785388,5.039655116690675e-09,2.9808022179869105,NORMAL
09:01:25,,,step_29,Cu_Barrier_Seed,IDLE,0.5085973558326947,2.508832091785388,5.039655116690675e-09,2.9808022179869105,NORMAL
09:01:30,,,step_29,Cu_Barrier_Seed,IDLE,0.5085973558326947,2.508832091785388,5.039655116690675e-09,2.9808022179869105,NORMAL
09:01:35,,,step_29,Cu_Barrier_Seed,IDLE,0.5085973558326947,2.508832091785388,5.039655116690675e-09,2.9808022179869105,NORMAL
09:01:40,,,step_29,Cu_Barrier_Seed,IDLE,0.5085973558326947,2.508832091785388,5.039655116690675e-09,2.9808022179869105,NORMAL
09:01:45,,,step_29,Cu_Barrier_Seed,IDLE,0.5085973558326947,2.508832091785388,5.039655116690675e-09,2.9808022179869105,NORMAL
09:01:50,,,step_29,Cu_Barrier_Seed,IDLE,0.5085973558326947,2.508832091785388,5.039655116690675e-09,2.9808022179869105,NORMAL
09:01:55,,,step_29,Cu_Barrier_Seed,IDLE,0.5085973558326947,2.508832091785388,5.039655116690675e-09,2.9808022179869105,NORMAL
09:02:00,,,step_29,Cu_Barrier_Seed,IDLE,0.5085973558326947,2.508832091785388,5.039655116690675e-09,2.9808022179869105,NORMAL
09:02:05,,,step_29,Cu_Barrier_Seed,IDLE,0.5085973558326947,2.508832091785388,5.039655116690675e-09,2.9808022179869105,NORMAL
09:02:10,,,step_29,Cu_Barrier_Seed,IDLE,0.5085973558326947,2.508832091785388,5.039655116690675e-09,2.9808022179869105,NORMAL
09:02:15,,,step_29,Cu_Barrier_Seed,IDLE,0.5085973558326947,2.508832091785388,5.039655116690675e-09,2.9808022179869105,NORMAL
09:02:20,,,step_29,Cu_Barrier_Seed,IDLE,0.5085973558326947,2.508832091785388,5.039655116690675e-09,2.9808022179869105,NORMAL
09:02:25,,,step_29,Cu_Barrier_Seed,IDLE,0.5085973558326947,2.508832091785388,5.039655116690675e-09,2.9808022179869105,NORMAL
09:02:30,,,step_29,Cu_Barrier_Seed,IDLE,0.5085973558326947,2.508832091785388,5.039655116690675e-09,2.9808022179869105,NORMAL
09:02:35,,,step_29,Cu_Barrier_Seed,IDLE,0.5085973558326947,2.508832091785388,5.039655116690675e-09,2.9808022179869105,NORMAL
09:02:40,,,step_29,Cu_Barrier_Seed,IDLE,0.5085973558326947,2.508832091785388,5.039655116690675e-09,2.9808022179869105,NORMAL
09:02:45,,,step_29,Cu_Barrier_Seed,IDLE,0.5085973558326947,2.508832091785388,5.039655116690675e-09,2.9808022179869105,NORMAL
09:02:50,,,step_29,Cu_Barrier_Seed,IDLE,0.5085973558326947,2.508832091785388,5.039655116690675e-09,2.9808022179869105,NORMAL
09:02:55,,,step_29,Cu_Barrier_Seed,IDLE,0.5085973558326947,2.508832091785388,5.039655116690675e-09,2.9808022179869105,NORMAL
09:03:00,,,step_29,Cu_Barrier_Seed,IDLE,0.5085973558326947,2.508832091785388,5.039655116690675e-09,2.9808022179869105,NORMAL
09:03:05,,,step_29,Cu_Barrier_Seed,IDLE,0.5085973558326947,2.508832091785388,5.039655116690675e-09,2.9808022179869105,NORMAL
09:03:10,,,step_29,Cu_Barrier_Seed,IDLE,0.5085973558326947,2.508832091785388,5.039655116690675e-09,2.9808022179869105,NORMAL
09:03:15,,,step_29,Cu_Barrier_Seed,IDLE,0.5085973558326947,2.508832091785388,5.039655116690675e-09,2.9808022179869105,NORMAL
09:03:20,,,step_29,Cu_Barrier_Seed,IDLE,0.5085973558326947,2.508832091785388,5.039655116690675e-09,2.9808022179869105,NORMAL
09:03:25,,,step_29,Cu_Barrier_Seed,IDLE,0.5085973558326947,2.508832091785388,5.039655116690675e-09,2.9808022179869105,NORMAL
09:03:30,,,step_29,Cu_Barrier_Seed,IDLE,0.5085973558326947,2.508832091785388,5.039655116690675e-09,2.9808022179869105,NORMAL
09:03:35,,,step_29,Cu_Barrier_Seed,IDLE,0.5085973558326947,2.508832091785388,5.039655116690675e-09,2.9808022179869105,NORMAL
09:03:40,,,step_29,Cu_Barrier_Seed,IDLE,0.5085973558326947,2.508832091785388,5.039655116690675e-09,2.9808022179869105,NORMAL
09:03:45,,,step_29,Cu_Barrier_Seed,IDLE,0.5085973558326947,2.508832091785388,5.039655116690675e-09,2.9808022179869105,NORMAL
09:03:50,,,step_29,Cu_Barrier_Seed,IDLE,0.5085973558326947,2.508832091785388,5.039655116690675e-09,2.9808022179869105,NORMAL
09:03:55,,,step_29,Cu_Barrier_Seed,IDLE,0.5085973558326947,2.508832091785388,5.039655116690675e-09,2.9808022179869105,NORMAL
09:04:00,,,step_29,Cu_Barrier_Seed,IDLE,0.5085973558326947,2.508832091785388,5.039655116690675e-09,2.9808022179869105,NORMAL
09:04:05,,,step_29,Cu_Barrier_Seed,IDLE,0.5085973558326947,2.508832091785388,5.039655116690675e-09,2.9808022179869105,NORMAL
09:04:10,,,step_29,Cu_Barrier_Seed,IDLE,0.5085973558326947,2.508832091785388,5.039655116690675e-09,2.9808022179869105,NORMAL
09:04:15,,,step_29,Cu_Barrier_Seed,IDLE,0.5085973558326947,2.508832091785388,5.039655116690675e-09,2.9808022179869105,NORMAL
09:04:20,,,step_29,Cu_Barrier_Seed,IDLE,0.5085973558326947,2.508832091785388,5.039655116690675e-09,2.9808022179869105,NORMAL
09:04:25,,,step_29,Cu_Barrier_Seed,IDLE,0.5085973558326947,2.508832091785388,5.039655116690675e-09,2.9808022179869105,NORMAL
09:04:30,,,step_29,Cu_Barrier_Seed,IDLE,0.5085973558326947,2.508832091785388,5.039655116690675e-09,2.9808022179869105,NORMAL
09:04:35,,,step_29,Cu_Barrier_Seed,IDLE,0.5085973558326947,2.508832091785388,5.039655116690675e-09,2.9808022179869105,NORMAL
09:04:40,,,step_29,Cu_Barrier_Seed,IDLE,0.5085973558326947,2.508832091785388,5.039655116690675e-09,2.9808022179869105,NORMAL
09:04:45,,,step_29,Cu_Barrier_Seed,IDLE,0.5085973558326947,2.508832091785388,5.039655116690675e-09,2.9808022179869105,NORMAL
09:04:50,,,step_29,Cu_Barrier_Seed,IDLE,0.5085973558326947,2.508832091785388,5.039655116690675e-09,2.9808022179869105,NORMAL
09:04:55,,,step_29,Cu_Barrier_Seed,IDLE,0.5085973558326947,2.508832091785388,5.039655116690675e-09,2.9808022179869105,NORMAL
09:05:00,,,step_29,Cu_Barrier_Seed,IDLE,0.5085973558326947,2.508832091785388,5.039655116690675e-09,2.9808022179869105,NORMAL
09:05:05,,,step_29,Cu_Barrier_Seed,IDLE,0.5085973558326947,2.508832091785388,5.039655116690675e-09,2.9808022179869105,NORMAL
09:05:10,,,step_29,Cu_Barrier_Seed,IDLE,0.5085973558326947,2.508832091785388,5.039655116690675e-09,2.9808022179869105,NORMAL
09:05:15,,,step_29,Cu_Barrier_Seed,IDLE,0.5085973558326947,2.508832091785388,5.039655116690675e-09,2.9808022179869105,NORMAL
09:05:20,,,step_29,Cu_Barrier_Seed,IDLE,0.5085973558326947,2.508832091785388,5.039655116690675e-09,2.9808022179869105,NORMAL
09:05:25,,,step_29,Cu_Barrier_Seed,IDLE,0.5085973558326947,2.508832091785388,5.039655116690675e-09,2.9808022179869105,NORMAL
09:05:30,,,step_29,Cu_Barrier_Seed,IDLE,0.5085973558326947,2.508832091785388,5.039655116690675e-09,2.9808022179869105,NORMAL
09:05:35,,,step_29,Cu_Barrier_Seed,IDLE,0.5085973558326947,2.508832091785388,5.039655116690675e-09,2.9808022179869105,NORMAL
09:05:40,,,step_29,Cu_Barrier_Seed,IDLE,0.5085973558326947,2.508832091785388,5.039655116690675e-09,2.9808022179869105,NORMAL
09:05:45,,,step_29,Cu_Barrier_Seed,IDLE,0.5085973558326947,2.508832091785388,5.039655116690675e-09,2.9808022179869105,NORMAL
09:05:50,,,step_29,Cu_Barrier_Seed,IDLE,0.5085973558326947,2.508832091785388,5.039655116690675e-09,2.9808022179869105,NORMAL
09:05:55,,,step_29,Cu_Barrier_Seed,IDLE,0.5085973558326947,2.508832091785388,5.039655116690675e-09,2.9808022179869105,NORMAL
09:06:00,,,step_29,Cu_Barrier_Seed,IDLE,0.5085973558326947,2.508832091785388,5.039655116690675e-09,2.9808022179869105,NORMAL
09:06:05,,,step_29,Cu_Barrier_Seed,IDLE,0.5085973558326947,2.508832091785388,5.039655116690675e-09,2.9808022179869105,NORMAL
09:06:10,,,step_29,Cu_Barrier_Seed,IDLE,0.5085973558326947,2.508832091785388,5.039655116690675e-09,2.9808022179869105,NORMAL
09:06:15,,,step_29,Cu_Barrier_Seed,IDLE,0.5085973558326947,2.508832091785388,5.039655116690675e-09,2.9808022179869105,NORMAL
09:06:20,,,step_29,Cu_Barrier_Seed,IDLE,0.5085973558326947,2.508832091785388,5.039655116690675e-09,2.9808022179869105,NORMAL
09:06:25,,,step_29,Cu_Barrier_Seed,IDLE,0.5085973558326947,2.508832091785388,5.039655116690675e-09,2.9808022179869105,NORMAL
09:06:30,,,step_29,Cu_Barrier_Seed,IDLE,0.5085973558326947,2.508832091785388,5.039655116690675e-09,2.9808022179869105,NORMAL
09:06:35,,,step_29,Cu_Barrier_Seed,IDLE,0.5085973558326947,2.508832091785388,5.039655116690675e-09,2.9808022179869105,NORMAL
09:06:40,,,step_29,Cu_Barrier_Seed,IDLE,0.5085973558326947,2.508832091785388,5.039655116690675e-09,2.9808022179869105,NORMAL
09:06:45,,,step_29,Cu_Barrier_Seed,IDLE,0.5085973558326947,2.508832091785388,5.039655116690675e-09,2.9808022179869105,NORMAL
09:06:50,,,step_29,Cu_Barrier_Seed,IDLE,0.5085973558326947,2.508832091785388,5.039655116690675e-09,2.9808022179869105,NORMAL
09:06:55,,,step_29,Cu_Barrier_Seed,IDLE,0.5085973558326947,2.508832091785388,5.039655116690675e-09,2.9808022179869105,NORMAL
09:07:00,,,step_29,Cu_Barrier_Seed,IDLE,0.5085973558326947,2.508832091785388,5.039655116690675e-09,2.9808022179869105,NORMAL
09:07:05,,,step_29,Cu_Barrier_Seed,IDLE,0.5085973558326947,2.508832091785388,5.039655116690675e-09,2.9808022179869105,NORMAL
09:07:10,,,step_29,Cu_Barrier_Seed,IDLE,0.5085973558326947,2.508832091785388,5.039655116690675e-09,2.9808022179869105,NORMAL
09:07:15,,,step_29,Cu_Barrier_Seed,IDLE,0.5085973558326947,2.508832091785388,5.039655116690675e-09,2.9808022179869105,NORMAL
09:07:20,,,step_29,Cu_Barrier_Seed,IDLE,0.5085973558326947,2.508832091785388,5.039655116690675e-09,2.9808022179869105,NORMAL
09:07:25,,,step_29,Cu_Barrier_Seed,IDLE,0.5085973558326947,2.508832091785388,5.039655116690675e-09,2.9808022179869105,NORMAL
09:07:30,,,step_29,Cu_Barrier_Seed,IDLE,0.5085973558326947,2.508832091785388,5.039655116690675e-09,2.9808022179869105,NORMAL
09:07:35,,,step_29,Cu_Barrier_Seed,IDLE,0.5085973558326947,2.508832091785388,5.039655116690675e-09,2.9808022179869105,NORMAL
09:07:40,,,step_29,Cu_Barrier_Seed,IDLE,0.5085973558326947,2.508832091785388,5.039655116690675e-09,2.9808022179869105,NORMAL
09:07:45,,,step_29,Cu_Barrier_Seed,IDLE,0.5085973558326947,2.508832091785388,5.039655116690675e-09,2.9808022179869105,NORMAL
09:07:50,,,step_29,Cu_Barrier_Seed,IDLE,0.5085973558326947,2.508832091785388,5.039655116690675e-09,2.9808022179869105,NORMAL
09:07:55,,,step_29,Cu_Barrier_Seed,IDLE,0.5085973558326947,2.508832091785388,5.039655116690675e-09,2.9808022179869105,NORMAL
09:08:00,,,step_29,Cu_Barrier_Seed,IDLE,0.5085973558326947,2.508832091785388,5.039655116690675e-09,2.9808022179869105,NORMAL
09:08:05,,,step_29,Cu_Barrier_Seed,IDLE,0.5085973558326947,2.508832091785388,5.039655116690675e-09,2.9808022179869105,NORMAL
09:08:10,,,step_29,Cu_Barrier_Seed,IDLE,0.5085973558326947,2.508832091785388,5.039655116690675e-09,2.9808022179869105,NORMAL
09:08:15,,,step_29,Cu_Barrier_Seed,IDLE,0.5085973558326947,2.508832091785388,5.039655116690675e-09,2.9808022179869105,NORMAL
09:08:20,,,step_29,Cu_Barrier_Seed,IDLE,0.5085973558326947,2.508832091785388,5.039655116690675e-09,2.9808022179869105,NORMAL
09:08:25,,,step_29,Cu_Barrier_Seed,IDLE,0.5085973558326947,2.508832091785388,5.039655116690675e-09,2.9808022179869105,NORMAL
09:08:30,,,step_29,Cu_Barrier_Seed,IDLE,0.5085973558326947,2.508832091785388,5.039655116690675e-09,2.9808022179869105,NORMAL
09:08:35,,,step_29,Cu_Barrier_Seed,IDLE,0.5085973558326947,2.508832091785388,5.039655116690675e-09,2.9808022179869105,NORMAL
09:08:40,,,step_29,Cu_Barrier_Seed,IDLE,0.5085973558326947,2.508832091785388,5.039655116690675e-09,2.9808022179869105,NORMAL
09:08:45,,,step_29,Cu_Barrier_Seed,IDLE,0.5085973558326947,2.508832091785388,5.039655116690675e-09,2.9808022179869105,NORMAL
09:08:50,,,step_29,Cu_Barrier_Seed,IDLE,0.5085973558326947,2.508832091785388,5.039655116690675e-09,2.9808022179869105,NORMAL
09:08:55,,,step_29,Cu_Barrier_Seed,IDLE,0.5085973558326947,2.508832091785388,5.039655116690675e-09,2.9808022179869105,NORMAL
09:09:00,,,step_29,Cu_Barrier_Seed,IDLE,0.5085973558326947,2.508832091785388,5.039655116690675e-09,2.9808022179869105,NORMAL
09:09:05,,,step_29,Cu_Barrier_Seed,IDLE,0.5085973558326947,2.508832091785388,5.039655116690675e-09,2.9808022179869105,NORMAL
09:09:10,,,step_29,Cu_Barrier_Seed,IDLE,0.5085973558326947,2.508832091785388,5.039655116690675e-09,2.9808022179869105,NORMAL
09:09:15,,,step_29,Cu_Barrier_Seed,IDLE,0.5085973558326947,2.508832091785388,5.039655116690675e-09,2.9808022179869105,NORMAL
09:09:20,,,step_29,Cu_Barrier_Seed,IDLE,0.5085973558326947,2.508832091785388,5.039655116690675e-09,2.9808022179869105,NORMAL
09:09:25,,,step_29,Cu_Barrier_Seed,IDLE,0.5085973558326947,2.508832091785388,5.039655116690675e-09,2.9808022179869105,NORMAL
09:09:30,,,step_29,Cu_Barrier_Seed,IDLE,0.5085973558326947,2.508832091785388,5.039655116690675e-09,2.9808022179869105,NORMAL
09:09:35,,,step_29,Cu_Barrier_Seed,IDLE,0.5085973558326947,2.508832091785388,5.039655116690675e-09,2.9808022179869105,NORMAL
09:09:40,,,step_29,Cu_Barrier_Seed,IDLE,0.5085973558326947,2.508832091785388,5.039655116690675e-09,2.9808022179869105,NORMAL
09:09:45,,,step_29,Cu_Barrier_Seed,IDLE,0.5085973558326947,2.508832091785388,5.039655116690675e-09,2.9808022179869105,NORMAL
09:09:50,,,step_29,Cu_Barrier_Seed,IDLE,0.5085973558326947,2.508832091785388,5.039655116690675e-09,2.9808022179869105,NORMAL
09:09:55,,,step_29,Cu_Barrier_Seed,IDLE,0.5085973558326947,2.508832091785388,5.039655116690675e-09,2.9808022179869105,NORMAL
09:10:00,,,step_29,Cu_Barrier_Seed,IDLE,0.5085973558326947,2.508832091785388,5.039655116690675e-09,2.9808022179869105,NORMAL
09:10:05,,,step_29,Cu_Barrier_Seed,IDLE,0.5085973558326947,2.508832091785388,5.039655116690675e-09,2.9808022179869105,NORMAL
09:10:10,,,step_29,Cu_Barrier_Seed,IDLE,0.5085973558326947,2.508832091785388,5.039655116690675e-09,2.9808022179869105,NORMAL
09:10:15,,,step_29,Cu_Barrier_Seed,IDLE,0.5085973558326947,2.508832091785388,5.039655116690675e-09,2.9808022179869105,NORMAL
09:10:20,,,step_29,Cu_Barrier_Seed,IDLE,0.5085973558326947,2.508832091785388,5.039655116690675e-09,2.9808022179869105,NORMAL
09:10:25,,,step_29,Cu_Barrier_Seed,IDLE,0.5085973558326947,2.508832091785388,5.039655116690675e-09,2.9808022179869105,NORMAL
09:10:30,,,step_29,Cu_Barrier_Seed,IDLE,0.5085973558326947,2.508832091785388,5.039655116690675e-09,2.9808022179869105,NORMAL
09:10:35,,,step_29,Cu_Barrier_Seed,IDLE,0.5085973558326947,2.508832091785388,5.039655116690675e-09,2.9808022179869105,NORMAL
09:10:40,,,step_29,Cu_Barrier_Seed,IDLE,0.5085973558326947,2.508832091785388,5.039655116690675e-09,2.9808022179869105,NORMAL
09:10:45,,,step_29,Cu_Barrier_Seed,IDLE,0.5085973558326947,2.508832091785388,5.039655116690675e-09,2.9808022179869105,NORMAL
09:10:50,,,step_29,Cu_Barrier_Seed,IDLE,0.5085973558326947,2.508832091785388,5.039655116690675e-09,2.9808022179869105,NORMAL
09:10:55,,,step_29,Cu_Barrier_Seed,IDLE,0.5085973558326947,2.508832091785388,5.039655116690675e-09,2.9808022179869105,NORMAL
09:11:00,,,step_29,Cu_Barrier_Seed,IDLE,0.5085973558326947,2.508832091785388,5.039655116690675e-09,2.9808022179869105,NORMAL
09:11:05,,,step_29,Cu_Barrier_Seed,IDLE,0.5085973558326947,2.508832091785388,5.039655116690675e-09,2.9808022179869105,NORMAL
09:11:10,,,step_29,Cu_Barrier_Seed,IDLE,0.5085973558326947,2.508832091785388,5.039655116690675e-09,2.9808022179869105,NORMAL
09:11:15,,,step_29,Cu_Barrier_Seed,IDLE,0.5085973558326947,2.508832091785388,5.039655116690675e-09,2.9808022179869105,NORMAL
09:11:20,,,step_29,Cu_Barrier_Seed,IDLE,0.5085973558326947,2.508832091785388,5.039655116690675e-09,2.9808022179869105,NORMAL
09:11:25,,,step_29,Cu_Barrier_Seed,IDLE,0.5085973558326947,2.508832091785388,5.039655116690675e-09,2.9808022179869105,NORMAL
09:11:30,,,step_29,Cu_Barrier_Seed,IDLE,0.5085973558326947,2.508832091785388,5.039655116690675e-09,2.9808022179869105,NORMAL
09:11:35,,,step_29,Cu_Barrier_Seed,IDLE,0.5085973558326947,2.508832091785388,5.039655116690675e-09,2.9808022179869105,NORMAL
09:11:40,,,step_29,Cu_Barrier_Seed,IDLE,0.5085973558326947,2.508832091785388,5.039655116690675e-09,2.9808022179869105,NORMAL
09:11:45,,,step_29,Cu_Barrier_Seed,IDLE,0.5085973558326947,2.508832091785388,5.039655116690675e-09,2.9808022179869105,NORMAL
09:11:50,,,step_29,Cu_Barrier_Seed,IDLE,0.5085973558326947,2.508832091785388,5.039655116690675e-09,2.9808022179869105,NORMAL
09:11:55,,,step_29,Cu_Barrier_Seed,IDLE,0.5085973558326947,2.508832091785388,5.039655116690675e-09,2.9808022179869105,NORMAL
09:12:00,,,step_29,Cu_Barrier_Seed,IDLE,0.5085973558326947,2.508832091785388,5.039655116690675e-09,2.9808022179869105,NORMAL
09:12:05,,,step_29,Cu_Barrier_Seed,IDLE,0.5085973558326947,2.508832091785388,5.039655116690675e-09,2.9808022179869105,NORMAL
09:12:10,,,step_29,Cu_Barrier_Seed,IDLE,0.5085973558326947,2.508832091785388,5.039655116690675e-09,2.9808022179869105,NORMAL
09:12:15,,,step_29,Cu_Barrier_Seed,IDLE,0.5085973558326947,2.508832091785388,5.039655116690675e-09,2.9808022179869105,NORMAL
09:12:20,,,step_29,Cu_Barrier_Seed,IDLE,0.5085973558326947,2.508832091785388,5.039655116690675e-09,2.9808022179869105,NORMAL
09:12:25,,,step_29,Cu_Barrier_Seed,IDLE,0.5085973558326947,2.508832091785388,5.039655116690675e-09,2.9808022179869105,NORMAL
09:12:30,,,step_29,Cu_Barrier_Seed,IDLE,0.5085973558326947,2.508832091785388,5.039655116690675e-09,2.9808022179869105,NORMAL
09:12:35,,,step_29,Cu_Barrier_Seed,IDLE,0.5085973558326947,2.508832091785388,5.039655116690675e-09,2.9808022179869105,NORMAL
09:12:40,,,step_29,Cu_Barrier_Seed,IDLE,0.5085973558326947,2.508832091785388,5.039655116690675e-09,2.9808022179869105,NORMAL
09:12:45,,,step_29,Cu_Barrier_Seed,IDLE,0.5085973558326947,2.508832091785388,5.039655116690675e-09,2.9808022179869105,NORMAL
09:12:50,,,step_29,Cu_Barrier_Seed,IDLE,0.5085973558326947,2.508832091785388,5.039655116690675e-09,2.9808022179869105,NORMAL
09:12:55,,,step_29,Cu_Barrier_Seed,IDLE,0.5085973558326947,2.508832091785388,5.039655116690675e-09,2.9808022179869105,NORMAL
09:13:00,,,step_29,Cu_Barrier_Seed,IDLE,0.5085973558326947,2.508832091785388,5.039655116690675e-09,2.9808022179869105,NORMAL
09:13:05,,,step_29,Cu_Barrier_Seed,IDLE,0.5085973558326947,2.508832091785388,5.039655116690675e-09,2.9808022179869105,NORMAL
09:13:10,,,step_29,Cu_Barrier_Seed,IDLE,0.5085973558326947,2.508832091785388,5.039655116690675e-09,2.9808022179869105,NORMAL
09:13:15,,,step_29,Cu_Barrier_Seed,IDLE,0.5085973558326947,2.508832091785388,5.039655116690675e-09,2.9808022179869105,NORMAL
09:13:20,,,step_29,Cu_Barrier_Seed,IDLE,0.5085973558326947,2.508832091785388,5.039655116690675e-09,2.9808022179869105,NORMAL
09:13:25,,,step_29,Cu_Barrier_Seed,IDLE,0.5085973558326947,2.508832091785388,5.039655116690675e-09,2.9808022179869105,NORMAL
09:13:30,,,step_29,Cu_Barrier_Seed,IDLE,0.5085973558326947,2.508832091785388,5.039655116690675e-09,2.9808022179869105,NORMAL
09:13:35,,,step_29,Cu_Barrier_Seed,IDLE,0.5085973558326947,2.508832091785388,5.039655116690675e-09,2.9808022179869105,NORMAL
09:13:40,,,step_29,Cu_Barrier_Seed,IDLE,0.5085973558326947,2.508832091785388,5.039655116690675e-09,2.9808022179869105,NORMAL
09:13:45,,,step_29,Cu_Barrier_Seed,IDLE,0.5085973558326947,2.508832091785388,5.039655116690675e-09,2.9808022179869105,NORMAL
09:13:50,,,step_29,Cu_Barrier_Seed,IDLE,0.5085973558326947,2.508832091785388,5.039655116690675e-09,2.9808022179869105,NORMAL
09:13:55,,,step_29,Cu_Barrier_Seed,IDLE,0.5085973558326947,2.508832091785388,5.039655116690675e-09,2.9808022179869105,NORMAL
09:14:00,,,step_29,Cu_Barrier_Seed,IDLE,0.5085973558326947,2.508832091785388,5.039655116690675e-09,2.9808022179869105,NORMAL
09:14:05,,,step_29,Cu_Barrier_Seed,IDLE,0.5085973558326947,2.508832091785388,5.039655116690675e-09,2.9808022179869105,NORMAL
09:14:10,,,step_29,Cu_Barrier_Seed,IDLE,0.5085973558326947,2.508832091785388,5.039655116690675e-09,2.9808022179869105,NORMAL
09:14:15,,,step_29,Cu_Barrier_Seed,IDLE,0.5085973558326947,2.508832091785388,5.039655116690675e-09,2.9808022179869105,NORMAL
09:14:20,,,step_29,Cu_Barrier_Seed,IDLE,0.5085973558326947,2.508832091785388,5.039655116690675e-09,2.9808022179869105,NORMAL
09:14:25,,,step_29,Cu_Barrier_Seed,IDLE,0.5085973558326947,2.508832091785388,5.039655116690675e-09,2.9808022179869105,NORMAL
09:14:30,,,step_29,Cu_Barrier_Seed,IDLE,0.5085973558326947,2.508832091785388,5.039655116690675e-09,2.9808022179869105,NORMAL
09:14:35,,,step_29,Cu_Barrier_Seed,IDLE,0.5085973558326947,2.508832091785388,5.039655116690675e-09,2.9808022179869105,NORMAL
09:14:40,,,step_29,Cu_Barrier_Seed,IDLE,0.5085973558326947,2.508832091785388,5.039655116690675e-09,2.9808022179869105,NORMAL
09:14:45,,,step_29,Cu_Barrier_Seed,IDLE,0.5085973558326947,2.508832091785388,5.039655116690675e-09,2.9808022179869105,NORMAL
09:14:50,,,step_29,Cu_Barrier_Seed,IDLE,0.5085973558326947,2.508832091785388,5.039655116690675e-09,2.9808022179869105,NORMAL
09:14:55,,,step_29,Cu_Barrier_Seed,IDLE,0.5085973558326947,2.508832091785388,5.039655116690675e-09,2.9808022179869105,NORMAL
09:15:00,,,step_29,Cu_Barrier_Seed,IDLE,0.5085973558326947,2.508832091785388,5.039655116690675e-09,2.9808022179869105,NORMAL
09:15:05,,,step_29,Cu_Barrier_Seed,IDLE,0.5085973558326947,2.508832091785388,5.039655116690675e-09,2.9808022179869105,NORMAL
09:15:10,,,step_29,Cu_Barrier_Seed,IDLE,0.5085973558326947,2.508832091785388,5.039655116690675e-09,2.9808022179869105,NORMAL
09:15:15,,,step_29,Cu_Barrier_Seed,IDLE,0.5085973558326947,2.508832091785388,5.039655116690675e-09,2.9808022179869105,NORMAL
09:15:20,,,step_29,Cu_Barrier_Seed,IDLE,0.5085973558326947,2.508832091785388,5.039655116690675e-09,2.9808022179869105,NORMAL
09:15:25,,,step_29,Cu_Barrier_Seed,IDLE,0.5085973558326947,2.508832091785388,5.039655116690675e-09,2.9808022179869105,NORMAL
09:15:30,,,step_29,Cu_Barrier_Seed,IDLE,0.5085973558326947,2.508832091785388,5.039655116690675e-09,2.9808022179869105,NORMAL
09:15:35,,,step_29,Cu_Barrier_Seed,IDLE,0.5085973558326947,2.508832091785388,5.039655116690675e-09,2.9808022179869105,NORMAL
09:15:40,,,step_29,Cu_Barrier_Seed,IDLE,0.5085973558326947,2.508832091785388,5.039655116690675e-09,2.9808022179869105,NORMAL
09:15:45,,,step_29,Cu_Barrier_Seed,IDLE,0.5085973558326947,2.508832091785388,5.039655116690675e-09,2.9808022179869105,NORMAL
09:15:50,,,step_29,Cu_Barrier_Seed,IDLE,0.5085973558326947,2.508832091785388,5.039655116690675e-09,2.9808022179869105,NORMAL
09:15:55,,,step_29,Cu_Barrier_Seed,IDLE,0.5085973558326947,2.508832091785388,5.039655116690675e-09,2.9808022179869105,NORMAL
09:16:00,,,step_29,Cu_Barrier_Seed,IDLE,0.5085973558326947,2.508832091785388,5.039655116690675e-09,2.9808022179869105,NORMAL
09:16:05,,,step_29,Cu_Barrier_Seed,IDLE,0.5085973558326947,2.508832091785388,5.039655116690675e-09,2.9808022179869105,NORMAL
09:16:10,,,step_29,Cu_Barrier_Seed,IDLE,0.5085973558326947,2.508832091785388,5.039655116690675e-09,2.9808022179869105,NORMAL
09:16:15,,,step_29,Cu_Barrier_Seed,IDLE,0.5085973558326947,2.508832091785388,5.039655116690675e-09,2.9808022179869105,NORMAL
09:16:20,,,step_29,Cu_Barrier_Seed,IDLE,0.5085973558326947,2.508832091785388,5.039655116690675e-09,2.9808022179869105,NORMAL
09:16:25,,,step_29,Cu_Barrier_Seed,IDLE,0.5085973558326947,2.508832091785388,5.039655116690675e-09,2.9808022179869105,NORMAL
09:16:30,,,step_29,Cu_Barrier_Seed,IDLE,0.5085973558326947,2.508832091785388,5.039655116690675e-09,2.9808022179869105,NORMAL
09:16:35,,,step_29,Cu_Barrier_Seed,IDLE,0.5085973558326947,2.508832091785388,5.039655116690675e-09,2.9808022179869105,NORMAL
09:16:40,,,step_29,Cu_Barrier_Seed,IDLE,0.5085973558326947,2.508832091785388,5.039655116690675e-09,2.9808022179869105,NORMAL
09:16:45,,,step_29,Cu_Barrier_Seed,IDLE,0.5085973558326947,2.508832091785388,5.039655116690675e-09,2.9808022179869105,NORMAL
09:16:50,,,step_29,Cu_Barrier_Seed,IDLE,0.5085973558326947,2.508832091785388,5.039655116690675e-09,2.9808022179869105,NORMAL
09:16:55,,,step_29,Cu_Barrier_Seed,IDLE,0.5085973558326947,2.508832091785388,5.039655116690675e-09,2.9808022179869105,NORMAL
09:17:00,,,step_29,Cu_Barrier_Seed,IDLE,0.5085973558326947,2.508832091785388,5.039655116690675e-09,2.9808022179869105,NORMAL
09:17:05,,,step_29,Cu_Barrier_Seed,IDLE,0.5085973558326947,2.508832091785388,5.039655116690675e-09,2.9808022179869105,NORMAL
09:17:10,,,step_29,Cu_Barrier_Seed,IDLE,0.5085973558326947,2.508832091785388,5.039655116690675e-09,2.9808022179869105,NORMAL
09:17:15,,,step_29,Cu_Barrier_Seed,IDLE,0.5085973558326947,2.508832091785388,5.039655116690675e-09,2.9808022179869105,NORMAL
09:17:20,,,step_29,Cu_Barrier_Seed,IDLE,0.5085973558326947,2.508832091785388,5.039655116690675e-09,2.9808022179869105,NORMAL
09:17:25,,,step_29,Cu_Barrier_Seed,IDLE,0.5085973558326947,2.508832091785388,5.039655116690675e-09,2.9808022179869105,NORMAL
09:17:30,,,step_29,Cu_Barrier_Seed,IDLE,0.5085973558326947,2.508832091785388,5.039655116690675e-09,2.9808022179869105,NORMAL
09:17:35,,,step_29,Cu_Barrier_Seed,IDLE,0.5085973558326947,2.508832091785388,5.039655116690675e-09,2.9808022179869105,NORMAL
09:17:40,,,step_29,Cu_Barrier_Seed,IDLE,0.5085973558326947,2.508832091785388,5.039655116690675e-09,2.9808022179869105,NORMAL
09:17:45,,,step_29,Cu_Barrier_Seed,IDLE,0.5085973558326947,2.508832091785388,5.039655116690675e-09,2.9808022179869105,NORMAL
09:17:50,,,step_29,Cu_Barrier_Seed,IDLE,0.5085973558326947,2.508832091785388,5.039655116690675e-09,2.9808022179869105,NORMAL
09:17:55,,,step_29,Cu_Barrier_Seed,IDLE,0.5085973558326947,2.508832091785388,5.039655116690675e-09,2.9808022179869105,NORMAL
09:18:00,,,step_29,Cu_Barrier_Seed,IDLE,0.5085973558326947,2.508832091785388,5.039655116690675e-09,2.9808022179869105,NORMAL
09:18:05,,,step_29,Cu_Barrier_Seed,IDLE,0.5085973558326947,2.508832091785388,5.039655116690675e-09,2.9808022179869105,NORMAL
09:18:10,,,step_29,Cu_Barrier_Seed,IDLE,0.5085973558326947,2.508832091785388,5.039655116690675e-09,2.9808022179869105,NORMAL
09:18:15,,,step_29,Cu_Barrier_Seed,IDLE,0.5085973558326947,2.508832091785388,5.039655116690675e-09,2.9808022179869105,NORMAL
09:18:20,,,step_29,Cu_Barrier_Seed,IDLE,0.5085973558326947,2.508832091785388,5.039655116690675e-09,2.9808022179869105,NORMAL
09:18:25,,,step_29,Cu_Barrier_Seed,IDLE,0.5085973558326947,2.508832091785388,5.039655116690675e-09,2.9808022179869105,NORMAL
09:18:30,,,step_29,Cu_Barrier_Seed,IDLE,0.5085973558326947,2.508832091785388,5.039655116690675e-09,2.9808022179869105,NORMAL
09:18:35,,,step_29,Cu_Barrier_Seed,IDLE,0.5085973558326947,2.508832091785388,5.039655116690675e-09,2.9808022179869105,NORMAL
09:18:40,,,step_29,Cu_Barrier_Seed,IDLE,0.5085973558326947,2.508832091785388,5.039655116690675e-09,2.9808022179869105,NORMAL
09:18:45,,,step_29,Cu_Barrier_Seed,IDLE,0.5085973558326947,2.508832091785388,5.039655116690675e-09,2.9808022179869105,NORMAL
09:18:50,,,step_29,Cu_Barrier_Seed,IDLE,0.5085973558326947,2.508832091785388,5.039655116690675e-09,2.9808022179869105,NORMAL
09:18:55,,,step_29,Cu_Barrier_Seed,IDLE,0.5085973558326947,2.508832091785388,5.039655116690675e-09,2.9808022179869105,NORMAL
09:19:00,,,step_29,Cu_Barrier_Seed,IDLE,0.5085973558326947,2.508832091785388,5.039655116690675e-09,2.9808022179869105,NORMAL
09:19:05,,,step_29,Cu_Barrier_Seed,IDLE,0.5085973558326947,2.508832091785388,5.039655116690675e-09,2.9808022179869105,NORMAL
09:19:10,,,step_29,Cu_Barrier_Seed,IDLE,0.5085973558326947,2.508832091785388,5.039655116690675e-09,2.9808022179869105,NORMAL
09:19:15,,,step_29,Cu_Barrier_Seed,IDLE,0.5085973558326947,2.508832091785388,5.039655116690675e-09,2.9808022179869105,NORMAL
09:19:20,,,step_29,Cu_Barrier_Seed,IDLE,0.5085973558326947,2.508832091785388,5.039655116690675e-09,2.9808022179869105,NORMAL
09:19:25,,,step_29,Cu_Barrier_Seed,IDLE,0.5085973558326947,2.508832091785388,5.039655116690675e-09,2.9808022179869105,NORMAL
09:19:30,,,step_29,Cu_Barrier_Seed,IDLE,0.5085973558326947,2.508832091785388,5.039655116690675e-09,2.9808022179869105,NORMAL
09:19:35,,,step_29,Cu_Barrier_Seed,IDLE,0.5085973558326947,2.508832091785388,5.039655116690675e-09,2.9808022179869105,NORMAL
09:19:40,,,step_29,Cu_Barrier_Seed,IDLE,0.5085973558326947,2.508832091785388,5.039655116690675e-09,2.9808022179869105,NORMAL
09:19:45,,,step_29,Cu_Barrier_Seed,IDLE,0.5085973558326947,2.508832091785388,5.039655116690675e-09,2.9808022179869105,NORMAL
09:19:50,,,step_29,Cu_Barrier_Seed,IDLE,0.5085973558326947,2.508832091785388,5.039655116690675e-09,2.9808022179869105,NORMAL
09:19:55,,,step_29,Cu_Barrier_Seed,IDLE,0.5085973558326947,2.508832091785388,5.039655116690675e-09,2.9808022179869105,NORMAL
09:20:00,,,step_29,Cu_Barrier_Seed,IDLE,0.5085973558326947,2.508832091785388,5.039655116690675e-09,2.9808022179869105,NORMAL
09:20:05,,,step_29,Cu_Barrier_Seed,IDLE,0.5085973558326947,2.508832091785388,5.039655116690675e-09,2.9808022179869105,NORMAL
09:20:10,,,step_29,Cu_Barrier_Seed,IDLE,0.5085973558326947,2.508832091785388,5.039655116690675e-09,2.9808022179869105,NORMAL
09:20:15,,,step_29,Cu_Barrier_Seed,IDLE,0.5085973558326947,2.508832091785388,5.039655116690675e-09,2.9808022179869105,NORMAL
09:20:20,,,step_29,Cu_Barrier_Seed,IDLE,0.5085973558326947,2.508832091785388,5.039655116690675e-09,2.9808022179869105,NORMAL
09:20:25,,,step_29,Cu_Barrier_Seed,IDLE,0.5085973558326947,2.508832091785388,5.039655116690675e-09,2.9808022179869105,NORMAL
09:20:30,,,step_29,Cu_Barrier_Seed,IDLE,0.5085973558326947,2.508832091785388,5.039655116690675e-09,2.9808022179869105,NORMAL
09:20:35,,,step_29,Cu_Barrier_Seed,IDLE,0.5085973558326947,2.508832091785388,5.039655116690675e-09,2.9808022179869105,NORMAL
09:20:40,,,step_29,Cu_Barrier_Seed,IDLE,0.5085973558326947,2.508832091785388,5.039655116690675e-09,2.9808022179869105,NORMAL
09:20:45,,,step_29,Cu_Barrier_Seed,IDLE,0.5085973558326947,2.508832091785388,5.039655116690675e-09,2.9808022179869105,NORMAL
09:20:50,,,step_29,Cu_Barrier_Seed,IDLE,0.5085973558326947,2.508832091785388,5.039655116690675e-09,2.9808022179869105,NORMAL
09:20:55,,,step_29,Cu_Barrier_Seed,IDLE,0.5085973558326947,2.508832091785388,5.039655116690675e-09,2.9808022179869105,NORMAL
09:21:00,,,step_29,Cu_Barrier_Seed,IDLE,0.5085973558326947,2.508832091785388,5.039655116690675e-09,2.9808022179869105,NORMAL
09:21:05,,,step_29,Cu_Barrier_Seed,IDLE,0.5085973558326947,2.508832091785388,5.039655116690675e-09,2.9808022179869105,NORMAL
09:21:10,,,step_29,Cu_Barrier_Seed,IDLE,0.5085973558326947,2.508832091785388,5.039655116690675e-09,2.9808022179869105,NORMAL
09:21:15,,,step_29,Cu_Barrier_Seed,IDLE,0.5085973558326947,2.508832091785388,5.039655116690675e-09,2.9808022179869105,NORMAL
09:21:20,,,step_29,Cu_Barrier_Seed,IDLE,0.5085973558326947,2.508832091785388,5.039655116690675e-09,2.9808022179869105,NORMAL
09:21:25,,,step_29,Cu_Barrier_Seed,IDLE,0.5085973558326947,2.508832091785388,5.039655116690675e-09,2.9808022179869105,NORMAL
09:21:30,,,step_29,Cu_Barrier_Seed,IDLE,0.5085973558326947,2.508832091785388,5.039655116690675e-09,2.9808022179869105,NORMAL
09:21:35,,,step_29,Cu_Barrier_Seed,IDLE,0.5085973558326947,2.508832091785388,5.039655116690675e-09,2.9808022179869105,NORMAL
09:21:40,,,step_29,Cu_Barrier_Seed,IDLE,0.5085973558326947,2.508832091785388,5.039655116690675e-09,2.9808022179869105,NORMAL
09:21:45,,,step_29,Cu_Barrier_Seed,IDLE,0.5085973558326947,2.508832091785388,5.039655116690675e-09,2.9808022179869105,NORMAL
09:21:50,,,step_29,Cu_Barrier_Seed,IDLE,0.5085973558326947,2.508832091785388,5.039655116690675e-09,2.9808022179869105,NORMAL
09:21:55,,,step_29,Cu_Barrier_Seed,IDLE,0.5085973558326947,2.508832091785388,5.039655116690675e-09,2.9808022179869105,NORMAL
09:22:00,,,step_29,Cu_Barrier_Seed,IDLE,0.5085973558326947,2.508832091785388,5.039655116690675e-09,2.9808022179869105,NORMAL
09:22:05,,,step_29,Cu_Barrier_Seed,IDLE,0.5085973558326947,2.508832091785388,5.039655116690675e-09,2.9808022179869105,NORMAL
09:22:10,,,step_29,Cu_Barrier_Seed,IDLE,0.5085973558326947,2.508832091785388,5.039655116690675e-09,2.9808022179869105,NORMAL
09:22:15,,,step_29,Cu_Barrier_Seed,IDLE,0.5085973558326947,2.508832091785388,5.039655116690675e-09,2.9808022179869105,NORMAL
09:22:20,,,step_29,Cu_Barrier_Seed,IDLE,0.5085973558326947,2.508832091785388,5.039655116690675e-09,2.9808022179869105,NORMAL
09:22:25,,,step_29,Cu_Barrier_Seed,IDLE,0.5085973558326947,2.508832091785388,5.039655116690675e-09,2.9808022179869105,NORMAL
09:22:30,,,step_29,Cu_Barrier_Seed,IDLE,0.5085973558326947,2.508832091785388,5.039655116690675e-09,2.9808022179869105,NORMAL
09:22:35,,,step_29,Cu_Barrier_Seed,IDLE,0.5085973558326947,2.508832091785388,5.039655116690675e-09,2.9808022179869105,NORMAL
09:22:40,,,step_29,Cu_Barrier_Seed,IDLE,0.5085973558326947,2.508832091785388,5.039655116690675e-09,2.9808022179869105,NORMAL
09:22:45,,,step_29,Cu_Barrier_Seed,IDLE,0.5085973558326947,2.508832091785388,5.039655116690675e-09,2.9808022179869105,NORMAL
09:22:50,,,step_29,Cu_Barrier_Seed,IDLE,0.5085973558326947,2.508832091785388,5.039655116690675e-09,2.9808022179869105,NORMAL
09:22:55,,,step_29,Cu_Barrier_Seed,IDLE,0.5085973558326947,2.508832091785388,5.039655116690675e-09,2.9808022179869105,NORMAL
09:23:00,,,step_29,Cu_Barrier_Seed,IDLE,0.5085973558326947,2.508832091785388,5.039655116690675e-09,2.9808022179869105,NORMAL
09:23:05,,,step_29,Cu_Barrier_Seed,IDLE,0.5085973558326947,2.508832091785388,5.039655116690675e-09,2.9808022179869105,NORMAL
09:23:10,,,step_29,Cu_Barrier_Seed,IDLE,0.5085973558326947,2.508832091785388,5.039655116690675e-09,2.9808022179869105,NORMAL
09:23:15,,,step_29,Cu_Barrier_Seed,IDLE,0.5085973558326947,2.508832091785388,5.039655116690675e-09,2.9808022179869105,NORMAL
09:23:20,,,step_29,Cu_Barrier_Seed,IDLE,0.5085973558326947,2.508832091785388,5.039655116690675e-09,2.9808022179869105,NORMAL
09:23:25,,,step_29,Cu_Barrier_Seed,IDLE,0.5085973558326947,2.508832091785388,5.039655116690675e-09,2.9808022179869105,NORMAL
09:23:30,,,step_29,Cu_Barrier_Seed,IDLE,0.5085973558326947,2.508832091785388,5.039655116690675e-09,2.9808022179869105,NORMAL
09:23:35,,,step_29,Cu_Barrier_Seed,IDLE,0.5085973558326947,2.508832091785388,5.039655116690675e-09,2.9808022179869105,NORMAL
09:23:40,,,step_29,Cu_Barrier_Seed,IDLE,0.5085973558326947,2.508832091785388,5.039655116690675e-09,2.9808022179869105,NORMAL
09:23:45,,,step_29,Cu_Barrier_Seed,IDLE,0.5085973558326947,2.508832091785388,5.039655116690675e-09,2.9808022179869105,NORMAL
09:23:50,,,step_29,Cu_Barrier_Seed,IDLE,0.5085973558326947,2.508832091785388,5.039655116690675e-09,2.9808022179869105,NORMAL
09:23:55,,,step_29,Cu_Barrier_Seed,IDLE,0.5085973558326947,2.508832091785388,5.039655116690675e-09,2.9808022179869105,NORMAL
09:24:00,,,step_29,Cu_Barrier_Seed,IDLE,0.5085973558326947,2.508832091785388,5.039655116690675e-09,2.9808022179869105,NORMAL
09:24:05,,,step_29,Cu_Barrier_Seed,IDLE,0.5085973558326947,2.508832091785388,5.039655116690675e-09,2.9808022179869105,NORMAL
09:24:10,,,step_29,Cu_Barrier_Seed,IDLE,0.5085973558326947,2.508832091785388,5.039655116690675e-09,2.9808022179869105,NORMAL
09:24:15,,,step_29,Cu_Barrier_Seed,IDLE,0.5085973558326947,2.508832091785388,5.039655116690675e-09,2.9808022179869105,NORMAL
09:24:20,,,step_29,Cu_Barrier_Seed,IDLE,0.5085973558326947,2.508832091785388,5.039655116690675e-09,2.9808022179869105,NORMAL
09:24:25,,,step_29,Cu_Barrier_Seed,IDLE,0.5085973558326947,2.508832091785388,5.039655116690675e-09,2.9808022179869105,NORMAL
09:24:30,,,step_29,Cu_Barrier_Seed,IDLE,0.5085973558326947,2.508832091785388,5.039655116690675e-09,2.9808022179869105,NORMAL
09:24:35,,,step_29,Cu_Barrier_Seed,IDLE,0.5085973558326947,2.508832091785388,5.039655116690675e-09,2.9808022179869105,NORMAL
09:24:40,,,step_29,Cu_Barrier_Seed,IDLE,0.5085973558326947,2.508832091785388,5.039655116690675e-09,2.9808022179869105,NORMAL
09:24:45,,,step_29,Cu_Barrier_Seed,IDLE,0.5085973558326947,2.508832091785388,5.039655116690675e-09,2.9808022179869105,NORMAL
09:24:50,,,step_29,Cu_Barrier_Seed,IDLE,0.5085973558326947,2.508832091785388,5.039655116690675e-09,2.9808022179869105,NORMAL
09:24:55,,,step_29,Cu_Barrier_Seed,IDLE,0.5085973558326947,2.508832091785388,5.039655116690675e-09,2.9808022179869105,NORMAL
09:25:00,,,step_29,Cu_Barrier_Seed,IDLE,0.5085973558326947,2.508832091785388,5.039655116690675e-09,2.9808022179869105,NORMAL
09:25:05,,,step_29,Cu_Barrier_Seed,IDLE,0.5085973558326947,2.508832091785388,5.039655116690675e-09,2.9808022179869105,NORMAL
09:25:10,,,step_29,Cu_Barrier_Seed,IDLE,0.5085973558326947,2.508832091785388,5.039655116690675e-09,2.9808022179869105,NORMAL
09:25:15,,,step_29,Cu_Barrier_Seed,IDLE,0.5085973558326947,2.508832091785388,5.039655116690675e-09,2.9808022179869105,NORMAL
09:25:20,,,step_29,Cu_Barrier_Seed,IDLE,0.5085973558326947,2.508832091785388,5.039655116690675e-09,2.9808022179869105,NORMAL
09:25:25,,,step_29,Cu_Barrier_Seed,IDLE,0.5085973558326947,2.508832091785388,5.039655116690675e-09,2.9808022179869105,NORMAL
09:25:30,,,step_29,Cu_Barrier_Seed,IDLE,0.5085973558326947,2.508832091785388,5.039655116690675e-09,2.9808022179869105,NORMAL
09:25:35,,,step_29,Cu_Barrier_Seed,IDLE,0.5085973558326947,2.508832091785388,5.039655116690675e-09,2.9808022179869105,NORMAL
09:25:40,,,step_29,Cu_Barrier_Seed,IDLE,0.5085973558326947,2.508832091785388,5.039655116690675e-09,2.9808022179869105,NORMAL
09:25:45,,,step_29,Cu_Barrier_Seed,IDLE,0.5085973558326947,2.508832091785388,5.039655116690675e-09,2.9808022179869105,NORMAL
09:25:50,,,step_29,Cu_Barrier_Seed,IDLE,0.5085973558326947,2.508832091785388,5.039655116690675e-09,2.9808022179869105,NORMAL
09:25:55,,,step_29,Cu_Barrier_Seed,IDLE,0.5085973558326947,2.508832091785388,5.039655116690675e-09,2.9808022179869105,NORMAL
09:26:00,,,step_29,Cu_Barrier_Seed,IDLE,0.5085973558326947,2.508832091785388,5.039655116690675e-09,2.9808022179869105,NORMAL
09:26:05,,,step_29,Cu_Barrier_Seed,IDLE,0.5085973558326947,2.508832091785388,5.039655116690675e-09,2.9808022179869105,NORMAL
09:26:10,,,step_29,Cu_Barrier_Seed,IDLE,0.5085973558326947,2.508832091785388,5.039655116690675e-09,2.9808022179869105,NORMAL
09:26:15,,,step_29,Cu_Barrier_Seed,IDLE,0.5085973558326947,2.508832091785388,5.039655116690675e-09,2.9808022179869105,NORMAL
09:26:20,,,step_29,Cu_Barrier_Seed,IDLE,0.5085973558326947,2.508832091785388,5.039655116690675e-09,2.9808022179869105,NORMAL
09:26:25,,,step_29,Cu_Barrier_Seed,IDLE,0.5085973558326947,2.508832091785388,5.039655116690675e-09,2.9808022179869105,NORMAL
09:26:30,,,step_29,Cu_Barrier_Seed,IDLE,0.5085973558326947,2.508832091785388,5.039655116690675e-09,2.9808022179869105,NORMAL
09:26:35,,,step_29,Cu_Barrier_Seed,IDLE,0.5085973558326947,2.508832091785388,5.039655116690675e-09,2.9808022179869105,NORMAL
09:26:40,,,step_29,Cu_Barrier_Seed,IDLE,0.5085973558326947,2.508832091785388,5.039655116690675e-09,2.9808022179869105,NORMAL
09:26:45,,,step_29,Cu_Barrier_Seed,IDLE,0.5085973558326947,2.508832091785388,5.039655116690675e-09,2.9808022179869105,NORMAL
09:26:50,,,step_29,Cu_Barrier_Seed,IDLE,0.5085973558326947,2.508832091785388,5.039655116690675e-09,2.9808022179869105,NORMAL
09:26:55,,,step_29,Cu_Barrier_Seed,IDLE,0.5085973558326947,2.508832091785388,5.039655116690675e-09,2.9808022179869105,NORMAL
09:27:00,,,step_29,Cu_Barrier_Seed,IDLE,0.5085973558326947,2.508832091785388,5.039655116690675e-09,2.9808022179869105,NORMAL
09:27:05,,,step_29,Cu_Barrier_Seed,IDLE,0.5085973558326947,2.508832091785388,5.039655116690675e-09,2.9808022179869105,NORMAL
09:27:10,,,step_29,Cu_Barrier_Seed,IDLE,0.5085973558326947,2.508832091785388,5.039655116690675e-09,2.9808022179869105,NORMAL
09:27:15,,,step_29,Cu_Barrier_Seed,IDLE,0.5085973558326947,2.508832091785388,5.039655116690675e-09,2.9808022179869105,NORMAL
09:27:20,,,step_29,Cu_Barrier_Seed,IDLE,0.5085973558326947,2.508832091785388,5.039655116690675e-09,2.9808022179869105,NORMAL
09:27:25,,,step_29,Cu_Barrier_Seed,IDLE,0.5085973558326947,2.508832091785388,5.039655116690675e-09,2.9808022179869105,NORMAL
09:27:30,,,step_29,Cu_Barrier_Seed,IDLE,0.5085973558326947,2.508832091785388,5.039655116690675e-09,2.9808022179869105,NORMAL
09:27:35,,,step_29,Cu_Barrier_Seed,IDLE,0.5085973558326947,2.508832091785388,5.039655116690675e-09,2.9808022179869105,NORMAL
09:27:40,,,step_29,Cu_Barrier_Seed,IDLE,0.5085973558326947,2.508832091785388,5.039655116690675e-09,2.9808022179869105,NORMAL
09:27:45,,,step_29,Cu_Barrier_Seed,IDLE,0.5085973558326947,2.508832091785388,5.039655116690675e-09,2.9808022179869105,NORMAL
09:27:50,,,step_29,Cu_Barrier_Seed,IDLE,0.5085973558326947,2.508832091785388,5.039655116690675e-09,2.9808022179869105,NORMAL
09:27:55,,,step_29,Cu_Barrier_Seed,IDLE,0.5085973558326947,2.508832091785388,5.039655116690675e-09,2.9808022179869105,NORMAL
09:28:00,,,step_29,Cu_Barrier_Seed,IDLE,0.5085973558326947,2.508832091785388,5.039655116690675e-09,2.9808022179869105,NORMAL
09:28:05,,,step_29,Cu_Barrier_Seed,IDLE,0.5085973558326947,2.508832091785388,5.039655116690675e-09,2.9808022179869105,NORMAL
09:28:10,,,step_29,Cu_Barrier_Seed,IDLE,0.5085973558326947,2.508832091785388,5.039655116690675e-09,2.9808022179869105,NORMAL
09:28:15,,,step_29,Cu_Barrier_Seed,IDLE,0.5085973558326947,2.508832091785388,5.039655116690675e-09,2.9808022179869105,NORMAL
09:28:20,,,step_29,Cu_Barrier_Seed,IDLE,0.5085973558326947,2.508832091785388,5.039655116690675e-09,2.9808022179869105,NORMAL
09:28:25,,,step_29,Cu_Barrier_Seed,IDLE,0.5085973558326947,2.508832091785388,5.039655116690675e-09,2.9808022179869105,NORMAL
09:28:30,,,step_29,Cu_Barrier_Seed,IDLE,0.5085973558326947,2.508832091785388,5.039655116690675e-09,2.9808022179869105,NORMAL
09:28:35,,,step_29,Cu_Barrier_Seed,IDLE,0.5085973558326947,2.508832091785388,5.039655116690675e-09,2.9808022179869105,NORMAL
09:28:40,,,step_29,Cu_Barrier_Seed,IDLE,0.5085973558326947,2.508832091785388,5.039655116690675e-09,2.9808022179869105,NORMAL
09:28:45,,,step_29,Cu_Barrier_Seed,IDLE,0.5085973558326947,2.508832091785388,5.039655116690675e-09,2.9808022179869105,NORMAL
09:28:50,,,step_29,Cu_Barrier_Seed,IDLE,0.5085973558326947,2.508832091785388,5.039655116690675e-09,2.9808022179869105,NORMAL
09:28:55,,,step_29,Cu_Barrier_Seed,IDLE,0.5085973558326947,2.508832091785388,5.039655116690675e-09,2.9808022179869105,NORMAL
09:29:00,,,step_29,Cu_Barrier_Seed,IDLE,0.5085973558326947,2.508832091785388,5.039655116690675e-09,2.9808022179869105,NORMAL
09:29:05,,,step_29,Cu_Barrier_Seed,IDLE,0.5085973558326947,2.508832091785388,5.039655116690675e-09,2.9808022179869105,NORMAL
09:29:10,,,step_29,Cu_Barrier_Seed,IDLE,0.5085973558326947,2.508832091785388,5.039655116690675e-09,2.9808022179869105,NORMAL
09:29:15,,,step_29,Cu_Barrier_Seed,IDLE,0.5085973558326947,2.508832091785388,5.039655116690675e-09,2.9808022179869105,NORMAL
09:29:20,,,step_29,Cu_Barrier_Seed,IDLE,0.5085973558326947,2.508832091785388,5.039655116690675e-09,2.9808022179869105,NORMAL
09:29:25,,,step_29,Cu_Barrier_Seed,IDLE,0.5085973558326947,2.508832091785388,5.039655116690675e-09,2.9808022179869105,NORMAL
09:29:30,,,step_29,Cu_Barrier_Seed,IDLE,0.5085973558326947,2.508832091785388,5.039655116690675e-09,2.9808022179869105,NORMAL
09:29:35,,,step_29,Cu_Barrier_Seed,IDLE,0.5085973558326947,2.508832091785388,5.039655116690675e-09,2.9808022179869105,NORMAL
09:29:40,,,step_29,Cu_Barrier_Seed,IDLE,0.5085973558326947,2.508832091785388,5.039655116690675e-09,2.9808022179869105,NORMAL
09:29:45,,,step_29,Cu_Barrier_Seed,IDLE,0.5085973558326947,2.508832091785388,5.039655116690675e-09,2.9808022179869105,NORMAL
09:29:50,,,step_29,Cu_Barrier_Seed,IDLE,0.5085973558326947,2.508832091785388,5.039655116690675e-09,2.9808022179869105,NORMAL
09:29:55,,,step_29,Cu_Barrier_Seed,IDLE,0.5085973558326947,2.508832091785388,5.039655116690675e-09,2.9808022179869105,NORMAL
09:30:00,,,step_29,Cu_Barrier_Seed,IDLE,0.5085973558326947,2.508832091785388,5.039655116690675e-09,2.9808022179869105,NORMAL
09:30:05,,,step_29,Cu_Barrier_Seed,IDLE,0.5085973558326947,2.508832091785388,5.039655116690675e-09,2.9808022179869105,NORMAL
09:30:10,,,step_29,Cu_Barrier_Seed,IDLE,0.5085973558326947,2.508832091785388,5.039655116690675e-09,2.9808022179869105,NORMAL
09:30:15,,,step_29,Cu_Barrier_Seed,IDLE,0.5085973558326947,2.508832091785388,5.039655116690675e-09,2.9808022179869105,NORMAL
09:30:20,,,step_29,Cu_Barrier_Seed,IDLE,0.5085973558326947,2.508832091785388,5.039655116690675e-09,2.9808022179869105,NORMAL
09:30:25,,,step_29,Cu_Barrier_Seed,IDLE,0.5085973558326947,2.508832091785388,5.039655116690675e-09,2.9808022179869105,NORMAL
09:30:30,,,step_29,Cu_Barrier_Seed,IDLE,0.5085973558326947,2.508832091785388,5.039655116690675e-09,2.9808022179869105,NORMAL
09:30:35,,,step_29,Cu_Barrier_Seed,IDLE,0.5085973558326947,2.508832091785388,5.039655116690675e-09,2.9808022179869105,NORMAL
09:30:40,,,step_29,Cu_Barrier_Seed,IDLE,0.5085973558326947,2.508832091785388,5.039655116690675e-09,2.9808022179869105,NORMAL
09:30:45,,,step_29,Cu_Barrier_Seed,IDLE,0.5085973558326947,2.508832091785388,5.039655116690675e-09,2.9808022179869105,NORMAL
09:30:50,,,step_29,Cu_Barrier_Seed,IDLE,0.5085973558326947,2.508832091785388,5.039655116690675e-09,2.9808022179869105,NORMAL
09:30:55,,,step_29,Cu_Barrier_Seed,IDLE,0.5085973558326947,2.508832091785388,5.039655116690675e-09,2.9808022179869105,NORMAL
09:31:00,,,step_29,Cu_Barrier_Seed,IDLE,0.5085973558326947,2.508832091785388,5.039655116690675e-09,2.9808022179869105,NORMAL
09:31:05,,,step_29,Cu_Barrier_Seed,IDLE,0.5085973558326947,2.508832091785388,5.039655116690675e-09,2.9808022179869105,NORMAL
09:31:10,,,step_29,Cu_Barrier_Seed,IDLE,0.5085973558326947,2.508832091785388,5.039655116690675e-09,2.9808022179869105,NORMAL
09:31:15,,,step_29,Cu_Barrier_Seed,IDLE,0.5085973558326947,2.508832091785388,5.039655116690675e-09,2.9808022179869105,NORMAL
09:31:20,,,step_29,Cu_Barrier_Seed,IDLE,0.5085973558326947,2.508832091785388,5.039655116690675e-09,2.9808022179869105,NORMAL
09:31:25,,,step_29,Cu_Barrier_Seed,IDLE,0.5085973558326947,2.508832091785388,5.039655116690675e-09,2.9808022179869105,NORMAL
09:31:30,,,step_29,Cu_Barrier_Seed,IDLE,0.5085973558326947,2.508832091785388,5.039655116690675e-09,2.9808022179869105,NORMAL
09:31:35,,,step_29,Cu_Barrier_Seed,IDLE,0.5085973558326947,2.508832091785388,5.039655116690675e-09,2.9808022179869105,NORMAL
09:31:40,,,step_29,Cu_Barrier_Seed,IDLE,0.5085973558326947,2.508832091785388,5.039655116690675e-09,2.9808022179869105,NORMAL
09:31:45,,,step_29,Cu_Barrier_Seed,IDLE,0.5085973558326947,2.508832091785388,5.039655116690675e-09,2.9808022179869105,NORMAL
09:31:50,,,step_29,Cu_Barrier_Seed,IDLE,0.5085973558326947,2.508832091785388,5.039655116690675e-09,2.9808022179869105,NORMAL
09:31:55,,,step_29,Cu_Barrier_Seed,IDLE,0.5085973558326947,2.508832091785388,5.039655116690675e-09,2.9808022179869105,NORMAL
09:32:00,,,step_29,Cu_Barrier_Seed,IDLE,0.5085973558326947,2.508832091785388,5.039655116690675e-09,2.9808022179869105,NORMAL
09:32:05,,,step_29,Cu_Barrier_Seed,IDLE,0.5085973558326947,2.508832091785388,5.039655116690675e-09,2.9808022179869105,NORMAL
09:32:10,,,step_29,Cu_Barrier_Seed,IDLE,0.5085973558326947,2.508832091785388,5.039655116690675e-09,2.9808022179869105,NORMAL
09:32:15,,,step_29,Cu_Barrier_Seed,IDLE,0.5085973558326947,2.508832091785388,5.039655116690675e-09,2.9808022179869105,NORMAL
09:32:20,,,step_29,Cu_Barrier_Seed,IDLE,0.5085973558326947,2.508832091785388,5.039655116690675e-09,2.9808022179869105,NORMAL
09:32:25,,,step_29,Cu_Barrier_Seed,IDLE,0.5085973558326947,2.508832091785388,5.039655116690675e-09,2.9808022179869105,NORMAL
09:32:30,,,step_29,Cu_Barrier_Seed,IDLE,0.5085973558326947,2.508832091785388,5.039655116690675e-09,2.9808022179869105,NORMAL
09:32:35,,,step_29,Cu_Barrier_Seed,IDLE,0.5085973558326947,2.508832091785388,5.039655116690675e-09,2.9808022179869105,NORMAL
09:32:40,,,step_29,Cu_Barrier_Seed,IDLE,0.5085973558326947,2.508832091785388,5.039655116690675e-09,2.9808022179869105,NORMAL
09:32:45,,,step_29,Cu_Barrier_Seed,IDLE,0.5085973558326947,2.508832091785388,5.039655116690675e-09,2.9808022179869105,NORMAL
09:32:50,,,step_29,Cu_Barrier_Seed,IDLE,0.5085973558326947,2.508832091785388,5.039655116690675e-09,2.9808022179869105,NORMAL
09:32:55,,,step_29,Cu_Barrier_Seed,IDLE,0.5085973558326947,2.508832091785388,5.039655116690675e-09,2.9808022179869105,NORMAL
09:33:00,,,step_29,Cu_Barrier_Seed,IDLE,0.5085973558326947,2.508832091785388,5.039655116690675e-09,2.9808022179869105,NORMAL
09:33:05,,,step_29,Cu_Barrier_Seed,IDLE,0.5085973558326947,2.508832091785388,5.039655116690675e-09,2.9808022179869105,NORMAL
09:33:10,,,step_29,Cu_Barrier_Seed,IDLE,0.5085973558326947,2.508832091785388,5.039655116690675e-09,2.9808022179869105,NORMAL
09:33:15,,,step_29,Cu_Barrier_Seed,IDLE,0.5085973558326947,2.508832091785388,5.039655116690675e-09,2.9808022179869105,NORMAL
09:33:20,,,step_29,Cu_Barrier_Seed,IDLE,0.5085973558326947,2.508832091785388,5.039655116690675e-09,2.9808022179869105,NORMAL
09:33:25,,,step_29,Cu_Barrier_Seed,IDLE,0.5085973558326947,2.508832091785388,5.039655116690675e-09,2.9808022179869105,NORMAL
09:33:30,,,step_29,Cu_Barrier_Seed,IDLE,0.5085973558326947,2.508832091785388,5.039655116690675e-09,2.9808022179869105,NORMAL
09:33:35,,,step_29,Cu_Barrier_Seed,IDLE,0.5085973558326947,2.508832091785388,5.039655116690675e-09,2.9808022179869105,NORMAL
09:33:40,,,step_29,Cu_Barrier_Seed,IDLE,0.5085973558326947,2.508832091785388,5.039655116690675e-09,2.9808022179869105,NORMAL
09:33:45,,,step_29,Cu_Barrier_Seed,IDLE,0.5085973558326947,2.508832091785388,5.039655116690675e-09,2.9808022179869105,NORMAL
09:33:50,,,step_29,Cu_Barrier_Seed,IDLE,0.5085973558326947,2.508832091785388,5.039655116690675e-09,2.9808022179869105,NORMAL
09:33:55,,,step_29,Cu_Barrier_Seed,IDLE,0.5085973558326947,2.508832091785388,5.039655116690675e-09,2.9808022179869105,NORMAL
09:34:00,,,step_29,Cu_Barrier_Seed,IDLE,0.5085973558326947,2.508832091785388,5.039655116690675e-09,2.9808022179869105,NORMAL
09:34:05,,,step_29,Cu_Barrier_Seed,IDLE,0.5085973558326947,2.508832091785388,5.039655116690675e-09,2.9808022179869105,NORMAL
09:34:10,,,step_29,Cu_Barrier_Seed,IDLE,0.5085973558326947,2.508832091785388,5.039655116690675e-09,2.9808022179869105,NORMAL
09:34:15,,,step_29,Cu_Barrier_Seed,IDLE,0.5085973558326947,2.508832091785388,5.039655116690675e-09,2.9808022179869105,NORMAL
09:34:20,,,step_29,Cu_Barrier_Seed,IDLE,0.5085973558326947,2.508832091785388,5.039655116690675e-09,2.9808022179869105,NORMAL
09:34:25,,,step_29,Cu_Barrier_Seed,IDLE,0.5085973558326947,2.508832091785388,5.039655116690675e-09,2.9808022179869105,NORMAL
09:34:30,,,step_29,Cu_Barrier_Seed,IDLE,0.5085973558326947,2.508832091785388,5.039655116690675e-09,2.9808022179869105,NORMAL
09:34:35,,,step_29,Cu_Barrier_Seed,IDLE,0.5085973558326947,2.508832091785388,5.039655116690675e-09,2.9808022179869105,NORMAL
09:34:40,,,step_29,Cu_Barrier_Seed,IDLE,0.5085973558326947,2.508832091785388,5.039655116690675e-09,2.9808022179869105,NORMAL
09:34:45,,,step_29,Cu_Barrier_Seed,IDLE,0.5085973558326947,2.508832091785388,5.039655116690675e-09,2.9808022179869105,NORMAL
09:34:50,,,step_29,Cu_Barrier_Seed,IDLE,0.5085973558326947,2.508832091785388,5.039655116690675e-09,2.9808022179869105,NORMAL
09:34:55,,,step_29,Cu_Barrier_Seed,IDLE,0.5085973558326947,2.508832091785388,5.039655116690675e-09,2.9808022179869105,NORMAL
09:35:00,,,step_29,Cu_Barrier_Seed,IDLE,0.5085973558326947,2.508832091785388,5.039655116690675e-09,2.9808022179869105,NORMAL
09:35:05,,,step_29,Cu_Barrier_Seed,IDLE,0.5085973558326947,2.508832091785388,5.039655116690675e-09,2.9808022179869105,NORMAL
09:35:10,,,step_29,Cu_Barrier_Seed,IDLE,0.5085973558326947,2.508832091785388,5.039655116690675e-09,2.9808022179869105,NORMAL
09:35:15,,,step_29,Cu_Barrier_Seed,IDLE,0.5085973558326947,2.508832091785388,5.039655116690675e-09,2.9808022179869105,NORMAL
09:35:20,,,step_29,Cu_Barrier_Seed,IDLE,0.5085973558326947,2.508832091785388,5.039655116690675e-09,2.9808022179869105,NORMAL
09:35:25,,,step_29,Cu_Barrier_Seed,IDLE,0.5085973558326947,2.508832091785388,5.039655116690675e-09,2.9808022179869105,NORMAL
09:35:30,,,step_29,Cu_Barrier_Seed,IDLE,0.5085973558326947,2.508832091785388,5.039655116690675e-09,2.9808022179869105,NORMAL
09:35:35,,,step_29,Cu_Barrier_Seed,IDLE,0.5085973558326947,2.508832091785388,5.039655116690675e-09,2.9808022179869105,NORMAL
09:35:40,,,step_29,Cu_Barrier_Seed,IDLE,0.5085973558326947,2.508832091785388,5.039655116690675e-09,2.9808022179869105,NORMAL
09:35:45,,,step_29,Cu_Barrier_Seed,IDLE,0.5085973558326947,2.508832091785388,5.039655116690675e-09,2.9808022179869105,NORMAL
09:35:50,,,step_29,Cu_Barrier_Seed,IDLE,0.5085973558326947,2.508832091785388,5.039655116690675e-09,2.9808022179869105,NORMAL
09:35:55,,,step_29,Cu_Barrier_Seed,IDLE,0.5085973558326947,2.508832091785388,5.039655116690675e-09,2.9808022179869105,NORMAL
09:36:00,,,step_29,Cu_Barrier_Seed,IDLE,0.5085973558326947,2.508832091785388,5.039655116690675e-09,2.9808022179869105,NORMAL
09:36:05,,,step_29,Cu_Barrier_Seed,IDLE,0.5085973558326947,2.508832091785388,5.039655116690675e-09,2.9808022179869105,NORMAL
09:36:10,,,step_29,Cu_Barrier_Seed,IDLE,0.5085973558326947,2.508832091785388,5.039655116690675e-09,2.9808022179869105,NORMAL
09:36:15,,,step_29,Cu_Barrier_Seed,IDLE,0.5085973558326947,2.508832091785388,5.039655116690675e-09,2.9808022179869105,NORMAL
09:36:20,,,step_29,Cu_Barrier_Seed,IDLE,0.5085973558326947,2.508832091785388,5.039655116690675e-09,2.9808022179869105,NORMAL
09:36:25,,,step_29,Cu_Barrier_Seed,IDLE,0.5085973558326947,2.508832091785388,5.039655116690675e-09,2.9808022179869105,NORMAL
09:36:30,,,step_29,Cu_Barrier_Seed,IDLE,0.5085973558326947,2.508832091785388,5.039655116690675e-09,2.9808022179869105,NORMAL
09:36:35,,,step_29,Cu_Barrier_Seed,IDLE,0.5085973558326947,2.508832091785388,5.039655116690675e-09,2.9808022179869105,NORMAL
09:36:40,,,step_29,Cu_Barrier_Seed,IDLE,0.5085973558326947,2.508832091785388,5.039655116690675e-09,2.9808022179869105,NORMAL
09:36:45,,,step_29,Cu_Barrier_Seed,IDLE,0.5085973558326947,2.508832091785388,5.039655116690675e-09,2.9808022179869105,NORMAL
09:36:50,,,step_29,Cu_Barrier_Seed,IDLE,0.5085973558326947,2.508832091785388,5.039655116690675e-09,2.9808022179869105,NORMAL
09:36:55,,,step_29,Cu_Barrier_Seed,IDLE,0.5085973558326947,2.508832091785388,5.039655116690675e-09,2.9808022179869105,NORMAL
09:37:00,,,step_29,Cu_Barrier_Seed,IDLE,0.5085973558326947,2.508832091785388,5.039655116690675e-09,2.9808022179869105,NORMAL
09:37:05,,,step_29,Cu_Barrier_Seed,IDLE,0.5085973558326947,2.508832091785388,5.039655116690675e-09,2.9808022179869105,NORMAL
09:37:10,,,step_29,Cu_Barrier_Seed,IDLE,0.5085973558326947,2.508832091785388,5.039655116690675e-09,2.9808022179869105,NORMAL
09:37:15,,,step_29,Cu_Barrier_Seed,IDLE,0.5085973558326947,2.508832091785388,5.039655116690675e-09,2.9808022179869105,NORMAL
09:37:20,,,step_29,Cu_Barrier_Seed,IDLE,0.5085973558326947,2.508832091785388,5.039655116690675e-09,2.9808022179869105,NORMAL
09:37:25,,,step_29,Cu_Barrier_Seed,IDLE,0.5085973558326947,2.508832091785388,5.039655116690675e-09,2.9808022179869105,NORMAL
09:37:30,,,step_29,Cu_Barrier_Seed,IDLE,0.5085973558326947,2.508832091785388,5.039655116690675e-09,2.9808022179869105,NORMAL
09:37:35,,,step_29,Cu_Barrier_Seed,IDLE,0.5085973558326947,2.508832091785388,5.039655116690675e-09,2.9808022179869105,NORMAL
09:37:40,,,step_29,Cu_Barrier_Seed,IDLE,0.5085973558326947,2.508832091785388,5.039655116690675e-09,2.9808022179869105,NORMAL
09:37:45,,,step_29,Cu_Barrier_Seed,IDLE,0.5085973558326947,2.508832091785388,5.039655116690675e-09,2.9808022179869105,NORMAL
09:37:50,,,step_29,Cu_Barrier_Seed,IDLE,0.5085973558326947,2.508832091785388,5.039655116690675e-09,2.9808022179869105,NORMAL
09:37:55,,,step_29,Cu_Barrier_Seed,IDLE,0.5085973558326947,2.508832091785388,5.039655116690675e-09,2.9808022179869105,NORMAL
09:38:00,,,step_29,Cu_Barrier_Seed,IDLE,0.5085973558326947,2.508832091785388,5.039655116690675e-09,2.9808022179869105,NORMAL
09:38:05,,,step_29,Cu_Barrier_Seed,IDLE,0.5085973558326947,2.508832091785388,5.039655116690675e-09,2.9808022179869105,NORMAL
09:38:10,,,step_29,Cu_Barrier_Seed,IDLE,0.5085973558326947,2.508832091785388,5.039655116690675e-09,2.9808022179869105,NORMAL
09:38:15,,,step_29,Cu_Barrier_Seed,IDLE,0.5085973558326947,2.508832091785388,5.039655116690675e-09,2.9808022179869105,NORMAL
09:38:20,,,step_29,Cu_Barrier_Seed,IDLE,0.5085973558326947,2.508832091785388,5.039655116690675e-09,2.9808022179869105,NORMAL
09:38:25,,,step_29,Cu_Barrier_Seed,IDLE,0.5085973558326947,2.508832091785388,5.039655116690675e-09,2.9808022179869105,NORMAL
09:38:30,,,step_29,Cu_Barrier_Seed,IDLE,0.5085973558326947,2.508832091785388,5.039655116690675e-09,2.9808022179869105,NORMAL
09:38:35,,,step_29,Cu_Barrier_Seed,IDLE,0.5085973558326947,2.508832091785388,5.039655116690675e-09,2.9808022179869105,NORMAL
09:38:40,,,step_29,Cu_Barrier_Seed,IDLE,0.5085973558326947,2.508832091785388,5.039655116690675e-09,2.9808022179869105,NORMAL
09:38:45,,,step_29,Cu_Barrier_Seed,IDLE,0.5085973558326947,2.508832091785388,5.039655116690675e-09,2.9808022179869105,NORMAL
09:38:50,,,step_29,Cu_Barrier_Seed,IDLE,0.5085973558326947,2.508832091785388,5.039655116690675e-09,2.9808022179869105,NORMAL
09:38:55,,,step_29,Cu_Barrier_Seed,IDLE,0.5085973558326947,2.508832091785388,5.039655116690675e-09,2.9808022179869105,NORMAL
09:39:00,,,step_29,Cu_Barrier_Seed,IDLE,0.5085973558326947,2.508832091785388,5.039655116690675e-09,2.9808022179869105,NORMAL
09:39:05,,,step_29,Cu_Barrier_Seed,IDLE,0.5085973558326947,2.508832091785388,5.039655116690675e-09,2.9808022179869105,NORMAL
09:39:10,,,step_29,Cu_Barrier_Seed,IDLE,0.5085973558326947,2.508832091785388,5.039655116690675e-09,2.9808022179869105,NORMAL
09:39:15,,,step_29,Cu_Barrier_Seed,IDLE,0.5085973558326947,2.508832091785388,5.039655116690675e-09,2.9808022179869105,NORMAL
09:39:20,,,step_29,Cu_Barrier_Seed,IDLE,0.5085973558326947,2.508832091785388,5.039655116690675e-09,2.9808022179869105,NORMAL
09:39:25,,,step_29,Cu_Barrier_Seed,IDLE,0.5085973558326947,2.508832091785388,5.039655116690675e-09,2.9808022179869105,NORMAL
09:39:30,,,step_29,Cu_Barrier_Seed,IDLE,0.5085973558326947,2.508832091785388,5.039655116690675e-09,2.9808022179869105,NORMAL
09:39:35,,,step_29,Cu_Barrier_Seed,IDLE,0.5085973558326947,2.508832091785388,5.039655116690675e-09,2.9808022179869105,NORMAL
09:39:40,,,step_29,Cu_Barrier_Seed,IDLE,0.5085973558326947,2.508832091785388,5.039655116690675e-09,2.9808022179869105,NORMAL
09:39:45,,,step_29,Cu_Barrier_Seed,IDLE,0.5085973558326947,2.508832091785388,5.039655116690675e-09,2.9808022179869105,NORMAL
09:39:50,,,step_29,Cu_Barrier_Seed,IDLE,0.5085973558326947,2.508832091785388,5.039655116690675e-09,2.9808022179869105,NORMAL
09:39:55,,,step_29,Cu_Barrier_Seed,IDLE,0.5085973558326947,2.508832091785388,5.039655116690675e-09,2.9808022179869105,NORMAL
09:40:00,,,step_29,Cu_Barrier_Seed,IDLE,0.5085973558326947,2.508832091785388,5.039655116690675e-09,2.9808022179869105,NORMAL
09:40:05,,,step_29,Cu_Barrier_Seed,IDLE,0.5085973558326947,2.508832091785388,5.039655116690675e-09,2.9808022179869105,NORMAL
09:40:10,,,step_29,Cu_Barrier_Seed,IDLE,0.5085973558326947,2.508832091785388,5.039655116690675e-09,2.9808022179869105,NORMAL
09:40:15,,,step_29,Cu_Barrier_Seed,IDLE,0.5085973558326947,2.508832091785388,5.039655116690675e-09,2.9808022179869105,NORMAL
09:40:20,,,step_29,Cu_Barrier_Seed,IDLE,0.5085973558326947,2.508832091785388,5.039655116690675e-09,2.9808022179869105,NORMAL
09:40:25,,,step_29,Cu_Barrier_Seed,IDLE,0.5085973558326947,2.508832091785388,5.039655116690675e-09,2.9808022179869105,NORMAL
09:40:30,,,step_29,Cu_Barrier_Seed,IDLE,0.5085973558326947,2.508832091785388,5.039655116690675e-09,2.9808022179869105,NORMAL
09:40:35,,,step_29,Cu_Barrier_Seed,IDLE,0.5085973558326947,2.508832091785388,5.039655116690675e-09,2.9808022179869105,NORMAL
09:40:40,,,step_29,Cu_Barrier_Seed,IDLE,0.5085973558326947,2.508832091785388,5.039655116690675e-09,2.9808022179869105,NORMAL
09:40:45,,,step_29,Cu_Barrier_Seed,IDLE,0.5085973558326947,2.508832091785388,5.039655116690675e-09,2.9808022179869105,NORMAL
09:40:50,,,step_29,Cu_Barrier_Seed,IDLE,0.5085973558326947,2.508832091785388,5.039655116690675e-09,2.9808022179869105,NORMAL
09:40:55,,,step_29,Cu_Barrier_Seed,IDLE,0.5085973558326947,2.508832091785388,5.039655116690675e-09,2.9808022179869105,NORMAL
09:41:00,,,step_29,Cu_Barrier_Seed,IDLE,0.5085973558326947,2.508832091785388,5.039655116690675e-09,2.9808022179869105,NORMAL
09:41:05,,,step_29,Cu_Barrier_Seed,IDLE,0.5085973558326947,2.508832091785388,5.039655116690675e-09,2.9808022179869105,NORMAL
09:41:10,,,step_29,Cu_Barrier_Seed,IDLE,0.5085973558326947,2.508832091785388,5.039655116690675e-09,2.9808022179869105,NORMAL
09:41:15,,,step_29,Cu_Barrier_Seed,IDLE,0.5085973558326947,2.508832091785388,5.039655116690675e-09,2.9808022179869105,NORMAL
09:41:20,,,step_29,Cu_Barrier_Seed,IDLE,0.5085973558326947,2.508832091785388,5.039655116690675e-09,2.9808022179869105,NORMAL
09:41:25,,,step_29,Cu_Barrier_Seed,IDLE,0.5085973558326947,2.508832091785388,5.039655116690675e-09,2.9808022179869105,NORMAL
09:41:30,,,step_29,Cu_Barrier_Seed,IDLE,0.5085973558326947,2.508832091785388,5.039655116690675e-09,2.9808022179869105,NORMAL
09:41:35,,,step_29,Cu_Barrier_Seed,IDLE,0.5085973558326947,2.508832091785388,5.039655116690675e-09,2.9808022179869105,NORMAL
09:41:40,,,step_29,Cu_Barrier_Seed,IDLE,0.5085973558326947,2.508832091785388,5.039655116690675e-09,2.9808022179869105,NORMAL
09:41:45,,,step_29,Cu_Barrier_Seed,IDLE,0.5085973558326947,2.508832091785388,5.039655116690675e-09,2.9808022179869105,NORMAL
09:41:50,,,step_29,Cu_Barrier_Seed,IDLE,0.5085973558326947,2.508832091785388,5.039655116690675e-09,2.9808022179869105,NORMAL
09:41:55,,,step_29,Cu_Barrier_Seed,IDLE,0.5085973558326947,2.508832091785388,5.039655116690675e-09,2.9808022179869105,NORMAL
09:42:00,,,step_29,Cu_Barrier_Seed,IDLE,0.5085973558326947,2.508832091785388,5.039655116690675e-09,2.9808022179869105,NORMAL
09:42:05,,,step_29,Cu_Barrier_Seed,IDLE,0.5085973558326947,2.508832091785388,5.039655116690675e-09,2.9808022179869105,NORMAL
09:42:10,,,step_29,Cu_Barrier_Seed,IDLE,0.5085973558326947,2.508832091785388,5.039655116690675e-09,2.9808022179869105,NORMAL
09:42:15,,,step_29,Cu_Barrier_Seed,IDLE,0.5085973558326947,2.508832091785388,5.039655116690675e-09,2.9808022179869105,NORMAL
09:42:20,,,step_29,Cu_Barrier_Seed,IDLE,0.5085973558326947,2.508832091785388,5.039655116690675e-09,2.9808022179869105,NORMAL
09:42:25,,,step_29,Cu_Barrier_Seed,IDLE,0.5085973558326947,2.508832091785388,5.039655116690675e-09,2.9808022179869105,NORMAL
09:42:30,,,step_29,Cu_Barrier_Seed,IDLE,0.5085973558326947,2.508832091785388,5.039655116690675e-09,2.9808022179869105,NORMAL
09:42:35,,,step_29,Cu_Barrier_Seed,IDLE,0.5085973558326947,2.508832091785388,5.039655116690675e-09,2.9808022179869105,NORMAL
09:42:40,,,step_29,Cu_Barrier_Seed,IDLE,0.5085973558326947,2.508832091785388,5.039655116690675e-09,2.9808022179869105,NORMAL
09:42:45,,,step_29,Cu_Barrier_Seed,IDLE,0.5085973558326947,2.508832091785388,5.039655116690675e-09,2.9808022179869105,NORMAL
09:42:50,,,step_29,Cu_Barrier_Seed,IDLE,0.5085973558326947,2.508832091785388,5.039655116690675e-09,2.9808022179869105,NORMAL
09:42:55,,,step_29,Cu_Barrier_Seed,IDLE,0.5085973558326947,2.508832091785388,5.039655116690675e-09,2.9808022179869105,NORMAL
09:43:00,,,step_29,Cu_Barrier_Seed,IDLE,0.5085973558326947,2.508832091785388,5.039655116690675e-09,2.9808022179869105,NORMAL
09:43:05,,,step_29,Cu_Barrier_Seed,IDLE,0.5085973558326947,2.508832091785388,5.039655116690675e-09,2.9808022179869105,NORMAL
09:43:10,,,step_29,Cu_Barrier_Seed,IDLE,0.5085973558326947,2.508832091785388,5.039655116690675e-09,2.9808022179869105,NORMAL
09:43:15,,,step_29,Cu_Barrier_Seed,IDLE,0.5085973558326947,2.508832091785388,5.039655116690675e-09,2.9808022179869105,NORMAL
09:43:20,,,step_29,Cu_Barrier_Seed,IDLE,0.5085973558326947,2.508832091785388,5.039655116690675e-09,2.9808022179869105,NORMAL
09:43:25,,,step_29,Cu_Barrier_Seed,IDLE,0.5085973558326947,2.508832091785388,5.039655116690675e-09,2.9808022179869105,NORMAL
09:43:30,,,step_29,Cu_Barrier_Seed,IDLE,0.5085973558326947,2.508832091785388,5.039655116690675e-09,2.9808022179869105,NORMAL
09:43:35,,,step_29,Cu_Barrier_Seed,IDLE,0.5085973558326947,2.508832091785388,5.039655116690675e-09,2.9808022179869105,NORMAL
09:43:40,,,step_29,Cu_Barrier_Seed,IDLE,0.5085973558326947,2.508832091785388,5.039655116690675e-09,2.9808022179869105,NORMAL
09:43:45,,,step_29,Cu_Barrier_Seed,IDLE,0.5085973558326947,2.508832091785388,5.039655116690675e-09,2.9808022179869105,NORMAL
09:43:50,,,step_29,Cu_Barrier_Seed,IDLE,0.5085973558326947,2.508832091785388,5.039655116690675e-09,2.9808022179869105,NORMAL
09:43:55,,,step_29,Cu_Barrier_Seed,IDLE,0.5085973558326947,2.508832091785388,5.039655116690675e-09,2.9808022179869105,NORMAL
09:44:00,,,step_29,Cu_Barrier_Seed,IDLE,0.5085973558326947,2.508832091785388,5.039655116690675e-09,2.9808022179869105,NORMAL
09:44:05,,,step_29,Cu_Barrier_Seed,IDLE,0.5085973558326947,2.508832091785388,5.039655116690675e-09,2.9808022179869105,NORMAL
09:44:10,,,step_29,Cu_Barrier_Seed,IDLE,0.5085973558326947,2.508832091785388,5.039655116690675e-09,2.9808022179869105,NORMAL
09:44:15,,,step_29,Cu_Barrier_Seed,IDLE,0.5085973558326947,2.508832091785388,5.039655116690675e-09,2.9808022179869105,NORMAL
09:44:20,,,step_29,Cu_Barrier_Seed,IDLE,0.5085973558326947,2.508832091785388,5.039655116690675e-09,2.9808022179869105,NORMAL
09:44:25,,,step_29,Cu_Barrier_Seed,IDLE,0.5085973558326947,2.508832091785388,5.039655116690675e-09,2.9808022179869105,NORMAL
09:44:30,,,step_29,Cu_Barrier_Seed,IDLE,0.5085973558326947,2.508832091785388,5.039655116690675e-09,2.9808022179869105,NORMAL
09:44:35,,,step_29,Cu_Barrier_Seed,IDLE,0.5085973558326947,2.508832091785388,5.039655116690675e-09,2.9808022179869105,NORMAL
09:44:40,,,step_29,Cu_Barrier_Seed,IDLE,0.5085973558326947,2.508832091785388,5.039655116690675e-09,2.9808022179869105,NORMAL
09:44:45,,,step_29,Cu_Barrier_Seed,IDLE,0.5085973558326947,2.508832091785388,5.039655116690675e-09,2.9808022179869105,NORMAL
09:44:50,,,step_29,Cu_Barrier_Seed,IDLE,0.5085973558326947,2.508832091785388,5.039655116690675e-09,2.9808022179869105,NORMAL
09:44:55,,,step_29,Cu_Barrier_Seed,IDLE,0.5085973558326947,2.508832091785388,5.039655116690675e-09,2.9808022179869105,NORMAL
09:45:00,,,step_29,Cu_Barrier_Seed,IDLE,0.5085973558326947,2.508832091785388,5.039655116690675e-09,2.9808022179869105,NORMAL
09:45:05,,,step_29,Cu_Barrier_Seed,IDLE,0.5085973558326947,2.508832091785388,5.039655116690675e-09,2.9808022179869105,NORMAL
09:45:10,,,step_29,Cu_Barrier_Seed,IDLE,0.5085973558326947,2.508832091785388,5.039655116690675e-09,2.9808022179869105,NORMAL
09:45:15,,,step_29,Cu_Barrier_Seed,IDLE,0.5085973558326947,2.508832091785388,5.039655116690675e-09,2.9808022179869105,NORMAL
09:45:20,,,step_29,Cu_Barrier_Seed,IDLE,0.5085973558326947,2.508832091785388,5.039655116690675e-09,2.9808022179869105,NORMAL
09:45:25,,,step_29,Cu_Barrier_Seed,IDLE,0.5085973558326947,2.508832091785388,5.039655116690675e-09,2.9808022179869105,NORMAL
09:45:30,,,step_29,Cu_Barrier_Seed,IDLE,0.5085973558326947,2.508832091785388,5.039655116690675e-09,2.9808022179869105,NORMAL
09:45:35,,,step_29,Cu_Barrier_Seed,IDLE,0.5085973558326947,2.508832091785388,5.039655116690675e-09,2.9808022179869105,NORMAL
09:45:40,,,step_29,Cu_Barrier_Seed,IDLE,0.5085973558326947,2.508832091785388,5.039655116690675e-09,2.9808022179869105,NORMAL
09:45:45,,,step_29,Cu_Barrier_Seed,IDLE,0.5085973558326947,2.508832091785388,5.039655116690675e-09,2.9808022179869105,NORMAL
09:45:50,,,step_29,Cu_Barrier_Seed,IDLE,0.5085973558326947,2.508832091785388,5.039655116690675e-09,2.9808022179869105,NORMAL
09:45:55,,,step_29,Cu_Barrier_Seed,IDLE,0.5085973558326947,2.508832091785388,5.039655116690675e-09,2.9808022179869105,NORMAL
09:46:00,,,step_29,Cu_Barrier_Seed,IDLE,0.5085973558326947,2.508832091785388,5.039655116690675e-09,2.9808022179869105,NORMAL
09:46:05,,,step_29,Cu_Barrier_Seed,IDLE,0.5085973558326947,2.508832091785388,5.039655116690675e-09,2.9808022179869105,NORMAL
09:46:10,,,step_29,Cu_Barrier_Seed,IDLE,0.5085973558326947,2.508832091785388,5.039655116690675e-09,2.9808022179869105,NORMAL
09:46:15,,,step_29,Cu_Barrier_Seed,IDLE,0.5085973558326947,2.508832091785388,5.039655116690675e-09,2.9808022179869105,NORMAL
09:46:20,,,step_29,Cu_Barrier_Seed,IDLE,0.5085973558326947,2.508832091785388,5.039655116690675e-09,2.9808022179869105,NORMAL
09:46:25,,,step_29,Cu_Barrier_Seed,IDLE,0.5085973558326947,2.508832091785388,5.039655116690675e-09,2.9808022179869105,NORMAL
09:46:30,,,step_29,Cu_Barrier_Seed,IDLE,0.5085973558326947,2.508832091785388,5.039655116690675e-09,2.9808022179869105,NORMAL
09:46:35,,,step_29,Cu_Barrier_Seed,IDLE,0.5085973558326947,2.508832091785388,5.039655116690675e-09,2.9808022179869105,NORMAL
09:46:40,,,step_29,Cu_Barrier_Seed,IDLE,0.5085973558326947,2.508832091785388,5.039655116690675e-09,2.9808022179869105,NORMAL
09:46:45,,,step_29,Cu_Barrier_Seed,IDLE,0.5085973558326947,2.508832091785388,5.039655116690675e-09,2.9808022179869105,NORMAL
09:46:50,,,step_29,Cu_Barrier_Seed,IDLE,0.5085973558326947,2.508832091785388,5.039655116690675e-09,2.9808022179869105,NORMAL
09:46:55,,,step_29,Cu_Barrier_Seed,IDLE,0.5085973558326947,2.508832091785388,5.039655116690675e-09,2.9808022179869105,NORMAL
09:47:00,,,step_29,Cu_Barrier_Seed,IDLE,0.5085973558326947,2.508832091785388,5.039655116690675e-09,2.9808022179869105,NORMAL
09:47:05,,,step_29,Cu_Barrier_Seed,IDLE,0.5085973558326947,2.508832091785388,5.039655116690675e-09,2.9808022179869105,NORMAL
09:47:10,,,step_29,Cu_Barrier_Seed,IDLE,0.5085973558326947,2.508832091785388,5.039655116690675e-09,2.9808022179869105,NORMAL
09:47:15,,,step_29,Cu_Barrier_Seed,IDLE,0.5085973558326947,2.508832091785388,5.039655116690675e-09,2.9808022179869105,NORMAL
09:47:20,,,step_29,Cu_Barrier_Seed,IDLE,0.5085973558326947,2.508832091785388,5.039655116690675e-09,2.9808022179869105,NORMAL
09:47:25,,,step_29,Cu_Barrier_Seed,IDLE,0.5085973558326947,2.508832091785388,5.039655116690675e-09,2.9808022179869105,NORMAL
09:47:30,,,step_29,Cu_Barrier_Seed,IDLE,0.5085973558326947,2.508832091785388,5.039655116690675e-09,2.9808022179869105,NORMAL
09:47:35,,,step_29,Cu_Barrier_Seed,IDLE,0.5085973558326947,2.508832091785388,5.039655116690675e-09,2.9808022179869105,NORMAL
09:47:40,,,step_29,Cu_Barrier_Seed,IDLE,0.5085973558326947,2.508832091785388,5.039655116690675e-09,2.9808022179869105,NORMAL
09:47:45,,,step_29,Cu_Barrier_Seed,IDLE,0.5085973558326947,2.508832091785388,5.039655116690675e-09,2.9808022179869105,NORMAL
09:47:50,,,step_29,Cu_Barrier_Seed,IDLE,0.5085973558326947,2.508832091785388,5.039655116690675e-09,2.9808022179869105,NORMAL
09:47:55,,,step_29,Cu_Barrier_Seed,IDLE,0.5085973558326947,2.508832091785388,5.039655116690675e-09,2.9808022179869105,NORMAL
09:48:00,,,step_29,Cu_Barrier_Seed,IDLE,0.5085973558326947,2.508832091785388,5.039655116690675e-09,2.9808022179869105,NORMAL
09:48:05,,,step_29,Cu_Barrier_Seed,IDLE,0.5085973558326947,2.508832091785388,5.039655116690675e-09,2.9808022179869105,NORMAL
09:48:10,,,step_29,Cu_Barrier_Seed,IDLE,0.5085973558326947,2.508832091785388,5.039655116690675e-09,2.9808022179869105,NORMAL
09:48:15,,,step_29,Cu_Barrier_Seed,IDLE,0.5085973558326947,2.508832091785388,5.039655116690675e-09,2.9808022179869105,NORMAL
09:48:20,,,step_29,Cu_Barrier_Seed,IDLE,0.5085973558326947,2.508832091785388,5.039655116690675e-09,2.9808022179869105,NORMAL
09:48:25,,,step_29,Cu_Barrier_Seed,IDLE,0.5085973558326947,2.508832091785388,5.039655116690675e-09,2.9808022179869105,NORMAL
09:48:30,,,step_29,Cu_Barrier_Seed,IDLE,0.5085973558326947,2.508832091785388,5.039655116690675e-09,2.9808022179869105,NORMAL
09:48:35,,,step_29,Cu_Barrier_Seed,IDLE,0.5085973558326947,2.508832091785388,5.039655116690675e-09,2.9808022179869105,NORMAL
09:48:40,,,step_29,Cu_Barrier_Seed,IDLE,0.5085973558326947,2.508832091785388,5.039655116690675e-09,2.9808022179869105,NORMAL
09:48:45,,,step_29,Cu_Barrier_Seed,IDLE,0.5085973558326947,2.508832091785388,5.039655116690675e-09,2.9808022179869105,NORMAL
09:48:50,,,step_29,Cu_Barrier_Seed,IDLE,0.5085973558326947,2.508832091785388,5.039655116690675e-09,2.9808022179869105,NORMAL
09:48:55,,,step_29,Cu_Barrier_Seed,IDLE,0.5085973558326947,2.508832091785388,5.039655116690675e-09,2.9808022179869105,NORMAL
09:49:00,,,step_29,Cu_Barrier_Seed,IDLE,0.5085973558326947,2.508832091785388,5.039655116690675e-09,2.9808022179869105,NORMAL
09:49:05,,,step_29,Cu_Barrier_Seed,IDLE,0.5085973558326947,2.508832091785388,5.039655116690675e-09,2.9808022179869105,NORMAL
09:49:10,,,step_29,Cu_Barrier_Seed,IDLE,0.5085973558326947,2.508832091785388,5.039655116690675e-09,2.9808022179869105,NORMAL
09:49:15,,,step_29,Cu_Barrier_Seed,IDLE,0.5085973558326947,2.508832091785388,5.039655116690675e-09,2.9808022179869105,NORMAL
09:49:20,,,step_29,Cu_Barrier_Seed,IDLE,0.5085973558326947,2.508832091785388,5.039655116690675e-09,2.9808022179869105,NORMAL
09:49:25,,,step_29,Cu_Barrier_Seed,IDLE,0.5085973558326947,2.508832091785388,5.039655116690675e-09,2.9808022179869105,NORMAL
09:49:30,,,step_29,Cu_Barrier_Seed,IDLE,0.5085973558326947,2.508832091785388,5.039655116690675e-09,2.9808022179869105,NORMAL
09:49:35,,,step_29,Cu_Barrier_Seed,IDLE,0.5085973558326947,2.508832091785388,5.039655116690675e-09,2.9808022179869105,NORMAL
09:49:40,,,step_29,Cu_Barrier_Seed,IDLE,0.5085973558326947,2.508832091785388,5.039655116690675e-09,2.9808022179869105,NORMAL
09:49:45,,,step_29,Cu_Barrier_Seed,IDLE,0.5085973558326947,2.508832091785388,5.039655116690675e-09,2.9808022179869105,NORMAL
09:49:50,,,step_29,Cu_Barrier_Seed,IDLE,0.5085973558326947,2.508832091785388,5.039655116690675e-09,2.9808022179869105,NORMAL
09:49:55,,,step_29,Cu_Barrier_Seed,IDLE,0.5085973558326947,2.508832091785388,5.039655116690675e-09,2.9808022179869105,NORMAL
09:50:00,,,step_29,Cu_Barrier_Seed,IDLE,0.5085973558326947,2.508832091785388,5.039655116690675e-09,2.9808022179869105,NORMAL
09:50:05,,,step_29,Cu_Barrier_Seed,IDLE,0.5085973558326947,2.508832091785388,5.039655116690675e-09,2.9808022179869105,NORMAL
09:50:10,,,step_29,Cu_Barrier_Seed,IDLE,0.5085973558326947,2.508832091785388,5.039655116690675e-09,2.9808022179869105,NORMAL
09:50:15,,,step_29,Cu_Barrier_Seed,IDLE,0.5085973558326947,2.508832091785388,5.039655116690675e-09,2.9808022179869105,NORMAL
09:50:20,,,step_29,Cu_Barrier_Seed,IDLE,0.5085973558326947,2.508832091785388,5.039655116690675e-09,2.9808022179869105,NORMAL
09:50:25,,,step_29,Cu_Barrier_Seed,IDLE,0.5085973558326947,2.508832091785388,5.039655116690675e-09,2.9808022179869105,NORMAL
09:50:30,,,step_29,Cu_Barrier_Seed,IDLE,0.5085973558326947,2.508832091785388,5.039655116690675e-09,2.9808022179869105,NORMAL
09:50:35,,,step_29,Cu_Barrier_Seed,IDLE,0.5085973558326947,2.508832091785388,5.039655116690675e-09,2.9808022179869105,NORMAL
09:50:40,,,step_29,Cu_Barrier_Seed,IDLE,0.5085973558326947,2.508832091785388,5.039655116690675e-09,2.9808022179869105,NORMAL
09:50:45,,,step_29,Cu_Barrier_Seed,IDLE,0.5085973558326947,2.508832091785388,5.039655116690675e-09,2.9808022179869105,NORMAL
09:50:50,,,step_29,Cu_Barrier_Seed,IDLE,0.5085973558326947,2.508832091785388,5.039655116690675e-09,2.9808022179869105,NORMAL
09:50:55,,,step_29,Cu_Barrier_Seed,IDLE,0.5085973558326947,2.508832091785388,5.039655116690675e-09,2.9808022179869105,NORMAL
09:51:00,,,step_29,Cu_Barrier_Seed,IDLE,0.5085973558326947,2.508832091785388,5.039655116690675e-09,2.9808022179869105,NORMAL
09:51:05,,,step_29,Cu_Barrier_Seed,IDLE,0.5085973558326947,2.508832091785388,5.039655116690675e-09,2.9808022179869105,NORMAL
09:51:10,,,step_29,Cu_Barrier_Seed,IDLE,0.5085973558326947,2.508832091785388,5.039655116690675e-09,2.9808022179869105,NORMAL
09:51:15,,,step_29,Cu_Barrier_Seed,IDLE,0.5085973558326947,2.508832091785388,5.039655116690675e-09,2.9808022179869105,NORMAL
09:51:20,,,step_29,Cu_Barrier_Seed,IDLE,0.5085973558326947,2.508832091785388,5.039655116690675e-09,2.9808022179869105,NORMAL
09:51:25,,,step_29,Cu_Barrier_Seed,IDLE,0.5085973558326947,2.508832091785388,5.039655116690675e-09,2.9808022179869105,NORMAL
09:51:30,,,step_29,Cu_Barrier_Seed,IDLE,0.5085973558326947,2.508832091785388,5.039655116690675e-09,2.9808022179869105,NORMAL
09:51:35,,,step_29,Cu_Barrier_Seed,IDLE,0.5085973558326947,2.508832091785388,5.039655116690675e-09,2.9808022179869105,NORMAL
09:51:40,,,step_29,Cu_Barrier_Seed,IDLE,0.5085973558326947,2.508832091785388,5.039655116690675e-09,2.9808022179869105,NORMAL
09:51:45,,,step_29,Cu_Barrier_Seed,IDLE,0.5085973558326947,2.508832091785388,5.039655116690675e-09,2.9808022179869105,NORMAL
09:51:50,,,step_29,Cu_Barrier_Seed,IDLE,0.5085973558326947,2.508832091785388,5.039655116690675e-09,2.9808022179869105,NORMAL
09:51:55,,,step_29,Cu_Barrier_Seed,IDLE,0.5085973558326947,2.508832091785388,5.039655116690675e-09,2.9808022179869105,NORMAL
09:52:00,,,step_29,Cu_Barrier_Seed,IDLE,0.5085973558326947,2.508832091785388,5.039655116690675e-09,2.9808022179869105,NORMAL
09:52:05,,,step_29,Cu_Barrier_Seed,IDLE,0.5085973558326947,2.508832091785388,5.039655116690675e-09,2.9808022179869105,NORMAL
09:52:10,,,step_29,Cu_Barrier_Seed,IDLE,0.5085973558326947,2.508832091785388,5.039655116690675e-09,2.9808022179869105,NORMAL
09:52:15,,,step_29,Cu_Barrier_Seed,IDLE,0.5085973558326947,2.508832091785388,5.039655116690675e-09,2.9808022179869105,NORMAL
09:52:20,,,step_29,Cu_Barrier_Seed,IDLE,0.5085973558326947,2.508832091785388,5.039655116690675e-09,2.9808022179869105,NORMAL
09:52:25,,,step_29,Cu_Barrier_Seed,IDLE,0.5085973558326947,2.508832091785388,5.039655116690675e-09,2.9808022179869105,NORMAL
09:52:30,,,step_29,Cu_Barrier_Seed,IDLE,0.5085973558326947,2.508832091785388,5.039655116690675e-09,2.9808022179869105,NORMAL
09:52:35,,,step_29,Cu_Barrier_Seed,IDLE,0.5085973558326947,2.508832091785388,5.039655116690675e-09,2.9808022179869105,NORMAL
09:52:40,,,step_29,Cu_Barrier_Seed,IDLE,0.5085973558326947,2.508832091785388,5.039655116690675e-09,2.9808022179869105,NORMAL
09:52:45,,,step_29,Cu_Barrier_Seed,IDLE,0.5085973558326947,2.508832091785388,5.039655116690675e-09,2.9808022179869105,NORMAL
09:52:50,,,step_29,Cu_Barrier_Seed,IDLE,0.5085973558326947,2.508832091785388,5.039655116690675e-09,2.9808022179869105,NORMAL
09:52:55,,,step_29,Cu_Barrier_Seed,IDLE,0.5085973558326947,2.508832091785388,5.039655116690675e-09,2.9808022179869105,NORMAL
09:53:00,,,step_29,Cu_Barrier_Seed,IDLE,0.5085973558326947,2.508832091785388,5.039655116690675e-09,2.9808022179869105,NORMAL
09:53:05,,,step_29,Cu_Barrier_Seed,IDLE,0.5085973558326947,2.508832091785388,5.039655116690675e-09,2.9808022179869105,NORMAL
09:53:10,,,step_29,Cu_Barrier_Seed,IDLE,0.5085973558326947,2.508832091785388,5.039655116690675e-09,2.9808022179869105,NORMAL
09:53:15,,,step_29,Cu_Barrier_Seed,IDLE,0.5085973558326947,2.508832091785388,5.039655116690675e-09,2.9808022179869105,NORMAL
09:53:20,,,step_29,Cu_Barrier_Seed,IDLE,0.5085973558326947,2.508832091785388,5.039655116690675e-09,2.9808022179869105,NORMAL
09:53:25,,,step_29,Cu_Barrier_Seed,IDLE,0.5085973558326947,2.508832091785388,5.039655116690675e-09,2.9808022179869105,NORMAL
09:53:30,,,step_29,Cu_Barrier_Seed,IDLE,0.5085973558326947,2.508832091785388,5.039655116690675e-09,2.9808022179869105,NORMAL
09:53:35,,,step_29,Cu_Barrier_Seed,IDLE,0.5085973558326947,2.508832091785388,5.039655116690675e-09,2.9808022179869105,NORMAL
09:53:40,,,step_29,Cu_Barrier_Seed,IDLE,0.5085973558326947,2.508832091785388,5.039655116690675e-09,2.9808022179869105,NORMAL
09:53:45,,,step_29,Cu_Barrier_Seed,IDLE,0.5085973558326947,2.508832091785388,5.039655116690675e-09,2.9808022179869105,NORMAL
09:53:50,,,step_29,Cu_Barrier_Seed,IDLE,0.5085973558326947,2.508832091785388,5.039655116690675e-09,2.9808022179869105,NORMAL
09:53:55,,,step_29,Cu_Barrier_Seed,IDLE,0.5085973558326947,2.508832091785388,5.039655116690675e-09,2.9808022179869105,NORMAL
09:54:00,,,step_29,Cu_Barrier_Seed,IDLE,0.5085973558326947,2.508832091785388,5.039655116690675e-09,2.9808022179869105,NORMAL
09:54:05,,,step_29,Cu_Barrier_Seed,IDLE,0.5085973558326947,2.508832091785388,5.039655116690675e-09,2.9808022179869105,NORMAL
09:54:10,,,step_29,Cu_Barrier_Seed,IDLE,0.5085973558326947,2.508832091785388,5.039655116690675e-09,2.9808022179869105,NORMAL
09:54:15,,,step_29,Cu_Barrier_Seed,IDLE,0.5085973558326947,2.508832091785388,5.039655116690675e-09,2.9808022179869105,NORMAL
09:54:20,,,step_29,Cu_Barrier_Seed,IDLE,0.5085973558326947,2.508832091785388,5.039655116690675e-09,2.9808022179869105,NORMAL
09:54:25,,,step_29,Cu_Barrier_Seed,IDLE,0.5085973558326947,2.508832091785388,5.039655116690675e-09,2.9808022179869105,NORMAL
09:54:30,,,step_29,Cu_Barrier_Seed,IDLE,0.5085973558326947,2.508832091785388,5.039655116690675e-09,2.9808022179869105,NORMAL
09:54:35,,,step_29,Cu_Barrier_Seed,IDLE,0.5085973558326947,2.508832091785388,5.039655116690675e-09,2.9808022179869105,NORMAL
09:54:40,,,step_29,Cu_Barrier_Seed,IDLE,0.5085973558326947,2.508832091785388,5.039655116690675e-09,2.9808022179869105,NORMAL
09:54:45,,,step_29,Cu_Barrier_Seed,IDLE,0.5085973558326947,2.508832091785388,5.039655116690675e-09,2.9808022179869105,NORMAL
09:54:50,,,step_29,Cu_Barrier_Seed,IDLE,0.5085973558326947,2.508832091785388,5.039655116690675e-09,2.9808022179869105,NORMAL
09:54:55,,,step_29,Cu_Barrier_Seed,IDLE,0.5085973558326947,2.508832091785388,5.039655116690675e-09,2.9808022179869105,NORMAL
09:55:00,,,step_29,Cu_Barrier_Seed,IDLE,0.5085973558326947,2.508832091785388,5.039655116690675e-09,2.9808022179869105,NORMAL
09:55:05,,,step_29,Cu_Barrier_Seed,IDLE,0.5085973558326947,2.508832091785388,5.039655116690675e-09,2.9808022179869105,NORMAL
09:55:10,,,step_29,Cu_Barrier_Seed,IDLE,0.5085973558326947,2.508832091785388,5.039655116690675e-09,2.9808022179869105,NORMAL
09:55:15,,,step_29,Cu_Barrier_Seed,IDLE,0.5085973558326947,2.508832091785388,5.039655116690675e-09,2.9808022179869105,NORMAL
09:55:20,,,step_29,Cu_Barrier_Seed,IDLE,0.5085973558326947,2.508832091785388,5.039655116690675e-09,2.9808022179869105,NORMAL
09:55:25,,,step_29,Cu_Barrier_Seed,IDLE,0.5085973558326947,2.508832091785388,5.039655116690675e-09,2.9808022179869105,NORMAL
09:55:30,,,step_29,Cu_Barrier_Seed,IDLE,0.5085973558326947,2.508832091785388,5.039655116690675e-09,2.9808022179869105,NORMAL
09:55:35,,,step_29,Cu_Barrier_Seed,IDLE,0.5085973558326947,2.508832091785388,5.039655116690675e-09,2.9808022179869105,NORMAL
09:55:40,,,step_29,Cu_Barrier_Seed,IDLE,0.5085973558326947,2.508832091785388,5.039655116690675e-09,2.9808022179869105,NORMAL
09:55:45,,,step_29,Cu_Barrier_Seed,IDLE,0.5085973558326947,2.508832091785388,5.039655116690675e-09,2.9808022179869105,NORMAL
09:55:50,,,step_29,Cu_Barrier_Seed,IDLE,0.5085973558326947,2.508832091785388,5.039655116690675e-09,2.9808022179869105,NORMAL
09:55:55,,,step_29,Cu_Barrier_Seed,IDLE,0.5085973558326947,2.508832091785388,5.039655116690675e-09,2.9808022179869105,NORMAL
09:56:00,,,step_29,Cu_Barrier_Seed,IDLE,0.5085973558326947,2.508832091785388,5.039655116690675e-09,2.9808022179869105,NORMAL
09:56:05,,,step_29,Cu_Barrier_Seed,IDLE,0.5085973558326947,2.508832091785388,5.039655116690675e-09,2.9808022179869105,NORMAL
09:56:10,,,step_29,Cu_Barrier_Seed,IDLE,0.5085973558326947,2.508832091785388,5.039655116690675e-09,2.9808022179869105,NORMAL
09:56:15,,,step_29,Cu_Barrier_Seed,IDLE,0.5085973558326947,2.508832091785388,5.039655116690675e-09,2.9808022179869105,NORMAL
09:56:20,,,step_29,Cu_Barrier_Seed,IDLE,0.5085973558326947,2.508832091785388,5.039655116690675e-09,2.9808022179869105,NORMAL
09:56:25,,,step_29,Cu_Barrier_Seed,IDLE,0.5085973558326947,2.508832091785388,5.039655116690675e-09,2.9808022179869105,NORMAL
09:56:30,,,step_29,Cu_Barrier_Seed,IDLE,0.5085973558326947,2.508832091785388,5.039655116690675e-09,2.9808022179869105,NORMAL
09:56:35,,,step_29,Cu_Barrier_Seed,IDLE,0.5085973558326947,2.508832091785388,5.039655116690675e-09,2.9808022179869105,NORMAL
09:56:40,,,step_29,Cu_Barrier_Seed,IDLE,0.5085973558326947,2.508832091785388,5.039655116690675e-09,2.9808022179869105,NORMAL
09:56:45,,,step_29,Cu_Barrier_Seed,IDLE,0.5085973558326947,2.508832091785388,5.039655116690675e-09,2.9808022179869105,NORMAL
09:56:50,,,step_29,Cu_Barrier_Seed,IDLE,0.5085973558326947,2.508832091785388,5.039655116690675e-09,2.9808022179869105,NORMAL
09:56:55,,,step_29,Cu_Barrier_Seed,IDLE,0.5085973558326947,2.508832091785388,5.039655116690675e-09,2.9808022179869105,NORMAL
09:57:00,,,step_29,Cu_Barrier_Seed,IDLE,0.5085973558326947,2.508832091785388,5.039655116690675e-09,2.9808022179869105,NORMAL
09:57:05,,,step_29,Cu_Barrier_Seed,IDLE,0.5085973558326947,2.508832091785388,5.039655116690675e-09,2.9808022179869105,NORMAL
09:57:10,,,step_29,Cu_Barrier_Seed,IDLE,0.5085973558326947,2.508832091785388,5.039655116690675e-09,2.9808022179869105,NORMAL
09:57:15,,,step_29,Cu_Barrier_Seed,IDLE,0.5085973558326947,2.508832091785388,5.039655116690675e-09,2.9808022179869105,NORMAL
09:57:20,,,step_29,Cu_Barrier_Seed,IDLE,0.5085973558326947,2.508832091785388,5.039655116690675e-09,2.9808022179869105,NORMAL
09:57:25,,,step_29,Cu_Barrier_Seed,IDLE,0.5085973558326947,2.508832091785388,5.039655116690675e-09,2.9808022179869105,NORMAL
09:57:30,,,step_29,Cu_Barrier_Seed,IDLE,0.5085973558326947,2.508832091785388,5.039655116690675e-09,2.9808022179869105,NORMAL
09:57:35,,,step_29,Cu_Barrier_Seed,IDLE,0.5085973558326947,2.508832091785388,5.039655116690675e-09,2.9808022179869105,NORMAL
09:57:40,,,step_29,Cu_Barrier_Seed,IDLE,0.5085973558326947,2.508832091785388,5.039655116690675e-09,2.9808022179869105,NORMAL
09:57:45,,,step_29,Cu_Barrier_Seed,IDLE,0.5085973558326947,2.508832091785388,5.039655116690675e-09,2.9808022179869105,NORMAL
09:57:50,,,step_29,Cu_Barrier_Seed,IDLE,0.5085973558326947,2.508832091785388,5.039655116690675e-09,2.9808022179869105,NORMAL
09:57:55,,,step_29,Cu_Barrier_Seed,IDLE,0.5085973558326947,2.508832091785388,5.039655116690675e-09,2.9808022179869105,NORMAL
09:58:00,,,step_29,Cu_Barrier_Seed,IDLE,0.5085973558326947,2.508832091785388,5.039655116690675e-09,2.9808022179869105,NORMAL
09:58:05,,,step_29,Cu_Barrier_Seed,IDLE,0.5085973558326947,2.508832091785388,5.039655116690675e-09,2.9808022179869105,NORMAL
09:58:10,,,step_29,Cu_Barrier_Seed,IDLE,0.5085973558326947,2.508832091785388,5.039655116690675e-09,2.9808022179869105,NORMAL
09:58:15,,,step_29,Cu_Barrier_Seed,IDLE,0.5085973558326947,2.508832091785388,5.039655116690675e-09,2.9808022179869105,NORMAL
09:58:20,,,step_29,Cu_Barrier_Seed,IDLE,0.5085973558326947,2.508832091785388,5.039655116690675e-09,2.9808022179869105,NORMAL
09:58:25,,,step_29,Cu_Barrier_Seed,IDLE,0.5085973558326947,2.508832091785388,5.039655116690675e-09,2.9808022179869105,NORMAL
09:58:30,,,step_29,Cu_Barrier_Seed,IDLE,0.5085973558326947,2.508832091785388,5.039655116690675e-09,2.9808022179869105,NORMAL
09:58:35,,,step_29,Cu_Barrier_Seed,IDLE,0.5085973558326947,2.508832091785388,5.039655116690675e-09,2.9808022179869105,NORMAL
09:58:40,,,step_29,Cu_Barrier_Seed,IDLE,0.5085973558326947,2.508832091785388,5.039655116690675e-09,2.9808022179869105,NORMAL
09:58:45,,,step_29,Cu_Barrier_Seed,IDLE,0.5085973558326947,2.508832091785388,5.039655116690675e-09,2.9808022179869105,NORMAL
09:58:50,,,step_29,Cu_Barrier_Seed,IDLE,0.5085973558326947,2.508832091785388,5.039655116690675e-09,2.9808022179869105,NORMAL
09:58:55,,,step_29,Cu_Barrier_Seed,IDLE,0.5085973558326947,2.508832091785388,5.039655116690675e-09,2.9808022179869105,NORMAL
09:59:00,,,step_29,Cu_Barrier_Seed,IDLE,0.5085973558326947,2.508832091785388,5.039655116690675e-09,2.9808022179869105,NORMAL
09:59:05,,,step_29,Cu_Barrier_Seed,IDLE,0.5085973558326947,2.508832091785388,5.039655116690675e-09,2.9808022179869105,NORMAL
09:59:10,,,step_29,Cu_Barrier_Seed,IDLE,0.5085973558326947,2.508832091785388,5.039655116690675e-09,2.9808022179869105,NORMAL
09:59:15,,,step_29,Cu_Barrier_Seed,IDLE,0.5085973558326947,2.508832091785388,5.039655116690675e-09,2.9808022179869105,NORMAL
09:59:20,,,step_29,Cu_Barrier_Seed,IDLE,0.5085973558326947,2.508832091785388,5.039655116690675e-09,2.9808022179869105,NORMAL
09:59:25,,,step_29,Cu_Barrier_Seed,IDLE,0.5085973558326947,2.508832091785388,5.039655116690675e-09,2.9808022179869105,NORMAL
09:59:30,,,step_29,Cu_Barrier_Seed,IDLE,0.5085973558326947,2.508832091785388,5.039655116690675e-09,2.9808022179869105,NORMAL
09:59:35,,,step_29,Cu_Barrier_Seed,IDLE,0.5085973558326947,2.508832091785388,5.039655116690675e-09,2.9808022179869105,NORMAL
09:59:40,,,step_29,Cu_Barrier_Seed,IDLE,0.5085973558326947,2.508832091785388,5.039655116690675e-09,2.9808022179869105,NORMAL
09:59:45,,,step_29,Cu_Barrier_Seed,IDLE,0.5085973558326947,2.508832091785388,5.039655116690675e-09,2.9808022179869105,NORMAL
09:59:50,,,step_29,Cu_Barrier_Seed,IDLE,0.5085973558326947,2.508832091785388,5.039655116690675e-09,2.9808022179869105,NORMAL
09:59:55,,,step_29,Cu_Barrier_Seed,IDLE,0.5085973558326947,2.508832091785388,5.039655116690675e-09,2.9808022179869105,NORMAL
10:00:00,,,step_29,Cu_Barrier_Seed,IDLE,0.5085973558326947,2.508832091785388,5.039655116690675e-09,2.9808022179869105,NORMAL
10:00:05,,,step_29,Cu_Barrier_Seed,IDLE,0.5085973558326947,2.508832091785388,5.039655116690675e-09,2.9808022179869105,NORMAL
10:00:10,,,step_29,Cu_Barrier_Seed,IDLE,0.5085973558326947,2.508832091785388,5.039655116690675e-09,2.9808022179869105,NORMAL
10:00:15,,,step_29,Cu_Barrier_Seed,IDLE,0.5085973558326947,2.508832091785388,5.039655116690675e-09,2.9808022179869105,NORMAL
10:00:20,,,step_29,Cu_Barrier_Seed,IDLE,0.5085973558326947,2.508832091785388,5.039655116690675e-09,2.9808022179869105,NORMAL
10:00:25,,,step_29,Cu_Barrier_Seed,IDLE,0.5085973558326947,2.508832091785388,5.039655116690675e-09,2.9808022179869105,NORMAL
10:00:30,,,step_29,Cu_Barrier_Seed,IDLE,0.5085973558326947,2.508832091785388,5.039655116690675e-09,2.9808022179869105,NORMAL
10:00:35,,,step_29,Cu_Barrier_Seed,IDLE,0.5085973558326947,2.508832091785388,5.039655116690675e-09,2.9808022179869105,NORMAL
10:00:40,,,step_29,Cu_Barrier_Seed,IDLE,0.5085973558326947,2.508832091785388,5.039655116690675e-09,2.9808022179869105,NORMAL
10:00:45,,,step_29,Cu_Barrier_Seed,IDLE,0.5085973558326947,2.508832091785388,5.039655116690675e-09,2.9808022179869105,NORMAL
10:00:50,,,step_29,Cu_Barrier_Seed,IDLE,0.5085973558326947,2.508832091785388,5.039655116690675e-09,2.9808022179869105,NORMAL
10:00:55,,,step_29,Cu_Barrier_Seed,IDLE,0.5085973558326947,2.508832091785388,5.039655116690675e-09,2.9808022179869105,NORMAL
10:01:00,,,step_29,Cu_Barrier_Seed,IDLE,0.5085973558326947,2.508832091785388,5.039655116690675e-09,2.9808022179869105,NORMAL
10:01:05,,,step_29,Cu_Barrier_Seed,IDLE,0.5085973558326947,2.508832091785388,5.039655116690675e-09,2.9808022179869105,NORMAL
10:01:10,,,step_29,Cu_Barrier_Seed,IDLE,0.5085973558326947,2.508832091785388,5.039655116690675e-09,2.9808022179869105,NORMAL
10:01:15,,,step_29,Cu_Barrier_Seed,IDLE,0.5085973558326947,2.508832091785388,5.039655116690675e-09,2.9808022179869105,NORMAL
10:01:20,,,step_29,Cu_Barrier_Seed,IDLE,0.5085973558326947,2.508832091785388,5.039655116690675e-09,2.9808022179869105,NORMAL
10:01:25,,,step_29,Cu_Barrier_Seed,IDLE,0.5085973558326947,2.508832091785388,5.039655116690675e-09,2.9808022179869105,NORMAL
10:01:30,,,step_29,Cu_Barrier_Seed,IDLE,0.5085973558326947,2.508832091785388,5.039655116690675e-09,2.9808022179869105,NORMAL
10:01:35,,,step_29,Cu_Barrier_Seed,IDLE,0.5085973558326947,2.508832091785388,5.039655116690675e-09,2.9808022179869105,NORMAL
10:01:40,,,step_29,Cu_Barrier_Seed,IDLE,0.5085973558326947,2.508832091785388,5.039655116690675e-09,2.9808022179869105,NORMAL
10:01:45,,,step_29,Cu_Barrier_Seed,IDLE,0.5085973558326947,2.508832091785388,5.039655116690675e-09,2.9808022179869105,NORMAL
10:01:50,,,step_29,Cu_Barrier_Seed,IDLE,0.5085973558326947,2.508832091785388,5.039655116690675e-09,2.9808022179869105,NORMAL
10:01:55,,,step_29,Cu_Barrier_Seed,IDLE,0.5085973558326947,2.508832091785388,5.039655116690675e-09,2.9808022179869105,NORMAL
10:02:00,,,step_29,Cu_Barrier_Seed,IDLE,0.5085973558326947,2.508832091785388,5.039655116690675e-09,2.9808022179869105,NORMAL
10:02:05,,,step_29,Cu_Barrier_Seed,IDLE,0.5085973558326947,2.508832091785388,5.039655116690675e-09,2.9808022179869105,NORMAL
10:02:10,,,step_29,Cu_Barrier_Seed,IDLE,0.5085973558326947,2.508832091785388,5.039655116690675e-09,2.9808022179869105,NORMAL
10:02:15,,,step_29,Cu_Barrier_Seed,IDLE,0.5085973558326947,2.508832091785388,5.039655116690675e-09,2.9808022179869105,NORMAL
10:02:20,,,step_29,Cu_Barrier_Seed,IDLE,0.5085973558326947,2.508832091785388,5.039655116690675e-09,2.9808022179869105,NORMAL
10:02:25,,,step_29,Cu_Barrier_Seed,IDLE,0.5085973558326947,2.508832091785388,5.039655116690675e-09,2.9808022179869105,NORMAL
10:02:30,,,step_29,Cu_Barrier_Seed,IDLE,0.5085973558326947,2.508832091785388,5.039655116690675e-09,2.9808022179869105,NORMAL
10:02:35,,,step_29,Cu_Barrier_Seed,IDLE,0.5085973558326947,2.508832091785388,5.039655116690675e-09,2.9808022179869105,NORMAL
10:02:40,,,step_29,Cu_Barrier_Seed,IDLE,0.5085973558326947,2.508832091785388,5.039655116690675e-09,2.9808022179869105,NORMAL
10:02:45,,,step_29,Cu_Barrier_Seed,IDLE,0.5085973558326947,2.508832091785388,5.039655116690675e-09,2.9808022179869105,NORMAL
10:02:50,,,step_29,Cu_Barrier_Seed,IDLE,0.5085973558326947,2.508832091785388,5.039655116690675e-09,2.9808022179869105,NORMAL
10:02:55,,,step_29,Cu_Barrier_Seed,IDLE,0.5085973558326947,2.508832091785388,5.039655116690675e-09,2.9808022179869105,NORMAL
10:03:00,,,step_29,Cu_Barrier_Seed,IDLE,0.5085973558326947,2.508832091785388,5.039655116690675e-09,2.9808022179869105,NORMAL
10:03:05,,,step_29,Cu_Barrier_Seed,IDLE,0.5085973558326947,2.508832091785388,5.039655116690675e-09,2.9808022179869105,NORMAL
10:03:10,,,step_29,Cu_Barrier_Seed,IDLE,0.5085973558326947,2.508832091785388,5.039655116690675e-09,2.9808022179869105,NORMAL
10:03:15,,,step_29,Cu_Barrier_Seed,IDLE,0.5085973558326947,2.508832091785388,5.039655116690675e-09,2.9808022179869105,NORMAL
10:03:20,,,step_29,Cu_Barrier_Seed,IDLE,0.5085973558326947,2.508832091785388,5.039655116690675e-09,2.9808022179869105,NORMAL
10:03:25,,,step_29,Cu_Barrier_Seed,IDLE,0.5085973558326947,2.508832091785388,5.039655116690675e-09,2.9808022179869105,NORMAL
10:03:30,,,step_29,Cu_Barrier_Seed,IDLE,0.5085973558326947,2.508832091785388,5.039655116690675e-09,2.9808022179869105,NORMAL
10:03:35,,,step_29,Cu_Barrier_Seed,IDLE,0.5085973558326947,2.508832091785388,5.039655116690675e-09,2.9808022179869105,NORMAL
10:03:40,,,step_29,Cu_Barrier_Seed,IDLE,0.5085973558326947,2.508832091785388,5.039655116690675e-09,2.9808022179869105,NORMAL
10:03:45,,,step_29,Cu_Barrier_Seed,IDLE,0.5085973558326947,2.508832091785388,5.039655116690675e-09,2.9808022179869105,NORMAL
10:03:50,,,step_29,Cu_Barrier_Seed,IDLE,0.5085973558326947,2.508832091785388,5.039655116690675e-09,2.9808022179869105,NORMAL
10:03:55,,,step_29,Cu_Barrier_Seed,IDLE,0.5085973558326947,2.508832091785388,5.039655116690675e-09,2.9808022179869105,NORMAL
10:04:00,,,step_29,Cu_Barrier_Seed,IDLE,0.5085973558326947,2.508832091785388,5.039655116690675e-09,2.9808022179869105,NORMAL
10:04:05,,,step_29,Cu_Barrier_Seed,IDLE,0.5085973558326947,2.508832091785388,5.039655116690675e-09,2.9808022179869105,NORMAL
10:04:10,,,step_29,Cu_Barrier_Seed,IDLE,0.5085973558326947,2.508832091785388,5.039655116690675e-09,2.9808022179869105,NORMAL
10:04:15,,,step_29,Cu_Barrier_Seed,IDLE,0.5085973558326947,2.508832091785388,5.039655116690675e-09,2.9808022179869105,NORMAL
10:04:20,,,step_29,Cu_Barrier_Seed,IDLE,0.5085973558326947,2.508832091785388,5.039655116690675e-09,2.9808022179869105,NORMAL
10:04:25,,,step_29,Cu_Barrier_Seed,IDLE,0.5085973558326947,2.508832091785388,5.039655116690675e-09,2.9808022179869105,NORMAL
10:04:30,,,step_29,Cu_Barrier_Seed,IDLE,0.5085973558326947,2.508832091785388,5.039655116690675e-09,2.9808022179869105,NORMAL
10:04:35,,,step_29,Cu_Barrier_Seed,IDLE,0.5085973558326947,2.508832091785388,5.039655116690675e-09,2.9808022179869105,NORMAL
10:04:40,,,step_29,Cu_Barrier_Seed,IDLE,0.5085973558326947,2.508832091785388,5.039655116690675e-09,2.9808022179869105,NORMAL
10:04:45,,,step_29,Cu_Barrier_Seed,IDLE,0.5085973558326947,2.508832091785388,5.039655116690675e-09,2.9808022179869105,NORMAL
10:04:50,,,step_29,Cu_Barrier_Seed,IDLE,0.5085973558326947,2.508832091785388,5.039655116690675e-09,2.9808022179869105,NORMAL
10:04:55,,,step_29,Cu_Barrier_Seed,IDLE,0.5085973558326947,2.508832091785388,5.039655116690675e-09,2.9808022179869105,NORMAL
10:05:00,,,step_29,Cu_Barrier_Seed,IDLE,0.5085973558326947,2.508832091785388,5.039655116690675e-09,2.9808022179869105,NORMAL
10:05:05,,,step_29,Cu_Barrier_Seed,IDLE,0.5085973558326947,2.508832091785388,5.039655116690675e-09,2.9808022179869105,NORMAL
10:05:10,,,step_29,Cu_Barrier_Seed,IDLE,0.5085973558326947,2.508832091785388,5.039655116690675e-09,2.9808022179869105,NORMAL
10:05:15,,,step_29,Cu_Barrier_Seed,IDLE,0.5085973558326947,2.508832091785388,5.039655116690675e-09,2.9808022179869105,NORMAL
10:05:20,,,step_29,Cu_Barrier_Seed,IDLE,0.5085973558326947,2.508832091785388,5.039655116690675e-09,2.9808022179869105,NORMAL
10:05:25,,,step_29,Cu_Barrier_Seed,IDLE,0.5085973558326947,2.508832091785388,5.039655116690675e-09,2.9808022179869105,NORMAL
10:05:30,,,step_29,Cu_Barrier_Seed,IDLE,0.5085973558326947,2.508832091785388,5.039655116690675e-09,2.9808022179869105,NORMAL
10:05:35,,,step_29,Cu_Barrier_Seed,IDLE,0.5085973558326947,2.508832091785388,5.039655116690675e-09,2.9808022179869105,NORMAL
10:05:40,,,step_29,Cu_Barrier_Seed,IDLE,0.5085973558326947,2.508832091785388,5.039655116690675e-09,2.9808022179869105,NORMAL
10:05:45,,,step_29,Cu_Barrier_Seed,IDLE,0.5085973558326947,2.508832091785388,5.039655116690675e-09,2.9808022179869105,NORMAL
10:05:50,,,step_29,Cu_Barrier_Seed,IDLE,0.5085973558326947,2.508832091785388,5.039655116690675e-09,2.9808022179869105,NORMAL
10:05:55,,,step_29,Cu_Barrier_Seed,IDLE,0.5085973558326947,2.508832091785388,5.039655116690675e-09,2.9808022179869105,NORMAL
10:06:00,,,step_29,Cu_Barrier_Seed,IDLE,0.5085973558326947,2.508832091785388,5.039655116690675e-09,2.9808022179869105,NORMAL
10:06:05,,,step_29,Cu_Barrier_Seed,IDLE,0.5085973558326947,2.508832091785388,5.039655116690675e-09,2.9808022179869105,NORMAL
10:06:10,,,step_29,Cu_Barrier_Seed,IDLE,0.5085973558326947,2.508832091785388,5.039655116690675e-09,2.9808022179869105,NORMAL
10:06:15,,,step_29,Cu_Barrier_Seed,IDLE,0.5085973558326947,2.508832091785388,5.039655116690675e-09,2.9808022179869105,NORMAL
10:06:20,,,step_29,Cu_Barrier_Seed,IDLE,0.5085973558326947,2.508832091785388,5.039655116690675e-09,2.9808022179869105,NORMAL
10:06:25,,,step_29,Cu_Barrier_Seed,IDLE,0.5085973558326947,2.508832091785388,5.039655116690675e-09,2.9808022179869105,NORMAL
10:06:30,,,step_29,Cu_Barrier_Seed,IDLE,0.5085973558326947,2.508832091785388,5.039655116690675e-09,2.9808022179869105,NORMAL
10:06:35,,,step_29,Cu_Barrier_Seed,IDLE,0.5085973558326947,2.508832091785388,5.039655116690675e-09,2.9808022179869105,NORMAL
10:06:40,,,step_29,Cu_Barrier_Seed,IDLE,0.5085973558326947,2.508832091785388,5.039655116690675e-09,2.9808022179869105,NORMAL
10:06:45,,,step_29,Cu_Barrier_Seed,IDLE,0.5085973558326947,2.508832091785388,5.039655116690675e-09,2.9808022179869105,NORMAL
10:06:50,,,step_29,Cu_Barrier_Seed,IDLE,0.5085973558326947,2.508832091785388,5.039655116690675e-09,2.9808022179869105,NORMAL
10:06:55,,,step_29,Cu_Barrier_Seed,IDLE,0.5085973558326947,2.508832091785388,5.039655116690675e-09,2.9808022179869105,NORMAL
10:07:00,,,step_29,Cu_Barrier_Seed,IDLE,0.5085973558326947,2.508832091785388,5.039655116690675e-09,2.9808022179869105,NORMAL
10:07:05,,,step_29,Cu_Barrier_Seed,IDLE,0.5085973558326947,2.508832091785388,5.039655116690675e-09,2.9808022179869105,NORMAL
10:07:10,,,step_29,Cu_Barrier_Seed,IDLE,0.5085973558326947,2.508832091785388,5.039655116690675e-09,2.9808022179869105,NORMAL
10:07:15,,,step_29,Cu_Barrier_Seed,IDLE,0.5085973558326947,2.508832091785388,5.039655116690675e-09,2.9808022179869105,NORMAL
10:07:20,,,step_29,Cu_Barrier_Seed,IDLE,0.5085973558326947,2.508832091785388,5.039655116690675e-09,2.9808022179869105,NORMAL
10:07:25,,,step_29,Cu_Barrier_Seed,IDLE,0.5085973558326947,2.508832091785388,5.039655116690675e-09,2.9808022179869105,NORMAL
10:07:30,,,step_29,Cu_Barrier_Seed,IDLE,0.5085973558326947,2.508832091785388,5.039655116690675e-09,2.9808022179869105,NORMAL
10:07:35,,,step_29,Cu_Barrier_Seed,IDLE,0.5085973558326947,2.508832091785388,5.039655116690675e-09,2.9808022179869105,NORMAL
10:07:40,,,step_29,Cu_Barrier_Seed,IDLE,0.5085973558326947,2.508832091785388,5.039655116690675e-09,2.9808022179869105,NORMAL
10:07:45,,,step_29,Cu_Barrier_Seed,IDLE,0.5085973558326947,2.508832091785388,5.039655116690675e-09,2.9808022179869105,NORMAL
10:07:50,,,step_29,Cu_Barrier_Seed,IDLE,0.5085973558326947,2.508832091785388,5.039655116690675e-09,2.9808022179869105,NORMAL
10:07:55,,,step_29,Cu_Barrier_Seed,IDLE,0.5085973558326947,2.508832091785388,5.039655116690675e-09,2.9808022179869105,NORMAL
10:08:00,,,step_29,Cu_Barrier_Seed,IDLE,0.5085973558326947,2.508832091785388,5.039655116690675e-09,2.9808022179869105,NORMAL
10:08:05,,,step_29,Cu_Barrier_Seed,IDLE,0.5085973558326947,2.508832091785388,5.039655116690675e-09,2.9808022179869105,NORMAL
10:08:10,,,step_29,Cu_Barrier_Seed,IDLE,0.5085973558326947,2.508832091785388,5.039655116690675e-09,2.9808022179869105,NORMAL
10:08:15,,,step_29,Cu_Barrier_Seed,IDLE,0.5085973558326947,2.508832091785388,5.039655116690675e-09,2.9808022179869105,NORMAL
10:08:20,,,step_29,Cu_Barrier_Seed,IDLE,0.5085973558326947,2.508832091785388,5.039655116690675e-09,2.9808022179869105,NORMAL
10:08:25,,,step_29,Cu_Barrier_Seed,IDLE,0.5085973558326947,2.508832091785388,5.039655116690675e-09,2.9808022179869105,NORMAL
10:08:30,,,step_29,Cu_Barrier_Seed,IDLE,0.5085973558326947,2.508832091785388,5.039655116690675e-09,2.9808022179869105,NORMAL
10:08:35,,,step_29,Cu_Barrier_Seed,IDLE,0.5085973558326947,2.508832091785388,5.039655116690675e-09,2.9808022179869105,NORMAL
10:08:40,,,step_29,Cu_Barrier_Seed,IDLE,0.5085973558326947,2.508832091785388,5.039655116690675e-09,2.9808022179869105,NORMAL
10:08:45,,,step_29,Cu_Barrier_Seed,IDLE,0.5085973558326947,2.508832091785388,5.039655116690675e-09,2.9808022179869105,NORMAL
10:08:50,,,step_29,Cu_Barrier_Seed,IDLE,0.5085973558326947,2.508832091785388,5.039655116690675e-09,2.9808022179869105,NORMAL
10:08:55,,,step_29,Cu_Barrier_Seed,IDLE,0.5085973558326947,2.508832091785388,5.039655116690675e-09,2.9808022179869105,NORMAL
10:09:00,,,step_29,Cu_Barrier_Seed,IDLE,0.5085973558326947,2.508832091785388,5.039655116690675e-09,2.9808022179869105,NORMAL
10:09:05,,,step_29,Cu_Barrier_Seed,IDLE,0.5085973558326947,2.508832091785388,5.039655116690675e-09,2.9808022179869105,NORMAL
10:09:10,,,step_29,Cu_Barrier_Seed,IDLE,0.5085973558326947,2.508832091785388,5.039655116690675e-09,2.9808022179869105,NORMAL
10:09:15,,,step_29,Cu_Barrier_Seed,IDLE,0.5085973558326947,2.508832091785388,5.039655116690675e-09,2.9808022179869105,NORMAL
10:09:20,,,step_29,Cu_Barrier_Seed,IDLE,0.5085973558326947,2.508832091785388,5.039655116690675e-09,2.9808022179869105,NORMAL
10:09:25,,,step_29,Cu_Barrier_Seed,IDLE,0.5085973558326947,2.508832091785388,5.039655116690675e-09,2.9808022179869105,NORMAL
10:09:30,,,step_29,Cu_Barrier_Seed,IDLE,0.5085973558326947,2.508832091785388,5.039655116690675e-09,2.9808022179869105,NORMAL
10:09:35,,,step_29,Cu_Barrier_Seed,IDLE,0.5085973558326947,2.508832091785388,5.039655116690675e-09,2.9808022179869105,NORMAL
10:09:40,,,step_29,Cu_Barrier_Seed,IDLE,0.5085973558326947,2.508832091785388,5.039655116690675e-09,2.9808022179869105,NORMAL
10:09:45,,,step_29,Cu_Barrier_Seed,IDLE,0.5085973558326947,2.508832091785388,5.039655116690675e-09,2.9808022179869105,NORMAL
10:09:50,,,step_29,Cu_Barrier_Seed,IDLE,0.5085973558326947,2.508832091785388,5.039655116690675e-09,2.9808022179869105,NORMAL
10:09:55,,,step_29,Cu_Barrier_Seed,IDLE,0.5085973558326947,2.508832091785388,5.039655116690675e-09,2.9808022179869105,NORMAL
10:10:00,LOT-20260812-A01,W01,step_29,Cu_Barrier_Seed,IDLE,0.5085973558326947,2.508832091785388,5.039655116690675e-09,2.9808022179869105,NORMAL
10:10:05,LOT-20260812-A01,W02,step_29,Cu_Barrier_Seed,IDLE,0.5032674093905176,2.5014199134717825,5.298098968828659e-09,3.0310131788737205,NORMAL
10:10:10,LOT-20260812-A01,W03,step_29,Cu_Barrier_Seed,IDLE,0.4995953377076067,2.4743600680913667,5.039655116690675e-09,3.0598081670206434,NORMAL
10:10:15,LOT-20260812-A01,W04,step_29,Cu_Barrier_Seed,IDLE,0.4932983786880541,2.491566732747625,5.263482583884073e-09,2.9770218702705886,NORMAL
10:10:20,LOT-20260812-A01,W05,step_29,Cu_Barrier_Seed,IDLE,0.5008165139557315,2.466436211038006,5.039655116690675e-09,3.0049360271191734,NORMAL
10:10:25,LOT-20260812-A01,W06,step_29,Cu_Barrier_Seed,IDLE,0.505045480671962,2.551662230498492,5.298098968828659e-09,2.9900390101236027,NORMAL
10:10:30,LOT-20260812-A01,W07,step_29,Cu_Barrier_Seed,IDLE,0.4991052002856213,2.4933010593790805,5.039655116690675e-09,3.0572099844000244,NORMAL
10:10:35,LOT-20260812-A01,W08,step_29,Cu_Barrier_Seed,IDLE,0.5051074696392589,2.495429667855736,5.298098968828659e-09,3.0122933696346363,NORMAL
10:10:40,LOT-20260812-A01,W09,step_29,Cu_Barrier_Seed,IDLE,0.5018251201461507,2.548630074946544,5.298098968828659e-09,3.023173892811,NORMAL
10:10:45,LOT-20260812-A01,W10,step_29,Cu_Barrier_Seed,IDLE,0.5014567027429329,2.479400578639793,5.039655116690675e-09,3.029545813928823,NORMAL
10:10:50,LOT-20260812-A01,W11,step_29,Cu_Barrier_Seed,IDLE,0.4984160586910799,2.532360225564018,5.122763372819832e-09,3.0032538463709173,NORMAL
10:10:55,LOT-20260812-A01,W12,step_29,Cu_Barrier_Seed,IDLE,0.4927197808469175,2.5148131619730725,5.298098968828659e-09,2.995340416482505,NORMAL
10:11:00,LOT-20260812-A01,W13,step_29,Cu_Barrier_Seed,IDLE,0.4978744458116952,2.4505253694230444,5.039655116690675e-09,3.0379733078663,NORMAL
10:11:05,LOT-20260812-A01,W14,step_29,Cu_Barrier_Seed,IDLE,0.4978347283793058,2.490722731907356,5.298098968828659e-09,3.0194472094048725,NORMAL
10:11:10,LOT-20260812-A01,W15,step_29,Cu_Barrier_Seed,IDLE,0.5028772041304302,2.5109151497816,5.192866771846734e-09,2.978852512293251,NORMAL
10:11:15,LOT-20260812-A01,W16,step_29,Cu_Barrier_Seed,IDLE,0.4999238768696396,2.500889295704395,5.298098968828659e-09,2.981894715902902,NORMAL
10:11:20,LOT-20260812-A01,W17,step_29,Cu_Barrier_Seed,IDLE,0.5054158401061245,2.500956501594396,5.0797428820990445e-09,2.990258670661739,NORMAL
10:11:25,LOT-20260812-A01,W18,step_29,Cu_Barrier_Seed,IDLE,0.5014067651174975,2.48482088144735,5.039655116690675e-09,3.028980463930411,NORMAL
10:11:30,LOT-20260812-A01,W19,step_29,Cu_Barrier_Seed,IDLE,0.4974782508843043,2.4821781876685054,5.298098968828659e-09,3.0368361869141647,NORMAL
10:11:35,LOT-20260812-A01,W20,step_29,Cu_Barrier_Seed,IDLE,0.495925621117583,2.492289831903925,5.298098968828659e-09,3.0537932074772605,NORMAL
10:11:40,LOT-20260812-A01,W21,step_29,Cu_Barrier_Seed,RAMP,0.4879325061966127,2.696130938754495,4.5293559341415014e-09,2.9291296707337757,NORMAL
10:11:45,LOT-20260812-A01,W22,step_29,Cu_Barrier_Seed,RAMP,1.0032153787198574,4.909232442920777,1.0847773836593224e-08,6.014020652420621,NORMAL
10:11:50,LOT-20260812-A01,W23,step_29,Cu_Barrier_Seed,RAMP,1.4925441358335911,7.451779431999856,1.3870309099172275e-08,8.959979821679044,NORMAL
10:11:55,LOT-20260812-A01,W24,step_29,Cu_Barrier_Seed,RAMP,1.978471214265446,10.002884646931951,2.021576781431335e-08,11.981765432361104,NORMAL
10:12:00,LOT-20260812-A01,W25,step_29,Cu_Barrier_Seed,RAMP,2.520134317120444,12.35368463400377,2.7391243638420582e-08,15.092987885437973,NORMAL
10:12:05,LOT-20260812-A01,W01,step_29,Cu_Barrier_Seed,RAMP,3.003046227156,15.043194822313906,2.9676292720198542e-08,17.99541209894782,NORMAL
10:12:10,LOT-20260812-A01,W02,step_29,Cu_Barrier_Seed,RAMP,3.505494389899202,17.371199537500686,3.325095777293674e-08,21.131585767157283,NORMAL
10:12:15,LOT-20260812-A01,W03,step_29,Cu_Barrier_Seed,RAMP,3.983547524708612,19.891275778834608,3.806623466333462e-08,23.948370155275583,NORMAL
10:12:20,LOT-20260812-A01,W04,step_29,Cu_Barrier_Seed,RAMP,4.479168045220884,22.386474581504302,4.5147236180469154e-08,27.07414163507445,NORMAL
10:12:25,LOT-20260812-A01,W05,step_29,Cu_Barrier_Seed,RAMP,4.996755280203561,24.83594189606666,4.838489377689431e-08,29.95572433824777,NORMAL
10:12:30,LOT-20260812-B02,W01,step_29,Cu_Barrier_Seed,RAMP,5.4594356916108255,27.626832795258053,5.213451789148295e-08,32.81627756995768,NORMAL
10:12:35,LOT-20260812-B02,W02,step_29,Cu_Barrier_Seed,RAMP,6.015596266199287,30.052158876380187,5.760282354463343e-08,35.89785315329932,NORMAL
10:12:40,LOT-20260812-B02,W03,step_29,Cu_Barrier_Seed,RAMP,6.485919532522437,32.59223872319111,6.735019940778008e-08,39.01241297303465,NORMAL
10:12:45,LOT-20260812-B02,W04,step_29,Cu_Barrier_Seed,RAMP,6.994645905120086,35.08312630343792,6.971525519486514e-08,42.19214978213015,NORMAL
10:12:50,LOT-20260812-B02,W05,step_29,Cu_Barrier_Seed,RAMP,7.508538385965052,37.48318898058283,7.511552765330612e-08,44.95404124540637,NORMAL
10:12:55,LOT-20260812-B02,W06,step_29,Cu_Barrier_Seed,RAMP,7.995507298447879,39.99704791393595,7.80667815926499e-08,47.98308115711005,NORMAL
10:13:00,LOT-20260812-B02,W07,step_29,Cu_Barrier_Seed,RAMP,8.476632510884563,42.60137125739836,8.383701190662719e-08,51.04896697587948,NORMAL
10:13:05,LOT-20260812-B02,W08,step_29,Cu_Barrier_Seed,RAMP,9.030114007196216,45.16384291094427,8.877249071300147e-08,53.94005786803265,NORMAL
10:13:10,LOT-20260812-B02,W09,step_29,Cu_Barrier_Seed,RAMP,9.46934835982928,47.374190935917824,9.444646172587129e-08,56.95162409284678,NORMAL
10:13:15,LOT-20260812-B02,W10,step_29,Cu_Barrier_Seed,RAMP,9.955269097852309,50.251996355128,9.66832023320831e-08,60.00721144778768,NORMAL
10:13:20,LOT-20260812-B02,W11,step_29,Cu_Barrier_Seed,ACTIVE,10.026238010083642,49.80265232022718,1.0275575899650617e-07,59.93451504956325,NORMAL
10:13:25,LOT-20260812-B02,W12,step_29,Cu_Barrier_Seed,ACTIVE,9.956217064283576,49.930706742668576,9.995072456708695e-08,59.73255106468049,NORMAL
10:13:30,LOT-20260812-B02,W13,step_29,Cu_Barrier_Seed,ACTIVE,10.037583486236024,50.01111024376621,1.0060625825488613e-07,59.90247449402189,NORMAL
10:13:35,LOT-20260812-B02,W14,step_29,Cu_Barrier_Seed,ACTIVE,10.01130664613135,50.024885707154574,1.0274301515219379e-07,60.092237952983695,NORMAL
10:13:40,LOT-20260812-B02,W15,step_29,Cu_Barrier_Seed,ACTIVE,10.00849011177525,50.29457481301098,1.0251322764168485e-07,60.096900464119386,NORMAL
10:13:45,LOT-20260812-B02,W16,step_29,Cu_Barrier_Seed,ACTIVE,9.98292915097107,50.15178605997386,9.82747572234026e-08,60.20043505505389,NORMAL
10:13:50,LOT-20260812-B02,W17,step_29,Cu_Barrier_Seed,ACTIVE,9.975237986456156,50.06192523362864,1.018134022742832e-07,60.18833040179764,NORMAL
10:13:55,LOT-20260812-B02,W18,step_29,Cu_Barrier_Seed,ACTIVE,9.98871237482714,50.15532399630459,1.0178253651371913e-07,59.86497185635034,NORMAL
10:14:00,LOT-20260812-B02,W19,step_29,Cu_Barrier_Seed,ACTIVE,9.973683463554854,50.05186284049184,1.0094794279485181e-07,59.88818753263337,NORMAL
10:14:05,LOT-20260812-B02,W20,step_29,Cu_Barrier_Seed,ACTIVE,10.036230040147808,49.898687734324135,1.0275575899650617e-07,59.89480783602566,NORMAL
10:14:10,LOT-20260812-B02,W21,step_29,Cu_Barrier_Seed,ACTIVE,9.97771753715454,50.07284577012648,1.0239859648320219e-07,59.977190756922255,NORMAL
10:14:15,LOT-20260812-B02,W22,step_29,Cu_Barrier_Seed,ACTIVE,10.015190417817136,50.010132988852845,1.0218210883975925e-07,59.9065094826015,NORMAL
10:14:20,LOT-20260812-B02,W23,step_29,Cu_Barrier_Seed,ACTIVE,10.03015623184394,49.87357163032924,1.0275575899650617e-07,59.97382094502307,NORMAL
10:14:25,LOT-20260812-B02,W24,step_29,Cu_Barrier_Seed,ACTIVE,9.973564463799397,50.189418535977744,1.0008597837215398e-07,59.86917045131662,NORMAL
10:14:30,LOT-20260812-B02,W25,step_29,Cu_Barrier_Seed,ACTIVE,10.011297742552497,49.991831668531965,1.0017330669807325e-07,60.11766081461778,NORMAL
10:14:35,LOT-20260812-B02,W01,step_29,Cu_Barrier_Seed,ACTIVE,9.973183605546785,49.8319248993784,1.024576105546619e-07,59.8577904557461,NORMAL
10:14:40,LOT-20260812-B02,W02,step_29,Cu_Barrier_Seed,ACTIVE,9.994794228285006,49.85560173056168,9.94646385248199e-08,59.85036421250655,NORMAL
10:14:45,LOT-20260812-B02,W03,step_29,Cu_Barrier_Seed,ACTIVE,9.98624095190648,50.08024940530575,1.014448230164415e-07,60.078034367878665,NORMAL
10:14:50,LOT-20260812-B02,W04,step_29,Cu_Barrier_Seed,ACTIVE,9.979136784865796,50.15741484350115,9.83196780789573e-08,60.108344995593605,NORMAL
10:14:55,LOT-20260812-B02,W05,step_29,Cu_Barrier_Seed,ACTIVE,10.004733591157471,50.07224784262348,9.774328294789613e-08,59.96623164272182,NORMAL
10:15:00,LOT-20260812-B02,W06,step_29,Cu_Barrier_Seed,ACTIVE,9.963576494941286,50.07293471275276,1.0179362194064649e-07,60.13034822328795,NORMAL
10:15:05,LOT-20260812-B02,W07,step_29,Cu_Barrier_Seed,ACTIVE,10.027876777368276,49.87845148477459,9.774328294789613e-08,60.11951814095976,NORMAL
10:15:10,LOT-20260812-B02,W08,step_29,Cu_Barrier_Seed,ACTIVE,9.96755386894815,50.013932682499245,9.790265161779263e-08,60.28487081851853,NORMAL
10:15:15,LOT-20260812-B02,W09,step_29,Cu_Barrier_Seed,ACTIVE,9.961987343332536,49.95048345355536,1.0246003521402633e-07,60.10993892019289,NORMAL
10:15:20,LOT-20260812-B02,W10,step_29,Cu_Barrier_Seed,ACTIVE,9.992431103931551,49.97075507305959,1.0249528779374429e-07,60.25608046271722,NORMAL
10:15:25,LOT-20260812-B02,W11,step_29,Cu_Barrier_Seed,ACTIVE,9.98882492937949,49.98323116149167,1.0275575899650617e-07,60.00928937571344,NORMAL
10:15:30,LOT-20260812-C03,W01,step_29,Cu_Barrier_Seed,ACTIVE,10.010666716187682,49.90100963851678,9.774328294789613e-08,60.20994392641629,NORMAL
10:15:35,LOT-20260812-C03,W02,step_29,Cu_Barrier_Seed,ACTIVE,10.002544972769709,50.112749984392686,1.008880402554269e-07,60.21311495722588,NORMAL
10:15:40,LOT-20260812-C03,W03,step_29,Cu_Barrier_Seed,ACTIVE,9.95117918549114,49.84863260948705,9.922694429815977e-08,59.97860793902848,NORMAL
10:15:45,LOT-20260812-C03,W04,step_29,Cu_Barrier_Seed,ACTIVE,10.029597004737418,49.80520580722322,1.0275575899650617e-07,59.89671894280826,NORMAL
10:15:50,LOT-20260812-C03,W05,step_29,Cu_Barrier_Seed,ACTIVE,9.991679816303783,49.88221959341303,1.0275575899650617e-07,59.9230986257722,NORMAL
10:15:55,LOT-20260812-C03,W06,step_29,Cu_Barrier_Seed,ACTIVE,10.007243778958005,50.13250926590363,9.774328294789613e-08,60.0622686246144,NORMAL
10:16:00,LOT-20260812-C03,W07,step_29,Cu_Barrier_Seed,ACTIVE,10.066064656590065,50.05087378439971,1.000476479235614e-07,59.827543948780736,NORMAL
10:16:05,LOT-20260812-C03,W08,step_29,Cu_Barrier_Seed,ACTIVE,10.038593268395712,49.7325137144005,1.0249789644845965e-07,59.931940370151565,NORMAL
10:16:10,LOT-20260812-C03,W09,step_29,Cu_Barrier_Seed,ACTIVE,10.00631587789633,50.08959105309518,9.898600496450965e-08,60.1795845505922,NORMAL
10:16:15,LOT-20260812-C03,W10,step_29,Cu_Barrier_Seed,ACTIVE,7.049725,33.519734,0.0,40.091779,DEFECT_ORIGIN
10:16:20,LOT-20260812-C03,W11,step_29,Cu_Barrier_Seed,ACTIVE,7.301564,33.584436,0.0,40.799152,DEFECT_ORIGIN
10:16:25,LOT-20260812-C03,W12,step_29,Cu_Barrier_Seed,ACTIVE,7.053698,34.859745,0.0,39.614242,DEFECT_ORIGIN
10:16:30,LOT-20260812-C03,W13,step_29,Cu_Barrier_Seed,ACTIVE,7.285662,34.807266,0.0,41.213633,DEFECT_ORIGIN
10:16:35,LOT-20260812-C03,W14,step_29,Cu_Barrier_Seed,ACTIVE,7.024423,33.173976,0.0,41.344559,DEFECT_ORIGIN
10:16:40,LOT-20260812-C03,W15,step_29,Cu_Barrier_Seed,ACTIVE,7.000497,33.505533,0.0,41.980927,DEFECT_ORIGIN
10:16:45,LOT-20260812-C03,W16,step_29,Cu_Barrier_Seed,ACTIVE,7.097861,33.922226,0.0,40.027035,DEFECT_ORIGIN
10:16:50,LOT-20260812-C03,W17,step_29,Cu_Barrier_Seed,ACTIVE,6.969575,33.57487,0.0,40.358312,DEFECT_ORIGIN
10:16:55,LOT-20260812-C03,W18,step_29,Cu_Barrier_Seed,ACTIVE,7.319115,33.183806,0.0,39.717825,DEFECT_ORIGIN
10:17:00,LOT-20260812-C03,W19,step_29,Cu_Barrier_Seed,ACTIVE,7.375843,34.320307,0.0,40.465902,DEFECT_ORIGIN
10:17:05,LOT-20260812-C03,W20,step_29,Cu_Barrier_Seed,ACTIVE,7.168705,34.237226,0.0,39.830796,DEFECT_ORIGIN
10:17:10,LOT-20260812-C03,W21,step_29,Cu_Barrier_Seed,ACTIVE,7.357326,33.359515,0.0,41.917661,DEFECT_ORIGIN
10:17:15,LOT-20260812-C03,W22,step_29,Cu_Barrier_Seed,ACTIVE,7.085766,33.765131,0.0,41.527799,DEFECT_ORIGIN
10:17:20,LOT-20260812-C03,W23,step_29,Cu_Barrier_Seed,ACTIVE,7.274269,34.587366,0.0,41.278801,DEFECT_ORIGIN
10:17:25,LOT-20260812-C03,W24,step_29,Cu_Barrier_Seed,ACTIVE,6.979175,34.878427,0.0,40.606329,DEFECT_ORIGIN
10:17:30,LOT-20260812-C03,W25,step_29,Cu_Barrier_Seed,ACTIVE,7.245222,34.598074,0.0,40.042779,DEFECT_ORIGIN
10:17:35,LOT-20260812-C03,W01,step_29,Cu_Barrier_Seed,ACTIVE,7.139724,33.710908,0.0,41.250702,DEFECT_ORIGIN
10:17:40,LOT-20260812-C03,W02,step_29,Cu_Barrier_Seed,ACTIVE,7.369112,34.94037,0.0,41.817053,DEFECT_ORIGIN
10:17:45,LOT-20260812-C03,W03,step_29,Cu_Barrier_Seed,ACTIVE,7.00632,33.816259,0.0,40.235662,DEFECT_ORIGIN
10:17:50,LOT-20260812-C03,W04,step_29,Cu_Barrier_Seed,ACTIVE,7.106968,34.402718,0.0,41.450095,DEFECT_ORIGIN
10:17:55,LOT-20260812-C03,W05,step_29,Cu_Barrier_Seed,ACTIVE,10.012457563796591,49.833505892329065,1.0144713375791878e-07,59.94432334578629,NORMAL
10:18:00,LOT-20260812-C03,W06,step_29,Cu_Barrier_Seed,ACTIVE,9.994111007716104,49.83643337442951,9.882392461929154e-08,60.07663777028574,NORMAL
10:18:05,LOT-20260812-C03,W07,step_29,Cu_Barrier_Seed,ACTIVE,9.97615615280204,50.02022678305764,9.774328294789613e-08,60.24637812571866,NORMAL
10:18:10,LOT-20260812-C03,W08,step_29,Cu_Barrier_Seed,ACTIVE,10.071306979988696,50.05363649427236,1.0039530247677657e-07,60.31736632570672,NORMAL
10:18:15,LOT-20260812-C03,W09,step_29,Cu_Barrier_Seed,ACTIVE,9.969781230167744,49.96680896040646,9.904527089564407e-08,60.068401901307126,NORMAL
10:18:20,,,step_29,Cu_Barrier_Seed,IDLE,9.969781230167744,49.96680896040646,9.904527089564407e-08,60.068401901307126,NORMAL
10:18:25,,,step_29,Cu_Barrier_Seed,IDLE,9.969781230167744,49.96680896040646,9.904527089564407e-08,60.068401901307126,NORMAL
10:18:30,,,step_29,Cu_Barrier_Seed,IDLE,9.969781230167744,49.96680896040646,9.904527089564407e-08,60.068401901307126,NORMAL
10:18:35,,,step_29,Cu_Barrier_Seed,IDLE,9.969781230167744,49.96680896040646,9.904527089564407e-08,60.068401901307126,NORMAL
10:18:40,,,step_29,Cu_Barrier_Seed,IDLE,9.969781230167744,49.96680896040646,9.904527089564407e-08,60.068401901307126,NORMAL
10:18:45,,,step_29,Cu_Barrier_Seed,IDLE,9.969781230167744,49.96680896040646,9.904527089564407e-08,60.068401901307126,NORMAL
10:18:50,,,step_29,Cu_Barrier_Seed,IDLE,9.969781230167744,49.96680896040646,9.904527089564407e-08,60.068401901307126,NORMAL
10:18:55,,,step_29,Cu_Barrier_Seed,IDLE,9.969781230167744,49.96680896040646,9.904527089564407e-08,60.068401901307126,NORMAL
10:19:00,,,step_29,Cu_Barrier_Seed,IDLE,9.969781230167744,49.96680896040646,9.904527089564407e-08,60.068401901307126,NORMAL
10:19:05,,,step_29,Cu_Barrier_Seed,IDLE,9.969781230167744,49.96680896040646,9.904527089564407e-08,60.068401901307126,NORMAL
10:19:10,,,step_29,Cu_Barrier_Seed,IDLE,9.969781230167744,49.96680896040646,9.904527089564407e-08,60.068401901307126,NORMAL
10:19:15,,,step_29,Cu_Barrier_Seed,IDLE,9.969781230167744,49.96680896040646,9.904527089564407e-08,60.068401901307126,NORMAL
10:19:20,,,step_29,Cu_Barrier_Seed,IDLE,9.969781230167744,49.96680896040646,9.904527089564407e-08,60.068401901307126,NORMAL
10:19:25,,,step_29,Cu_Barrier_Seed,IDLE,9.969781230167744,49.96680896040646,9.904527089564407e-08,60.068401901307126,NORMAL
10:19:30,,,step_29,Cu_Barrier_Seed,IDLE,9.969781230167744,49.96680896040646,9.904527089564407e-08,60.068401901307126,NORMAL
10:19:35,,,step_29,Cu_Barrier_Seed,IDLE,9.969781230167744,49.96680896040646,9.904527089564407e-08,60.068401901307126,NORMAL
10:19:40,,,step_29,Cu_Barrier_Seed,IDLE,9.969781230167744,49.96680896040646,9.904527089564407e-08,60.068401901307126,NORMAL
10:19:45,,,step_29,Cu_Barrier_Seed,IDLE,9.969781230167744,49.96680896040646,9.904527089564407e-08,60.068401901307126,NORMAL
10:19:50,,,step_29,Cu_Barrier_Seed,IDLE,9.969781230167744,49.96680896040646,9.904527089564407e-08,60.068401901307126,NORMAL
10:19:55,,,step_29,Cu_Barrier_Seed,IDLE,9.969781230167744,49.96680896040646,9.904527089564407e-08,60.068401901307126,NORMAL
10:20:00,,,step_29,Cu_Barrier_Seed,IDLE,9.969781230167744,49.96680896040646,9.904527089564407e-08,60.068401901307126,NORMAL
10:20:05,,,step_29,Cu_Barrier_Seed,IDLE,9.969781230167744,49.96680896040646,9.904527089564407e-08,60.068401901307126,NORMAL
10:20:10,,,step_29,Cu_Barrier_Seed,IDLE,9.969781230167744,49.96680896040646,9.904527089564407e-08,60.068401901307126,NORMAL
10:20:15,,,step_29,Cu_Barrier_Seed,IDLE,9.969781230167744,49.96680896040646,9.904527089564407e-08,60.068401901307126,NORMAL
10:20:20,,,step_29,Cu_Barrier_Seed,IDLE,9.969781230167744,49.96680896040646,9.904527089564407e-08,60.068401901307126,NORMAL
10:20:25,,,step_29,Cu_Barrier_Seed,IDLE,9.969781230167744,49.96680896040646,9.904527089564407e-08,60.068401901307126,NORMAL
10:20:30,,,step_29,Cu_Barrier_Seed,IDLE,9.969781230167744,49.96680896040646,9.904527089564407e-08,60.068401901307126,NORMAL
10:20:35,,,step_29,Cu_Barrier_Seed,IDLE,9.969781230167744,49.96680896040646,9.904527089564407e-08,60.068401901307126,NORMAL
10:20:40,,,step_29,Cu_Barrier_Seed,IDLE,9.969781230167744,49.96680896040646,9.904527089564407e-08,60.068401901307126,NORMAL
10:20:45,,,step_29,Cu_Barrier_Seed,IDLE,9.969781230167744,49.96680896040646,9.904527089564407e-08,60.068401901307126,NORMAL
10:20:50,,,step_29,Cu_Barrier_Seed,IDLE,9.969781230167744,49.96680896040646,9.904527089564407e-08,60.068401901307126,NORMAL
10:20:55,,,step_29,Cu_Barrier_Seed,IDLE,9.969781230167744,49.96680896040646,9.904527089564407e-08,60.068401901307126,NORMAL
10:21:00,,,step_29,Cu_Barrier_Seed,IDLE,9.969781230167744,49.96680896040646,9.904527089564407e-08,60.068401901307126,NORMAL
10:21:05,,,step_29,Cu_Barrier_Seed,IDLE,9.969781230167744,49.96680896040646,9.904527089564407e-08,60.068401901307126,NORMAL
10:21:10,,,step_29,Cu_Barrier_Seed,IDLE,9.969781230167744,49.96680896040646,9.904527089564407e-08,60.068401901307126,NORMAL
10:21:15,,,step_29,Cu_Barrier_Seed,IDLE,9.969781230167744,49.96680896040646,9.904527089564407e-08,60.068401901307126,NORMAL
10:21:20,,,step_29,Cu_Barrier_Seed,IDLE,9.969781230167744,49.96680896040646,9.904527089564407e-08,60.068401901307126,NORMAL
10:21:25,,,step_29,Cu_Barrier_Seed,IDLE,9.969781230167744,49.96680896040646,9.904527089564407e-08,60.068401901307126,NORMAL
10:21:30,,,step_29,Cu_Barrier_Seed,IDLE,9.969781230167744,49.96680896040646,9.904527089564407e-08,60.068401901307126,NORMAL
10:21:35,,,step_29,Cu_Barrier_Seed,IDLE,9.969781230167744,49.96680896040646,9.904527089564407e-08,60.068401901307126,NORMAL
10:21:40,,,step_29,Cu_Barrier_Seed,IDLE,9.969781230167744,49.96680896040646,9.904527089564407e-08,60.068401901307126,NORMAL
10:21:45,,,step_29,Cu_Barrier_Seed,IDLE,9.969781230167744,49.96680896040646,9.904527089564407e-08,60.068401901307126,NORMAL
10:21:50,,,step_29,Cu_Barrier_Seed,IDLE,9.969781230167744,49.96680896040646,9.904527089564407e-08,60.068401901307126,NORMAL
10:21:55,,,step_29,Cu_Barrier_Seed,IDLE,9.969781230167744,49.96680896040646,9.904527089564407e-08,60.068401901307126,NORMAL
10:22:00,,,step_29,Cu_Barrier_Seed,IDLE,9.969781230167744,49.96680896040646,9.904527089564407e-08,60.068401901307126,NORMAL
10:22:05,,,step_29,Cu_Barrier_Seed,IDLE,9.969781230167744,49.96680896040646,9.904527089564407e-08,60.068401901307126,NORMAL
10:22:10,,,step_29,Cu_Barrier_Seed,IDLE,9.969781230167744,49.96680896040646,9.904527089564407e-08,60.068401901307126,NORMAL
10:22:15,,,step_29,Cu_Barrier_Seed,IDLE,9.969781230167744,49.96680896040646,9.904527089564407e-08,60.068401901307126,NORMAL
10:22:20,,,step_29,Cu_Barrier_Seed,IDLE,9.969781230167744,49.96680896040646,9.904527089564407e-08,60.068401901307126,NORMAL
10:22:25,,,step_29,Cu_Barrier_Seed,IDLE,9.969781230167744,49.96680896040646,9.904527089564407e-08,60.068401901307126,NORMAL
10:22:30,,,step_29,Cu_Barrier_Seed,IDLE,9.969781230167744,49.96680896040646,9.904527089564407e-08,60.068401901307126,NORMAL
10:22:35,,,step_29,Cu_Barrier_Seed,IDLE,9.969781230167744,49.96680896040646,9.904527089564407e-08,60.068401901307126,NORMAL
10:22:40,,,step_29,Cu_Barrier_Seed,IDLE,9.969781230167744,49.96680896040646,9.904527089564407e-08,60.068401901307126,NORMAL
10:22:45,,,step_29,Cu_Barrier_Seed,IDLE,9.969781230167744,49.96680896040646,9.904527089564407e-08,60.068401901307126,NORMAL
10:22:50,,,step_29,Cu_Barrier_Seed,IDLE,9.969781230167744,49.96680896040646,9.904527089564407e-08,60.068401901307126,NORMAL
10:22:55,,,step_29,Cu_Barrier_Seed,IDLE,9.969781230167744,49.96680896040646,9.904527089564407e-08,60.068401901307126,NORMAL
10:23:00,,,step_29,Cu_Barrier_Seed,IDLE,9.969781230167744,49.96680896040646,9.904527089564407e-08,60.068401901307126,NORMAL
10:23:05,,,step_29,Cu_Barrier_Seed,IDLE,9.969781230167744,49.96680896040646,9.904527089564407e-08,60.068401901307126,NORMAL
10:23:10,,,step_29,Cu_Barrier_Seed,IDLE,9.969781230167744,49.96680896040646,9.904527089564407e-08,60.068401901307126,NORMAL
10:23:15,,,step_29,Cu_Barrier_Seed,IDLE,9.969781230167744,49.96680896040646,9.904527089564407e-08,60.068401901307126,NORMAL
10:23:20,,,step_29,Cu_Barrier_Seed,IDLE,9.969781230167744,49.96680896040646,9.904527089564407e-08,60.068401901307126,NORMAL
10:23:25,,,step_29,Cu_Barrier_Seed,IDLE,9.969781230167744,49.96680896040646,9.904527089564407e-08,60.068401901307126,NORMAL
10:23:30,,,step_29,Cu_Barrier_Seed,IDLE,9.969781230167744,49.96680896040646,9.904527089564407e-08,60.068401901307126,NORMAL
10:23:35,,,step_29,Cu_Barrier_Seed,IDLE,9.969781230167744,49.96680896040646,9.904527089564407e-08,60.068401901307126,NORMAL
10:23:40,,,step_29,Cu_Barrier_Seed,IDLE,9.969781230167744,49.96680896040646,9.904527089564407e-08,60.068401901307126,NORMAL
10:23:45,,,step_29,Cu_Barrier_Seed,IDLE,9.969781230167744,49.96680896040646,9.904527089564407e-08,60.068401901307126,NORMAL
10:23:50,,,step_29,Cu_Barrier_Seed,IDLE,9.969781230167744,49.96680896040646,9.904527089564407e-08,60.068401901307126,NORMAL
10:23:55,,,step_29,Cu_Barrier_Seed,IDLE,9.969781230167744,49.96680896040646,9.904527089564407e-08,60.068401901307126,NORMAL
10:24:00,,,step_29,Cu_Barrier_Seed,IDLE,9.969781230167744,49.96680896040646,9.904527089564407e-08,60.068401901307126,NORMAL
10:24:05,,,step_29,Cu_Barrier_Seed,IDLE,9.969781230167744,49.96680896040646,9.904527089564407e-08,60.068401901307126,NORMAL
10:24:10,,,step_29,Cu_Barrier_Seed,IDLE,9.969781230167744,49.96680896040646,9.904527089564407e-08,60.068401901307126,NORMAL
10:24:15,,,step_29,Cu_Barrier_Seed,IDLE,9.969781230167744,49.96680896040646,9.904527089564407e-08,60.068401901307126,NORMAL
10:24:20,,,step_29,Cu_Barrier_Seed,IDLE,9.969781230167744,49.96680896040646,9.904527089564407e-08,60.068401901307126,NORMAL
10:24:25,,,step_29,Cu_Barrier_Seed,IDLE,9.969781230167744,49.96680896040646,9.904527089564407e-08,60.068401901307126,NORMAL
10:24:30,,,step_29,Cu_Barrier_Seed,IDLE,9.969781230167744,49.96680896040646,9.904527089564407e-08,60.068401901307126,NORMAL
10:24:35,,,step_29,Cu_Barrier_Seed,IDLE,9.969781230167744,49.96680896040646,9.904527089564407e-08,60.068401901307126,NORMAL
10:24:40,,,step_29,Cu_Barrier_Seed,IDLE,9.969781230167744,49.96680896040646,9.904527089564407e-08,60.068401901307126,NORMAL
10:24:45,,,step_29,Cu_Barrier_Seed,IDLE,9.969781230167744,49.96680896040646,9.904527089564407e-08,60.068401901307126,NORMAL
10:24:50,,,step_29,Cu_Barrier_Seed,IDLE,9.969781230167744,49.96680896040646,9.904527089564407e-08,60.068401901307126,NORMAL
10:24:55,,,step_29,Cu_Barrier_Seed,IDLE,9.969781230167744,49.96680896040646,9.904527089564407e-08,60.068401901307126,NORMAL
10:25:00,,,step_29,Cu_Barrier_Seed,IDLE,9.969781230167744,49.96680896040646,9.904527089564407e-08,60.068401901307126,NORMAL
10:25:05,,,step_29,Cu_Barrier_Seed,IDLE,9.969781230167744,49.96680896040646,9.904527089564407e-08,60.068401901307126,NORMAL
10:25:10,,,step_29,Cu_Barrier_Seed,IDLE,9.969781230167744,49.96680896040646,9.904527089564407e-08,60.068401901307126,NORMAL
10:25:15,,,step_29,Cu_Barrier_Seed,IDLE,9.969781230167744,49.96680896040646,9.904527089564407e-08,60.068401901307126,NORMAL
10:25:20,,,step_29,Cu_Barrier_Seed,IDLE,9.969781230167744,49.96680896040646,9.904527089564407e-08,60.068401901307126,NORMAL
10:25:25,,,step_29,Cu_Barrier_Seed,IDLE,9.969781230167744,49.96680896040646,9.904527089564407e-08,60.068401901307126,NORMAL
10:25:30,,,step_29,Cu_Barrier_Seed,IDLE,9.969781230167744,49.96680896040646,9.904527089564407e-08,60.068401901307126,NORMAL
10:25:35,,,step_29,Cu_Barrier_Seed,IDLE,9.969781230167744,49.96680896040646,9.904527089564407e-08,60.068401901307126,NORMAL
10:25:40,,,step_29,Cu_Barrier_Seed,IDLE,9.969781230167744,49.96680896040646,9.904527089564407e-08,60.068401901307126,NORMAL
10:25:45,,,step_29,Cu_Barrier_Seed,IDLE,9.969781230167744,49.96680896040646,9.904527089564407e-08,60.068401901307126,NORMAL
10:25:50,,,step_29,Cu_Barrier_Seed,IDLE,9.969781230167744,49.96680896040646,9.904527089564407e-08,60.068401901307126,NORMAL
10:25:55,,,step_29,Cu_Barrier_Seed,IDLE,9.969781230167744,49.96680896040646,9.904527089564407e-08,60.068401901307126,NORMAL
10:26:00,,,step_29,Cu_Barrier_Seed,IDLE,9.969781230167744,49.96680896040646,9.904527089564407e-08,60.068401901307126,NORMAL
10:26:05,,,step_29,Cu_Barrier_Seed,IDLE,9.969781230167744,49.96680896040646,9.904527089564407e-08,60.068401901307126,NORMAL
10:26:10,,,step_29,Cu_Barrier_Seed,IDLE,9.969781230167744,49.96680896040646,9.904527089564407e-08,60.068401901307126,NORMAL
10:26:15,,,step_29,Cu_Barrier_Seed,IDLE,9.969781230167744,49.96680896040646,9.904527089564407e-08,60.068401901307126,NORMAL
10:26:20,,,step_29,Cu_Barrier_Seed,IDLE,9.969781230167744,49.96680896040646,9.904527089564407e-08,60.068401901307126,NORMAL
10:26:25,,,step_29,Cu_Barrier_Seed,IDLE,9.969781230167744,49.96680896040646,9.904527089564407e-08,60.068401901307126,NORMAL
10:26:30,,,step_29,Cu_Barrier_Seed,IDLE,9.969781230167744,49.96680896040646,9.904527089564407e-08,60.068401901307126,NORMAL
10:26:35,,,step_29,Cu_Barrier_Seed,IDLE,9.969781230167744,49.96680896040646,9.904527089564407e-08,60.068401901307126,NORMAL
10:26:40,,,step_29,Cu_Barrier_Seed,IDLE,9.969781230167744,49.96680896040646,9.904527089564407e-08,60.068401901307126,NORMAL
10:26:45,,,step_29,Cu_Barrier_Seed,IDLE,9.969781230167744,49.96680896040646,9.904527089564407e-08,60.068401901307126,NORMAL
10:26:50,,,step_29,Cu_Barrier_Seed,IDLE,9.969781230167744,49.96680896040646,9.904527089564407e-08,60.068401901307126,NORMAL
10:26:55,,,step_29,Cu_Barrier_Seed,IDLE,9.969781230167744,49.96680896040646,9.904527089564407e-08,60.068401901307126,NORMAL
10:27:00,,,step_29,Cu_Barrier_Seed,IDLE,9.969781230167744,49.96680896040646,9.904527089564407e-08,60.068401901307126,NORMAL
10:27:05,,,step_29,Cu_Barrier_Seed,IDLE,9.969781230167744,49.96680896040646,9.904527089564407e-08,60.068401901307126,NORMAL
10:27:10,,,step_29,Cu_Barrier_Seed,IDLE,9.969781230167744,49.96680896040646,9.904527089564407e-08,60.068401901307126,NORMAL
10:27:15,,,step_29,Cu_Barrier_Seed,IDLE,9.969781230167744,49.96680896040646,9.904527089564407e-08,60.068401901307126,NORMAL
10:27:20,,,step_29,Cu_Barrier_Seed,IDLE,9.969781230167744,49.96680896040646,9.904527089564407e-08,60.068401901307126,NORMAL
10:27:25,,,step_29,Cu_Barrier_Seed,IDLE,9.969781230167744,49.96680896040646,9.904527089564407e-08,60.068401901307126,NORMAL
10:27:30,,,step_29,Cu_Barrier_Seed,IDLE,9.969781230167744,49.96680896040646,9.904527089564407e-08,60.068401901307126,NORMAL
10:27:35,,,step_29,Cu_Barrier_Seed,IDLE,9.969781230167744,49.96680896040646,9.904527089564407e-08,60.068401901307126,NORMAL
10:27:40,,,step_29,Cu_Barrier_Seed,IDLE,9.969781230167744,49.96680896040646,9.904527089564407e-08,60.068401901307126,NORMAL
10:27:45,,,step_29,Cu_Barrier_Seed,IDLE,9.969781230167744,49.96680896040646,9.904527089564407e-08,60.068401901307126,NORMAL
10:27:50,,,step_29,Cu_Barrier_Seed,IDLE,9.969781230167744,49.96680896040646,9.904527089564407e-08,60.068401901307126,NORMAL
10:27:55,,,step_29,Cu_Barrier_Seed,IDLE,9.969781230167744,49.96680896040646,9.904527089564407e-08,60.068401901307126,NORMAL
10:28:00,,,step_29,Cu_Barrier_Seed,IDLE,9.969781230167744,49.96680896040646,9.904527089564407e-08,60.068401901307126,NORMAL
10:28:05,,,step_29,Cu_Barrier_Seed,IDLE,9.969781230167744,49.96680896040646,9.904527089564407e-08,60.068401901307126,NORMAL
10:28:10,,,step_29,Cu_Barrier_Seed,IDLE,9.969781230167744,49.96680896040646,9.904527089564407e-08,60.068401901307126,NORMAL
10:28:15,,,step_29,Cu_Barrier_Seed,IDLE,9.969781230167744,49.96680896040646,9.904527089564407e-08,60.068401901307126,NORMAL
10:28:20,,,step_29,Cu_Barrier_Seed,IDLE,9.969781230167744,49.96680896040646,9.904527089564407e-08,60.068401901307126,NORMAL
10:28:25,,,step_29,Cu_Barrier_Seed,IDLE,9.969781230167744,49.96680896040646,9.904527089564407e-08,60.068401901307126,NORMAL
10:28:30,,,step_29,Cu_Barrier_Seed,IDLE,9.969781230167744,49.96680896040646,9.904527089564407e-08,60.068401901307126,NORMAL
10:28:35,,,step_29,Cu_Barrier_Seed,IDLE,9.969781230167744,49.96680896040646,9.904527089564407e-08,60.068401901307126,NORMAL
10:28:40,,,step_29,Cu_Barrier_Seed,IDLE,9.969781230167744,49.96680896040646,9.904527089564407e-08,60.068401901307126,NORMAL
10:28:45,,,step_29,Cu_Barrier_Seed,IDLE,9.969781230167744,49.96680896040646,9.904527089564407e-08,60.068401901307126,NORMAL
10:28:50,,,step_29,Cu_Barrier_Seed,IDLE,9.969781230167744,49.96680896040646,9.904527089564407e-08,60.068401901307126,NORMAL
10:28:55,,,step_29,Cu_Barrier_Seed,IDLE,9.969781230167744,49.96680896040646,9.904527089564407e-08,60.068401901307126,NORMAL
10:29:00,,,step_29,Cu_Barrier_Seed,IDLE,9.969781230167744,49.96680896040646,9.904527089564407e-08,60.068401901307126,NORMAL
10:29:05,,,step_29,Cu_Barrier_Seed,IDLE,9.969781230167744,49.96680896040646,9.904527089564407e-08,60.068401901307126,NORMAL
10:29:10,,,step_29,Cu_Barrier_Seed,IDLE,9.969781230167744,49.96680896040646,9.904527089564407e-08,60.068401901307126,NORMAL
10:29:15,,,step_29,Cu_Barrier_Seed,IDLE,9.969781230167744,49.96680896040646,9.904527089564407e-08,60.068401901307126,NORMAL
10:29:20,,,step_29,Cu_Barrier_Seed,IDLE,9.969781230167744,49.96680896040646,9.904527089564407e-08,60.068401901307126,NORMAL
10:29:25,,,step_29,Cu_Barrier_Seed,IDLE,9.969781230167744,49.96680896040646,9.904527089564407e-08,60.068401901307126,NORMAL
10:29:30,,,step_29,Cu_Barrier_Seed,IDLE,9.969781230167744,49.96680896040646,9.904527089564407e-08,60.068401901307126,NORMAL
10:29:35,,,step_29,Cu_Barrier_Seed,IDLE,9.969781230167744,49.96680896040646,9.904527089564407e-08,60.068401901307126,NORMAL
10:29:40,,,step_29,Cu_Barrier_Seed,IDLE,9.969781230167744,49.96680896040646,9.904527089564407e-08,60.068401901307126,NORMAL
10:29:45,,,step_29,Cu_Barrier_Seed,IDLE,9.969781230167744,49.96680896040646,9.904527089564407e-08,60.068401901307126,NORMAL
10:29:50,,,step_29,Cu_Barrier_Seed,IDLE,9.969781230167744,49.96680896040646,9.904527089564407e-08,60.068401901307126,NORMAL
10:29:55,,,step_29,Cu_Barrier_Seed,IDLE,9.969781230167744,49.96680896040646,9.904527089564407e-08,60.068401901307126,NORMAL
10:30:00,,,step_29,Cu_Barrier_Seed,IDLE,9.969781230167744,49.96680896040646,9.904527089564407e-08,60.068401901307126,NORMAL
10:30:05,,,step_29,Cu_Barrier_Seed,IDLE,9.969781230167744,49.96680896040646,9.904527089564407e-08,60.068401901307126,NORMAL
10:30:10,,,step_29,Cu_Barrier_Seed,IDLE,9.969781230167744,49.96680896040646,9.904527089564407e-08,60.068401901307126,NORMAL
10:30:15,,,step_29,Cu_Barrier_Seed,IDLE,9.969781230167744,49.96680896040646,9.904527089564407e-08,60.068401901307126,NORMAL
10:30:20,,,step_29,Cu_Barrier_Seed,IDLE,9.969781230167744,49.96680896040646,9.904527089564407e-08,60.068401901307126,NORMAL
10:30:25,,,step_29,Cu_Barrier_Seed,IDLE,9.969781230167744,49.96680896040646,9.904527089564407e-08,60.068401901307126,NORMAL
10:30:30,,,step_29,Cu_Barrier_Seed,IDLE,9.969781230167744,49.96680896040646,9.904527089564407e-08,60.068401901307126,NORMAL
10:30:35,,,step_29,Cu_Barrier_Seed,IDLE,9.969781230167744,49.96680896040646,9.904527089564407e-08,60.068401901307126,NORMAL
10:30:40,,,step_29,Cu_Barrier_Seed,IDLE,9.969781230167744,49.96680896040646,9.904527089564407e-08,60.068401901307126,NORMAL
10:30:45,,,step_29,Cu_Barrier_Seed,IDLE,9.969781230167744,49.96680896040646,9.904527089564407e-08,60.068401901307126,NORMAL
10:30:50,,,step_29,Cu_Barrier_Seed,IDLE,9.969781230167744,49.96680896040646,9.904527089564407e-08,60.068401901307126,NORMAL
10:30:55,,,step_29,Cu_Barrier_Seed,IDLE,9.969781230167744,49.96680896040646,9.904527089564407e-08,60.068401901307126,NORMAL
10:31:00,,,step_29,Cu_Barrier_Seed,IDLE,9.969781230167744,49.96680896040646,9.904527089564407e-08,60.068401901307126,NORMAL
10:31:05,,,step_29,Cu_Barrier_Seed,IDLE,9.969781230167744,49.96680896040646,9.904527089564407e-08,60.068401901307126,NORMAL
10:31:10,,,step_29,Cu_Barrier_Seed,IDLE,9.969781230167744,49.96680896040646,9.904527089564407e-08,60.068401901307126,NORMAL
10:31:15,,,step_29,Cu_Barrier_Seed,IDLE,9.969781230167744,49.96680896040646,9.904527089564407e-08,60.068401901307126,NORMAL
10:31:20,,,step_29,Cu_Barrier_Seed,IDLE,9.969781230167744,49.96680896040646,9.904527089564407e-08,60.068401901307126,NORMAL
10:31:25,,,step_29,Cu_Barrier_Seed,IDLE,9.969781230167744,49.96680896040646,9.904527089564407e-08,60.068401901307126,NORMAL
10:31:30,,,step_29,Cu_Barrier_Seed,IDLE,9.969781230167744,49.96680896040646,9.904527089564407e-08,60.068401901307126,NORMAL
10:31:35,,,step_29,Cu_Barrier_Seed,IDLE,9.969781230167744,49.96680896040646,9.904527089564407e-08,60.068401901307126,NORMAL
10:31:40,,,step_29,Cu_Barrier_Seed,IDLE,9.969781230167744,49.96680896040646,9.904527089564407e-08,60.068401901307126,NORMAL
10:31:45,,,step_29,Cu_Barrier_Seed,IDLE,9.969781230167744,49.96680896040646,9.904527089564407e-08,60.068401901307126,NORMAL
10:31:50,,,step_29,Cu_Barrier_Seed,IDLE,9.969781230167744,49.96680896040646,9.904527089564407e-08,60.068401901307126,NORMAL
10:31:55,,,step_29,Cu_Barrier_Seed,IDLE,9.969781230167744,49.96680896040646,9.904527089564407e-08,60.068401901307126,NORMAL
10:32:00,,,step_29,Cu_Barrier_Seed,IDLE,9.969781230167744,49.96680896040646,9.904527089564407e-08,60.068401901307126,NORMAL
10:32:05,,,step_29,Cu_Barrier_Seed,IDLE,9.969781230167744,49.96680896040646,9.904527089564407e-08,60.068401901307126,NORMAL
10:32:10,,,step_29,Cu_Barrier_Seed,IDLE,9.969781230167744,49.96680896040646,9.904527089564407e-08,60.068401901307126,NORMAL
10:32:15,,,step_29,Cu_Barrier_Seed,IDLE,9.969781230167744,49.96680896040646,9.904527089564407e-08,60.068401901307126,NORMAL
10:32:20,,,step_29,Cu_Barrier_Seed,IDLE,9.969781230167744,49.96680896040646,9.904527089564407e-08,60.068401901307126,NORMAL
10:32:25,,,step_29,Cu_Barrier_Seed,IDLE,9.969781230167744,49.96680896040646,9.904527089564407e-08,60.068401901307126,NORMAL
10:32:30,,,step_29,Cu_Barrier_Seed,IDLE,9.969781230167744,49.96680896040646,9.904527089564407e-08,60.068401901307126,NORMAL
10:32:35,,,step_29,Cu_Barrier_Seed,IDLE,9.969781230167744,49.96680896040646,9.904527089564407e-08,60.068401901307126,NORMAL
10:32:40,,,step_29,Cu_Barrier_Seed,IDLE,9.969781230167744,49.96680896040646,9.904527089564407e-08,60.068401901307126,NORMAL
10:32:45,,,step_29,Cu_Barrier_Seed,IDLE,9.969781230167744,49.96680896040646,9.904527089564407e-08,60.068401901307126,NORMAL
10:32:50,,,step_29,Cu_Barrier_Seed,IDLE,9.969781230167744,49.96680896040646,9.904527089564407e-08,60.068401901307126,NORMAL
10:32:55,,,step_29,Cu_Barrier_Seed,IDLE,9.969781230167744,49.96680896040646,9.904527089564407e-08,60.068401901307126,NORMAL
10:33:00,,,step_29,Cu_Barrier_Seed,IDLE,9.969781230167744,49.96680896040646,9.904527089564407e-08,60.068401901307126,NORMAL
10:33:05,,,step_29,Cu_Barrier_Seed,IDLE,9.969781230167744,49.96680896040646,9.904527089564407e-08,60.068401901307126,NORMAL
10:33:10,,,step_29,Cu_Barrier_Seed,IDLE,9.969781230167744,49.96680896040646,9.904527089564407e-08,60.068401901307126,NORMAL
10:33:15,,,step_29,Cu_Barrier_Seed,IDLE,9.969781230167744,49.96680896040646,9.904527089564407e-08,60.068401901307126,NORMAL
