Timestamp,Lot_ID,Wafer_ID,Address,Step_Name,Phase,Head_Downforce_psi,Platen_RPM,Slurry_Flow_ml_min,Brush_Pressure_psi,Status
09:00:00,,,step_31,구리_평탄화,IDLE,0.1752095544782865,4.5110136985867015,10.262176856138485,0.058618262612447,NORMAL
09:00:05,,,step_31,구리_평탄화,IDLE,0.1752095544782865,4.5110136985867015,10.262176856138485,0.058618262612447,NORMAL
09:00:10,,,step_31,구리_평탄화,IDLE,0.1752095544782865,4.5110136985867015,10.262176856138485,0.058618262612447,NORMAL
09:00:15,,,step_31,구리_평탄화,IDLE,0.1752095544782865,4.5110136985867015,10.262176856138485,0.058618262612447,NORMAL
09:00:20,,,step_31,구리_평탄화,IDLE,0.1752095544782865,4.5110136985867015,10.262176856138485,0.058618262612447,NORMAL
09:00:25,,,step_31,구리_평탄화,IDLE,0.1752095544782865,4.5110136985867015,10.262176856138485,0.058618262612447,NORMAL
09:00:30,,,step_31,구리_평탄화,IDLE,0.1752095544782865,4.5110136985867015,10.262176856138485,0.058618262612447,NORMAL
09:00:35,,,step_31,구리_평탄화,IDLE,0.1752095544782865,4.5110136985867015,10.262176856138485,0.058618262612447,NORMAL
09:00:40,,,step_31,구리_평탄화,IDLE,0.1752095544782865,4.5110136985867015,10.262176856138485,0.058618262612447,NORMAL
09:00:45,,,step_31,구리_평탄화,IDLE,0.1752095544782865,4.5110136985867015,10.262176856138485,0.058618262612447,NORMAL
09:00:50,,,step_31,구리_평탄화,IDLE,0.1752095544782865,4.5110136985867015,10.262176856138485,0.058618262612447,NORMAL
09:00:55,,,step_31,구리_평탄화,IDLE,0.1752095544782865,4.5110136985867015,10.262176856138485,0.058618262612447,NORMAL
09:01:00,,,step_31,구리_평탄화,IDLE,0.1752095544782865,4.5110136985867015,10.262176856138485,0.058618262612447,NORMAL
09:01:05,,,step_31,구리_평탄화,IDLE,0.1752095544782865,4.5110136985867015,10.262176856138485,0.058618262612447,NORMAL
09:01:10,,,step_31,구리_평탄화,IDLE,0.1752095544782865,4.5110136985867015,10.262176856138485,0.058618262612447,NORMAL
09:01:15,,,step_31,구리_평탄화,IDLE,0.1752095544782865,4.5110136985867015,10.262176856138485,0.058618262612447,NORMAL
09:01:20,,,step_31,구리_평탄화,IDLE,0.1752095544782865,4.5110136985867015,10.262176856138485,0.058618262612447,NORMAL
09:01:25,,,step_31,구리_평탄화,IDLE,0.1752095544782865,4.5110136985867015,10.262176856138485,0.058618262612447,NORMAL
09:01:30,,,step_31,구리_평탄화,IDLE,0.1752095544782865,4.5110136985867015,10.262176856138485,0.058618262612447,NORMAL
09:01:35,,,step_31,구리_평탄화,IDLE,0.1752095544782865,4.5110136985867015,10.262176856138485,0.058618262612447,NORMAL
09:01:40,,,step_31,구리_평탄화,IDLE,0.1752095544782865,4.5110136985867015,10.262176856138485,0.058618262612447,NORMAL
09:01:45,,,step_31,구리_평탄화,IDLE,0.1752095544782865,4.5110136985867015,10.262176856138485,0.058618262612447,NORMAL
09:01:50,,,step_31,구리_평탄화,IDLE,0.1752095544782865,4.5110136985867015,10.262176856138485,0.058618262612447,NORMAL
09:01:55,,,step_31,구리_평탄화,IDLE,0.1752095544782865,4.5110136985867015,10.262176856138485,0.058618262612447,NORMAL
09:02:00,,,step_31,구리_평탄화,IDLE,0.1752095544782865,4.5110136985867015,10.262176856138485,0.058618262612447,NORMAL
09:02:05,,,step_31,구리_평탄화,IDLE,0.1752095544782865,4.5110136985867015,10.262176856138485,0.058618262612447,NORMAL
09:02:10,,,step_31,구리_평탄화,IDLE,0.1752095544782865,4.5110136985867015,10.262176856138485,0.058618262612447,NORMAL
09:02:15,,,step_31,구리_평탄화,IDLE,0.1752095544782865,4.5110136985867015,10.262176856138485,0.058618262612447,NORMAL
09:02:20,,,step_31,구리_평탄화,IDLE,0.1752095544782865,4.5110136985867015,10.262176856138485,0.058618262612447,NORMAL
09:02:25,,,step_31,구리_평탄화,IDLE,0.1752095544782865,4.5110136985867015,10.262176856138485,0.058618262612447,NORMAL
09:02:30,,,step_31,구리_평탄화,IDLE,0.1752095544782865,4.5110136985867015,10.262176856138485,0.058618262612447,NORMAL
09:02:35,,,step_31,구리_평탄화,IDLE,0.1752095544782865,4.5110136985867015,10.262176856138485,0.058618262612447,NORMAL
09:02:40,,,step_31,구리_평탄화,IDLE,0.1752095544782865,4.5110136985867015,10.262176856138485,0.058618262612447,NORMAL
09:02:45,,,step_31,구리_평탄화,IDLE,0.1752095544782865,4.5110136985867015,10.262176856138485,0.058618262612447,NORMAL
09:02:50,,,step_31,구리_평탄화,IDLE,0.1752095544782865,4.5110136985867015,10.262176856138485,0.058618262612447,NORMAL
09:02:55,,,step_31,구리_평탄화,IDLE,0.1752095544782865,4.5110136985867015,10.262176856138485,0.058618262612447,NORMAL
09:03:00,,,step_31,구리_평탄화,IDLE,0.1752095544782865,4.5110136985867015,10.262176856138485,0.058618262612447,NORMAL
09:03:05,,,step_31,구리_평탄화,IDLE,0.1752095544782865,4.5110136985867015,10.262176856138485,0.058618262612447,NORMAL
09:03:10,,,step_31,구리_평탄화,IDLE,0.1752095544782865,4.5110136985867015,10.262176856138485,0.058618262612447,NORMAL
09:03:15,,,step_31,구리_평탄화,IDLE,0.1752095544782865,4.5110136985867015,10.262176856138485,0.058618262612447,NORMAL
09:03:20,,,step_31,구리_평탄화,IDLE,0.1752095544782865,4.5110136985867015,10.262176856138485,0.058618262612447,NORMAL
09:03:25,,,step_31,구리_평탄화,IDLE,0.1752095544782865,4.5110136985867015,10.262176856138485,0.058618262612447,NORMAL
09:03:30,,,step_31,구리_평탄화,IDLE,0.1752095544782865,4.5110136985867015,10.262176856138485,0.058618262612447,NORMAL
09:03:35,,,step_31,구리_평탄화,IDLE,0.1752095544782865,4.5110136985867015,10.262176856138485,0.058618262612447,NORMAL
09:03:40,,,step_31,구리_평탄화,IDLE,0.1752095544782865,4.5110136985867015,10.262176856138485,0.058618262612447,NORMAL
09:03:45,,,step_31,구리_평탄화,IDLE,0.1752095544782865,4.5110136985867015,10.262176856138485,0.058618262612447,NORMAL
09:03:50,,,step_31,구리_평탄화,IDLE,0.1752095544782865,4.5110136985867015,10.262176856138485,0.058618262612447,NORMAL
09:03:55,,,step_31,구리_평탄화,IDLE,0.1752095544782865,4.5110136985867015,10.262176856138485,0.058618262612447,NORMAL
09:04:00,,,step_31,구리_평탄화,IDLE,0.1752095544782865,4.5110136985867015,10.262176856138485,0.058618262612447,NORMAL
09:04:05,,,step_31,구리_평탄화,IDLE,0.1752095544782865,4.5110136985867015,10.262176856138485,0.058618262612447,NORMAL
09:04:10,,,step_31,구리_평탄화,IDLE,0.1752095544782865,4.5110136985867015,10.262176856138485,0.058618262612447,NORMAL
09:04:15,,,step_31,구리_평탄화,IDLE,0.1752095544782865,4.5110136985867015,10.262176856138485,0.058618262612447,NORMAL
09:04:20,,,step_31,구리_평탄화,IDLE,0.1752095544782865,4.5110136985867015,10.262176856138485,0.058618262612447,NORMAL
09:04:25,,,step_31,구리_평탄화,IDLE,0.1752095544782865,4.5110136985867015,10.262176856138485,0.058618262612447,NORMAL
09:04:30,,,step_31,구리_평탄화,IDLE,0.1752095544782865,4.5110136985867015,10.262176856138485,0.058618262612447,NORMAL
09:04:35,,,step_31,구리_평탄화,IDLE,0.1752095544782865,4.5110136985867015,10.262176856138485,0.058618262612447,NORMAL
09:04:40,,,step_31,구리_평탄화,IDLE,0.1752095544782865,4.5110136985867015,10.262176856138485,0.058618262612447,NORMAL
09:04:45,,,step_31,구리_평탄화,IDLE,0.1752095544782865,4.5110136985867015,10.262176856138485,0.058618262612447,NORMAL
09:04:50,,,step_31,구리_평탄화,IDLE,0.1752095544782865,4.5110136985867015,10.262176856138485,0.058618262612447,NORMAL
09:04:55,,,step_31,구리_평탄화,IDLE,0.1752095544782865,4.5110136985867015,10.262176856138485,0.058618262612447,NORMAL
09:05:00,,,step_31,구리_평탄화,IDLE,0.1752095544782865,4.5110136985867015,10.262176856138485,0.058618262612447,NORMAL
09:05:05,,,step_31,구리_평탄화,IDLE,0.1752095544782865,4.5110136985867015,10.262176856138485,0.058618262612447,NORMAL
09:05:10,,,step_31,구리_평탄화,IDLE,0.1752095544782865,4.5110136985867015,10.262176856138485,0.058618262612447,NORMAL
09:05:15,,,step_31,구리_평탄화,IDLE,0.1752095544782865,4.5110136985867015,10.262176856138485,0.058618262612447,NORMAL
09:05:20,,,step_31,구리_평탄화,IDLE,0.1752095544782865,4.5110136985867015,10.262176856138485,0.058618262612447,NORMAL
09:05:25,,,step_31,구리_평탄화,IDLE,0.1752095544782865,4.5110136985867015,10.262176856138485,0.058618262612447,NORMAL
09:05:30,,,step_31,구리_평탄화,IDLE,0.1752095544782865,4.5110136985867015,10.262176856138485,0.058618262612447,NORMAL
09:05:35,,,step_31,구리_평탄화,IDLE,0.1752095544782865,4.5110136985867015,10.262176856138485,0.058618262612447,NORMAL
09:05:40,,,step_31,구리_평탄화,IDLE,0.1752095544782865,4.5110136985867015,10.262176856138485,0.058618262612447,NORMAL
09:05:45,,,step_31,구리_평탄화,IDLE,0.1752095544782865,4.5110136985867015,10.262176856138485,0.058618262612447,NORMAL
09:05:50,,,step_31,구리_평탄화,IDLE,0.1752095544782865,4.5110136985867015,10.262176856138485,0.058618262612447,NORMAL
09:05:55,,,step_31,구리_평탄화,IDLE,0.1752095544782865,4.5110136985867015,10.262176856138485,0.058618262612447,NORMAL
09:06:00,,,step_31,구리_평탄화,IDLE,0.1752095544782865,4.5110136985867015,10.262176856138485,0.058618262612447,NORMAL
09:06:05,,,step_31,구리_평탄화,IDLE,0.1752095544782865,4.5110136985867015,10.262176856138485,0.058618262612447,NORMAL
09:06:10,,,step_31,구리_평탄화,IDLE,0.1752095544782865,4.5110136985867015,10.262176856138485,0.058618262612447,NORMAL
09:06:15,,,step_31,구리_평탄화,IDLE,0.1752095544782865,4.5110136985867015,10.262176856138485,0.058618262612447,NORMAL
09:06:20,,,step_31,구리_평탄화,IDLE,0.1752095544782865,4.5110136985867015,10.262176856138485,0.058618262612447,NORMAL
09:06:25,,,step_31,구리_평탄화,IDLE,0.1752095544782865,4.5110136985867015,10.262176856138485,0.058618262612447,NORMAL
09:06:30,,,step_31,구리_평탄화,IDLE,0.1752095544782865,4.5110136985867015,10.262176856138485,0.058618262612447,NORMAL
09:06:35,,,step_31,구리_평탄화,IDLE,0.1752095544782865,4.5110136985867015,10.262176856138485,0.058618262612447,NORMAL
09:06:40,,,step_31,구리_평탄화,IDLE,0.1752095544782865,4.5110136985867015,10.262176856138485,0.058618262612447,NORMAL
09:06:45,,,step_31,구리_평탄화,IDLE,0.1752095544782865,4.5110136985867015,10.262176856138485,0.058618262612447,NORMAL
09:06:50,,,step_31,구리_평탄화,IDLE,0.1752095544782865,4.5110136985867015,10.262176856138485,0.058618262612447,NORMAL
09:06:55,,,step_31,구리_평탄화,IDLE,0.1752095544782865,4.5110136985867015,10.262176856138485,0.058618262612447,NORMAL
09:07:00,,,step_31,구리_평탄화,IDLE,0.1752095544782865,4.5110136985867015,10.262176856138485,0.058618262612447,NORMAL
09:07:05,,,step_31,구리_평탄화,IDLE,0.1752095544782865,4.5110136985867015,10.262176856138485,0.058618262612447,NORMAL
09:07:10,,,step_31,구리_평탄화,IDLE,0.1752095544782865,4.5110136985867015,10.262176856138485,0.058618262612447,NORMAL
09:07:15,,,step_31,구리_평탄화,IDLE,0.1752095544782865,4.5110136985867015,10.262176856138485,0.058618262612447,NORMAL
09:07:20,,,step_31,구리_평탄화,IDLE,0.1752095544782865,4.5110136985867015,10.262176856138485,0.058618262612447,NORMAL
09:07:25,,,step_31,구리_평탄화,IDLE,0.1752095544782865,4.5110136985867015,10.262176856138485,0.058618262612447,NORMAL
09:07:30,,,step_31,구리_평탄화,IDLE,0.1752095544782865,4.5110136985867015,10.262176856138485,0.058618262612447,NORMAL
09:07:35,,,step_31,구리_평탄화,IDLE,0.1752095544782865,4.5110136985867015,10.262176856138485,0.058618262612447,NORMAL
09:07:40,,,step_31,구리_평탄화,IDLE,0.1752095544782865,4.5110136985867015,10.262176856138485,0.058618262612447,NORMAL
09:07:45,,,step_31,구리_평탄화,IDLE,0.1752095544782865,4.5110136985867015,10.262176856138485,0.058618262612447,NORMAL
09:07:50,,,step_31,구리_평탄화,IDLE,0.1752095544782865,4.5110136985867015,10.262176856138485,0.058618262612447,NORMAL
09:07:55,,,step_31,구리_평탄화,IDLE,0.1752095544782865,4.5110136985867015,10.262176856138485,0.058618262612447,NORMAL
09:08:00,,,step_31,구리_평탄화,IDLE,0.1752095544782865,4.5110136985867015,10.262176856138485,0.058618262612447,NORMAL
09:08:05,,,step_31,구리_평탄화,IDLE,0.1752095544782865,4.5110136985867015,10.262176856138485,0.058618262612447,NORMAL
09:08:10,,,step_31,구리_평탄화,IDLE,0.1752095544782865,4.5110136985867015,10.262176856138485,0.058618262612447,NORMAL
09:08:15,,,step_31,구리_평탄화,IDLE,0.1752095544782865,4.5110136985867015,10.262176856138485,0.058618262612447,NORMAL
09:08:20,,,step_31,구리_평탄화,IDLE,0.1752095544782865,4.5110136985867015,10.262176856138485,0.058618262612447,NORMAL
09:08:25,,,step_31,구리_평탄화,IDLE,0.1752095544782865,4.5110136985867015,10.262176856138485,0.058618262612447,NORMAL
09:08:30,,,step_31,구리_평탄화,IDLE,0.1752095544782865,4.5110136985867015,10.262176856138485,0.058618262612447,NORMAL
09:08:35,,,step_31,구리_평탄화,IDLE,0.1752095544782865,4.5110136985867015,10.262176856138485,0.058618262612447,NORMAL
09:08:40,,,step_31,구리_평탄화,IDLE,0.1752095544782865,4.5110136985867015,10.262176856138485,0.058618262612447,NORMAL
09:08:45,,,step_31,구리_평탄화,IDLE,0.1752095544782865,4.5110136985867015,10.262176856138485,0.058618262612447,NORMAL
09:08:50,,,step_31,구리_평탄화,IDLE,0.1752095544782865,4.5110136985867015,10.262176856138485,0.058618262612447,NORMAL
09:08:55,,,step_31,구리_평탄화,IDLE,0.1752095544782865,4.5110136985867015,10.262176856138485,0.058618262612447,NORMAL
09:09:00,,,step_31,구리_평탄화,IDLE,0.1752095544782865,4.5110136985867015,10.262176856138485,0.058618262612447,NORMAL
09:09:05,,,step_31,구리_평탄화,IDLE,0.1752095544782865,4.5110136985867015,10.262176856138485,0.058618262612447,NORMAL
09:09:10,,,step_31,구리_평탄화,IDLE,0.1752095544782865,4.5110136985867015,10.262176856138485,0.058618262612447,NORMAL
09:09:15,,,step_31,구리_평탄화,IDLE,0.1752095544782865,4.5110136985867015,10.262176856138485,0.058618262612447,NORMAL
09:09:20,,,step_31,구리_평탄화,IDLE,0.1752095544782865,4.5110136985867015,10.262176856138485,0.058618262612447,NORMAL
09:09:25,,,step_31,구리_평탄화,IDLE,0.1752095544782865,4.5110136985867015,10.262176856138485,0.058618262612447,NORMAL
09:09:30,,,step_31,구리_평탄화,IDLE,0.1752095544782865,4.5110136985867015,10.262176856138485,0.058618262612447,NORMAL
09:09:35,,,step_31,구리_평탄화,IDLE,0.1752095544782865,4.5110136985867015,10.262176856138485,0.058618262612447,NORMAL
09:09:40,,,step_31,구리_평탄화,IDLE,0.1752095544782865,4.5110136985867015,10.262176856138485,0.058618262612447,NORMAL
09:09:45,,,step_31,구리_평탄화,IDLE,0.1752095544782865,4.5110136985867015,10.262176856138485,0.058618262612447,NORMAL
09:09:50,,,step_31,구리_평탄화,IDLE,0.1752095544782865,4.5110136985867015,10.262176856138485,0.058618262612447,NORMAL
09:09:55,,,step_31,구리_평탄화,IDLE,0.1752095544782865,4.5110136985867015,10.262176856138485,0.058618262612447,NORMAL
09:10:00,,,step_31,구리_평탄화,IDLE,0.1752095544782865,4.5110136985867015,10.262176856138485,0.058618262612447,NORMAL
09:10:05,,,step_31,구리_평탄화,IDLE,0.1752095544782865,4.5110136985867015,10.262176856138485,0.058618262612447,NORMAL
09:10:10,,,step_31,구리_평탄화,IDLE,0.1752095544782865,4.5110136985867015,10.262176856138485,0.058618262612447,NORMAL
09:10:15,,,step_31,구리_평탄화,IDLE,0.1752095544782865,4.5110136985867015,10.262176856138485,0.058618262612447,NORMAL
09:10:20,,,step_31,구리_평탄화,IDLE,0.1752095544782865,4.5110136985867015,10.262176856138485,0.058618262612447,NORMAL
09:10:25,,,step_31,구리_평탄화,IDLE,0.1752095544782865,4.5110136985867015,10.262176856138485,0.058618262612447,NORMAL
09:10:30,,,step_31,구리_평탄화,IDLE,0.1752095544782865,4.5110136985867015,10.262176856138485,0.058618262612447,NORMAL
09:10:35,,,step_31,구리_평탄화,IDLE,0.1752095544782865,4.5110136985867015,10.262176856138485,0.058618262612447,NORMAL
09:10:40,,,step_31,구리_평탄화,IDLE,0.1752095544782865,4.5110136985867015,10.262176856138485,0.058618262612447,NORMAL
09:10:45,,,step_31,구리_평탄화,IDLE,0.1752095544782865,4.5110136985867015,10.262176856138485,0.058618262612447,NORMAL
09:10:50,,,step_31,구리_평탄화,IDLE,0.1752095544782865,4.5110136985867015,10.262176856138485,0.058618262612447,NORMAL
09:10:55,,,step_31,구리_평탄화,IDLE,0.1752095544782865,4.5110136985867015,10.262176856138485,0.058618262612447,NORMAL
09:11:00,,,step_31,구리_평탄화,IDLE,0.1752095544782865,4.5110136985867015,10.262176856138485,0.058618262612447,NORMAL
09:11:05,,,step_31,구리_평탄화,IDLE,0.1752095544782865,4.5110136985867015,10.262176856138485,0.058618262612447,NORMAL
09:11:10,,,step_31,구리_평탄화,IDLE,0.1752095544782865,4.5110136985867015,10.262176856138485,0.058618262612447,NORMAL
09:11:15,,,step_31,구리_평탄화,IDLE,0.1752095544782865,4.5110136985867015,10.262176856138485,0.058618262612447,NORMAL
09:11:20,,,step_31,구리_평탄화,IDLE,0.1752095544782865,4.5110136985867015,10.262176856138485,0.058618262612447,NORMAL
09:11:25,,,step_31,구리_평탄화,IDLE,0.1752095544782865,4.5110136985867015,10.262176856138485,0.058618262612447,NORMAL
09:11:30,,,step_31,구리_평탄화,IDLE,0.1752095544782865,4.5110136985867015,10.262176856138485,0.058618262612447,NORMAL
09:11:35,,,step_31,구리_평탄화,IDLE,0.1752095544782865,4.5110136985867015,10.262176856138485,0.058618262612447,NORMAL
09:11:40,,,step_31,구리_평탄화,IDLE,0.1752095544782865,4.5110136985867015,10.262176856138485,0.058618262612447,NORMAL
09:11:45,,,step_31,구리_평탄화,IDLE,0.1752095544782865,4.5110136985867015,10.262176856138485,0.058618262612447,NORMAL
09:11:50,,,step_31,구리_평탄화,IDLE,0.1752095544782865,4.5110136985867015,10.262176856138485,0.058618262612447,NORMAL
09:11:55,,,step_31,구리_평탄화,IDLE,0.1752095544782865,4.5110136985867015,10.262176856138485,0.058618262612447,NORMAL
09:12:00,,,step_31,구리_평탄화,IDLE,0.1752095544782865,4.5110136985867015,10.262176856138485,0.058618262612447,NORMAL
09:12:05,,,step_31,구리_평탄화,IDLE,0.1752095544782865,4.5110136985867015,10.262176856138485,0.058618262612447,NORMAL
09:12:10,,,step_31,구리_평탄화,IDLE,0.1752095544782865,4.5110136985867015,10.262176856138485,0.058618262612447,NORMAL
09:12:15,,,step_31,구리_평탄화,IDLE,0.1752095544782865,4.5110136985867015,10.262176856138485,0.058618262612447,NORMAL
09:12:20,,,step_31,구리_평탄화,IDLE,0.1752095544782865,4.5110136985867015,10.262176856138485,0.058618262612447,NORMAL
09:12:25,,,step_31,구리_평탄화,IDLE,0.1752095544782865,4.5110136985867015,10.262176856138485,0.058618262612447,NORMAL
09:12:30,,,step_31,구리_평탄화,IDLE,0.1752095544782865,4.5110136985867015,10.262176856138485,0.058618262612447,NORMAL
09:12:35,,,step_31,구리_평탄화,IDLE,0.1752095544782865,4.5110136985867015,10.262176856138485,0.058618262612447,NORMAL
09:12:40,,,step_31,구리_평탄화,IDLE,0.1752095544782865,4.5110136985867015,10.262176856138485,0.058618262612447,NORMAL
09:12:45,,,step_31,구리_평탄화,IDLE,0.1752095544782865,4.5110136985867015,10.262176856138485,0.058618262612447,NORMAL
09:12:50,,,step_31,구리_평탄화,IDLE,0.1752095544782865,4.5110136985867015,10.262176856138485,0.058618262612447,NORMAL
09:12:55,,,step_31,구리_평탄화,IDLE,0.1752095544782865,4.5110136985867015,10.262176856138485,0.058618262612447,NORMAL
09:13:00,,,step_31,구리_평탄화,IDLE,0.1752095544782865,4.5110136985867015,10.262176856138485,0.058618262612447,NORMAL
09:13:05,,,step_31,구리_평탄화,IDLE,0.1752095544782865,4.5110136985867015,10.262176856138485,0.058618262612447,NORMAL
09:13:10,,,step_31,구리_평탄화,IDLE,0.1752095544782865,4.5110136985867015,10.262176856138485,0.058618262612447,NORMAL
09:13:15,,,step_31,구리_평탄화,IDLE,0.1752095544782865,4.5110136985867015,10.262176856138485,0.058618262612447,NORMAL
09:13:20,,,step_31,구리_평탄화,IDLE,0.1752095544782865,4.5110136985867015,10.262176856138485,0.058618262612447,NORMAL
09:13:25,,,step_31,구리_평탄화,IDLE,0.1752095544782865,4.5110136985867015,10.262176856138485,0.058618262612447,NORMAL
09:13:30,,,step_31,구리_평탄화,IDLE,0.1752095544782865,4.5110136985867015,10.262176856138485,0.058618262612447,NORMAL
09:13:35,,,step_31,구리_평탄화,IDLE,0.1752095544782865,4.5110136985867015,10.262176856138485,0.058618262612447,NORMAL
09:13:40,,,step_31,구리_평탄화,IDLE,0.1752095544782865,4.5110136985867015,10.262176856138485,0.058618262612447,NORMAL
09:13:45,,,step_31,구리_평탄화,IDLE,0.1752095544782865,4.5110136985867015,10.262176856138485,0.058618262612447,NORMAL
09:13:50,,,step_31,구리_평탄화,IDLE,0.1752095544782865,4.5110136985867015,10.262176856138485,0.058618262612447,NORMAL
09:13:55,,,step_31,구리_평탄화,IDLE,0.1752095544782865,4.5110136985867015,10.262176856138485,0.058618262612447,NORMAL
09:14:00,,,step_31,구리_평탄화,IDLE,0.1752095544782865,4.5110136985867015,10.262176856138485,0.058618262612447,NORMAL
09:14:05,,,step_31,구리_평탄화,IDLE,0.1752095544782865,4.5110136985867015,10.262176856138485,0.058618262612447,NORMAL
09:14:10,,,step_31,구리_평탄화,IDLE,0.1752095544782865,4.5110136985867015,10.262176856138485,0.058618262612447,NORMAL
09:14:15,,,step_31,구리_평탄화,IDLE,0.1752095544782865,4.5110136985867015,10.262176856138485,0.058618262612447,NORMAL
09:14:20,,,step_31,구리_평탄화,IDLE,0.1752095544782865,4.5110136985867015,10.262176856138485,0.058618262612447,NORMAL
09:14:25,,,step_31,구리_평탄화,IDLE,0.1752095544782865,4.5110136985867015,10.262176856138485,0.058618262612447,NORMAL
09:14:30,,,step_31,구리_평탄화,IDLE,0.1752095544782865,4.5110136985867015,10.262176856138485,0.058618262612447,NORMAL
09:14:35,,,step_31,구리_평탄화,IDLE,0.1752095544782865,4.5110136985867015,10.262176856138485,0.058618262612447,NORMAL
09:14:40,,,step_31,구리_평탄화,IDLE,0.1752095544782865,4.5110136985867015,10.262176856138485,0.058618262612447,NORMAL
09:14:45,,,step_31,구리_평탄화,IDLE,0.1752095544782865,4.5110136985867015,10.262176856138485,0.058618262612447,NORMAL
09:14:50,,,step_31,구리_평탄화,IDLE,0.1752095544782865,4.5110136985867015,10.262176856138485,0.058618262612447,NORMAL
09:14:55,,,step_31,구리_평탄화,IDLE,0.1752095544782865,4.5110136985867015,10.262176856138485,0.058618262612447,NORMAL
09:15:00,,,step_31,구리_평탄화,IDLE,0.1752095544782865,4.5110136985867015,10.262176856138485,0.058618262612447,NORMAL
09:15:05,,,step_31,구리_평탄화,IDLE,0.1752095544782865,4.5110136985867015,10.262176856138485,0.058618262612447,NORMAL
09:15:10,,,step_31,구리_평탄화,IDLE,0.1752095544782865,4.5110136985867015,10.262176856138485,0.058618262612447,NORMAL
09:15:15,,,step_31,구리_평탄화,IDLE,0.1752095544782865,4.5110136985867015,10.262176856138485,0.058618262612447,NORMAL
09:15:20,,,step_31,구리_평탄화,IDLE,0.1752095544782865,4.5110136985867015,10.262176856138485,0.058618262612447,NORMAL
09:15:25,,,step_31,구리_평탄화,IDLE,0.1752095544782865,4.5110136985867015,10.262176856138485,0.058618262612447,NORMAL
09:15:30,,,step_31,구리_평탄화,IDLE,0.1752095544782865,4.5110136985867015,10.262176856138485,0.058618262612447,NORMAL
09:15:35,,,step_31,구리_평탄화,IDLE,0.1752095544782865,4.5110136985867015,10.262176856138485,0.058618262612447,NORMAL
09:15:40,,,step_31,구리_평탄화,IDLE,0.1752095544782865,4.5110136985867015,10.262176856138485,0.058618262612447,NORMAL
09:15:45,,,step_31,구리_평탄화,IDLE,0.1752095544782865,4.5110136985867015,10.262176856138485,0.058618262612447,NORMAL
09:15:50,,,step_31,구리_평탄화,IDLE,0.1752095544782865,4.5110136985867015,10.262176856138485,0.058618262612447,NORMAL
09:15:55,,,step_31,구리_평탄화,IDLE,0.1752095544782865,4.5110136985867015,10.262176856138485,0.058618262612447,NORMAL
09:16:00,,,step_31,구리_평탄화,IDLE,0.1752095544782865,4.5110136985867015,10.262176856138485,0.058618262612447,NORMAL
09:16:05,,,step_31,구리_평탄화,IDLE,0.1752095544782865,4.5110136985867015,10.262176856138485,0.058618262612447,NORMAL
09:16:10,,,step_31,구리_평탄화,IDLE,0.1752095544782865,4.5110136985867015,10.262176856138485,0.058618262612447,NORMAL
09:16:15,,,step_31,구리_평탄화,IDLE,0.1752095544782865,4.5110136985867015,10.262176856138485,0.058618262612447,NORMAL
09:16:20,,,step_31,구리_평탄화,IDLE,0.1752095544782865,4.5110136985867015,10.262176856138485,0.058618262612447,NORMAL
09:16:25,,,step_31,구리_평탄화,IDLE,0.1752095544782865,4.5110136985867015,10.262176856138485,0.058618262612447,NORMAL
09:16:30,,,step_31,구리_평탄화,IDLE,0.1752095544782865,4.5110136985867015,10.262176856138485,0.058618262612447,NORMAL
09:16:35,,,step_31,구리_평탄화,IDLE,0.1752095544782865,4.5110136985867015,10.262176856138485,0.058618262612447,NORMAL
09:16:40,,,step_31,구리_평탄화,IDLE,0.1752095544782865,4.5110136985867015,10.262176856138485,0.058618262612447,NORMAL
09:16:45,,,step_31,구리_평탄화,IDLE,0.1752095544782865,4.5110136985867015,10.262176856138485,0.058618262612447,NORMAL
09:16:50,,,step_31,구리_평탄화,IDLE,0.1752095544782865,4.5110136985867015,10.262176856138485,0.058618262612447,NORMAL
09:16:55,,,step_31,구리_평탄화,IDLE,0.1752095544782865,4.5110136985867015,10.262176856138485,0.058618262612447,NORMAL
09:17:00,,,step_31,구리_평탄화,IDLE,0.1752095544782865,4.5110136985867015,10.262176856138485,0.058618262612447,NORMAL
09:17:05,,,step_31,구리_평탄화,IDLE,0.1752095544782865,4.5110136985867015,10.262176856138485,0.058618262612447,NORMAL
09:17:10,,,step_31,구리_평탄화,IDLE,0.1752095544782865,4.5110136985867015,10.262176856138485,0.058618262612447,NORMAL
09:17:15,,,step_31,구리_평탄화,IDLE,0.1752095544782865,4.5110136985867015,10.262176856138485,0.058618262612447,NORMAL
09:17:20,,,step_31,구리_평탄화,IDLE,0.1752095544782865,4.5110136985867015,10.262176856138485,0.058618262612447,NORMAL
09:17:25,,,step_31,구리_평탄화,IDLE,0.1752095544782865,4.5110136985867015,10.262176856138485,0.058618262612447,NORMAL
09:17:30,,,step_31,구리_평탄화,IDLE,0.1752095544782865,4.5110136985867015,10.262176856138485,0.058618262612447,NORMAL
09:17:35,,,step_31,구리_평탄화,IDLE,0.1752095544782865,4.5110136985867015,10.262176856138485,0.058618262612447,NORMAL
09:17:40,,,step_31,구리_평탄화,IDLE,0.1752095544782865,4.5110136985867015,10.262176856138485,0.058618262612447,NORMAL
09:17:45,,,step_31,구리_평탄화,IDLE,0.1752095544782865,4.5110136985867015,10.262176856138485,0.058618262612447,NORMAL
09:17:50,,,step_31,구리_평탄화,IDLE,0.1752095544782865,4.5110136985867015,10.262176856138485,0.058618262612447,NORMAL
09:17:55,,,step_31,구리_평탄화,IDLE,0.1752095544782865,4.5110136985867015,10.262176856138485,0.058618262612447,NORMAL
09:18:00,,,step_31,구리_평탄화,IDLE,0.1752095544782865,4.5110136985867015,10.262176856138485,0.058618262612447,NORMAL
09:18:05,,,step_31,구리_평탄화,IDLE,0.1752095544782865,4.5110136985867015,10.262176856138485,0.058618262612447,NORMAL
09:18:10,,,step_31,구리_평탄화,IDLE,0.1752095544782865,4.5110136985867015,10.262176856138485,0.058618262612447,NORMAL
09:18:15,,,step_31,구리_평탄화,IDLE,0.1752095544782865,4.5110136985867015,10.262176856138485,0.058618262612447,NORMAL
09:18:20,,,step_31,구리_평탄화,IDLE,0.1752095544782865,4.5110136985867015,10.262176856138485,0.058618262612447,NORMAL
09:18:25,,,step_31,구리_평탄화,IDLE,0.1752095544782865,4.5110136985867015,10.262176856138485,0.058618262612447,NORMAL
09:18:30,,,step_31,구리_평탄화,IDLE,0.1752095544782865,4.5110136985867015,10.262176856138485,0.058618262612447,NORMAL
09:18:35,,,step_31,구리_평탄화,IDLE,0.1752095544782865,4.5110136985867015,10.262176856138485,0.058618262612447,NORMAL
09:18:40,,,step_31,구리_평탄화,IDLE,0.1752095544782865,4.5110136985867015,10.262176856138485,0.058618262612447,NORMAL
09:18:45,,,step_31,구리_평탄화,IDLE,0.1752095544782865,4.5110136985867015,10.262176856138485,0.058618262612447,NORMAL
09:18:50,,,step_31,구리_평탄화,IDLE,0.1752095544782865,4.5110136985867015,10.262176856138485,0.058618262612447,NORMAL
09:18:55,,,step_31,구리_평탄화,IDLE,0.1752095544782865,4.5110136985867015,10.262176856138485,0.058618262612447,NORMAL
09:19:00,,,step_31,구리_평탄화,IDLE,0.1752095544782865,4.5110136985867015,10.262176856138485,0.058618262612447,NORMAL
09:19:05,,,step_31,구리_평탄화,IDLE,0.1752095544782865,4.5110136985867015,10.262176856138485,0.058618262612447,NORMAL
09:19:10,,,step_31,구리_평탄화,IDLE,0.1752095544782865,4.5110136985867015,10.262176856138485,0.058618262612447,NORMAL
09:19:15,,,step_31,구리_평탄화,IDLE,0.1752095544782865,4.5110136985867015,10.262176856138485,0.058618262612447,NORMAL
09:19:20,,,step_31,구리_평탄화,IDLE,0.1752095544782865,4.5110136985867015,10.262176856138485,0.058618262612447,NORMAL
09:19:25,,,step_31,구리_평탄화,IDLE,0.1752095544782865,4.5110136985867015,10.262176856138485,0.058618262612447,NORMAL
09:19:30,,,step_31,구리_평탄화,IDLE,0.1752095544782865,4.5110136985867015,10.262176856138485,0.058618262612447,NORMAL
09:19:35,,,step_31,구리_평탄화,IDLE,0.1752095544782865,4.5110136985867015,10.262176856138485,0.058618262612447,NORMAL
09:19:40,,,step_31,구리_평탄화,IDLE,0.1752095544782865,4.5110136985867015,10.262176856138485,0.058618262612447,NORMAL
09:19:45,,,step_31,구리_평탄화,IDLE,0.1752095544782865,4.5110136985867015,10.262176856138485,0.058618262612447,NORMAL
09:19:50,,,step_31,구리_평탄화,IDLE,0.1752095544782865,4.5110136985867015,10.262176856138485,0.058618262612447,NORMAL
09:19:55,,,step_31,구리_평탄화,IDLE,0.1752095544782865,4.5110136985867015,10.262176856138485,0.058618262612447,NORMAL
09:20:00,,,step_31,구리_평탄화,IDLE,0.1752095544782865,4.5110136985867015,10.262176856138485,0.058618262612447,NORMAL
09:20:05,,,step_31,구리_평탄화,IDLE,0.1752095544782865,4.5110136985867015,10.262176856138485,0.058618262612447,NORMAL
09:20:10,,,step_31,구리_평탄화,IDLE,0.1752095544782865,4.5110136985867015,10.262176856138485,0.058618262612447,NORMAL
09:20:15,,,step_31,구리_평탄화,IDLE,0.1752095544782865,4.5110136985867015,10.262176856138485,0.058618262612447,NORMAL
09:20:20,,,step_31,구리_평탄화,IDLE,0.1752095544782865,4.5110136985867015,10.262176856138485,0.058618262612447,NORMAL
09:20:25,,,step_31,구리_평탄화,IDLE,0.1752095544782865,4.5110136985867015,10.262176856138485,0.058618262612447,NORMAL
09:20:30,,,step_31,구리_평탄화,IDLE,0.1752095544782865,4.5110136985867015,10.262176856138485,0.058618262612447,NORMAL
09:20:35,,,step_31,구리_평탄화,IDLE,0.1752095544782865,4.5110136985867015,10.262176856138485,0.058618262612447,NORMAL
09:20:40,,,step_31,구리_평탄화,IDLE,0.1752095544782865,4.5110136985867015,10.262176856138485,0.058618262612447,NORMAL
09:20:45,,,step_31,구리_평탄화,IDLE,0.1752095544782865,4.5110136985867015,10.262176856138485,0.058618262612447,NORMAL
09:20:50,,,step_31,구리_평탄화,IDLE,0.1752095544782865,4.5110136985867015,10.262176856138485,0.058618262612447,NORMAL
09:20:55,,,step_31,구리_평탄화,IDLE,0.1752095544782865,4.5110136985867015,10.262176856138485,0.058618262612447,NORMAL
09:21:00,,,step_31,구리_평탄화,IDLE,0.1752095544782865,4.5110136985867015,10.262176856138485,0.058618262612447,NORMAL
09:21:05,,,step_31,구리_평탄화,IDLE,0.1752095544782865,4.5110136985867015,10.262176856138485,0.058618262612447,NORMAL
09:21:10,,,step_31,구리_평탄화,IDLE,0.1752095544782865,4.5110136985867015,10.262176856138485,0.058618262612447,NORMAL
09:21:15,,,step_31,구리_평탄화,IDLE,0.1752095544782865,4.5110136985867015,10.262176856138485,0.058618262612447,NORMAL
09:21:20,,,step_31,구리_평탄화,IDLE,0.1752095544782865,4.5110136985867015,10.262176856138485,0.058618262612447,NORMAL
09:21:25,,,step_31,구리_평탄화,IDLE,0.1752095544782865,4.5110136985867015,10.262176856138485,0.058618262612447,NORMAL
09:21:30,,,step_31,구리_평탄화,IDLE,0.1752095544782865,4.5110136985867015,10.262176856138485,0.058618262612447,NORMAL
09:21:35,,,step_31,구리_평탄화,IDLE,0.1752095544782865,4.5110136985867015,10.262176856138485,0.058618262612447,NORMAL
09:21:40,,,step_31,구리_평탄화,IDLE,0.1752095544782865,4.5110136985867015,10.262176856138485,0.058618262612447,NORMAL
09:21:45,,,step_31,구리_평탄화,IDLE,0.1752095544782865,4.5110136985867015,10.262176856138485,0.058618262612447,NORMAL
09:21:50,,,step_31,구리_평탄화,IDLE,0.1752095544782865,4.5110136985867015,10.262176856138485,0.058618262612447,NORMAL
09:21:55,,,step_31,구리_평탄화,IDLE,0.1752095544782865,4.5110136985867015,10.262176856138485,0.058618262612447,NORMAL
09:22:00,,,step_31,구리_평탄화,IDLE,0.1752095544782865,4.5110136985867015,10.262176856138485,0.058618262612447,NORMAL
09:22:05,,,step_31,구리_평탄화,IDLE,0.1752095544782865,4.5110136985867015,10.262176856138485,0.058618262612447,NORMAL
09:22:10,,,step_31,구리_평탄화,IDLE,0.1752095544782865,4.5110136985867015,10.262176856138485,0.058618262612447,NORMAL
09:22:15,,,step_31,구리_평탄화,IDLE,0.1752095544782865,4.5110136985867015,10.262176856138485,0.058618262612447,NORMAL
09:22:20,,,step_31,구리_평탄화,IDLE,0.1752095544782865,4.5110136985867015,10.262176856138485,0.058618262612447,NORMAL
09:22:25,,,step_31,구리_평탄화,IDLE,0.1752095544782865,4.5110136985867015,10.262176856138485,0.058618262612447,NORMAL
09:22:30,,,step_31,구리_평탄화,IDLE,0.1752095544782865,4.5110136985867015,10.262176856138485,0.058618262612447,NORMAL
09:22:35,,,step_31,구리_평탄화,IDLE,0.1752095544782865,4.5110136985867015,10.262176856138485,0.058618262612447,NORMAL
09:22:40,,,step_31,구리_평탄화,IDLE,0.1752095544782865,4.5110136985867015,10.262176856138485,0.058618262612447,NORMAL
09:22:45,,,step_31,구리_평탄화,IDLE,0.1752095544782865,4.5110136985867015,10.262176856138485,0.058618262612447,NORMAL
09:22:50,,,step_31,구리_평탄화,IDLE,0.1752095544782865,4.5110136985867015,10.262176856138485,0.058618262612447,NORMAL
09:22:55,,,step_31,구리_평탄화,IDLE,0.1752095544782865,4.5110136985867015,10.262176856138485,0.058618262612447,NORMAL
09:23:00,,,step_31,구리_평탄화,IDLE,0.1752095544782865,4.5110136985867015,10.262176856138485,0.058618262612447,NORMAL
09:23:05,,,step_31,구리_평탄화,IDLE,0.1752095544782865,4.5110136985867015,10.262176856138485,0.058618262612447,NORMAL
09:23:10,,,step_31,구리_평탄화,IDLE,0.1752095544782865,4.5110136985867015,10.262176856138485,0.058618262612447,NORMAL
09:23:15,,,step_31,구리_평탄화,IDLE,0.1752095544782865,4.5110136985867015,10.262176856138485,0.058618262612447,NORMAL
09:23:20,,,step_31,구리_평탄화,IDLE,0.1752095544782865,4.5110136985867015,10.262176856138485,0.058618262612447,NORMAL
09:23:25,,,step_31,구리_평탄화,IDLE,0.1752095544782865,4.5110136985867015,10.262176856138485,0.058618262612447,NORMAL
09:23:30,,,step_31,구리_평탄화,IDLE,0.1752095544782865,4.5110136985867015,10.262176856138485,0.058618262612447,NORMAL
09:23:35,,,step_31,구리_평탄화,IDLE,0.1752095544782865,4.5110136985867015,10.262176856138485,0.058618262612447,NORMAL
09:23:40,,,step_31,구리_평탄화,IDLE,0.1752095544782865,4.5110136985867015,10.262176856138485,0.058618262612447,NORMAL
09:23:45,,,step_31,구리_평탄화,IDLE,0.1752095544782865,4.5110136985867015,10.262176856138485,0.058618262612447,NORMAL
09:23:50,,,step_31,구리_평탄화,IDLE,0.1752095544782865,4.5110136985867015,10.262176856138485,0.058618262612447,NORMAL
09:23:55,,,step_31,구리_평탄화,IDLE,0.1752095544782865,4.5110136985867015,10.262176856138485,0.058618262612447,NORMAL
09:24:00,,,step_31,구리_평탄화,IDLE,0.1752095544782865,4.5110136985867015,10.262176856138485,0.058618262612447,NORMAL
09:24:05,,,step_31,구리_평탄화,IDLE,0.1752095544782865,4.5110136985867015,10.262176856138485,0.058618262612447,NORMAL
09:24:10,,,step_31,구리_평탄화,IDLE,0.1752095544782865,4.5110136985867015,10.262176856138485,0.058618262612447,NORMAL
09:24:15,,,step_31,구리_평탄화,IDLE,0.1752095544782865,4.5110136985867015,10.262176856138485,0.058618262612447,NORMAL
09:24:20,,,step_31,구리_평탄화,IDLE,0.1752095544782865,4.5110136985867015,10.262176856138485,0.058618262612447,NORMAL
09:24:25,,,step_31,구리_평탄화,IDLE,0.1752095544782865,4.5110136985867015,10.262176856138485,0.058618262612447,NORMAL
09:24:30,,,step_31,구리_평탄화,IDLE,0.1752095544782865,4.5110136985867015,10.262176856138485,0.058618262612447,NORMAL
09:24:35,,,step_31,구리_평탄화,IDLE,0.1752095544782865,4.5110136985867015,10.262176856138485,0.058618262612447,NORMAL
09:24:40,,,step_31,구리_평탄화,IDLE,0.1752095544782865,4.5110136985867015,10.262176856138485,0.058618262612447,NORMAL
09:24:45,,,step_31,구리_평탄화,IDLE,0.1752095544782865,4.5110136985867015,10.262176856138485,0.058618262612447,NORMAL
09:24:50,,,step_31,구리_평탄화,IDLE,0.1752095544782865,4.5110136985867015,10.262176856138485,0.058618262612447,NORMAL
09:24:55,,,step_31,구리_평탄화,IDLE,0.1752095544782865,4.5110136985867015,10.262176856138485,0.058618262612447,NORMAL
09:25:00,,,step_31,구리_평탄화,IDLE,0.1752095544782865,4.5110136985867015,10.262176856138485,0.058618262612447,NORMAL
09:25:05,,,step_31,구리_평탄화,IDLE,0.1752095544782865,4.5110136985867015,10.262176856138485,0.058618262612447,NORMAL
09:25:10,,,step_31,구리_평탄화,IDLE,0.1752095544782865,4.5110136985867015,10.262176856138485,0.058618262612447,NORMAL
09:25:15,,,step_31,구리_평탄화,IDLE,0.1752095544782865,4.5110136985867015,10.262176856138485,0.058618262612447,NORMAL
09:25:20,,,step_31,구리_평탄화,IDLE,0.1752095544782865,4.5110136985867015,10.262176856138485,0.058618262612447,NORMAL
09:25:25,,,step_31,구리_평탄화,IDLE,0.1752095544782865,4.5110136985867015,10.262176856138485,0.058618262612447,NORMAL
09:25:30,,,step_31,구리_평탄화,IDLE,0.1752095544782865,4.5110136985867015,10.262176856138485,0.058618262612447,NORMAL
09:25:35,,,step_31,구리_평탄화,IDLE,0.1752095544782865,4.5110136985867015,10.262176856138485,0.058618262612447,NORMAL
09:25:40,,,step_31,구리_평탄화,IDLE,0.1752095544782865,4.5110136985867015,10.262176856138485,0.058618262612447,NORMAL
09:25:45,,,step_31,구리_평탄화,IDLE,0.1752095544782865,4.5110136985867015,10.262176856138485,0.058618262612447,NORMAL
09:25:50,,,step_31,구리_평탄화,IDLE,0.1752095544782865,4.5110136985867015,10.262176856138485,0.058618262612447,NORMAL
09:25:55,,,step_31,구리_평탄화,IDLE,0.1752095544782865,4.5110136985867015,10.262176856138485,0.058618262612447,NORMAL
09:26:00,,,step_31,구리_평탄화,IDLE,0.1752095544782865,4.5110136985867015,10.262176856138485,0.058618262612447,NORMAL
09:26:05,,,step_31,구리_평탄화,IDLE,0.1752095544782865,4.5110136985867015,10.262176856138485,0.058618262612447,NORMAL
09:26:10,,,step_31,구리_평탄화,IDLE,0.1752095544782865,4.5110136985867015,10.262176856138485,0.058618262612447,NORMAL
09:26:15,,,step_31,구리_평탄화,IDLE,0.1752095544782865,4.5110136985867015,10.262176856138485,0.058618262612447,NORMAL
09:26:20,,,step_31,구리_평탄화,IDLE,0.1752095544782865,4.5110136985867015,10.262176856138485,0.058618262612447,NORMAL
09:26:25,,,step_31,구리_평탄화,IDLE,0.1752095544782865,4.5110136985867015,10.262176856138485,0.058618262612447,NORMAL
09:26:30,,,step_31,구리_평탄화,IDLE,0.1752095544782865,4.5110136985867015,10.262176856138485,0.058618262612447,NORMAL
09:26:35,,,step_31,구리_평탄화,IDLE,0.1752095544782865,4.5110136985867015,10.262176856138485,0.058618262612447,NORMAL
09:26:40,,,step_31,구리_평탄화,IDLE,0.1752095544782865,4.5110136985867015,10.262176856138485,0.058618262612447,NORMAL
09:26:45,,,step_31,구리_평탄화,IDLE,0.1752095544782865,4.5110136985867015,10.262176856138485,0.058618262612447,NORMAL
09:26:50,,,step_31,구리_평탄화,IDLE,0.1752095544782865,4.5110136985867015,10.262176856138485,0.058618262612447,NORMAL
09:26:55,,,step_31,구리_평탄화,IDLE,0.1752095544782865,4.5110136985867015,10.262176856138485,0.058618262612447,NORMAL
09:27:00,,,step_31,구리_평탄화,IDLE,0.1752095544782865,4.5110136985867015,10.262176856138485,0.058618262612447,NORMAL
09:27:05,,,step_31,구리_평탄화,IDLE,0.1752095544782865,4.5110136985867015,10.262176856138485,0.058618262612447,NORMAL
09:27:10,,,step_31,구리_평탄화,IDLE,0.1752095544782865,4.5110136985867015,10.262176856138485,0.058618262612447,NORMAL
09:27:15,,,step_31,구리_평탄화,IDLE,0.1752095544782865,4.5110136985867015,10.262176856138485,0.058618262612447,NORMAL
09:27:20,,,step_31,구리_평탄화,IDLE,0.1752095544782865,4.5110136985867015,10.262176856138485,0.058618262612447,NORMAL
09:27:25,,,step_31,구리_평탄화,IDLE,0.1752095544782865,4.5110136985867015,10.262176856138485,0.058618262612447,NORMAL
09:27:30,,,step_31,구리_평탄화,IDLE,0.1752095544782865,4.5110136985867015,10.262176856138485,0.058618262612447,NORMAL
09:27:35,,,step_31,구리_평탄화,IDLE,0.1752095544782865,4.5110136985867015,10.262176856138485,0.058618262612447,NORMAL
09:27:40,,,step_31,구리_평탄화,IDLE,0.1752095544782865,4.5110136985867015,10.262176856138485,0.058618262612447,NORMAL
09:27:45,,,step_31,구리_평탄화,IDLE,0.1752095544782865,4.5110136985867015,10.262176856138485,0.058618262612447,NORMAL
09:27:50,,,step_31,구리_평탄화,IDLE,0.1752095544782865,4.5110136985867015,10.262176856138485,0.058618262612447,NORMAL
09:27:55,,,step_31,구리_평탄화,IDLE,0.1752095544782865,4.5110136985867015,10.262176856138485,0.058618262612447,NORMAL
09:28:00,,,step_31,구리_평탄화,IDLE,0.1752095544782865,4.5110136985867015,10.262176856138485,0.058618262612447,NORMAL
09:28:05,,,step_31,구리_평탄화,IDLE,0.1752095544782865,4.5110136985867015,10.262176856138485,0.058618262612447,NORMAL
09:28:10,,,step_31,구리_평탄화,IDLE,0.1752095544782865,4.5110136985867015,10.262176856138485,0.058618262612447,NORMAL
09:28:15,,,step_31,구리_평탄화,IDLE,0.1752095544782865,4.5110136985867015,10.262176856138485,0.058618262612447,NORMAL
09:28:20,,,step_31,구리_평탄화,IDLE,0.1752095544782865,4.5110136985867015,10.262176856138485,0.058618262612447,NORMAL
09:28:25,,,step_31,구리_평탄화,IDLE,0.1752095544782865,4.5110136985867015,10.262176856138485,0.058618262612447,NORMAL
09:28:30,,,step_31,구리_평탄화,IDLE,0.1752095544782865,4.5110136985867015,10.262176856138485,0.058618262612447,NORMAL
09:28:35,,,step_31,구리_평탄화,IDLE,0.1752095544782865,4.5110136985867015,10.262176856138485,0.058618262612447,NORMAL
09:28:40,,,step_31,구리_평탄화,IDLE,0.1752095544782865,4.5110136985867015,10.262176856138485,0.058618262612447,NORMAL
09:28:45,,,step_31,구리_평탄화,IDLE,0.1752095544782865,4.5110136985867015,10.262176856138485,0.058618262612447,NORMAL
09:28:50,,,step_31,구리_평탄화,IDLE,0.1752095544782865,4.5110136985867015,10.262176856138485,0.058618262612447,NORMAL
09:28:55,,,step_31,구리_평탄화,IDLE,0.1752095544782865,4.5110136985867015,10.262176856138485,0.058618262612447,NORMAL
09:29:00,,,step_31,구리_평탄화,IDLE,0.1752095544782865,4.5110136985867015,10.262176856138485,0.058618262612447,NORMAL
09:29:05,,,step_31,구리_평탄화,IDLE,0.1752095544782865,4.5110136985867015,10.262176856138485,0.058618262612447,NORMAL
09:29:10,,,step_31,구리_평탄화,IDLE,0.1752095544782865,4.5110136985867015,10.262176856138485,0.058618262612447,NORMAL
09:29:15,,,step_31,구리_평탄화,IDLE,0.1752095544782865,4.5110136985867015,10.262176856138485,0.058618262612447,NORMAL
09:29:20,,,step_31,구리_평탄화,IDLE,0.1752095544782865,4.5110136985867015,10.262176856138485,0.058618262612447,NORMAL
09:29:25,,,step_31,구리_평탄화,IDLE,0.1752095544782865,4.5110136985867015,10.262176856138485,0.058618262612447,NORMAL
09:29:30,,,step_31,구리_평탄화,IDLE,0.1752095544782865,4.5110136985867015,10.262176856138485,0.058618262612447,NORMAL
09:29:35,,,step_31,구리_평탄화,IDLE,0.1752095544782865,4.5110136985867015,10.262176856138485,0.058618262612447,NORMAL
09:29:40,,,step_31,구리_평탄화,IDLE,0.1752095544782865,4.5110136985867015,10.262176856138485,0.058618262612447,NORMAL
09:29:45,,,step_31,구리_평탄화,IDLE,0.1752095544782865,4.5110136985867015,10.262176856138485,0.058618262612447,NORMAL
09:29:50,,,step_31,구리_평탄화,IDLE,0.1752095544782865,4.5110136985867015,10.262176856138485,0.058618262612447,NORMAL
09:29:55,,,step_31,구리_평탄화,IDLE,0.1752095544782865,4.5110136985867015,10.262176856138485,0.058618262612447,NORMAL
09:30:00,,,step_31,구리_평탄화,IDLE,0.1752095544782865,4.5110136985867015,10.262176856138485,0.058618262612447,NORMAL
09:30:05,,,step_31,구리_평탄화,IDLE,0.1752095544782865,4.5110136985867015,10.262176856138485,0.058618262612447,NORMAL
09:30:10,,,step_31,구리_평탄화,IDLE,0.1752095544782865,4.5110136985867015,10.262176856138485,0.058618262612447,NORMAL
09:30:15,,,step_31,구리_평탄화,IDLE,0.1752095544782865,4.5110136985867015,10.262176856138485,0.058618262612447,NORMAL
09:30:20,,,step_31,구리_평탄화,IDLE,0.1752095544782865,4.5110136985867015,10.262176856138485,0.058618262612447,NORMAL
09:30:25,,,step_31,구리_평탄화,IDLE,0.1752095544782865,4.5110136985867015,10.262176856138485,0.058618262612447,NORMAL
09:30:30,,,step_31,구리_평탄화,IDLE,0.1752095544782865,4.5110136985867015,10.262176856138485,0.058618262612447,NORMAL
09:30:35,,,step_31,구리_평탄화,IDLE,0.1752095544782865,4.5110136985867015,10.262176856138485,0.058618262612447,NORMAL
09:30:40,,,step_31,구리_평탄화,IDLE,0.1752095544782865,4.5110136985867015,10.262176856138485,0.058618262612447,NORMAL
09:30:45,,,step_31,구리_평탄화,IDLE,0.1752095544782865,4.5110136985867015,10.262176856138485,0.058618262612447,NORMAL
09:30:50,,,step_31,구리_평탄화,IDLE,0.1752095544782865,4.5110136985867015,10.262176856138485,0.058618262612447,NORMAL
09:30:55,,,step_31,구리_평탄화,IDLE,0.1752095544782865,4.5110136985867015,10.262176856138485,0.058618262612447,NORMAL
09:31:00,,,step_31,구리_평탄화,IDLE,0.1752095544782865,4.5110136985867015,10.262176856138485,0.058618262612447,NORMAL
09:31:05,,,step_31,구리_평탄화,IDLE,0.1752095544782865,4.5110136985867015,10.262176856138485,0.058618262612447,NORMAL
09:31:10,,,step_31,구리_평탄화,IDLE,0.1752095544782865,4.5110136985867015,10.262176856138485,0.058618262612447,NORMAL
09:31:15,,,step_31,구리_평탄화,IDLE,0.1752095544782865,4.5110136985867015,10.262176856138485,0.058618262612447,NORMAL
09:31:20,,,step_31,구리_평탄화,IDLE,0.1752095544782865,4.5110136985867015,10.262176856138485,0.058618262612447,NORMAL
09:31:25,,,step_31,구리_평탄화,IDLE,0.1752095544782865,4.5110136985867015,10.262176856138485,0.058618262612447,NORMAL
09:31:30,,,step_31,구리_평탄화,IDLE,0.1752095544782865,4.5110136985867015,10.262176856138485,0.058618262612447,NORMAL
09:31:35,,,step_31,구리_평탄화,IDLE,0.1752095544782865,4.5110136985867015,10.262176856138485,0.058618262612447,NORMAL
09:31:40,,,step_31,구리_평탄화,IDLE,0.1752095544782865,4.5110136985867015,10.262176856138485,0.058618262612447,NORMAL
09:31:45,,,step_31,구리_평탄화,IDLE,0.1752095544782865,4.5110136985867015,10.262176856138485,0.058618262612447,NORMAL
09:31:50,,,step_31,구리_평탄화,IDLE,0.1752095544782865,4.5110136985867015,10.262176856138485,0.058618262612447,NORMAL
09:31:55,,,step_31,구리_평탄화,IDLE,0.1752095544782865,4.5110136985867015,10.262176856138485,0.058618262612447,NORMAL
09:32:00,,,step_31,구리_평탄화,IDLE,0.1752095544782865,4.5110136985867015,10.262176856138485,0.058618262612447,NORMAL
09:32:05,,,step_31,구리_평탄화,IDLE,0.1752095544782865,4.5110136985867015,10.262176856138485,0.058618262612447,NORMAL
09:32:10,,,step_31,구리_평탄화,IDLE,0.1752095544782865,4.5110136985867015,10.262176856138485,0.058618262612447,NORMAL
09:32:15,,,step_31,구리_평탄화,IDLE,0.1752095544782865,4.5110136985867015,10.262176856138485,0.058618262612447,NORMAL
09:32:20,,,step_31,구리_평탄화,IDLE,0.1752095544782865,4.5110136985867015,10.262176856138485,0.058618262612447,NORMAL
09:32:25,,,step_31,구리_평탄화,IDLE,0.1752095544782865,4.5110136985867015,10.262176856138485,0.058618262612447,NORMAL
09:32:30,,,step_31,구리_평탄화,IDLE,0.1752095544782865,4.5110136985867015,10.262176856138485,0.058618262612447,NORMAL
09:32:35,,,step_31,구리_평탄화,IDLE,0.1752095544782865,4.5110136985867015,10.262176856138485,0.058618262612447,NORMAL
09:32:40,,,step_31,구리_평탄화,IDLE,0.1752095544782865,4.5110136985867015,10.262176856138485,0.058618262612447,NORMAL
09:32:45,,,step_31,구리_평탄화,IDLE,0.1752095544782865,4.5110136985867015,10.262176856138485,0.058618262612447,NORMAL
09:32:50,,,step_31,구리_평탄화,IDLE,0.1752095544782865,4.5110136985867015,10.262176856138485,0.058618262612447,NORMAL
09:32:55,,,step_31,구리_평탄화,IDLE,0.1752095544782865,4.5110136985867015,10.262176856138485,0.058618262612447,NORMAL
09:33:00,,,step_31,구리_평탄화,IDLE,0.1752095544782865,4.5110136985867015,10.262176856138485,0.058618262612447,NORMAL
09:33:05,,,step_31,구리_평탄화,IDLE,0.1752095544782865,4.5110136985867015,10.262176856138485,0.058618262612447,NORMAL
09:33:10,,,step_31,구리_평탄화,IDLE,0.1752095544782865,4.5110136985867015,10.262176856138485,0.058618262612447,NORMAL
09:33:15,,,step_31,구리_평탄화,IDLE,0.1752095544782865,4.5110136985867015,10.262176856138485,0.058618262612447,NORMAL
09:33:20,,,step_31,구리_평탄화,IDLE,0.1752095544782865,4.5110136985867015,10.262176856138485,0.058618262612447,NORMAL
09:33:25,,,step_31,구리_평탄화,IDLE,0.1752095544782865,4.5110136985867015,10.262176856138485,0.058618262612447,NORMAL
09:33:30,,,step_31,구리_평탄화,IDLE,0.1752095544782865,4.5110136985867015,10.262176856138485,0.058618262612447,NORMAL
09:33:35,,,step_31,구리_평탄화,IDLE,0.1752095544782865,4.5110136985867015,10.262176856138485,0.058618262612447,NORMAL
09:33:40,,,step_31,구리_평탄화,IDLE,0.1752095544782865,4.5110136985867015,10.262176856138485,0.058618262612447,NORMAL
09:33:45,,,step_31,구리_평탄화,IDLE,0.1752095544782865,4.5110136985867015,10.262176856138485,0.058618262612447,NORMAL
09:33:50,,,step_31,구리_평탄화,IDLE,0.1752095544782865,4.5110136985867015,10.262176856138485,0.058618262612447,NORMAL
09:33:55,,,step_31,구리_평탄화,IDLE,0.1752095544782865,4.5110136985867015,10.262176856138485,0.058618262612447,NORMAL
09:34:00,,,step_31,구리_평탄화,IDLE,0.1752095544782865,4.5110136985867015,10.262176856138485,0.058618262612447,NORMAL
09:34:05,,,step_31,구리_평탄화,IDLE,0.1752095544782865,4.5110136985867015,10.262176856138485,0.058618262612447,NORMAL
09:34:10,,,step_31,구리_평탄화,IDLE,0.1752095544782865,4.5110136985867015,10.262176856138485,0.058618262612447,NORMAL
09:34:15,,,step_31,구리_평탄화,IDLE,0.1752095544782865,4.5110136985867015,10.262176856138485,0.058618262612447,NORMAL
09:34:20,,,step_31,구리_평탄화,IDLE,0.1752095544782865,4.5110136985867015,10.262176856138485,0.058618262612447,NORMAL
09:34:25,,,step_31,구리_평탄화,IDLE,0.1752095544782865,4.5110136985867015,10.262176856138485,0.058618262612447,NORMAL
09:34:30,,,step_31,구리_평탄화,IDLE,0.1752095544782865,4.5110136985867015,10.262176856138485,0.058618262612447,NORMAL
09:34:35,,,step_31,구리_평탄화,IDLE,0.1752095544782865,4.5110136985867015,10.262176856138485,0.058618262612447,NORMAL
09:34:40,,,step_31,구리_평탄화,IDLE,0.1752095544782865,4.5110136985867015,10.262176856138485,0.058618262612447,NORMAL
09:34:45,,,step_31,구리_평탄화,IDLE,0.1752095544782865,4.5110136985867015,10.262176856138485,0.058618262612447,NORMAL
09:34:50,,,step_31,구리_평탄화,IDLE,0.1752095544782865,4.5110136985867015,10.262176856138485,0.058618262612447,NORMAL
09:34:55,,,step_31,구리_평탄화,IDLE,0.1752095544782865,4.5110136985867015,10.262176856138485,0.058618262612447,NORMAL
09:35:00,,,step_31,구리_평탄화,IDLE,0.1752095544782865,4.5110136985867015,10.262176856138485,0.058618262612447,NORMAL
09:35:05,,,step_31,구리_평탄화,IDLE,0.1752095544782865,4.5110136985867015,10.262176856138485,0.058618262612447,NORMAL
09:35:10,,,step_31,구리_평탄화,IDLE,0.1752095544782865,4.5110136985867015,10.262176856138485,0.058618262612447,NORMAL
09:35:15,,,step_31,구리_평탄화,IDLE,0.1752095544782865,4.5110136985867015,10.262176856138485,0.058618262612447,NORMAL
09:35:20,,,step_31,구리_평탄화,IDLE,0.1752095544782865,4.5110136985867015,10.262176856138485,0.058618262612447,NORMAL
09:35:25,,,step_31,구리_평탄화,IDLE,0.1752095544782865,4.5110136985867015,10.262176856138485,0.058618262612447,NORMAL
09:35:30,,,step_31,구리_평탄화,IDLE,0.1752095544782865,4.5110136985867015,10.262176856138485,0.058618262612447,NORMAL
09:35:35,,,step_31,구리_평탄화,IDLE,0.1752095544782865,4.5110136985867015,10.262176856138485,0.058618262612447,NORMAL
09:35:40,,,step_31,구리_평탄화,IDLE,0.1752095544782865,4.5110136985867015,10.262176856138485,0.058618262612447,NORMAL
09:35:45,,,step_31,구리_평탄화,IDLE,0.1752095544782865,4.5110136985867015,10.262176856138485,0.058618262612447,NORMAL
09:35:50,,,step_31,구리_평탄화,IDLE,0.1752095544782865,4.5110136985867015,10.262176856138485,0.058618262612447,NORMAL
09:35:55,,,step_31,구리_평탄화,IDLE,0.1752095544782865,4.5110136985867015,10.262176856138485,0.058618262612447,NORMAL
09:36:00,,,step_31,구리_평탄화,IDLE,0.1752095544782865,4.5110136985867015,10.262176856138485,0.058618262612447,NORMAL
09:36:05,,,step_31,구리_평탄화,IDLE,0.1752095544782865,4.5110136985867015,10.262176856138485,0.058618262612447,NORMAL
09:36:10,,,step_31,구리_평탄화,IDLE,0.1752095544782865,4.5110136985867015,10.262176856138485,0.058618262612447,NORMAL
09:36:15,,,step_31,구리_평탄화,IDLE,0.1752095544782865,4.5110136985867015,10.262176856138485,0.058618262612447,NORMAL
09:36:20,,,step_31,구리_평탄화,IDLE,0.1752095544782865,4.5110136985867015,10.262176856138485,0.058618262612447,NORMAL
09:36:25,,,step_31,구리_평탄화,IDLE,0.1752095544782865,4.5110136985867015,10.262176856138485,0.058618262612447,NORMAL
09:36:30,,,step_31,구리_평탄화,IDLE,0.1752095544782865,4.5110136985867015,10.262176856138485,0.058618262612447,NORMAL
09:36:35,,,step_31,구리_평탄화,IDLE,0.1752095544782865,4.5110136985867015,10.262176856138485,0.058618262612447,NORMAL
09:36:40,,,step_31,구리_평탄화,IDLE,0.1752095544782865,4.5110136985867015,10.262176856138485,0.058618262612447,NORMAL
09:36:45,,,step_31,구리_평탄화,IDLE,0.1752095544782865,4.5110136985867015,10.262176856138485,0.058618262612447,NORMAL
09:36:50,,,step_31,구리_평탄화,IDLE,0.1752095544782865,4.5110136985867015,10.262176856138485,0.058618262612447,NORMAL
09:36:55,,,step_31,구리_평탄화,IDLE,0.1752095544782865,4.5110136985867015,10.262176856138485,0.058618262612447,NORMAL
09:37:00,,,step_31,구리_평탄화,IDLE,0.1752095544782865,4.5110136985867015,10.262176856138485,0.058618262612447,NORMAL
09:37:05,,,step_31,구리_평탄화,IDLE,0.1752095544782865,4.5110136985867015,10.262176856138485,0.058618262612447,NORMAL
09:37:10,,,step_31,구리_평탄화,IDLE,0.1752095544782865,4.5110136985867015,10.262176856138485,0.058618262612447,NORMAL
09:37:15,,,step_31,구리_평탄화,IDLE,0.1752095544782865,4.5110136985867015,10.262176856138485,0.058618262612447,NORMAL
09:37:20,,,step_31,구리_평탄화,IDLE,0.1752095544782865,4.5110136985867015,10.262176856138485,0.058618262612447,NORMAL
09:37:25,,,step_31,구리_평탄화,IDLE,0.1752095544782865,4.5110136985867015,10.262176856138485,0.058618262612447,NORMAL
09:37:30,,,step_31,구리_평탄화,IDLE,0.1752095544782865,4.5110136985867015,10.262176856138485,0.058618262612447,NORMAL
09:37:35,,,step_31,구리_평탄화,IDLE,0.1752095544782865,4.5110136985867015,10.262176856138485,0.058618262612447,NORMAL
09:37:40,,,step_31,구리_평탄화,IDLE,0.1752095544782865,4.5110136985867015,10.262176856138485,0.058618262612447,NORMAL
09:37:45,,,step_31,구리_평탄화,IDLE,0.1752095544782865,4.5110136985867015,10.262176856138485,0.058618262612447,NORMAL
09:37:50,,,step_31,구리_평탄화,IDLE,0.1752095544782865,4.5110136985867015,10.262176856138485,0.058618262612447,NORMAL
09:37:55,,,step_31,구리_평탄화,IDLE,0.1752095544782865,4.5110136985867015,10.262176856138485,0.058618262612447,NORMAL
09:38:00,,,step_31,구리_평탄화,IDLE,0.1752095544782865,4.5110136985867015,10.262176856138485,0.058618262612447,NORMAL
09:38:05,,,step_31,구리_평탄화,IDLE,0.1752095544782865,4.5110136985867015,10.262176856138485,0.058618262612447,NORMAL
09:38:10,,,step_31,구리_평탄화,IDLE,0.1752095544782865,4.5110136985867015,10.262176856138485,0.058618262612447,NORMAL
09:38:15,,,step_31,구리_평탄화,IDLE,0.1752095544782865,4.5110136985867015,10.262176856138485,0.058618262612447,NORMAL
09:38:20,,,step_31,구리_평탄화,IDLE,0.1752095544782865,4.5110136985867015,10.262176856138485,0.058618262612447,NORMAL
09:38:25,,,step_31,구리_평탄화,IDLE,0.1752095544782865,4.5110136985867015,10.262176856138485,0.058618262612447,NORMAL
09:38:30,,,step_31,구리_평탄화,IDLE,0.1752095544782865,4.5110136985867015,10.262176856138485,0.058618262612447,NORMAL
09:38:35,,,step_31,구리_평탄화,IDLE,0.1752095544782865,4.5110136985867015,10.262176856138485,0.058618262612447,NORMAL
09:38:40,,,step_31,구리_평탄화,IDLE,0.1752095544782865,4.5110136985867015,10.262176856138485,0.058618262612447,NORMAL
09:38:45,,,step_31,구리_평탄화,IDLE,0.1752095544782865,4.5110136985867015,10.262176856138485,0.058618262612447,NORMAL
09:38:50,,,step_31,구리_평탄화,IDLE,0.1752095544782865,4.5110136985867015,10.262176856138485,0.058618262612447,NORMAL
09:38:55,,,step_31,구리_평탄화,IDLE,0.1752095544782865,4.5110136985867015,10.262176856138485,0.058618262612447,NORMAL
09:39:00,,,step_31,구리_평탄화,IDLE,0.1752095544782865,4.5110136985867015,10.262176856138485,0.058618262612447,NORMAL
09:39:05,,,step_31,구리_평탄화,IDLE,0.1752095544782865,4.5110136985867015,10.262176856138485,0.058618262612447,NORMAL
09:39:10,,,step_31,구리_평탄화,IDLE,0.1752095544782865,4.5110136985867015,10.262176856138485,0.058618262612447,NORMAL
09:39:15,,,step_31,구리_평탄화,IDLE,0.1752095544782865,4.5110136985867015,10.262176856138485,0.058618262612447,NORMAL
09:39:20,,,step_31,구리_평탄화,IDLE,0.1752095544782865,4.5110136985867015,10.262176856138485,0.058618262612447,NORMAL
09:39:25,,,step_31,구리_평탄화,IDLE,0.1752095544782865,4.5110136985867015,10.262176856138485,0.058618262612447,NORMAL
09:39:30,,,step_31,구리_평탄화,IDLE,0.1752095544782865,4.5110136985867015,10.262176856138485,0.058618262612447,NORMAL
09:39:35,,,step_31,구리_평탄화,IDLE,0.1752095544782865,4.5110136985867015,10.262176856138485,0.058618262612447,NORMAL
09:39:40,,,step_31,구리_평탄화,IDLE,0.1752095544782865,4.5110136985867015,10.262176856138485,0.058618262612447,NORMAL
09:39:45,,,step_31,구리_평탄화,IDLE,0.1752095544782865,4.5110136985867015,10.262176856138485,0.058618262612447,NORMAL
09:39:50,,,step_31,구리_평탄화,IDLE,0.1752095544782865,4.5110136985867015,10.262176856138485,0.058618262612447,NORMAL
09:39:55,,,step_31,구리_평탄화,IDLE,0.1752095544782865,4.5110136985867015,10.262176856138485,0.058618262612447,NORMAL
09:40:00,,,step_31,구리_평탄화,IDLE,0.1752095544782865,4.5110136985867015,10.262176856138485,0.058618262612447,NORMAL
09:40:05,,,step_31,구리_평탄화,IDLE,0.1752095544782865,4.5110136985867015,10.262176856138485,0.058618262612447,NORMAL
09:40:10,,,step_31,구리_평탄화,IDLE,0.1752095544782865,4.5110136985867015,10.262176856138485,0.058618262612447,NORMAL
09:40:15,,,step_31,구리_평탄화,IDLE,0.1752095544782865,4.5110136985867015,10.262176856138485,0.058618262612447,NORMAL
09:40:20,,,step_31,구리_평탄화,IDLE,0.1752095544782865,4.5110136985867015,10.262176856138485,0.058618262612447,NORMAL
09:40:25,,,step_31,구리_평탄화,IDLE,0.1752095544782865,4.5110136985867015,10.262176856138485,0.058618262612447,NORMAL
09:40:30,,,step_31,구리_평탄화,IDLE,0.1752095544782865,4.5110136985867015,10.262176856138485,0.058618262612447,NORMAL
09:40:35,,,step_31,구리_평탄화,IDLE,0.1752095544782865,4.5110136985867015,10.262176856138485,0.058618262612447,NORMAL
09:40:40,,,step_31,구리_평탄화,IDLE,0.1752095544782865,4.5110136985867015,10.262176856138485,0.058618262612447,NORMAL
09:40:45,,,step_31,구리_평탄화,IDLE,0.1752095544782865,4.5110136985867015,10.262176856138485,0.058618262612447,NORMAL
09:40:50,,,step_31,구리_평탄화,IDLE,0.1752095544782865,4.5110136985867015,10.262176856138485,0.058618262612447,NORMAL
09:40:55,,,step_31,구리_평탄화,IDLE,0.1752095544782865,4.5110136985867015,10.262176856138485,0.058618262612447,NORMAL
09:41:00,,,step_31,구리_평탄화,IDLE,0.1752095544782865,4.5110136985867015,10.262176856138485,0.058618262612447,NORMAL
09:41:05,,,step_31,구리_평탄화,IDLE,0.1752095544782865,4.5110136985867015,10.262176856138485,0.058618262612447,NORMAL
09:41:10,,,step_31,구리_평탄화,IDLE,0.1752095544782865,4.5110136985867015,10.262176856138485,0.058618262612447,NORMAL
09:41:15,,,step_31,구리_평탄화,IDLE,0.1752095544782865,4.5110136985867015,10.262176856138485,0.058618262612447,NORMAL
09:41:20,,,step_31,구리_평탄화,IDLE,0.1752095544782865,4.5110136985867015,10.262176856138485,0.058618262612447,NORMAL
09:41:25,,,step_31,구리_평탄화,IDLE,0.1752095544782865,4.5110136985867015,10.262176856138485,0.058618262612447,NORMAL
09:41:30,,,step_31,구리_평탄화,IDLE,0.1752095544782865,4.5110136985867015,10.262176856138485,0.058618262612447,NORMAL
09:41:35,,,step_31,구리_평탄화,IDLE,0.1752095544782865,4.5110136985867015,10.262176856138485,0.058618262612447,NORMAL
09:41:40,,,step_31,구리_평탄화,IDLE,0.1752095544782865,4.5110136985867015,10.262176856138485,0.058618262612447,NORMAL
09:41:45,,,step_31,구리_평탄화,IDLE,0.1752095544782865,4.5110136985867015,10.262176856138485,0.058618262612447,NORMAL
09:41:50,,,step_31,구리_평탄화,IDLE,0.1752095544782865,4.5110136985867015,10.262176856138485,0.058618262612447,NORMAL
09:41:55,,,step_31,구리_평탄화,IDLE,0.1752095544782865,4.5110136985867015,10.262176856138485,0.058618262612447,NORMAL
09:42:00,,,step_31,구리_평탄화,IDLE,0.1752095544782865,4.5110136985867015,10.262176856138485,0.058618262612447,NORMAL
09:42:05,,,step_31,구리_평탄화,IDLE,0.1752095544782865,4.5110136985867015,10.262176856138485,0.058618262612447,NORMAL
09:42:10,,,step_31,구리_평탄화,IDLE,0.1752095544782865,4.5110136985867015,10.262176856138485,0.058618262612447,NORMAL
09:42:15,,,step_31,구리_평탄화,IDLE,0.1752095544782865,4.5110136985867015,10.262176856138485,0.058618262612447,NORMAL
09:42:20,,,step_31,구리_평탄화,IDLE,0.1752095544782865,4.5110136985867015,10.262176856138485,0.058618262612447,NORMAL
09:42:25,,,step_31,구리_평탄화,IDLE,0.1752095544782865,4.5110136985867015,10.262176856138485,0.058618262612447,NORMAL
09:42:30,,,step_31,구리_평탄화,IDLE,0.1752095544782865,4.5110136985867015,10.262176856138485,0.058618262612447,NORMAL
09:42:35,,,step_31,구리_평탄화,IDLE,0.1752095544782865,4.5110136985867015,10.262176856138485,0.058618262612447,NORMAL
09:42:40,,,step_31,구리_평탄화,IDLE,0.1752095544782865,4.5110136985867015,10.262176856138485,0.058618262612447,NORMAL
09:42:45,,,step_31,구리_평탄화,IDLE,0.1752095544782865,4.5110136985867015,10.262176856138485,0.058618262612447,NORMAL
09:42:50,,,step_31,구리_평탄화,IDLE,0.1752095544782865,4.5110136985867015,10.262176856138485,0.058618262612447,NORMAL
09:42:55,,,step_31,구리_평탄화,IDLE,0.1752095544782865,4.5110136985867015,10.262176856138485,0.058618262612447,NORMAL
09:43:00,,,step_31,구리_평탄화,IDLE,0.1752095544782865,4.5110136985867015,10.262176856138485,0.058618262612447,NORMAL
09:43:05,,,step_31,구리_평탄화,IDLE,0.1752095544782865,4.5110136985867015,10.262176856138485,0.058618262612447,NORMAL
09:43:10,,,step_31,구리_평탄화,IDLE,0.1752095544782865,4.5110136985867015,10.262176856138485,0.058618262612447,NORMAL
09:43:15,,,step_31,구리_평탄화,IDLE,0.1752095544782865,4.5110136985867015,10.262176856138485,0.058618262612447,NORMAL
09:43:20,,,step_31,구리_평탄화,IDLE,0.1752095544782865,4.5110136985867015,10.262176856138485,0.058618262612447,NORMAL
09:43:25,,,step_31,구리_평탄화,IDLE,0.1752095544782865,4.5110136985867015,10.262176856138485,0.058618262612447,NORMAL
09:43:30,,,step_31,구리_평탄화,IDLE,0.1752095544782865,4.5110136985867015,10.262176856138485,0.058618262612447,NORMAL
09:43:35,,,step_31,구리_평탄화,IDLE,0.1752095544782865,4.5110136985867015,10.262176856138485,0.058618262612447,NORMAL
09:43:40,,,step_31,구리_평탄화,IDLE,0.1752095544782865,4.5110136985867015,10.262176856138485,0.058618262612447,NORMAL
09:43:45,,,step_31,구리_평탄화,IDLE,0.1752095544782865,4.5110136985867015,10.262176856138485,0.058618262612447,NORMAL
09:43:50,,,step_31,구리_평탄화,IDLE,0.1752095544782865,4.5110136985867015,10.262176856138485,0.058618262612447,NORMAL
09:43:55,,,step_31,구리_평탄화,IDLE,0.1752095544782865,4.5110136985867015,10.262176856138485,0.058618262612447,NORMAL
09:44:00,,,step_31,구리_평탄화,IDLE,0.1752095544782865,4.5110136985867015,10.262176856138485,0.058618262612447,NORMAL
09:44:05,,,step_31,구리_평탄화,IDLE,0.1752095544782865,4.5110136985867015,10.262176856138485,0.058618262612447,NORMAL
09:44:10,,,step_31,구리_평탄화,IDLE,0.1752095544782865,4.5110136985867015,10.262176856138485,0.058618262612447,NORMAL
09:44:15,,,step_31,구리_평탄화,IDLE,0.1752095544782865,4.5110136985867015,10.262176856138485,0.058618262612447,NORMAL
09:44:20,,,step_31,구리_평탄화,IDLE,0.1752095544782865,4.5110136985867015,10.262176856138485,0.058618262612447,NORMAL
09:44:25,,,step_31,구리_평탄화,IDLE,0.1752095544782865,4.5110136985867015,10.262176856138485,0.058618262612447,NORMAL
09:44:30,,,step_31,구리_평탄화,IDLE,0.1752095544782865,4.5110136985867015,10.262176856138485,0.058618262612447,NORMAL
09:44:35,,,step_31,구리_평탄화,IDLE,0.1752095544782865,4.5110136985867015,10.262176856138485,0.058618262612447,NORMAL
09:44:40,,,step_31,구리_평탄화,IDLE,0.1752095544782865,4.5110136985867015,10.262176856138485,0.058618262612447,NORMAL
09:44:45,,,step_31,구리_평탄화,IDLE,0.1752095544782865,4.5110136985867015,10.262176856138485,0.058618262612447,NORMAL
09:44:50,,,step_31,구리_평탄화,IDLE,0.1752095544782865,4.5110136985867015,10.262176856138485,0.058618262612447,NORMAL
09:44:55,,,step_31,구리_평탄화,IDLE,0.1752095544782865,4.5110136985867015,10.262176856138485,0.058618262612447,NORMAL
09:45:00,,,step_31,구리_평탄화,IDLE,0.1752095544782865,4.5110136985867015,10.262176856138485,0.058618262612447,NORMAL
09:45:05,,,step_31,구리_평탄화,IDLE,0.1752095544782865,4.5110136985867015,10.262176856138485,0.058618262612447,NORMAL
09:45:10,,,step_31,구리_평탄화,IDLE,0.1752095544782865,4.5110136985867015,10.262176856138485,0.058618262612447,NORMAL
09:45:15,,,step_31,구리_평탄화,IDLE,0.1752095544782865,4.5110136985867015,10.262176856138485,0.058618262612447,NORMAL
09:45:20,,,step_31,구리_평탄화,IDLE,0.1752095544782865,4.5110136985867015,10.262176856138485,0.058618262612447,NORMAL
09:45:25,,,step_31,구리_평탄화,IDLE,0.1752095544782865,4.5110136985867015,10.262176856138485,0.058618262612447,NORMAL
09:45:30,,,step_31,구리_평탄화,IDLE,0.1752095544782865,4.5110136985867015,10.262176856138485,0.058618262612447,NORMAL
09:45:35,,,step_31,구리_평탄화,IDLE,0.1752095544782865,4.5110136985867015,10.262176856138485,0.058618262612447,NORMAL
09:45:40,,,step_31,구리_평탄화,IDLE,0.1752095544782865,4.5110136985867015,10.262176856138485,0.058618262612447,NORMAL
09:45:45,,,step_31,구리_평탄화,IDLE,0.1752095544782865,4.5110136985867015,10.262176856138485,0.058618262612447,NORMAL
09:45:50,,,step_31,구리_평탄화,IDLE,0.1752095544782865,4.5110136985867015,10.262176856138485,0.058618262612447,NORMAL
09:45:55,,,step_31,구리_평탄화,IDLE,0.1752095544782865,4.5110136985867015,10.262176856138485,0.058618262612447,NORMAL
09:46:00,,,step_31,구리_평탄화,IDLE,0.1752095544782865,4.5110136985867015,10.262176856138485,0.058618262612447,NORMAL
09:46:05,,,step_31,구리_평탄화,IDLE,0.1752095544782865,4.5110136985867015,10.262176856138485,0.058618262612447,NORMAL
09:46:10,,,step_31,구리_평탄화,IDLE,0.1752095544782865,4.5110136985867015,10.262176856138485,0.058618262612447,NORMAL
09:46:15,,,step_31,구리_평탄화,IDLE,0.1752095544782865,4.5110136985867015,10.262176856138485,0.058618262612447,NORMAL
09:46:20,,,step_31,구리_평탄화,IDLE,0.1752095544782865,4.5110136985867015,10.262176856138485,0.058618262612447,NORMAL
09:46:25,,,step_31,구리_평탄화,IDLE,0.1752095544782865,4.5110136985867015,10.262176856138485,0.058618262612447,NORMAL
09:46:30,,,step_31,구리_평탄화,IDLE,0.1752095544782865,4.5110136985867015,10.262176856138485,0.058618262612447,NORMAL
09:46:35,,,step_31,구리_평탄화,IDLE,0.1752095544782865,4.5110136985867015,10.262176856138485,0.058618262612447,NORMAL
09:46:40,,,step_31,구리_평탄화,IDLE,0.1752095544782865,4.5110136985867015,10.262176856138485,0.058618262612447,NORMAL
09:46:45,,,step_31,구리_평탄화,IDLE,0.1752095544782865,4.5110136985867015,10.262176856138485,0.058618262612447,NORMAL
09:46:50,,,step_31,구리_평탄화,IDLE,0.1752095544782865,4.5110136985867015,10.262176856138485,0.058618262612447,NORMAL
09:46:55,,,step_31,구리_평탄화,IDLE,0.1752095544782865,4.5110136985867015,10.262176856138485,0.058618262612447,NORMAL
09:47:00,,,step_31,구리_평탄화,IDLE,0.1752095544782865,4.5110136985867015,10.262176856138485,0.058618262612447,NORMAL
09:47:05,,,step_31,구리_평탄화,IDLE,0.1752095544782865,4.5110136985867015,10.262176856138485,0.058618262612447,NORMAL
09:47:10,,,step_31,구리_평탄화,IDLE,0.1752095544782865,4.5110136985867015,10.262176856138485,0.058618262612447,NORMAL
09:47:15,,,step_31,구리_평탄화,IDLE,0.1752095544782865,4.5110136985867015,10.262176856138485,0.058618262612447,NORMAL
09:47:20,,,step_31,구리_평탄화,IDLE,0.1752095544782865,4.5110136985867015,10.262176856138485,0.058618262612447,NORMAL
09:47:25,,,step_31,구리_평탄화,IDLE,0.1752095544782865,4.5110136985867015,10.262176856138485,0.058618262612447,NORMAL
09:47:30,,,step_31,구리_평탄화,IDLE,0.1752095544782865,4.5110136985867015,10.262176856138485,0.058618262612447,NORMAL
09:47:35,,,step_31,구리_평탄화,IDLE,0.1752095544782865,4.5110136985867015,10.262176856138485,0.058618262612447,NORMAL
09:47:40,,,step_31,구리_평탄화,IDLE,0.1752095544782865,4.5110136985867015,10.262176856138485,0.058618262612447,NORMAL
09:47:45,,,step_31,구리_평탄화,IDLE,0.1752095544782865,4.5110136985867015,10.262176856138485,0.058618262612447,NORMAL
09:47:50,,,step_31,구리_평탄화,IDLE,0.1752095544782865,4.5110136985867015,10.262176856138485,0.058618262612447,NORMAL
09:47:55,,,step_31,구리_평탄화,IDLE,0.1752095544782865,4.5110136985867015,10.262176856138485,0.058618262612447,NORMAL
09:48:00,,,step_31,구리_평탄화,IDLE,0.1752095544782865,4.5110136985867015,10.262176856138485,0.058618262612447,NORMAL
09:48:05,,,step_31,구리_평탄화,IDLE,0.1752095544782865,4.5110136985867015,10.262176856138485,0.058618262612447,NORMAL
09:48:10,,,step_31,구리_평탄화,IDLE,0.1752095544782865,4.5110136985867015,10.262176856138485,0.058618262612447,NORMAL
09:48:15,,,step_31,구리_평탄화,IDLE,0.1752095544782865,4.5110136985867015,10.262176856138485,0.058618262612447,NORMAL
09:48:20,,,step_31,구리_평탄화,IDLE,0.1752095544782865,4.5110136985867015,10.262176856138485,0.058618262612447,NORMAL
09:48:25,,,step_31,구리_평탄화,IDLE,0.1752095544782865,4.5110136985867015,10.262176856138485,0.058618262612447,NORMAL
09:48:30,,,step_31,구리_평탄화,IDLE,0.1752095544782865,4.5110136985867015,10.262176856138485,0.058618262612447,NORMAL
09:48:35,,,step_31,구리_평탄화,IDLE,0.1752095544782865,4.5110136985867015,10.262176856138485,0.058618262612447,NORMAL
09:48:40,,,step_31,구리_평탄화,IDLE,0.1752095544782865,4.5110136985867015,10.262176856138485,0.058618262612447,NORMAL
09:48:45,,,step_31,구리_평탄화,IDLE,0.1752095544782865,4.5110136985867015,10.262176856138485,0.058618262612447,NORMAL
09:48:50,,,step_31,구리_평탄화,IDLE,0.1752095544782865,4.5110136985867015,10.262176856138485,0.058618262612447,NORMAL
09:48:55,,,step_31,구리_평탄화,IDLE,0.1752095544782865,4.5110136985867015,10.262176856138485,0.058618262612447,NORMAL
09:49:00,,,step_31,구리_평탄화,IDLE,0.1752095544782865,4.5110136985867015,10.262176856138485,0.058618262612447,NORMAL
09:49:05,,,step_31,구리_평탄화,IDLE,0.1752095544782865,4.5110136985867015,10.262176856138485,0.058618262612447,NORMAL
09:49:10,,,step_31,구리_평탄화,IDLE,0.1752095544782865,4.5110136985867015,10.262176856138485,0.058618262612447,NORMAL
09:49:15,,,step_31,구리_평탄화,IDLE,0.1752095544782865,4.5110136985867015,10.262176856138485,0.058618262612447,NORMAL
09:49:20,,,step_31,구리_평탄화,IDLE,0.1752095544782865,4.5110136985867015,10.262176856138485,0.058618262612447,NORMAL
09:49:25,,,step_31,구리_평탄화,IDLE,0.1752095544782865,4.5110136985867015,10.262176856138485,0.058618262612447,NORMAL
09:49:30,,,step_31,구리_평탄화,IDLE,0.1752095544782865,4.5110136985867015,10.262176856138485,0.058618262612447,NORMAL
09:49:35,,,step_31,구리_평탄화,IDLE,0.1752095544782865,4.5110136985867015,10.262176856138485,0.058618262612447,NORMAL
09:49:40,,,step_31,구리_평탄화,IDLE,0.1752095544782865,4.5110136985867015,10.262176856138485,0.058618262612447,NORMAL
09:49:45,,,step_31,구리_평탄화,IDLE,0.1752095544782865,4.5110136985867015,10.262176856138485,0.058618262612447,NORMAL
09:49:50,,,step_31,구리_평탄화,IDLE,0.1752095544782865,4.5110136985867015,10.262176856138485,0.058618262612447,NORMAL
09:49:55,,,step_31,구리_평탄화,IDLE,0.1752095544782865,4.5110136985867015,10.262176856138485,0.058618262612447,NORMAL
09:50:00,,,step_31,구리_평탄화,IDLE,0.1752095544782865,4.5110136985867015,10.262176856138485,0.058618262612447,NORMAL
09:50:05,,,step_31,구리_평탄화,IDLE,0.1752095544782865,4.5110136985867015,10.262176856138485,0.058618262612447,NORMAL
09:50:10,,,step_31,구리_평탄화,IDLE,0.1752095544782865,4.5110136985867015,10.262176856138485,0.058618262612447,NORMAL
09:50:15,,,step_31,구리_평탄화,IDLE,0.1752095544782865,4.5110136985867015,10.262176856138485,0.058618262612447,NORMAL
09:50:20,,,step_31,구리_평탄화,IDLE,0.1752095544782865,4.5110136985867015,10.262176856138485,0.058618262612447,NORMAL
09:50:25,,,step_31,구리_평탄화,IDLE,0.1752095544782865,4.5110136985867015,10.262176856138485,0.058618262612447,NORMAL
09:50:30,,,step_31,구리_평탄화,IDLE,0.1752095544782865,4.5110136985867015,10.262176856138485,0.058618262612447,NORMAL
09:50:35,,,step_31,구리_평탄화,IDLE,0.1752095544782865,4.5110136985867015,10.262176856138485,0.058618262612447,NORMAL
09:50:40,,,step_31,구리_평탄화,IDLE,0.1752095544782865,4.5110136985867015,10.262176856138485,0.058618262612447,NORMAL
09:50:45,,,step_31,구리_평탄화,IDLE,0.1752095544782865,4.5110136985867015,10.262176856138485,0.058618262612447,NORMAL
09:50:50,,,step_31,구리_평탄화,IDLE,0.1752095544782865,4.5110136985867015,10.262176856138485,0.058618262612447,NORMAL
09:50:55,,,step_31,구리_평탄화,IDLE,0.1752095544782865,4.5110136985867015,10.262176856138485,0.058618262612447,NORMAL
09:51:00,,,step_31,구리_평탄화,IDLE,0.1752095544782865,4.5110136985867015,10.262176856138485,0.058618262612447,NORMAL
09:51:05,,,step_31,구리_평탄화,IDLE,0.1752095544782865,4.5110136985867015,10.262176856138485,0.058618262612447,NORMAL
09:51:10,,,step_31,구리_평탄화,IDLE,0.1752095544782865,4.5110136985867015,10.262176856138485,0.058618262612447,NORMAL
09:51:15,,,step_31,구리_평탄화,IDLE,0.1752095544782865,4.5110136985867015,10.262176856138485,0.058618262612447,NORMAL
09:51:20,,,step_31,구리_평탄화,IDLE,0.1752095544782865,4.5110136985867015,10.262176856138485,0.058618262612447,NORMAL
09:51:25,,,step_31,구리_평탄화,IDLE,0.1752095544782865,4.5110136985867015,10.262176856138485,0.058618262612447,NORMAL
09:51:30,,,step_31,구리_평탄화,IDLE,0.1752095544782865,4.5110136985867015,10.262176856138485,0.058618262612447,NORMAL
09:51:35,,,step_31,구리_평탄화,IDLE,0.1752095544782865,4.5110136985867015,10.262176856138485,0.058618262612447,NORMAL
09:51:40,,,step_31,구리_평탄화,IDLE,0.1752095544782865,4.5110136985867015,10.262176856138485,0.058618262612447,NORMAL
09:51:45,,,step_31,구리_평탄화,IDLE,0.1752095544782865,4.5110136985867015,10.262176856138485,0.058618262612447,NORMAL
09:51:50,,,step_31,구리_평탄화,IDLE,0.1752095544782865,4.5110136985867015,10.262176856138485,0.058618262612447,NORMAL
09:51:55,,,step_31,구리_평탄화,IDLE,0.1752095544782865,4.5110136985867015,10.262176856138485,0.058618262612447,NORMAL
09:52:00,,,step_31,구리_평탄화,IDLE,0.1752095544782865,4.5110136985867015,10.262176856138485,0.058618262612447,NORMAL
09:52:05,,,step_31,구리_평탄화,IDLE,0.1752095544782865,4.5110136985867015,10.262176856138485,0.058618262612447,NORMAL
09:52:10,,,step_31,구리_평탄화,IDLE,0.1752095544782865,4.5110136985867015,10.262176856138485,0.058618262612447,NORMAL
09:52:15,,,step_31,구리_평탄화,IDLE,0.1752095544782865,4.5110136985867015,10.262176856138485,0.058618262612447,NORMAL
09:52:20,,,step_31,구리_평탄화,IDLE,0.1752095544782865,4.5110136985867015,10.262176856138485,0.058618262612447,NORMAL
09:52:25,,,step_31,구리_평탄화,IDLE,0.1752095544782865,4.5110136985867015,10.262176856138485,0.058618262612447,NORMAL
09:52:30,,,step_31,구리_평탄화,IDLE,0.1752095544782865,4.5110136985867015,10.262176856138485,0.058618262612447,NORMAL
09:52:35,,,step_31,구리_평탄화,IDLE,0.1752095544782865,4.5110136985867015,10.262176856138485,0.058618262612447,NORMAL
09:52:40,,,step_31,구리_평탄화,IDLE,0.1752095544782865,4.5110136985867015,10.262176856138485,0.058618262612447,NORMAL
09:52:45,,,step_31,구리_평탄화,IDLE,0.1752095544782865,4.5110136985867015,10.262176856138485,0.058618262612447,NORMAL
09:52:50,,,step_31,구리_평탄화,IDLE,0.1752095544782865,4.5110136985867015,10.262176856138485,0.058618262612447,NORMAL
09:52:55,,,step_31,구리_평탄화,IDLE,0.1752095544782865,4.5110136985867015,10.262176856138485,0.058618262612447,NORMAL
09:53:00,,,step_31,구리_평탄화,IDLE,0.1752095544782865,4.5110136985867015,10.262176856138485,0.058618262612447,NORMAL
09:53:05,,,step_31,구리_평탄화,IDLE,0.1752095544782865,4.5110136985867015,10.262176856138485,0.058618262612447,NORMAL
09:53:10,,,step_31,구리_평탄화,IDLE,0.1752095544782865,4.5110136985867015,10.262176856138485,0.058618262612447,NORMAL
09:53:15,,,step_31,구리_평탄화,IDLE,0.1752095544782865,4.5110136985867015,10.262176856138485,0.058618262612447,NORMAL
09:53:20,,,step_31,구리_평탄화,IDLE,0.1752095544782865,4.5110136985867015,10.262176856138485,0.058618262612447,NORMAL
09:53:25,,,step_31,구리_평탄화,IDLE,0.1752095544782865,4.5110136985867015,10.262176856138485,0.058618262612447,NORMAL
09:53:30,,,step_31,구리_평탄화,IDLE,0.1752095544782865,4.5110136985867015,10.262176856138485,0.058618262612447,NORMAL
09:53:35,,,step_31,구리_평탄화,IDLE,0.1752095544782865,4.5110136985867015,10.262176856138485,0.058618262612447,NORMAL
09:53:40,,,step_31,구리_평탄화,IDLE,0.1752095544782865,4.5110136985867015,10.262176856138485,0.058618262612447,NORMAL
09:53:45,,,step_31,구리_평탄화,IDLE,0.1752095544782865,4.5110136985867015,10.262176856138485,0.058618262612447,NORMAL
09:53:50,,,step_31,구리_평탄화,IDLE,0.1752095544782865,4.5110136985867015,10.262176856138485,0.058618262612447,NORMAL
09:53:55,,,step_31,구리_평탄화,IDLE,0.1752095544782865,4.5110136985867015,10.262176856138485,0.058618262612447,NORMAL
09:54:00,,,step_31,구리_평탄화,IDLE,0.1752095544782865,4.5110136985867015,10.262176856138485,0.058618262612447,NORMAL
09:54:05,,,step_31,구리_평탄화,IDLE,0.1752095544782865,4.5110136985867015,10.262176856138485,0.058618262612447,NORMAL
09:54:10,,,step_31,구리_평탄화,IDLE,0.1752095544782865,4.5110136985867015,10.262176856138485,0.058618262612447,NORMAL
09:54:15,,,step_31,구리_평탄화,IDLE,0.1752095544782865,4.5110136985867015,10.262176856138485,0.058618262612447,NORMAL
09:54:20,,,step_31,구리_평탄화,IDLE,0.1752095544782865,4.5110136985867015,10.262176856138485,0.058618262612447,NORMAL
09:54:25,,,step_31,구리_평탄화,IDLE,0.1752095544782865,4.5110136985867015,10.262176856138485,0.058618262612447,NORMAL
09:54:30,,,step_31,구리_평탄화,IDLE,0.1752095544782865,4.5110136985867015,10.262176856138485,0.058618262612447,NORMAL
09:54:35,,,step_31,구리_평탄화,IDLE,0.1752095544782865,4.5110136985867015,10.262176856138485,0.058618262612447,NORMAL
09:54:40,,,step_31,구리_평탄화,IDLE,0.1752095544782865,4.5110136985867015,10.262176856138485,0.058618262612447,NORMAL
09:54:45,,,step_31,구리_평탄화,IDLE,0.1752095544782865,4.5110136985867015,10.262176856138485,0.058618262612447,NORMAL
09:54:50,,,step_31,구리_평탄화,IDLE,0.1752095544782865,4.5110136985867015,10.262176856138485,0.058618262612447,NORMAL
09:54:55,,,step_31,구리_평탄화,IDLE,0.1752095544782865,4.5110136985867015,10.262176856138485,0.058618262612447,NORMAL
09:55:00,,,step_31,구리_평탄화,IDLE,0.1752095544782865,4.5110136985867015,10.262176856138485,0.058618262612447,NORMAL
09:55:05,,,step_31,구리_평탄화,IDLE,0.1752095544782865,4.5110136985867015,10.262176856138485,0.058618262612447,NORMAL
09:55:10,,,step_31,구리_평탄화,IDLE,0.1752095544782865,4.5110136985867015,10.262176856138485,0.058618262612447,NORMAL
09:55:15,,,step_31,구리_평탄화,IDLE,0.1752095544782865,4.5110136985867015,10.262176856138485,0.058618262612447,NORMAL
09:55:20,,,step_31,구리_평탄화,IDLE,0.1752095544782865,4.5110136985867015,10.262176856138485,0.058618262612447,NORMAL
09:55:25,,,step_31,구리_평탄화,IDLE,0.1752095544782865,4.5110136985867015,10.262176856138485,0.058618262612447,NORMAL
09:55:30,,,step_31,구리_평탄화,IDLE,0.1752095544782865,4.5110136985867015,10.262176856138485,0.058618262612447,NORMAL
09:55:35,,,step_31,구리_평탄화,IDLE,0.1752095544782865,4.5110136985867015,10.262176856138485,0.058618262612447,NORMAL
09:55:40,,,step_31,구리_평탄화,IDLE,0.1752095544782865,4.5110136985867015,10.262176856138485,0.058618262612447,NORMAL
09:55:45,,,step_31,구리_평탄화,IDLE,0.1752095544782865,4.5110136985867015,10.262176856138485,0.058618262612447,NORMAL
09:55:50,,,step_31,구리_평탄화,IDLE,0.1752095544782865,4.5110136985867015,10.262176856138485,0.058618262612447,NORMAL
09:55:55,,,step_31,구리_평탄화,IDLE,0.1752095544782865,4.5110136985867015,10.262176856138485,0.058618262612447,NORMAL
09:56:00,,,step_31,구리_평탄화,IDLE,0.1752095544782865,4.5110136985867015,10.262176856138485,0.058618262612447,NORMAL
09:56:05,,,step_31,구리_평탄화,IDLE,0.1752095544782865,4.5110136985867015,10.262176856138485,0.058618262612447,NORMAL
09:56:10,,,step_31,구리_평탄화,IDLE,0.1752095544782865,4.5110136985867015,10.262176856138485,0.058618262612447,NORMAL
09:56:15,,,step_31,구리_평탄화,IDLE,0.1752095544782865,4.5110136985867015,10.262176856138485,0.058618262612447,NORMAL
09:56:20,,,step_31,구리_평탄화,IDLE,0.1752095544782865,4.5110136985867015,10.262176856138485,0.058618262612447,NORMAL
09:56:25,,,step_31,구리_평탄화,IDLE,0.1752095544782865,4.5110136985867015,10.262176856138485,0.058618262612447,NORMAL
09:56:30,,,step_31,구리_평탄화,IDLE,0.1752095544782865,4.5110136985867015,10.262176856138485,0.058618262612447,NORMAL
09:56:35,,,step_31,구리_평탄화,IDLE,0.1752095544782865,4.5110136985867015,10.262176856138485,0.058618262612447,NORMAL
09:56:40,,,step_31,구리_평탄화,IDLE,0.1752095544782865,4.5110136985867015,10.262176856138485,0.058618262612447,NORMAL
09:56:45,,,step_31,구리_평탄화,IDLE,0.1752095544782865,4.5110136985867015,10.262176856138485,0.058618262612447,NORMAL
09:56:50,,,step_31,구리_평탄화,IDLE,0.1752095544782865,4.5110136985867015,10.262176856138485,0.058618262612447,NORMAL
09:56:55,,,step_31,구리_평탄화,IDLE,0.1752095544782865,4.5110136985867015,10.262176856138485,0.058618262612447,NORMAL
09:57:00,,,step_31,구리_평탄화,IDLE,0.1752095544782865,4.5110136985867015,10.262176856138485,0.058618262612447,NORMAL
09:57:05,,,step_31,구리_평탄화,IDLE,0.1752095544782865,4.5110136985867015,10.262176856138485,0.058618262612447,NORMAL
09:57:10,,,step_31,구리_평탄화,IDLE,0.1752095544782865,4.5110136985867015,10.262176856138485,0.058618262612447,NORMAL
09:57:15,,,step_31,구리_평탄화,IDLE,0.1752095544782865,4.5110136985867015,10.262176856138485,0.058618262612447,NORMAL
09:57:20,,,step_31,구리_평탄화,IDLE,0.1752095544782865,4.5110136985867015,10.262176856138485,0.058618262612447,NORMAL
09:57:25,,,step_31,구리_평탄화,IDLE,0.1752095544782865,4.5110136985867015,10.262176856138485,0.058618262612447,NORMAL
09:57:30,,,step_31,구리_평탄화,IDLE,0.1752095544782865,4.5110136985867015,10.262176856138485,0.058618262612447,NORMAL
09:57:35,,,step_31,구리_평탄화,IDLE,0.1752095544782865,4.5110136985867015,10.262176856138485,0.058618262612447,NORMAL
09:57:40,,,step_31,구리_평탄화,IDLE,0.1752095544782865,4.5110136985867015,10.262176856138485,0.058618262612447,NORMAL
09:57:45,,,step_31,구리_평탄화,IDLE,0.1752095544782865,4.5110136985867015,10.262176856138485,0.058618262612447,NORMAL
09:57:50,,,step_31,구리_평탄화,IDLE,0.1752095544782865,4.5110136985867015,10.262176856138485,0.058618262612447,NORMAL
09:57:55,,,step_31,구리_평탄화,IDLE,0.1752095544782865,4.5110136985867015,10.262176856138485,0.058618262612447,NORMAL
09:58:00,,,step_31,구리_평탄화,IDLE,0.1752095544782865,4.5110136985867015,10.262176856138485,0.058618262612447,NORMAL
09:58:05,,,step_31,구리_평탄화,IDLE,0.1752095544782865,4.5110136985867015,10.262176856138485,0.058618262612447,NORMAL
09:58:10,,,step_31,구리_평탄화,IDLE,0.1752095544782865,4.5110136985867015,10.262176856138485,0.058618262612447,NORMAL
09:58:15,,,step_31,구리_평탄화,IDLE,0.1752095544782865,4.5110136985867015,10.262176856138485,0.058618262612447,NORMAL
09:58:20,,,step_31,구리_평탄화,IDLE,0.1752095544782865,4.5110136985867015,10.262176856138485,0.058618262612447,NORMAL
09:58:25,,,step_31,구리_평탄화,IDLE,0.1752095544782865,4.5110136985867015,10.262176856138485,0.058618262612447,NORMAL
09:58:30,,,step_31,구리_평탄화,IDLE,0.1752095544782865,4.5110136985867015,10.262176856138485,0.058618262612447,NORMAL
09:58:35,,,step_31,구리_평탄화,IDLE,0.1752095544782865,4.5110136985867015,10.262176856138485,0.058618262612447,NORMAL
09:58:40,,,step_31,구리_평탄화,IDLE,0.1752095544782865,4.5110136985867015,10.262176856138485,0.058618262612447,NORMAL
09:58:45,,,step_31,구리_평탄화,IDLE,0.1752095544782865,4.5110136985867015,10.262176856138485,0.058618262612447,NORMAL
09:58:50,,,step_31,구리_평탄화,IDLE,0.1752095544782865,4.5110136985867015,10.262176856138485,0.058618262612447,NORMAL
09:58:55,,,step_31,구리_평탄화,IDLE,0.1752095544782865,4.5110136985867015,10.262176856138485,0.058618262612447,NORMAL
09:59:00,,,step_31,구리_평탄화,IDLE,0.1752095544782865,4.5110136985867015,10.262176856138485,0.058618262612447,NORMAL
09:59:05,,,step_31,구리_평탄화,IDLE,0.1752095544782865,4.5110136985867015,10.262176856138485,0.058618262612447,NORMAL
09:59:10,,,step_31,구리_평탄화,IDLE,0.1752095544782865,4.5110136985867015,10.262176856138485,0.058618262612447,NORMAL
09:59:15,,,step_31,구리_평탄화,IDLE,0.1752095544782865,4.5110136985867015,10.262176856138485,0.058618262612447,NORMAL
09:59:20,,,step_31,구리_평탄화,IDLE,0.1752095544782865,4.5110136985867015,10.262176856138485,0.058618262612447,NORMAL
09:59:25,,,step_31,구리_평탄화,IDLE,0.1752095544782865,4.5110136985867015,10.262176856138485,0.058618262612447,NORMAL
09:59:30,,,step_31,구리_평탄화,IDLE,0.1752095544782865,4.5110136985867015,10.262176856138485,0.058618262612447,NORMAL
09:59:35,,,step_31,구리_평탄화,IDLE,0.1752095544782865,4.5110136985867015,10.262176856138485,0.058618262612447,NORMAL
09:59:40,,,step_31,구리_평탄화,IDLE,0.1752095544782865,4.5110136985867015,10.262176856138485,0.058618262612447,NORMAL
09:59:45,,,step_31,구리_평탄화,IDLE,0.1752095544782865,4.5110136985867015,10.262176856138485,0.058618262612447,NORMAL
09:59:50,,,step_31,구리_평탄화,IDLE,0.1752095544782865,4.5110136985867015,10.262176856138485,0.058618262612447,NORMAL
09:59:55,,,step_31,구리_평탄화,IDLE,0.1752095544782865,4.5110136985867015,10.262176856138485,0.058618262612447,NORMAL
10:00:00,,,step_31,구리_평탄화,IDLE,0.1752095544782865,4.5110136985867015,10.262176856138485,0.058618262612447,NORMAL
10:00:05,,,step_31,구리_평탄화,IDLE,0.1752095544782865,4.5110136985867015,10.262176856138485,0.058618262612447,NORMAL
10:00:10,,,step_31,구리_평탄화,IDLE,0.1752095544782865,4.5110136985867015,10.262176856138485,0.058618262612447,NORMAL
10:00:15,,,step_31,구리_평탄화,IDLE,0.1752095544782865,4.5110136985867015,10.262176856138485,0.058618262612447,NORMAL
10:00:20,,,step_31,구리_평탄화,IDLE,0.1752095544782865,4.5110136985867015,10.262176856138485,0.058618262612447,NORMAL
10:00:25,,,step_31,구리_평탄화,IDLE,0.1752095544782865,4.5110136985867015,10.262176856138485,0.058618262612447,NORMAL
10:00:30,,,step_31,구리_평탄화,IDLE,0.1752095544782865,4.5110136985867015,10.262176856138485,0.058618262612447,NORMAL
10:00:35,,,step_31,구리_평탄화,IDLE,0.1752095544782865,4.5110136985867015,10.262176856138485,0.058618262612447,NORMAL
10:00:40,,,step_31,구리_평탄화,IDLE,0.1752095544782865,4.5110136985867015,10.262176856138485,0.058618262612447,NORMAL
10:00:45,,,step_31,구리_평탄화,IDLE,0.1752095544782865,4.5110136985867015,10.262176856138485,0.058618262612447,NORMAL
10:00:50,,,step_31,구리_평탄화,IDLE,0.1752095544782865,4.5110136985867015,10.262176856138485,0.058618262612447,NORMAL
10:00:55,,,step_31,구리_평탄화,IDLE,0.1752095544782865,4.5110136985867015,10.262176856138485,0.058618262612447,NORMAL
10:01:00,,,step_31,구리_평탄화,IDLE,0.1752095544782865,4.5110136985867015,10.262176856138485,0.058618262612447,NORMAL
10:01:05,,,step_31,구리_평탄화,IDLE,0.1752095544782865,4.5110136985867015,10.262176856138485,0.058618262612447,NORMAL
10:01:10,,,step_31,구리_평탄화,IDLE,0.1752095544782865,4.5110136985867015,10.262176856138485,0.058618262612447,NORMAL
10:01:15,,,step_31,구리_평탄화,IDLE,0.1752095544782865,4.5110136985867015,10.262176856138485,0.058618262612447,NORMAL
10:01:20,,,step_31,구리_평탄화,IDLE,0.1752095544782865,4.5110136985867015,10.262176856138485,0.058618262612447,NORMAL
10:01:25,,,step_31,구리_평탄화,IDLE,0.1752095544782865,4.5110136985867015,10.262176856138485,0.058618262612447,NORMAL
10:01:30,,,step_31,구리_평탄화,IDLE,0.1752095544782865,4.5110136985867015,10.262176856138485,0.058618262612447,NORMAL
10:01:35,,,step_31,구리_평탄화,IDLE,0.1752095544782865,4.5110136985867015,10.262176856138485,0.058618262612447,NORMAL
10:01:40,,,step_31,구리_평탄화,IDLE,0.1752095544782865,4.5110136985867015,10.262176856138485,0.058618262612447,NORMAL
10:01:45,,,step_31,구리_평탄화,IDLE,0.1752095544782865,4.5110136985867015,10.262176856138485,0.058618262612447,NORMAL
10:01:50,,,step_31,구리_평탄화,IDLE,0.1752095544782865,4.5110136985867015,10.262176856138485,0.058618262612447,NORMAL
10:01:55,,,step_31,구리_평탄화,IDLE,0.1752095544782865,4.5110136985867015,10.262176856138485,0.058618262612447,NORMAL
10:02:00,,,step_31,구리_평탄화,IDLE,0.1752095544782865,4.5110136985867015,10.262176856138485,0.058618262612447,NORMAL
10:02:05,,,step_31,구리_평탄화,IDLE,0.1752095544782865,4.5110136985867015,10.262176856138485,0.058618262612447,NORMAL
10:02:10,,,step_31,구리_평탄화,IDLE,0.1752095544782865,4.5110136985867015,10.262176856138485,0.058618262612447,NORMAL
10:02:15,,,step_31,구리_평탄화,IDLE,0.1752095544782865,4.5110136985867015,10.262176856138485,0.058618262612447,NORMAL
10:02:20,,,step_31,구리_평탄화,IDLE,0.1752095544782865,4.5110136985867015,10.262176856138485,0.058618262612447,NORMAL
10:02:25,,,step_31,구리_평탄화,IDLE,0.1752095544782865,4.5110136985867015,10.262176856138485,0.058618262612447,NORMAL
10:02:30,,,step_31,구리_평탄화,IDLE,0.1752095544782865,4.5110136985867015,10.262176856138485,0.058618262612447,NORMAL
10:02:35,,,step_31,구리_평탄화,IDLE,0.1752095544782865,4.5110136985867015,10.262176856138485,0.058618262612447,NORMAL
10:02:40,,,step_31,구리_평탄화,IDLE,0.1752095544782865,4.5110136985867015,10.262176856138485,0.058618262612447,NORMAL
10:02:45,,,step_31,구리_평탄화,IDLE,0.1752095544782865,4.5110136985867015,10.262176856138485,0.058618262612447,NORMAL
10:02:50,,,step_31,구리_평탄화,IDLE,0.1752095544782865,4.5110136985867015,10.262176856138485,0.058618262612447,NORMAL
10:02:55,,,step_31,구리_평탄화,IDLE,0.1752095544782865,4.5110136985867015,10.262176856138485,0.058618262612447,NORMAL
10:03:00,,,step_31,구리_평탄화,IDLE,0.1752095544782865,4.5110136985867015,10.262176856138485,0.058618262612447,NORMAL
10:03:05,,,step_31,구리_평탄화,IDLE,0.1752095544782865,4.5110136985867015,10.262176856138485,0.058618262612447,NORMAL
10:03:10,,,step_31,구리_평탄화,IDLE,0.1752095544782865,4.5110136985867015,10.262176856138485,0.058618262612447,NORMAL
10:03:15,,,step_31,구리_평탄화,IDLE,0.1752095544782865,4.5110136985867015,10.262176856138485,0.058618262612447,NORMAL
10:03:20,,,step_31,구리_평탄화,IDLE,0.1752095544782865,4.5110136985867015,10.262176856138485,0.058618262612447,NORMAL
10:03:25,,,step_31,구리_평탄화,IDLE,0.1752095544782865,4.5110136985867015,10.262176856138485,0.058618262612447,NORMAL
10:03:30,,,step_31,구리_평탄화,IDLE,0.1752095544782865,4.5110136985867015,10.262176856138485,0.058618262612447,NORMAL
10:03:35,,,step_31,구리_평탄화,IDLE,0.1752095544782865,4.5110136985867015,10.262176856138485,0.058618262612447,NORMAL
10:03:40,,,step_31,구리_평탄화,IDLE,0.1752095544782865,4.5110136985867015,10.262176856138485,0.058618262612447,NORMAL
10:03:45,,,step_31,구리_평탄화,IDLE,0.1752095544782865,4.5110136985867015,10.262176856138485,0.058618262612447,NORMAL
10:03:50,,,step_31,구리_평탄화,IDLE,0.1752095544782865,4.5110136985867015,10.262176856138485,0.058618262612447,NORMAL
10:03:55,,,step_31,구리_평탄화,IDLE,0.1752095544782865,4.5110136985867015,10.262176856138485,0.058618262612447,NORMAL
10:04:00,,,step_31,구리_평탄화,IDLE,0.1752095544782865,4.5110136985867015,10.262176856138485,0.058618262612447,NORMAL
10:04:05,,,step_31,구리_평탄화,IDLE,0.1752095544782865,4.5110136985867015,10.262176856138485,0.058618262612447,NORMAL
10:04:10,,,step_31,구리_평탄화,IDLE,0.1752095544782865,4.5110136985867015,10.262176856138485,0.058618262612447,NORMAL
10:04:15,,,step_31,구리_평탄화,IDLE,0.1752095544782865,4.5110136985867015,10.262176856138485,0.058618262612447,NORMAL
10:04:20,,,step_31,구리_평탄화,IDLE,0.1752095544782865,4.5110136985867015,10.262176856138485,0.058618262612447,NORMAL
10:04:25,,,step_31,구리_평탄화,IDLE,0.1752095544782865,4.5110136985867015,10.262176856138485,0.058618262612447,NORMAL
10:04:30,,,step_31,구리_평탄화,IDLE,0.1752095544782865,4.5110136985867015,10.262176856138485,0.058618262612447,NORMAL
10:04:35,,,step_31,구리_평탄화,IDLE,0.1752095544782865,4.5110136985867015,10.262176856138485,0.058618262612447,NORMAL
10:04:40,,,step_31,구리_평탄화,IDLE,0.1752095544782865,4.5110136985867015,10.262176856138485,0.058618262612447,NORMAL
10:04:45,,,step_31,구리_평탄화,IDLE,0.1752095544782865,4.5110136985867015,10.262176856138485,0.058618262612447,NORMAL
10:04:50,,,step_31,구리_평탄화,IDLE,0.1752095544782865,4.5110136985867015,10.262176856138485,0.058618262612447,NORMAL
10:04:55,,,step_31,구리_평탄화,IDLE,0.1752095544782865,4.5110136985867015,10.262176856138485,0.058618262612447,NORMAL
10:05:00,,,step_31,구리_평탄화,IDLE,0.1752095544782865,4.5110136985867015,10.262176856138485,0.058618262612447,NORMAL
10:05:05,,,step_31,구리_평탄화,IDLE,0.1752095544782865,4.5110136985867015,10.262176856138485,0.058618262612447,NORMAL
10:05:10,,,step_31,구리_평탄화,IDLE,0.1752095544782865,4.5110136985867015,10.262176856138485,0.058618262612447,NORMAL
10:05:15,,,step_31,구리_평탄화,IDLE,0.1752095544782865,4.5110136985867015,10.262176856138485,0.058618262612447,NORMAL
10:05:20,,,step_31,구리_평탄화,IDLE,0.1752095544782865,4.5110136985867015,10.262176856138485,0.058618262612447,NORMAL
10:05:25,,,step_31,구리_평탄화,IDLE,0.1752095544782865,4.5110136985867015,10.262176856138485,0.058618262612447,NORMAL
10:05:30,,,step_31,구리_평탄화,IDLE,0.1752095544782865,4.5110136985867015,10.262176856138485,0.058618262612447,NORMAL
10:05:35,,,step_31,구리_평탄화,IDLE,0.1752095544782865,4.5110136985867015,10.262176856138485,0.058618262612447,NORMAL
10:05:40,,,step_31,구리_평탄화,IDLE,0.1752095544782865,4.5110136985867015,10.262176856138485,0.058618262612447,NORMAL
10:05:45,,,step_31,구리_평탄화,IDLE,0.1752095544782865,4.5110136985867015,10.262176856138485,0.058618262612447,NORMAL
10:05:50,,,step_31,구리_평탄화,IDLE,0.1752095544782865,4.5110136985867015,10.262176856138485,0.058618262612447,NORMAL
10:05:55,,,step_31,구리_평탄화,IDLE,0.1752095544782865,4.5110136985867015,10.262176856138485,0.058618262612447,NORMAL
10:06:00,,,step_31,구리_평탄화,IDLE,0.1752095544782865,4.5110136985867015,10.262176856138485,0.058618262612447,NORMAL
10:06:05,,,step_31,구리_평탄화,IDLE,0.1752095544782865,4.5110136985867015,10.262176856138485,0.058618262612447,NORMAL
10:06:10,,,step_31,구리_평탄화,IDLE,0.1752095544782865,4.5110136985867015,10.262176856138485,0.058618262612447,NORMAL
10:06:15,,,step_31,구리_평탄화,IDLE,0.1752095544782865,4.5110136985867015,10.262176856138485,0.058618262612447,NORMAL
10:06:20,,,step_31,구리_평탄화,IDLE,0.1752095544782865,4.5110136985867015,10.262176856138485,0.058618262612447,NORMAL
10:06:25,,,step_31,구리_평탄화,IDLE,0.1752095544782865,4.5110136985867015,10.262176856138485,0.058618262612447,NORMAL
10:06:30,,,step_31,구리_평탄화,IDLE,0.1752095544782865,4.5110136985867015,10.262176856138485,0.058618262612447,NORMAL
10:06:35,,,step_31,구리_평탄화,IDLE,0.1752095544782865,4.5110136985867015,10.262176856138485,0.058618262612447,NORMAL
10:06:40,,,step_31,구리_평탄화,IDLE,0.1752095544782865,4.5110136985867015,10.262176856138485,0.058618262612447,NORMAL
10:06:45,,,step_31,구리_평탄화,IDLE,0.1752095544782865,4.5110136985867015,10.262176856138485,0.058618262612447,NORMAL
10:06:50,,,step_31,구리_평탄화,IDLE,0.1752095544782865,4.5110136985867015,10.262176856138485,0.058618262612447,NORMAL
10:06:55,,,step_31,구리_평탄화,IDLE,0.1752095544782865,4.5110136985867015,10.262176856138485,0.058618262612447,NORMAL
10:07:00,,,step_31,구리_평탄화,IDLE,0.1752095544782865,4.5110136985867015,10.262176856138485,0.058618262612447,NORMAL
10:07:05,,,step_31,구리_평탄화,IDLE,0.1752095544782865,4.5110136985867015,10.262176856138485,0.058618262612447,NORMAL
10:07:10,,,step_31,구리_평탄화,IDLE,0.1752095544782865,4.5110136985867015,10.262176856138485,0.058618262612447,NORMAL
10:07:15,,,step_31,구리_평탄화,IDLE,0.1752095544782865,4.5110136985867015,10.262176856138485,0.058618262612447,NORMAL
10:07:20,,,step_31,구리_평탄화,IDLE,0.1752095544782865,4.5110136985867015,10.262176856138485,0.058618262612447,NORMAL
10:07:25,,,step_31,구리_평탄화,IDLE,0.1752095544782865,4.5110136985867015,10.262176856138485,0.058618262612447,NORMAL
10:07:30,,,step_31,구리_평탄화,IDLE,0.1752095544782865,4.5110136985867015,10.262176856138485,0.058618262612447,NORMAL
10:07:35,,,step_31,구리_평탄화,IDLE,0.1752095544782865,4.5110136985867015,10.262176856138485,0.058618262612447,NORMAL
10:07:40,,,step_31,구리_평탄화,IDLE,0.1752095544782865,4.5110136985867015,10.262176856138485,0.058618262612447,NORMAL
10:07:45,,,step_31,구리_평탄화,IDLE,0.1752095544782865,4.5110136985867015,10.262176856138485,0.058618262612447,NORMAL
10:07:50,,,step_31,구리_평탄화,IDLE,0.1752095544782865,4.5110136985867015,10.262176856138485,0.058618262612447,NORMAL
10:07:55,,,step_31,구리_평탄화,IDLE,0.1752095544782865,4.5110136985867015,10.262176856138485,0.058618262612447,NORMAL
10:08:00,,,step_31,구리_평탄화,IDLE,0.1752095544782865,4.5110136985867015,10.262176856138485,0.058618262612447,NORMAL
10:08:05,,,step_31,구리_평탄화,IDLE,0.1752095544782865,4.5110136985867015,10.262176856138485,0.058618262612447,NORMAL
10:08:10,,,step_31,구리_평탄화,IDLE,0.1752095544782865,4.5110136985867015,10.262176856138485,0.058618262612447,NORMAL
10:08:15,,,step_31,구리_평탄화,IDLE,0.1752095544782865,4.5110136985867015,10.262176856138485,0.058618262612447,NORMAL
10:08:20,,,step_31,구리_평탄화,IDLE,0.1752095544782865,4.5110136985867015,10.262176856138485,0.058618262612447,NORMAL
10:08:25,,,step_31,구리_평탄화,IDLE,0.1752095544782865,4.5110136985867015,10.262176856138485,0.058618262612447,NORMAL
10:08:30,,,step_31,구리_평탄화,IDLE,0.1752095544782865,4.5110136985867015,10.262176856138485,0.058618262612447,NORMAL
10:08:35,,,step_31,구리_평탄화,IDLE,0.1752095544782865,4.5110136985867015,10.262176856138485,0.058618262612447,NORMAL
10:08:40,,,step_31,구리_평탄화,IDLE,0.1752095544782865,4.5110136985867015,10.262176856138485,0.058618262612447,NORMAL
10:08:45,,,step_31,구리_평탄화,IDLE,0.1752095544782865,4.5110136985867015,10.262176856138485,0.058618262612447,NORMAL
10:08:50,,,step_31,구리_평탄화,IDLE,0.1752095544782865,4.5110136985867015,10.262176856138485,0.058618262612447,NORMAL
10:08:55,,,step_31,구리_평탄화,IDLE,0.1752095544782865,4.5110136985867015,10.262176856138485,0.058618262612447,NORMAL
10:09:00,,,step_31,구리_평탄화,IDLE,0.1752095544782865,4.5110136985867015,10.262176856138485,0.058618262612447,NORMAL
10:09:05,,,step_31,구리_평탄화,IDLE,0.1752095544782865,4.5110136985867015,10.262176856138485,0.058618262612447,NORMAL
10:09:10,,,step_31,구리_평탄화,IDLE,0.1752095544782865,4.5110136985867015,10.262176856138485,0.058618262612447,NORMAL
10:09:15,,,step_31,구리_평탄화,IDLE,0.1752095544782865,4.5110136985867015,10.262176856138485,0.058618262612447,NORMAL
10:09:20,,,step_31,구리_평탄화,IDLE,0.1752095544782865,4.5110136985867015,10.262176856138485,0.058618262612447,NORMAL
10:09:25,,,step_31,구리_평탄화,IDLE,0.1752095544782865,4.5110136985867015,10.262176856138485,0.058618262612447,NORMAL
10:09:30,,,step_31,구리_평탄화,IDLE,0.1752095544782865,4.5110136985867015,10.262176856138485,0.058618262612447,NORMAL
10:09:35,,,step_31,구리_평탄화,IDLE,0.1752095544782865,4.5110136985867015,10.262176856138485,0.058618262612447,NORMAL
10:09:40,,,step_31,구리_평탄화,IDLE,0.1752095544782865,4.5110136985867015,10.262176856138485,0.058618262612447,NORMAL
10:09:45,,,step_31,구리_평탄화,IDLE,0.1752095544782865,4.5110136985867015,10.262176856138485,0.058618262612447,NORMAL
10:09:50,,,step_31,구리_평탄화,IDLE,0.1752095544782865,4.5110136985867015,10.262176856138485,0.058618262612447,NORMAL
10:09:55,,,step_31,구리_평탄화,IDLE,0.1752095544782865,4.5110136985867015,10.262176856138485,0.058618262612447,NORMAL
10:10:00,,,step_31,구리_평탄화,IDLE,0.1752095544782865,4.5110136985867015,10.262176856138485,0.058618262612447,NORMAL
10:10:05,,,step_31,구리_평탄화,IDLE,0.1752095544782865,4.5110136985867015,10.262176856138485,0.058618262612447,NORMAL
10:10:10,,,step_31,구리_평탄화,IDLE,0.1752095544782865,4.5110136985867015,10.262176856138485,0.058618262612447,NORMAL
10:10:15,,,step_31,구리_평탄화,IDLE,0.1752095544782865,4.5110136985867015,10.262176856138485,0.058618262612447,NORMAL
10:10:20,,,step_31,구리_평탄화,IDLE,0.1752095544782865,4.5110136985867015,10.262176856138485,0.058618262612447,NORMAL
10:10:25,,,step_31,구리_평탄화,IDLE,0.1752095544782865,4.5110136985867015,10.262176856138485,0.058618262612447,NORMAL
10:10:30,,,step_31,구리_평탄화,IDLE,0.1752095544782865,4.5110136985867015,10.262176856138485,0.058618262612447,NORMAL
10:10:35,,,step_31,구리_평탄화,IDLE,0.1752095544782865,4.5110136985867015,10.262176856138485,0.058618262612447,NORMAL
10:10:40,,,step_31,구리_평탄화,IDLE,0.1752095544782865,4.5110136985867015,10.262176856138485,0.058618262612447,NORMAL
10:10:45,,,step_31,구리_평탄화,IDLE,0.1752095544782865,4.5110136985867015,10.262176856138485,0.058618262612447,NORMAL
10:10:50,,,step_31,구리_평탄화,IDLE,0.1752095544782865,4.5110136985867015,10.262176856138485,0.058618262612447,NORMAL
10:10:55,,,step_31,구리_평탄화,IDLE,0.1752095544782865,4.5110136985867015,10.262176856138485,0.058618262612447,NORMAL
10:11:00,,,step_31,구리_평탄화,IDLE,0.1752095544782865,4.5110136985867015,10.262176856138485,0.058618262612447,NORMAL
10:11:05,,,step_31,구리_평탄화,IDLE,0.1752095544782865,4.5110136985867015,10.262176856138485,0.058618262612447,NORMAL
10:11:10,,,step_31,구리_평탄화,IDLE,0.1752095544782865,4.5110136985867015,10.262176856138485,0.058618262612447,NORMAL
10:11:15,,,step_31,구리_평탄화,IDLE,0.1752095544782865,4.5110136985867015,10.262176856138485,0.058618262612447,NORMAL
10:11:20,,,step_31,구리_평탄화,IDLE,0.1752095544782865,4.5110136985867015,10.262176856138485,0.058618262612447,NORMAL
10:11:25,,,step_31,구리_평탄화,IDLE,0.1752095544782865,4.5110136985867015,10.262176856138485,0.058618262612447,NORMAL
10:11:30,,,step_31,구리_평탄화,IDLE,0.1752095544782865,4.5110136985867015,10.262176856138485,0.058618262612447,NORMAL
10:11:35,,,step_31,구리_평탄화,IDLE,0.1752095544782865,4.5110136985867015,10.262176856138485,0.058618262612447,NORMAL
10:11:40,,,step_31,구리_평탄화,IDLE,0.1752095544782865,4.5110136985867015,10.262176856138485,0.058618262612447,NORMAL
10:11:45,,,step_31,구리_평탄화,IDLE,0.1752095544782865,4.5110136985867015,10.262176856138485,0.058618262612447,NORMAL
10:11:50,,,step_31,구리_평탄화,IDLE,0.1752095544782865,4.5110136985867015,10.262176856138485,0.058618262612447,NORMAL
10:11:55,,,step_31,구리_평탄화,IDLE,0.1752095544782865,4.5110136985867015,10.262176856138485,0.058618262612447,NORMAL
10:12:00,,,step_31,구리_평탄화,IDLE,0.1752095544782865,4.5110136985867015,10.262176856138485,0.058618262612447,NORMAL
10:12:05,,,step_31,구리_평탄화,IDLE,0.1752095544782865,4.5110136985867015,10.262176856138485,0.058618262612447,NORMAL
10:12:10,,,step_31,구리_평탄화,IDLE,0.1752095544782865,4.5110136985867015,10.262176856138485,0.058618262612447,NORMAL
10:12:15,,,step_31,구리_평탄화,IDLE,0.1752095544782865,4.5110136985867015,10.262176856138485,0.058618262612447,NORMAL
10:12:20,,,step_31,구리_평탄화,IDLE,0.1752095544782865,4.5110136985867015,10.262176856138485,0.058618262612447,NORMAL
10:12:25,,,step_31,구리_평탄화,IDLE,0.1752095544782865,4.5110136985867015,10.262176856138485,0.058618262612447,NORMAL
10:12:30,,,step_31,구리_평탄화,IDLE,0.1752095544782865,4.5110136985867015,10.262176856138485,0.058618262612447,NORMAL
10:12:35,,,step_31,구리_평탄화,IDLE,0.1752095544782865,4.5110136985867015,10.262176856138485,0.058618262612447,NORMAL
10:12:40,,,step_31,구리_평탄화,IDLE,0.1752095544782865,4.5110136985867015,10.262176856138485,0.058618262612447,NORMAL
10:12:45,,,step_31,구리_평탄화,IDLE,0.1752095544782865,4.5110136985867015,10.262176856138485,0.058618262612447,NORMAL
10:12:50,,,step_31,구리_평탄화,IDLE,0.1752095544782865,4.5110136985867015,10.262176856138485,0.058618262612447,NORMAL
10:12:55,,,step_31,구리_평탄화,IDLE,0.1752095544782865,4.5110136985867015,10.262176856138485,0.058618262612447,NORMAL
10:13:00,,,step_31,구리_평탄화,IDLE,0.1752095544782865,4.5110136985867015,10.262176856138485,0.058618262612447,NORMAL
10:13:05,,,step_31,구리_평탄화,IDLE,0.1752095544782865,4.5110136985867015,10.262176856138485,0.058618262612447,NORMAL
10:13:10,,,step_31,구리_평탄화,IDLE,0.1752095544782865,4.5110136985867015,10.262176856138485,0.058618262612447,NORMAL
10:13:15,,,step_31,구리_평탄화,IDLE,0.1752095544782865,4.5110136985867015,10.262176856138485,0.058618262612447,NORMAL
10:13:20,,,step_31,구리_평탄화,IDLE,0.1752095544782865,4.5110136985867015,10.262176856138485,0.058618262612447,NORMAL
10:13:25,,,step_31,구리_평탄화,IDLE,0.1752095544782865,4.5110136985867015,10.262176856138485,0.058618262612447,NORMAL
10:13:30,,,step_31,구리_평탄화,IDLE,0.1752095544782865,4.5110136985867015,10.262176856138485,0.058618262612447,NORMAL
10:13:35,,,step_31,구리_평탄화,IDLE,0.1752095544782865,4.5110136985867015,10.262176856138485,0.058618262612447,NORMAL
10:13:40,,,step_31,구리_평탄화,IDLE,0.1752095544782865,4.5110136985867015,10.262176856138485,0.058618262612447,NORMAL
10:13:45,,,step_31,구리_평탄화,IDLE,0.1752095544782865,4.5110136985867015,10.262176856138485,0.058618262612447,NORMAL
10:13:50,,,step_31,구리_평탄화,IDLE,0.1752095544782865,4.5110136985867015,10.262176856138485,0.058618262612447,NORMAL
10:13:55,,,step_31,구리_평탄화,IDLE,0.1752095544782865,4.5110136985867015,10.262176856138485,0.058618262612447,NORMAL
10:14:00,,,step_31,구리_평탄화,IDLE,0.1752095544782865,4.5110136985867015,10.262176856138485,0.058618262612447,NORMAL
10:14:05,,,step_31,구리_평탄화,IDLE,0.1752095544782865,4.5110136985867015,10.262176856138485,0.058618262612447,NORMAL
10:14:10,,,step_31,구리_평탄화,IDLE,0.1752095544782865,4.5110136985867015,10.262176856138485,0.058618262612447,NORMAL
10:14:15,,,step_31,구리_평탄화,IDLE,0.1752095544782865,4.5110136985867015,10.262176856138485,0.058618262612447,NORMAL
10:14:20,,,step_31,구리_평탄화,IDLE,0.1752095544782865,4.5110136985867015,10.262176856138485,0.058618262612447,NORMAL
10:14:25,,,step_31,구리_평탄화,IDLE,0.1752095544782865,4.5110136985867015,10.262176856138485,0.058618262612447,NORMAL
10:14:30,,,step_31,구리_평탄화,IDLE,0.1752095544782865,4.5110136985867015,10.262176856138485,0.058618262612447,NORMAL
10:14:35,,,step_31,구리_평탄화,IDLE,0.1752095544782865,4.5110136985867015,10.262176856138485,0.058618262612447,NORMAL
10:14:40,,,step_31,구리_평탄화,IDLE,0.1752095544782865,4.5110136985867015,10.262176856138485,0.058618262612447,NORMAL
10:14:45,,,step_31,구리_평탄화,IDLE,0.1752095544782865,4.5110136985867015,10.262176856138485,0.058618262612447,NORMAL
10:14:50,,,step_31,구리_평탄화,IDLE,0.1752095544782865,4.5110136985867015,10.262176856138485,0.058618262612447,NORMAL
10:14:55,,,step_31,구리_평탄화,IDLE,0.1752095544782865,4.5110136985867015,10.262176856138485,0.058618262612447,NORMAL
10:15:00,LOT-20260812-A01,W01,step_31,구리_평탄화,IDLE,0.1752095544782865,4.5110136985867015,10.262176856138485,0.058618262612447,NORMAL
10:15:05,LOT-20260812-A01,W02,step_31,구리_평탄화,IDLE,0.1722907252433561,4.450613425964517,10.195286107127012,0.058618262612447,NORMAL
10:15:10,LOT-20260812-A01,W03,step_31,구리_평탄화,IDLE,0.1734916940383027,4.489577642922761,10.013142253242997,0.060436283838265,NORMAL
10:15:15,LOT-20260812-A01,W04,step_31,구리_평탄화,IDLE,0.1768830510423481,4.48195523819062,10.180191045205596,0.0599899450478172,NORMAL
10:15:20,LOT-20260812-A01,W05,step_31,구리_평탄화,IDLE,0.1754992733905474,4.516499777872308,10.099349999236583,0.061284280450983,NORMAL
10:15:25,LOT-20260812-A01,W06,step_31,구리_평탄화,IDLE,0.1779898504117112,4.429296669626741,9.806495232112418,0.0600729243963262,NORMAL
10:15:30,LOT-20260812-A01,W07,step_31,구리_평탄화,IDLE,0.1771164156102636,4.4731354652174105,9.877556326219686,0.0592594117077257,NORMAL
10:15:35,LOT-20260812-A01,W08,step_31,구리_평탄화,IDLE,0.1740273326777541,4.52020079450582,10.042862089422416,0.0603090811241147,NORMAL
10:15:40,LOT-20260812-A01,W09,step_31,구리_평탄화,IDLE,0.1785887711222704,4.464894259020033,10.023931537116871,0.0610156120592607,NORMAL
10:15:45,LOT-20260812-A01,W10,step_31,구리_평탄화,IDLE,0.1787945383104981,4.454219512310815,10.196219288928027,0.0613512344305418,NORMAL
10:15:50,LOT-20260812-A01,W11,step_31,구리_평탄화,IDLE,0.1705364511067054,4.460429247225974,10.04530862609912,0.0598889906417408,NORMAL
10:15:55,LOT-20260812-A01,W12,step_31,구리_평탄화,IDLE,0.1750794520502298,4.486379531045049,9.80969229271474,0.0600674241956328,NORMAL
10:16:00,LOT-20260812-A01,W13,step_31,구리_평탄화,IDLE,0.1736254012738099,4.380965420611714,9.918200853141066,0.0607792719316516,NORMAL
10:16:05,LOT-20260812-A01,W14,step_31,구리_평탄화,IDLE,0.1743488105009561,4.46269204936694,10.11145956089032,0.0592513916658141,NORMAL
10:16:10,LOT-20260812-A01,W15,step_31,구리_평탄화,IDLE,0.1729596229873211,4.547637660583845,9.761582863156118,0.0607367734085016,NORMAL
10:16:15,LOT-20260812-A01,W16,step_31,구리_평탄화,IDLE,0.1726464477943088,4.516193929020327,9.788296165946283,0.0597679593186694,NORMAL
10:16:20,LOT-20260812-A01,W17,step_31,구리_평탄화,IDLE,0.1772529330988306,4.521001928911501,9.944101773030583,0.0599244242956737,NORMAL
10:16:25,LOT-20260812-A01,W18,step_31,구리_평탄화,IDLE,0.1720798461010831,4.408615441704307,10.13900729155543,0.0600026764052583,NORMAL
10:16:30,LOT-20260812-A01,W19,step_31,구리_평탄화,IDLE,0.17523338641685,4.479290051097206,9.967487786239854,0.0601295898930269,NORMAL
10:16:35,LOT-20260812-A01,W20,step_31,구리_평탄화,IDLE,0.1716271572757371,4.494206047371937,10.069139895320337,0.0616243273618033,NORMAL
10:16:40,LOT-20260812-A01,W21,step_31,구리_평탄화,RAMP,0.187694058119351,4.592872321962588,10.002888970307112,0.058124073297637,NORMAL
10:16:45,LOT-20260812-A01,W22,step_31,구리_평탄화,RAMP,0.3503003385471678,9.222171103579097,19.915488747173647,0.1183300241414467,NORMAL
10:16:50,LOT-20260812-A01,W23,step_31,구리_평탄화,RAMP,0.5324529218467976,13.690945183160045,29.60772806177239,0.1857869503605914,NORMAL
10:16:55,LOT-20260812-A01,W24,step_31,구리_평탄화,RAMP,0.7019510578120004,17.882925006605415,40.50389537878836,0.241778763381179,NORMAL
10:17:00,LOT-20260812-A01,W25,step_31,구리_평탄화,RAMP,0.872467558427585,22.38750355908839,49.247439269754544,0.3030702228402636,NORMAL
10:17:05,LOT-20260812-A01,W01,step_31,구리_평탄화,RAMP,1.0506837090091503,27.28240319781227,59.85980574935408,0.3558789979536735,NORMAL
10:17:10,LOT-20260812-A01,W02,step_31,구리_평탄화,RAMP,1.2400733341951975,31.42798588354261,70.68767760281604,0.4209857367152568,NORMAL
10:17:15,LOT-20260812-A01,W03,step_31,구리_평탄화,RAMP,1.391025733391012,35.78348105978259,79.54145246151613,0.4832415029865246,NORMAL
10:17:20,LOT-20260812-A01,W04,step_31,구리_평탄화,RAMP,1.5495065105754833,40.45857362839939,89.0661975900246,0.5373025214817215,NORMAL
10:17:25,LOT-20260812-A01,W05,step_31,구리_평탄화,RAMP,1.7421313528548847,45.26987195785716,98.72990346592788,0.6025139714457577,NORMAL
10:17:30,LOT-20260812-B02,W01,step_31,구리_평탄화,RAMP,1.9129091253632864,49.31902576463198,110.3997647635712,0.6591824099208407,NORMAL
10:17:35,LOT-20260812-B02,W02,step_31,구리_평탄화,RAMP,2.1096801446449893,53.91422402804526,120.44016936707366,0.717418316833877,NORMAL
10:17:40,LOT-20260812-B02,W03,step_31,구리_평탄화,RAMP,2.273242707041753,58.32729782017148,129.79346186762683,0.784052765771616,NORMAL
10:17:45,LOT-20260812-B02,W04,step_31,구리_평탄화,RAMP,2.458274510840494,63.19127886574513,139.23738298645378,0.844551652509946,NORMAL
10:17:50,LOT-20260812-B02,W05,step_31,구리_평탄화,RAMP,2.6253189158213632,67.55757081268993,149.91234177643145,0.9005149155556427,NORMAL
10:17:55,LOT-20260812-B02,W06,step_31,구리_평탄화,RAMP,2.800086760418256,72.1851760488721,160.7068566810166,0.9618028175810756,NORMAL
10:18:00,LOT-20260812-B02,W07,step_31,구리_평탄화,RAMP,2.976639449533267,76.81300377631106,169.2384218502246,1.0252983563060083,NORMAL
10:18:05,LOT-20260812-B02,W08,step_31,구리_평탄화,RAMP,3.164800242857997,80.69757964420455,180.63490465180345,1.0784180517664077,NORMAL
10:18:10,LOT-20260812-B02,W09,step_31,구리_평탄화,RAMP,3.326865275744273,85.3481697255281,188.9828625960283,1.1413943262694135,NORMAL
10:18:15,LOT-20260812-B02,W10,step_31,구리_평탄화,RAMP,3.511091698497801,89.91329561664142,199.3178098039771,1.1984546261872104,NORMAL
10:18:20,LOT-20260812-B02,W11,step_31,구리_평탄화,ACTIVE,3.515677458026257,90.02065150788718,200.09834930877548,1.1938892520065447,NORMAL
10:18:25,LOT-20260812-B02,W12,step_31,구리_평탄화,ACTIVE,3.4975506262787626,90.15176928233971,200.8528872803436,1.197632113186296,NORMAL
10:18:30,LOT-20260812-B02,W13,step_31,구리_평탄화,ACTIVE,3.498890982247969,89.8525639117348,201.3244784327478,1.1932503386667932,NORMAL
10:18:35,LOT-20260812-B02,W14,step_31,구리_평탄화,ACTIVE,3.494332960012501,89.79241754141356,200.89258086693212,1.2025533359321512,NORMAL
10:18:40,LOT-20260812-B02,W15,step_31,구리_평탄화,ACTIVE,3.5192476583866767,90.28699782966656,201.39703842291937,1.1953669185296252,NORMAL
10:18:45,LOT-20260812-B02,W16,step_31,구리_평탄화,ACTIVE,3.48588406975223,90.16382925609749,200.16385443913663,1.191617677602044,NORMAL
10:18:50,LOT-20260812-B02,W17,step_31,구리_평탄화,ACTIVE,3.4891551240783354,90.09476453440476,199.44057085971136,1.2044562410743538,NORMAL
10:18:55,LOT-20260812-B02,W18,step_31,구리_평탄화,ACTIVE,3.4958563394723767,89.35627231096564,201.0656777322116,1.2040660372205607,NORMAL
10:19:00,LOT-20260812-B02,W19,step_31,구리_평탄화,ACTIVE,3.48277771504773,90.36200294954072,201.2271536177278,1.1980184100030125,NORMAL
10:19:05,LOT-20260812-B02,W20,step_31,구리_평탄화,ACTIVE,3.4911305782443645,90.05519074229579,200.83774075378184,1.2042192102680422,NORMAL
10:19:10,LOT-20260812-B02,W21,step_31,구리_평탄화,ACTIVE,3.5170409928837105,89.95140624481316,200.5513046153967,1.1951634243581255,NORMAL
10:19:15,LOT-20260812-B02,W22,step_31,구리_평탄화,ACTIVE,3.5097710847226016,89.75420020749745,201.2527744911607,1.197766101378473,NORMAL
10:19:20,LOT-20260812-B02,W23,step_31,구리_평탄화,ACTIVE,3.4936888970772206,89.81012568418329,200.3077740396138,1.202443980864828,NORMAL
10:19:25,LOT-20260812-B02,W24,step_31,구리_평탄화,ACTIVE,3.512042433678788,89.73272577313261,199.98152190577173,1.2062028109283205,NORMAL
10:19:30,LOT-20260812-B02,W25,step_31,구리_평탄화,ACTIVE,3.5312286210301687,89.40072753754235,200.65296931939892,1.1977053638567416,NORMAL
10:19:35,LOT-20260812-B02,W01,step_31,구리_평탄화,ACTIVE,3.5046966783929294,89.75474345972674,200.4298217042614,1.1964245413863923,NORMAL
10:19:40,LOT-20260812-B02,W02,step_31,구리_평탄화,ACTIVE,3.521305391891499,89.52028863087504,200.7967620095013,1.2058950422317332,NORMAL
10:19:45,LOT-20260812-B02,W03,step_31,구리_평탄화,ACTIVE,3.5127738322519555,89.9818598096353,199.8812573023041,1.203676118506886,NORMAL
10:19:50,LOT-20260812-B02,W04,step_31,구리_평탄화,ACTIVE,3.495583445472715,89.65477173988742,200.8183252827484,1.2008923410009409,NORMAL
10:19:55,LOT-20260812-B02,W05,step_31,구리_평탄화,ACTIVE,3.502959469545712,90.21898022673348,200.77185481892863,1.2070867130893397,NORMAL
10:20:00,LOT-20260812-B02,W06,step_31,구리_평탄화,ACTIVE,3.5078942370046167,89.50070379244443,200.19201434841025,1.2116820330868685,NORMAL
10:20:05,LOT-20260812-B02,W07,step_31,구리_평탄화,ACTIVE,3.4888254538449184,90.35842348475938,199.32472882005885,1.2021955006711698,NORMAL
10:20:10,LOT-20260812-B02,W08,step_31,구리_평탄화,ACTIVE,3.460861270169837,90.25098446898284,201.11656188673183,1.196460769398806,NORMAL
10:20:15,LOT-20260812-B02,W09,step_31,구리_평탄화,ACTIVE,3.4874888665568142,89.6801292841149,198.9113082850924,1.202983854639225,NORMAL
10:20:20,LOT-20260812-B02,W10,step_31,구리_평탄화,ACTIVE,3.467627885773219,89.97171985567407,199.13806480449435,1.195080396680683,NORMAL
10:20:25,LOT-20260812-B02,W11,step_31,구리_평탄화,ACTIVE,3.488728198600381,89.74368664854146,200.15122056286464,1.2074529765970758,NORMAL
10:20:30,LOT-20260812-C03,W01,step_31,구리_평탄화,ACTIVE,3.474388331806288,90.1735798036523,197.7428904493649,1.1957901033970235,NORMAL
10:20:35,LOT-20260812-C03,W02,step_31,구리_평탄화,ACTIVE,3.5132016305611256,90.53995704694606,201.38866340075612,1.1988411574445792,NORMAL
10:20:40,LOT-20260812-C03,W03,step_31,구리_평탄화,ACTIVE,3.4822610374889944,90.35431920333204,200.0132230155075,1.1949739414095395,NORMAL
10:20:45,LOT-20260812-C03,W04,step_31,구리_평탄화,ACTIVE,3.508161621334298,89.79368156341579,201.38553491836396,1.201093039594625,NORMAL
10:20:50,LOT-20260812-C03,W05,step_31,구리_평탄화,ACTIVE,3.511499030947602,90.0343903844583,201.62363023960376,1.2013047257276102,NORMAL
10:20:55,LOT-20260812-C03,W06,step_31,구리_평탄화,ACTIVE,3.510522631605353,90.45667869717089,199.86065179274297,1.2044558757254018,NORMAL
10:21:00,LOT-20260812-C03,W07,step_31,구리_평탄화,ACTIVE,3.4719749572390315,90.1572812297215,201.21387594873545,1.200717853127766,NORMAL
10:21:05,LOT-20260812-C03,W08,step_31,구리_평탄화,ACTIVE,3.516839665931033,90.30303381896658,199.0458997155288,1.200277602286158,NORMAL
10:21:10,LOT-20260812-C03,W09,step_31,구리_평탄화,ACTIVE,3.506305075490772,90.19536856552725,200.38996740999235,1.1965567194696336,NORMAL
10:21:15,LOT-20260812-C03,W10,step_31,구리_평탄화,ACTIVE,3.5120639861180365,90.02287747188713,199.5739493152354,1.1982819161434397,NORMAL
10:21:20,LOT-20260812-C03,W11,step_31,구리_평탄화,ACTIVE,3.5274481440380554,89.97916033957544,200.6268373116173,1.1916425221140805,NORMAL
10:21:25,LOT-20260812-C03,W12,step_31,구리_평탄화,ACTIVE,5.020375,62.757601,279.487762,0.813876,CASCADE_DEFECT
10:21:30,LOT-20260812-C03,W13,step_31,구리_평탄화,ACTIVE,5.124304,61.989151,276.630742,0.811832,CASCADE_DEFECT
10:21:35,LOT-20260812-C03,W14,step_31,구리_평탄화,ACTIVE,5.149716,62.423654,281.450833,0.828999,CASCADE_DEFECT
10:21:40,LOT-20260812-C03,W15,step_31,구리_평탄화,ACTIVE,5.066393,61.779129,285.131985,0.798401,CASCADE_DEFECT
10:21:45,LOT-20260812-C03,W16,step_31,구리_평탄화,ACTIVE,5.07485,61.317932,276.037615,0.836831,CASCADE_DEFECT
10:21:50,LOT-20260812-C03,W17,step_31,구리_평탄화,ACTIVE,5.134349,61.147151,280.644438,0.836152,CASCADE_DEFECT
10:21:55,LOT-20260812-C03,W18,step_31,구리_평탄화,ACTIVE,5.018565,61.491441,282.870507,0.798101,CASCADE_DEFECT
10:22:00,LOT-20260812-C03,W19,step_31,구리_평탄화,ACTIVE,5.055351,61.570622,284.395568,0.816135,CASCADE_DEFECT
10:22:05,LOT-20260812-C03,W20,step_31,구리_평탄화,ACTIVE,5.054871,62.93505,284.728377,0.82853,CASCADE_DEFECT
10:22:10,LOT-20260812-C03,W21,step_31,구리_평탄화,ACTIVE,5.035434,62.877776,285.275285,0.813674,CASCADE_DEFECT
10:22:15,LOT-20260812-C03,W22,step_31,구리_평탄화,ACTIVE,5.010894,60.894445,282.565092,0.827861,CASCADE_DEFECT
10:22:20,LOT-20260812-C03,W23,step_31,구리_평탄화,ACTIVE,5.039864,61.934087,284.175244,0.826107,CASCADE_DEFECT
10:22:25,LOT-20260812-C03,W24,step_31,구리_평탄화,ACTIVE,5.151271,61.685972,277.563841,0.821897,CASCADE_DEFECT
10:22:30,LOT-20260812-C03,W25,step_31,구리_평탄화,ACTIVE,5.038406,60.651584,282.288133,0.83904,CASCADE_DEFECT
10:22:35,LOT-20260812-C03,W01,step_31,구리_평탄화,ACTIVE,5.10132,62.858812,280.599955,0.825264,CASCADE_DEFECT
10:22:40,LOT-20260812-C03,W02,step_31,구리_평탄화,ACTIVE,5.043971,59.823869,279.08036,0.814995,CASCADE_DEFECT
10:22:45,LOT-20260812-C03,W03,step_31,구리_평탄화,ACTIVE,5.087417,61.810456,279.734069,0.827834,CASCADE_DEFECT
10:22:50,LOT-20260812-C03,W04,step_31,구리_평탄화,ACTIVE,5.134799,60.437837,284.040911,0.830735,CASCADE_DEFECT
10:22:55,LOT-20260812-C03,W05,step_31,구리_평탄화,ACTIVE,3.527109049492249,90.47228131604692,199.0243471371444,1.1946774947927288,NORMAL
10:23:00,LOT-20260812-C03,W06,step_31,구리_평탄화,ACTIVE,3.5033656944182625,89.95545083993161,198.41587987864995,1.2014802303033394,NORMAL
10:23:05,LOT-20260812-C03,W07,step_31,구리_평탄화,ACTIVE,3.5166978864085285,89.870571385842,200.53413723958968,1.2022186023779569,NORMAL
10:23:10,LOT-20260812-C03,W08,step_31,구리_평탄화,ACTIVE,3.518590863305743,90.34467872076696,201.13312357214843,1.193613343192721,NORMAL
10:23:15,LOT-20260812-C03,W09,step_31,구리_평탄화,ACTIVE,3.50839311888422,89.70427617853323,199.8383749573252,1.191848174235656,NORMAL
10:23:20,,,step_31,구리_평탄화,IDLE,3.50839311888422,89.70427617853323,199.8383749573252,1.191848174235656,NORMAL
10:23:25,,,step_31,구리_평탄화,IDLE,3.50839311888422,89.70427617853323,199.8383749573252,1.191848174235656,NORMAL
10:23:30,,,step_31,구리_평탄화,IDLE,3.50839311888422,89.70427617853323,199.8383749573252,1.191848174235656,NORMAL
10:23:35,,,step_31,구리_평탄화,IDLE,3.50839311888422,89.70427617853323,199.8383749573252,1.191848174235656,NORMAL
10:23:40,,,step_31,구리_평탄화,IDLE,3.50839311888422,89.70427617853323,199.8383749573252,1.191848174235656,NORMAL
10:23:45,,,step_31,구리_평탄화,IDLE,3.50839311888422,89.70427617853323,199.8383749573252,1.191848174235656,NORMAL
10:23:50,,,step_31,구리_평탄화,IDLE,3.50839311888422,89.70427617853323,199.8383749573252,1.191848174235656,NORMAL
10:23:55,,,step_31,구리_평탄화,IDLE,3.50839311888422,89.70427617853323,199.8383749573252,1.191848174235656,NORMAL
10:24:00,,,step_31,구리_평탄화,IDLE,3.50839311888422,89.70427617853323,199.8383749573252,1.191848174235656,NORMAL
10:24:05,,,step_31,구리_평탄화,IDLE,3.50839311888422,89.70427617853323,199.8383749573252,1.191848174235656,NORMAL
10:24:10,,,step_31,구리_평탄화,IDLE,3.50839311888422,89.70427617853323,199.8383749573252,1.191848174235656,NORMAL
10:24:15,,,step_31,구리_평탄화,IDLE,3.50839311888422,89.70427617853323,199.8383749573252,1.191848174235656,NORMAL
10:24:20,,,step_31,구리_평탄화,IDLE,3.50839311888422,89.70427617853323,199.8383749573252,1.191848174235656,NORMAL
10:24:25,,,step_31,구리_평탄화,IDLE,3.50839311888422,89.70427617853323,199.8383749573252,1.191848174235656,NORMAL
10:24:30,,,step_31,구리_평탄화,IDLE,3.50839311888422,89.70427617853323,199.8383749573252,1.191848174235656,NORMAL
10:24:35,,,step_31,구리_평탄화,IDLE,3.50839311888422,89.70427617853323,199.8383749573252,1.191848174235656,NORMAL
10:24:40,,,step_31,구리_평탄화,IDLE,3.50839311888422,89.70427617853323,199.8383749573252,1.191848174235656,NORMAL
10:24:45,,,step_31,구리_평탄화,IDLE,3.50839311888422,89.70427617853323,199.8383749573252,1.191848174235656,NORMAL
10:24:50,,,step_31,구리_평탄화,IDLE,3.50839311888422,89.70427617853323,199.8383749573252,1.191848174235656,NORMAL
10:24:55,,,step_31,구리_평탄화,IDLE,3.50839311888422,89.70427617853323,199.8383749573252,1.191848174235656,NORMAL
10:25:00,,,step_31,구리_평탄화,IDLE,3.50839311888422,89.70427617853323,199.8383749573252,1.191848174235656,NORMAL
10:25:05,,,step_31,구리_평탄화,IDLE,3.50839311888422,89.70427617853323,199.8383749573252,1.191848174235656,NORMAL
10:25:10,,,step_31,구리_평탄화,IDLE,3.50839311888422,89.70427617853323,199.8383749573252,1.191848174235656,NORMAL
10:25:15,,,step_31,구리_평탄화,IDLE,3.50839311888422,89.70427617853323,199.8383749573252,1.191848174235656,NORMAL
10:25:20,,,step_31,구리_평탄화,IDLE,3.50839311888422,89.70427617853323,199.8383749573252,1.191848174235656,NORMAL
10:25:25,,,step_31,구리_평탄화,IDLE,3.50839311888422,89.70427617853323,199.8383749573252,1.191848174235656,NORMAL
10:25:30,,,step_31,구리_평탄화,IDLE,3.50839311888422,89.70427617853323,199.8383749573252,1.191848174235656,NORMAL
10:25:35,,,step_31,구리_평탄화,IDLE,3.50839311888422,89.70427617853323,199.8383749573252,1.191848174235656,NORMAL
10:25:40,,,step_31,구리_평탄화,IDLE,3.50839311888422,89.70427617853323,199.8383749573252,1.191848174235656,NORMAL
10:25:45,,,step_31,구리_평탄화,IDLE,3.50839311888422,89.70427617853323,199.8383749573252,1.191848174235656,NORMAL
10:25:50,,,step_31,구리_평탄화,IDLE,3.50839311888422,89.70427617853323,199.8383749573252,1.191848174235656,NORMAL
10:25:55,,,step_31,구리_평탄화,IDLE,3.50839311888422,89.70427617853323,199.8383749573252,1.191848174235656,NORMAL
10:26:00,,,step_31,구리_평탄화,IDLE,3.50839311888422,89.70427617853323,199.8383749573252,1.191848174235656,NORMAL
10:26:05,,,step_31,구리_평탄화,IDLE,3.50839311888422,89.70427617853323,199.8383749573252,1.191848174235656,NORMAL
10:26:10,,,step_31,구리_평탄화,IDLE,3.50839311888422,89.70427617853323,199.8383749573252,1.191848174235656,NORMAL
10:26:15,,,step_31,구리_평탄화,IDLE,3.50839311888422,89.70427617853323,199.8383749573252,1.191848174235656,NORMAL
10:26:20,,,step_31,구리_평탄화,IDLE,3.50839311888422,89.70427617853323,199.8383749573252,1.191848174235656,NORMAL
10:26:25,,,step_31,구리_평탄화,IDLE,3.50839311888422,89.70427617853323,199.8383749573252,1.191848174235656,NORMAL
10:26:30,,,step_31,구리_평탄화,IDLE,3.50839311888422,89.70427617853323,199.8383749573252,1.191848174235656,NORMAL
10:26:35,,,step_31,구리_평탄화,IDLE,3.50839311888422,89.70427617853323,199.8383749573252,1.191848174235656,NORMAL
10:26:40,,,step_31,구리_평탄화,IDLE,3.50839311888422,89.70427617853323,199.8383749573252,1.191848174235656,NORMAL
10:26:45,,,step_31,구리_평탄화,IDLE,3.50839311888422,89.70427617853323,199.8383749573252,1.191848174235656,NORMAL
10:26:50,,,step_31,구리_평탄화,IDLE,3.50839311888422,89.70427617853323,199.8383749573252,1.191848174235656,NORMAL
10:26:55,,,step_31,구리_평탄화,IDLE,3.50839311888422,89.70427617853323,199.8383749573252,1.191848174235656,NORMAL
10:27:00,,,step_31,구리_평탄화,IDLE,3.50839311888422,89.70427617853323,199.8383749573252,1.191848174235656,NORMAL
10:27:05,,,step_31,구리_평탄화,IDLE,3.50839311888422,89.70427617853323,199.8383749573252,1.191848174235656,NORMAL
10:27:10,,,step_31,구리_평탄화,IDLE,3.50839311888422,89.70427617853323,199.8383749573252,1.191848174235656,NORMAL
10:27:15,,,step_31,구리_평탄화,IDLE,3.50839311888422,89.70427617853323,199.8383749573252,1.191848174235656,NORMAL
10:27:20,,,step_31,구리_평탄화,IDLE,3.50839311888422,89.70427617853323,199.8383749573252,1.191848174235656,NORMAL
10:27:25,,,step_31,구리_평탄화,IDLE,3.50839311888422,89.70427617853323,199.8383749573252,1.191848174235656,NORMAL
10:27:30,,,step_31,구리_평탄화,IDLE,3.50839311888422,89.70427617853323,199.8383749573252,1.191848174235656,NORMAL
10:27:35,,,step_31,구리_평탄화,IDLE,3.50839311888422,89.70427617853323,199.8383749573252,1.191848174235656,NORMAL
10:27:40,,,step_31,구리_평탄화,IDLE,3.50839311888422,89.70427617853323,199.8383749573252,1.191848174235656,NORMAL
10:27:45,,,step_31,구리_평탄화,IDLE,3.50839311888422,89.70427617853323,199.8383749573252,1.191848174235656,NORMAL
10:27:50,,,step_31,구리_평탄화,IDLE,3.50839311888422,89.70427617853323,199.8383749573252,1.191848174235656,NORMAL
10:27:55,,,step_31,구리_평탄화,IDLE,3.50839311888422,89.70427617853323,199.8383749573252,1.191848174235656,NORMAL
10:28:00,,,step_31,구리_평탄화,IDLE,3.50839311888422,89.70427617853323,199.8383749573252,1.191848174235656,NORMAL
10:28:05,,,step_31,구리_평탄화,IDLE,3.50839311888422,89.70427617853323,199.8383749573252,1.191848174235656,NORMAL
10:28:10,,,step_31,구리_평탄화,IDLE,3.50839311888422,89.70427617853323,199.8383749573252,1.191848174235656,NORMAL
10:28:15,,,step_31,구리_평탄화,IDLE,3.50839311888422,89.70427617853323,199.8383749573252,1.191848174235656,NORMAL
10:28:20,,,step_31,구리_평탄화,IDLE,3.50839311888422,89.70427617853323,199.8383749573252,1.191848174235656,NORMAL
10:28:25,,,step_31,구리_평탄화,IDLE,3.50839311888422,89.70427617853323,199.8383749573252,1.191848174235656,NORMAL
10:28:30,,,step_31,구리_평탄화,IDLE,3.50839311888422,89.70427617853323,199.8383749573252,1.191848174235656,NORMAL
10:28:35,,,step_31,구리_평탄화,IDLE,3.50839311888422,89.70427617853323,199.8383749573252,1.191848174235656,NORMAL
10:28:40,,,step_31,구리_평탄화,IDLE,3.50839311888422,89.70427617853323,199.8383749573252,1.191848174235656,NORMAL
10:28:45,,,step_31,구리_평탄화,IDLE,3.50839311888422,89.70427617853323,199.8383749573252,1.191848174235656,NORMAL
10:28:50,,,step_31,구리_평탄화,IDLE,3.50839311888422,89.70427617853323,199.8383749573252,1.191848174235656,NORMAL
10:28:55,,,step_31,구리_평탄화,IDLE,3.50839311888422,89.70427617853323,199.8383749573252,1.191848174235656,NORMAL
10:29:00,,,step_31,구리_평탄화,IDLE,3.50839311888422,89.70427617853323,199.8383749573252,1.191848174235656,NORMAL
10:29:05,,,step_31,구리_평탄화,IDLE,3.50839311888422,89.70427617853323,199.8383749573252,1.191848174235656,NORMAL
10:29:10,,,step_31,구리_평탄화,IDLE,3.50839311888422,89.70427617853323,199.8383749573252,1.191848174235656,NORMAL
10:29:15,,,step_31,구리_평탄화,IDLE,3.50839311888422,89.70427617853323,199.8383749573252,1.191848174235656,NORMAL
10:29:20,,,step_31,구리_평탄화,IDLE,3.50839311888422,89.70427617853323,199.8383749573252,1.191848174235656,NORMAL
10:29:25,,,step_31,구리_평탄화,IDLE,3.50839311888422,89.70427617853323,199.8383749573252,1.191848174235656,NORMAL
10:29:30,,,step_31,구리_평탄화,IDLE,3.50839311888422,89.70427617853323,199.8383749573252,1.191848174235656,NORMAL
10:29:35,,,step_31,구리_평탄화,IDLE,3.50839311888422,89.70427617853323,199.8383749573252,1.191848174235656,NORMAL
10:29:40,,,step_31,구리_평탄화,IDLE,3.50839311888422,89.70427617853323,199.8383749573252,1.191848174235656,NORMAL
10:29:45,,,step_31,구리_평탄화,IDLE,3.50839311888422,89.70427617853323,199.8383749573252,1.191848174235656,NORMAL
10:29:50,,,step_31,구리_평탄화,IDLE,3.50839311888422,89.70427617853323,199.8383749573252,1.191848174235656,NORMAL
10:29:55,,,step_31,구리_평탄화,IDLE,3.50839311888422,89.70427617853323,199.8383749573252,1.191848174235656,NORMAL
10:30:00,,,step_31,구리_평탄화,IDLE,3.50839311888422,89.70427617853323,199.8383749573252,1.191848174235656,NORMAL
10:30:05,,,step_31,구리_평탄화,IDLE,3.50839311888422,89.70427617853323,199.8383749573252,1.191848174235656,NORMAL
10:30:10,,,step_31,구리_평탄화,IDLE,3.50839311888422,89.70427617853323,199.8383749573252,1.191848174235656,NORMAL
10:30:15,,,step_31,구리_평탄화,IDLE,3.50839311888422,89.70427617853323,199.8383749573252,1.191848174235656,NORMAL
10:30:20,,,step_31,구리_평탄화,IDLE,3.50839311888422,89.70427617853323,199.8383749573252,1.191848174235656,NORMAL
10:30:25,,,step_31,구리_평탄화,IDLE,3.50839311888422,89.70427617853323,199.8383749573252,1.191848174235656,NORMAL
10:30:30,,,step_31,구리_평탄화,IDLE,3.50839311888422,89.70427617853323,199.8383749573252,1.191848174235656,NORMAL
10:30:35,,,step_31,구리_평탄화,IDLE,3.50839311888422,89.70427617853323,199.8383749573252,1.191848174235656,NORMAL
10:30:40,,,step_31,구리_평탄화,IDLE,3.50839311888422,89.70427617853323,199.8383749573252,1.191848174235656,NORMAL
10:30:45,,,step_31,구리_평탄화,IDLE,3.50839311888422,89.70427617853323,199.8383749573252,1.191848174235656,NORMAL
10:30:50,,,step_31,구리_평탄화,IDLE,3.50839311888422,89.70427617853323,199.8383749573252,1.191848174235656,NORMAL
10:30:55,,,step_31,구리_평탄화,IDLE,3.50839311888422,89.70427617853323,199.8383749573252,1.191848174235656,NORMAL
10:31:00,,,step_31,구리_평탄화,IDLE,3.50839311888422,89.70427617853323,199.8383749573252,1.191848174235656,NORMAL
10:31:05,,,step_31,구리_평탄화,IDLE,3.50839311888422,89.70427617853323,199.8383749573252,1.191848174235656,NORMAL
10:31:10,,,step_31,구리_평탄화,IDLE,3.50839311888422,89.70427617853323,199.8383749573252,1.191848174235656,NORMAL
10:31:15,,,step_31,구리_평탄화,IDLE,3.50839311888422,89.70427617853323,199.8383749573252,1.191848174235656,NORMAL
10:31:20,,,step_31,구리_평탄화,IDLE,3.50839311888422,89.70427617853323,199.8383749573252,1.191848174235656,NORMAL
10:31:25,,,step_31,구리_평탄화,IDLE,3.50839311888422,89.70427617853323,199.8383749573252,1.191848174235656,NORMAL
10:31:30,,,step_31,구리_평탄화,IDLE,3.50839311888422,89.70427617853323,199.8383749573252,1.191848174235656,NORMAL
10:31:35,,,step_31,구리_평탄화,IDLE,3.50839311888422,89.70427617853323,199.8383749573252,1.191848174235656,NORMAL
10:31:40,,,step_31,구리_평탄화,IDLE,3.50839311888422,89.70427617853323,199.8383749573252,1.191848174235656,NORMAL
10:31:45,,,step_31,구리_평탄화,IDLE,3.50839311888422,89.70427617853323,199.8383749573252,1.191848174235656,NORMAL
10:31:50,,,step_31,구리_평탄화,IDLE,3.50839311888422,89.70427617853323,199.8383749573252,1.191848174235656,NORMAL
10:31:55,,,step_31,구리_평탄화,IDLE,3.50839311888422,89.70427617853323,199.8383749573252,1.191848174235656,NORMAL
10:32:00,,,step_31,구리_평탄화,IDLE,3.50839311888422,89.70427617853323,199.8383749573252,1.191848174235656,NORMAL
10:32:05,,,step_31,구리_평탄화,IDLE,3.50839311888422,89.70427617853323,199.8383749573252,1.191848174235656,NORMAL
10:32:10,,,step_31,구리_평탄화,IDLE,3.50839311888422,89.70427617853323,199.8383749573252,1.191848174235656,NORMAL
10:32:15,,,step_31,구리_평탄화,IDLE,3.50839311888422,89.70427617853323,199.8383749573252,1.191848174235656,NORMAL
10:32:20,,,step_31,구리_평탄화,IDLE,3.50839311888422,89.70427617853323,199.8383749573252,1.191848174235656,NORMAL
10:32:25,,,step_31,구리_평탄화,IDLE,3.50839311888422,89.70427617853323,199.8383749573252,1.191848174235656,NORMAL
10:32:30,,,step_31,구리_평탄화,IDLE,3.50839311888422,89.70427617853323,199.8383749573252,1.191848174235656,NORMAL
10:32:35,,,step_31,구리_평탄화,IDLE,3.50839311888422,89.70427617853323,199.8383749573252,1.191848174235656,NORMAL
10:32:40,,,step_31,구리_평탄화,IDLE,3.50839311888422,89.70427617853323,199.8383749573252,1.191848174235656,NORMAL
10:32:45,,,step_31,구리_평탄화,IDLE,3.50839311888422,89.70427617853323,199.8383749573252,1.191848174235656,NORMAL
10:32:50,,,step_31,구리_평탄화,IDLE,3.50839311888422,89.70427617853323,199.8383749573252,1.191848174235656,NORMAL
10:32:55,,,step_31,구리_평탄화,IDLE,3.50839311888422,89.70427617853323,199.8383749573252,1.191848174235656,NORMAL
10:33:00,,,step_31,구리_평탄화,IDLE,3.50839311888422,89.70427617853323,199.8383749573252,1.191848174235656,NORMAL
10:33:05,,,step_31,구리_평탄화,IDLE,3.50839311888422,89.70427617853323,199.8383749573252,1.191848174235656,NORMAL
10:33:10,,,step_31,구리_평탄화,IDLE,3.50839311888422,89.70427617853323,199.8383749573252,1.191848174235656,NORMAL
10:33:15,,,step_31,구리_평탄화,IDLE,3.50839311888422,89.70427617853323,199.8383749573252,1.191848174235656,NORMAL
