Timestamp,Lot_ID,Wafer_ID,Address,Step_Name,Phase,Source_Power_W,Bias_Power_W,Gas_Ratio_CHF3_Ar,Chamber_Pressure_mTorr,Back_He_Pressure_Torr,Status
09:00:00,,,step_34,패드_오픈_식각,IDLE,75.0166679452213,17.814797840272217,0.0759329579661493,0.7668128734409595,0.5060757094252625,NORMAL
09:00:05,,,step_34,패드_오픈_식각,IDLE,75.0166679452213,17.814797840272217,0.0759329579661493,0.7668128734409595,0.5060757094252625,NORMAL
09:00:10,,,step_34,패드_오픈_식각,IDLE,75.0166679452213,17.814797840272217,0.0759329579661493,0.7668128734409595,0.5060757094252625,NORMAL
09:00:15,,,step_34,패드_오픈_식각,IDLE,75.0166679452213,17.814797840272217,0.0759329579661493,0.7668128734409595,0.5060757094252625,NORMAL
09:00:20,,,step_34,패드_오픈_식각,IDLE,75.0166679452213,17.814797840272217,0.0759329579661493,0.7668128734409595,0.5060757094252625,NORMAL
09:00:25,,,step_34,패드_오픈_식각,IDLE,75.0166679452213,17.814797840272217,0.0759329579661493,0.7668128734409595,0.5060757094252625,NORMAL
09:00:30,,,step_34,패드_오픈_식각,IDLE,75.0166679452213,17.814797840272217,0.0759329579661493,0.7668128734409595,0.5060757094252625,NORMAL
09:00:35,,,step_34,패드_오픈_식각,IDLE,75.0166679452213,17.814797840272217,0.0759329579661493,0.7668128734409595,0.5060757094252625,NORMAL
09:00:40,,,step_34,패드_오픈_식각,IDLE,75.0166679452213,17.814797840272217,0.0759329579661493,0.7668128734409595,0.5060757094252625,NORMAL
09:00:45,,,step_34,패드_오픈_식각,IDLE,75.0166679452213,17.814797840272217,0.0759329579661493,0.7668128734409595,0.5060757094252625,NORMAL
09:00:50,,,step_34,패드_오픈_식각,IDLE,75.0166679452213,17.814797840272217,0.0759329579661493,0.7668128734409595,0.5060757094252625,NORMAL
09:00:55,,,step_34,패드_오픈_식각,IDLE,75.0166679452213,17.814797840272217,0.0759329579661493,0.7668128734409595,0.5060757094252625,NORMAL
09:01:00,,,step_34,패드_오픈_식각,IDLE,75.0166679452213,17.814797840272217,0.0759329579661493,0.7668128734409595,0.5060757094252625,NORMAL
09:01:05,,,step_34,패드_오픈_식각,IDLE,75.0166679452213,17.814797840272217,0.0759329579661493,0.7668128734409595,0.5060757094252625,NORMAL
09:01:10,,,step_34,패드_오픈_식각,IDLE,75.0166679452213,17.814797840272217,0.0759329579661493,0.7668128734409595,0.5060757094252625,NORMAL
09:01:15,,,step_34,패드_오픈_식각,IDLE,75.0166679452213,17.814797840272217,0.0759329579661493,0.7668128734409595,0.5060757094252625,NORMAL
09:01:20,,,step_34,패드_오픈_식각,IDLE,75.0166679452213,17.814797840272217,0.0759329579661493,0.7668128734409595,0.5060757094252625,NORMAL
09:01:25,,,step_34,패드_오픈_식각,IDLE,75.0166679452213,17.814797840272217,0.0759329579661493,0.7668128734409595,0.5060757094252625,NORMAL
09:01:30,,,step_34,패드_오픈_식각,IDLE,75.0166679452213,17.814797840272217,0.0759329579661493,0.7668128734409595,0.5060757094252625,NORMAL
09:01:35,,,step_34,패드_오픈_식각,IDLE,75.0166679452213,17.814797840272217,0.0759329579661493,0.7668128734409595,0.5060757094252625,NORMAL
09:01:40,,,step_34,패드_오픈_식각,IDLE,75.0166679452213,17.814797840272217,0.0759329579661493,0.7668128734409595,0.5060757094252625,NORMAL
09:01:45,,,step_34,패드_오픈_식각,IDLE,75.0166679452213,17.814797840272217,0.0759329579661493,0.7668128734409595,0.5060757094252625,NORMAL
09:01:50,,,step_34,패드_오픈_식각,IDLE,75.0166679452213,17.814797840272217,0.0759329579661493,0.7668128734409595,0.5060757094252625,NORMAL
09:01:55,,,step_34,패드_오픈_식각,IDLE,75.0166679452213,17.814797840272217,0.0759329579661493,0.7668128734409595,0.5060757094252625,NORMAL
09:02:00,,,step_34,패드_오픈_식각,IDLE,75.0166679452213,17.814797840272217,0.0759329579661493,0.7668128734409595,0.5060757094252625,NORMAL
09:02:05,,,step_34,패드_오픈_식각,IDLE,75.0166679452213,17.814797840272217,0.0759329579661493,0.7668128734409595,0.5060757094252625,NORMAL
09:02:10,,,step_34,패드_오픈_식각,IDLE,75.0166679452213,17.814797840272217,0.0759329579661493,0.7668128734409595,0.5060757094252625,NORMAL
09:02:15,,,step_34,패드_오픈_식각,IDLE,75.0166679452213,17.814797840272217,0.0759329579661493,0.7668128734409595,0.5060757094252625,NORMAL
09:02:20,,,step_34,패드_오픈_식각,IDLE,75.0166679452213,17.814797840272217,0.0759329579661493,0.7668128734409595,0.5060757094252625,NORMAL
09:02:25,,,step_34,패드_오픈_식각,IDLE,75.0166679452213,17.814797840272217,0.0759329579661493,0.7668128734409595,0.5060757094252625,NORMAL
09:02:30,,,step_34,패드_오픈_식각,IDLE,75.0166679452213,17.814797840272217,0.0759329579661493,0.7668128734409595,0.5060757094252625,NORMAL
09:02:35,,,step_34,패드_오픈_식각,IDLE,75.0166679452213,17.814797840272217,0.0759329579661493,0.7668128734409595,0.5060757094252625,NORMAL
09:02:40,,,step_34,패드_오픈_식각,IDLE,75.0166679452213,17.814797840272217,0.0759329579661493,0.7668128734409595,0.5060757094252625,NORMAL
09:02:45,,,step_34,패드_오픈_식각,IDLE,75.0166679452213,17.814797840272217,0.0759329579661493,0.7668128734409595,0.5060757094252625,NORMAL
09:02:50,,,step_34,패드_오픈_식각,IDLE,75.0166679452213,17.814797840272217,0.0759329579661493,0.7668128734409595,0.5060757094252625,NORMAL
09:02:55,,,step_34,패드_오픈_식각,IDLE,75.0166679452213,17.814797840272217,0.0759329579661493,0.7668128734409595,0.5060757094252625,NORMAL
09:03:00,,,step_34,패드_오픈_식각,IDLE,75.0166679452213,17.814797840272217,0.0759329579661493,0.7668128734409595,0.5060757094252625,NORMAL
09:03:05,,,step_34,패드_오픈_식각,IDLE,75.0166679452213,17.814797840272217,0.0759329579661493,0.7668128734409595,0.5060757094252625,NORMAL
09:03:10,,,step_34,패드_오픈_식각,IDLE,75.0166679452213,17.814797840272217,0.0759329579661493,0.7668128734409595,0.5060757094252625,NORMAL
09:03:15,,,step_34,패드_오픈_식각,IDLE,75.0166679452213,17.814797840272217,0.0759329579661493,0.7668128734409595,0.5060757094252625,NORMAL
09:03:20,,,step_34,패드_오픈_식각,IDLE,75.0166679452213,17.814797840272217,0.0759329579661493,0.7668128734409595,0.5060757094252625,NORMAL
09:03:25,,,step_34,패드_오픈_식각,IDLE,75.0166679452213,17.814797840272217,0.0759329579661493,0.7668128734409595,0.5060757094252625,NORMAL
09:03:30,,,step_34,패드_오픈_식각,IDLE,75.0166679452213,17.814797840272217,0.0759329579661493,0.7668128734409595,0.5060757094252625,NORMAL
09:03:35,,,step_34,패드_오픈_식각,IDLE,75.0166679452213,17.814797840272217,0.0759329579661493,0.7668128734409595,0.5060757094252625,NORMAL
09:03:40,,,step_34,패드_오픈_식각,IDLE,75.0166679452213,17.814797840272217,0.0759329579661493,0.7668128734409595,0.5060757094252625,NORMAL
09:03:45,,,step_34,패드_오픈_식각,IDLE,75.0166679452213,17.814797840272217,0.0759329579661493,0.7668128734409595,0.5060757094252625,NORMAL
09:03:50,,,step_34,패드_오픈_식각,IDLE,75.0166679452213,17.814797840272217,0.0759329579661493,0.7668128734409595,0.5060757094252625,NORMAL
09:03:55,,,step_34,패드_오픈_식각,IDLE,75.0166679452213,17.814797840272217,0.0759329579661493,0.7668128734409595,0.5060757094252625,NORMAL
09:04:00,,,step_34,패드_오픈_식각,IDLE,75.0166679452213,17.814797840272217,0.0759329579661493,0.7668128734409595,0.5060757094252625,NORMAL
09:04:05,,,step_34,패드_오픈_식각,IDLE,75.0166679452213,17.814797840272217,0.0759329579661493,0.7668128734409595,0.5060757094252625,NORMAL
09:04:10,,,step_34,패드_오픈_식각,IDLE,75.0166679452213,17.814797840272217,0.0759329579661493,0.7668128734409595,0.5060757094252625,NORMAL
09:04:15,,,step_34,패드_오픈_식각,IDLE,75.0166679452213,17.814797840272217,0.0759329579661493,0.7668128734409595,0.5060757094252625,NORMAL
09:04:20,,,step_34,패드_오픈_식각,IDLE,75.0166679452213,17.814797840272217,0.0759329579661493,0.7668128734409595,0.5060757094252625,NORMAL
09:04:25,,,step_34,패드_오픈_식각,IDLE,75.0166679452213,17.814797840272217,0.0759329579661493,0.7668128734409595,0.5060757094252625,NORMAL
09:04:30,,,step_34,패드_오픈_식각,IDLE,75.0166679452213,17.814797840272217,0.0759329579661493,0.7668128734409595,0.5060757094252625,NORMAL
09:04:35,,,step_34,패드_오픈_식각,IDLE,75.0166679452213,17.814797840272217,0.0759329579661493,0.7668128734409595,0.5060757094252625,NORMAL
09:04:40,,,step_34,패드_오픈_식각,IDLE,75.0166679452213,17.814797840272217,0.0759329579661493,0.7668128734409595,0.5060757094252625,NORMAL
09:04:45,,,step_34,패드_오픈_식각,IDLE,75.0166679452213,17.814797840272217,0.0759329579661493,0.7668128734409595,0.5060757094252625,NORMAL
09:04:50,,,step_34,패드_오픈_식각,IDLE,75.0166679452213,17.814797840272217,0.0759329579661493,0.7668128734409595,0.5060757094252625,NORMAL
09:04:55,,,step_34,패드_오픈_식각,IDLE,75.0166679452213,17.814797840272217,0.0759329579661493,0.7668128734409595,0.5060757094252625,NORMAL
09:05:00,,,step_34,패드_오픈_식각,IDLE,75.0166679452213,17.814797840272217,0.0759329579661493,0.7668128734409595,0.5060757094252625,NORMAL
09:05:05,,,step_34,패드_오픈_식각,IDLE,75.0166679452213,17.814797840272217,0.0759329579661493,0.7668128734409595,0.5060757094252625,NORMAL
09:05:10,,,step_34,패드_오픈_식각,IDLE,75.0166679452213,17.814797840272217,0.0759329579661493,0.7668128734409595,0.5060757094252625,NORMAL
09:05:15,,,step_34,패드_오픈_식각,IDLE,75.0166679452213,17.814797840272217,0.0759329579661493,0.7668128734409595,0.5060757094252625,NORMAL
09:05:20,,,step_34,패드_오픈_식각,IDLE,75.0166679452213,17.814797840272217,0.0759329579661493,0.7668128734409595,0.5060757094252625,NORMAL
09:05:25,,,step_34,패드_오픈_식각,IDLE,75.0166679452213,17.814797840272217,0.0759329579661493,0.7668128734409595,0.5060757094252625,NORMAL
09:05:30,,,step_34,패드_오픈_식각,IDLE,75.0166679452213,17.814797840272217,0.0759329579661493,0.7668128734409595,0.5060757094252625,NORMAL
09:05:35,,,step_34,패드_오픈_식각,IDLE,75.0166679452213,17.814797840272217,0.0759329579661493,0.7668128734409595,0.5060757094252625,NORMAL
09:05:40,,,step_34,패드_오픈_식각,IDLE,75.0166679452213,17.814797840272217,0.0759329579661493,0.7668128734409595,0.5060757094252625,NORMAL
09:05:45,,,step_34,패드_오픈_식각,IDLE,75.0166679452213,17.814797840272217,0.0759329579661493,0.7668128734409595,0.5060757094252625,NORMAL
09:05:50,,,step_34,패드_오픈_식각,IDLE,75.0166679452213,17.814797840272217,0.0759329579661493,0.7668128734409595,0.5060757094252625,NORMAL
09:05:55,,,step_34,패드_오픈_식각,IDLE,75.0166679452213,17.814797840272217,0.0759329579661493,0.7668128734409595,0.5060757094252625,NORMAL
09:06:00,,,step_34,패드_오픈_식각,IDLE,75.0166679452213,17.814797840272217,0.0759329579661493,0.7668128734409595,0.5060757094252625,NORMAL
09:06:05,,,step_34,패드_오픈_식각,IDLE,75.0166679452213,17.814797840272217,0.0759329579661493,0.7668128734409595,0.5060757094252625,NORMAL
09:06:10,,,step_34,패드_오픈_식각,IDLE,75.0166679452213,17.814797840272217,0.0759329579661493,0.7668128734409595,0.5060757094252625,NORMAL
09:06:15,,,step_34,패드_오픈_식각,IDLE,75.0166679452213,17.814797840272217,0.0759329579661493,0.7668128734409595,0.5060757094252625,NORMAL
09:06:20,,,step_34,패드_오픈_식각,IDLE,75.0166679452213,17.814797840272217,0.0759329579661493,0.7668128734409595,0.5060757094252625,NORMAL
09:06:25,,,step_34,패드_오픈_식각,IDLE,75.0166679452213,17.814797840272217,0.0759329579661493,0.7668128734409595,0.5060757094252625,NORMAL
09:06:30,,,step_34,패드_오픈_식각,IDLE,75.0166679452213,17.814797840272217,0.0759329579661493,0.7668128734409595,0.5060757094252625,NORMAL
09:06:35,,,step_34,패드_오픈_식각,IDLE,75.0166679452213,17.814797840272217,0.0759329579661493,0.7668128734409595,0.5060757094252625,NORMAL
09:06:40,,,step_34,패드_오픈_식각,IDLE,75.0166679452213,17.814797840272217,0.0759329579661493,0.7668128734409595,0.5060757094252625,NORMAL
09:06:45,,,step_34,패드_오픈_식각,IDLE,75.0166679452213,17.814797840272217,0.0759329579661493,0.7668128734409595,0.5060757094252625,NORMAL
09:06:50,,,step_34,패드_오픈_식각,IDLE,75.0166679452213,17.814797840272217,0.0759329579661493,0.7668128734409595,0.5060757094252625,NORMAL
09:06:55,,,step_34,패드_오픈_식각,IDLE,75.0166679452213,17.814797840272217,0.0759329579661493,0.7668128734409595,0.5060757094252625,NORMAL
09:07:00,,,step_34,패드_오픈_식각,IDLE,75.0166679452213,17.814797840272217,0.0759329579661493,0.7668128734409595,0.5060757094252625,NORMAL
09:07:05,,,step_34,패드_오픈_식각,IDLE,75.0166679452213,17.814797840272217,0.0759329579661493,0.7668128734409595,0.5060757094252625,NORMAL
09:07:10,,,step_34,패드_오픈_식각,IDLE,75.0166679452213,17.814797840272217,0.0759329579661493,0.7668128734409595,0.5060757094252625,NORMAL
09:07:15,,,step_34,패드_오픈_식각,IDLE,75.0166679452213,17.814797840272217,0.0759329579661493,0.7668128734409595,0.5060757094252625,NORMAL
09:07:20,,,step_34,패드_오픈_식각,IDLE,75.0166679452213,17.814797840272217,0.0759329579661493,0.7668128734409595,0.5060757094252625,NORMAL
09:07:25,,,step_34,패드_오픈_식각,IDLE,75.0166679452213,17.814797840272217,0.0759329579661493,0.7668128734409595,0.5060757094252625,NORMAL
09:07:30,,,step_34,패드_오픈_식각,IDLE,75.0166679452213,17.814797840272217,0.0759329579661493,0.7668128734409595,0.5060757094252625,NORMAL
09:07:35,,,step_34,패드_오픈_식각,IDLE,75.0166679452213,17.814797840272217,0.0759329579661493,0.7668128734409595,0.5060757094252625,NORMAL
09:07:40,,,step_34,패드_오픈_식각,IDLE,75.0166679452213,17.814797840272217,0.0759329579661493,0.7668128734409595,0.5060757094252625,NORMAL
09:07:45,,,step_34,패드_오픈_식각,IDLE,75.0166679452213,17.814797840272217,0.0759329579661493,0.7668128734409595,0.5060757094252625,NORMAL
09:07:50,,,step_34,패드_오픈_식각,IDLE,75.0166679452213,17.814797840272217,0.0759329579661493,0.7668128734409595,0.5060757094252625,NORMAL
09:07:55,,,step_34,패드_오픈_식각,IDLE,75.0166679452213,17.814797840272217,0.0759329579661493,0.7668128734409595,0.5060757094252625,NORMAL
09:08:00,,,step_34,패드_오픈_식각,IDLE,75.0166679452213,17.814797840272217,0.0759329579661493,0.7668128734409595,0.5060757094252625,NORMAL
09:08:05,,,step_34,패드_오픈_식각,IDLE,75.0166679452213,17.814797840272217,0.0759329579661493,0.7668128734409595,0.5060757094252625,NORMAL
09:08:10,,,step_34,패드_오픈_식각,IDLE,75.0166679452213,17.814797840272217,0.0759329579661493,0.7668128734409595,0.5060757094252625,NORMAL
09:08:15,,,step_34,패드_오픈_식각,IDLE,75.0166679452213,17.814797840272217,0.0759329579661493,0.7668128734409595,0.5060757094252625,NORMAL
09:08:20,,,step_34,패드_오픈_식각,IDLE,75.0166679452213,17.814797840272217,0.0759329579661493,0.7668128734409595,0.5060757094252625,NORMAL
09:08:25,,,step_34,패드_오픈_식각,IDLE,75.0166679452213,17.814797840272217,0.0759329579661493,0.7668128734409595,0.5060757094252625,NORMAL
09:08:30,,,step_34,패드_오픈_식각,IDLE,75.0166679452213,17.814797840272217,0.0759329579661493,0.7668128734409595,0.5060757094252625,NORMAL
09:08:35,,,step_34,패드_오픈_식각,IDLE,75.0166679452213,17.814797840272217,0.0759329579661493,0.7668128734409595,0.5060757094252625,NORMAL
09:08:40,,,step_34,패드_오픈_식각,IDLE,75.0166679452213,17.814797840272217,0.0759329579661493,0.7668128734409595,0.5060757094252625,NORMAL
09:08:45,,,step_34,패드_오픈_식각,IDLE,75.0166679452213,17.814797840272217,0.0759329579661493,0.7668128734409595,0.5060757094252625,NORMAL
09:08:50,,,step_34,패드_오픈_식각,IDLE,75.0166679452213,17.814797840272217,0.0759329579661493,0.7668128734409595,0.5060757094252625,NORMAL
09:08:55,,,step_34,패드_오픈_식각,IDLE,75.0166679452213,17.814797840272217,0.0759329579661493,0.7668128734409595,0.5060757094252625,NORMAL
09:09:00,,,step_34,패드_오픈_식각,IDLE,75.0166679452213,17.814797840272217,0.0759329579661493,0.7668128734409595,0.5060757094252625,NORMAL
09:09:05,,,step_34,패드_오픈_식각,IDLE,75.0166679452213,17.814797840272217,0.0759329579661493,0.7668128734409595,0.5060757094252625,NORMAL
09:09:10,,,step_34,패드_오픈_식각,IDLE,75.0166679452213,17.814797840272217,0.0759329579661493,0.7668128734409595,0.5060757094252625,NORMAL
09:09:15,,,step_34,패드_오픈_식각,IDLE,75.0166679452213,17.814797840272217,0.0759329579661493,0.7668128734409595,0.5060757094252625,NORMAL
09:09:20,,,step_34,패드_오픈_식각,IDLE,75.0166679452213,17.814797840272217,0.0759329579661493,0.7668128734409595,0.5060757094252625,NORMAL
09:09:25,,,step_34,패드_오픈_식각,IDLE,75.0166679452213,17.814797840272217,0.0759329579661493,0.7668128734409595,0.5060757094252625,NORMAL
09:09:30,,,step_34,패드_오픈_식각,IDLE,75.0166679452213,17.814797840272217,0.0759329579661493,0.7668128734409595,0.5060757094252625,NORMAL
09:09:35,,,step_34,패드_오픈_식각,IDLE,75.0166679452213,17.814797840272217,0.0759329579661493,0.7668128734409595,0.5060757094252625,NORMAL
09:09:40,,,step_34,패드_오픈_식각,IDLE,75.0166679452213,17.814797840272217,0.0759329579661493,0.7668128734409595,0.5060757094252625,NORMAL
09:09:45,,,step_34,패드_오픈_식각,IDLE,75.0166679452213,17.814797840272217,0.0759329579661493,0.7668128734409595,0.5060757094252625,NORMAL
09:09:50,,,step_34,패드_오픈_식각,IDLE,75.0166679452213,17.814797840272217,0.0759329579661493,0.7668128734409595,0.5060757094252625,NORMAL
09:09:55,,,step_34,패드_오픈_식각,IDLE,75.0166679452213,17.814797840272217,0.0759329579661493,0.7668128734409595,0.5060757094252625,NORMAL
09:10:00,,,step_34,패드_오픈_식각,IDLE,75.0166679452213,17.814797840272217,0.0759329579661493,0.7668128734409595,0.5060757094252625,NORMAL
09:10:05,,,step_34,패드_오픈_식각,IDLE,75.0166679452213,17.814797840272217,0.0759329579661493,0.7668128734409595,0.5060757094252625,NORMAL
09:10:10,,,step_34,패드_오픈_식각,IDLE,75.0166679452213,17.814797840272217,0.0759329579661493,0.7668128734409595,0.5060757094252625,NORMAL
09:10:15,,,step_34,패드_오픈_식각,IDLE,75.0166679452213,17.814797840272217,0.0759329579661493,0.7668128734409595,0.5060757094252625,NORMAL
09:10:20,,,step_34,패드_오픈_식각,IDLE,75.0166679452213,17.814797840272217,0.0759329579661493,0.7668128734409595,0.5060757094252625,NORMAL
09:10:25,,,step_34,패드_오픈_식각,IDLE,75.0166679452213,17.814797840272217,0.0759329579661493,0.7668128734409595,0.5060757094252625,NORMAL
09:10:30,,,step_34,패드_오픈_식각,IDLE,75.0166679452213,17.814797840272217,0.0759329579661493,0.7668128734409595,0.5060757094252625,NORMAL
09:10:35,,,step_34,패드_오픈_식각,IDLE,75.0166679452213,17.814797840272217,0.0759329579661493,0.7668128734409595,0.5060757094252625,NORMAL
09:10:40,,,step_34,패드_오픈_식각,IDLE,75.0166679452213,17.814797840272217,0.0759329579661493,0.7668128734409595,0.5060757094252625,NORMAL
09:10:45,,,step_34,패드_오픈_식각,IDLE,75.0166679452213,17.814797840272217,0.0759329579661493,0.7668128734409595,0.5060757094252625,NORMAL
09:10:50,,,step_34,패드_오픈_식각,IDLE,75.0166679452213,17.814797840272217,0.0759329579661493,0.7668128734409595,0.5060757094252625,NORMAL
09:10:55,,,step_34,패드_오픈_식각,IDLE,75.0166679452213,17.814797840272217,0.0759329579661493,0.7668128734409595,0.5060757094252625,NORMAL
09:11:00,,,step_34,패드_오픈_식각,IDLE,75.0166679452213,17.814797840272217,0.0759329579661493,0.7668128734409595,0.5060757094252625,NORMAL
09:11:05,,,step_34,패드_오픈_식각,IDLE,75.0166679452213,17.814797840272217,0.0759329579661493,0.7668128734409595,0.5060757094252625,NORMAL
09:11:10,,,step_34,패드_오픈_식각,IDLE,75.0166679452213,17.814797840272217,0.0759329579661493,0.7668128734409595,0.5060757094252625,NORMAL
09:11:15,,,step_34,패드_오픈_식각,IDLE,75.0166679452213,17.814797840272217,0.0759329579661493,0.7668128734409595,0.5060757094252625,NORMAL
09:11:20,,,step_34,패드_오픈_식각,IDLE,75.0166679452213,17.814797840272217,0.0759329579661493,0.7668128734409595,0.5060757094252625,NORMAL
09:11:25,,,step_34,패드_오픈_식각,IDLE,75.0166679452213,17.814797840272217,0.0759329579661493,0.7668128734409595,0.5060757094252625,NORMAL
09:11:30,,,step_34,패드_오픈_식각,IDLE,75.0166679452213,17.814797840272217,0.0759329579661493,0.7668128734409595,0.5060757094252625,NORMAL
09:11:35,,,step_34,패드_오픈_식각,IDLE,75.0166679452213,17.814797840272217,0.0759329579661493,0.7668128734409595,0.5060757094252625,NORMAL
09:11:40,,,step_34,패드_오픈_식각,IDLE,75.0166679452213,17.814797840272217,0.0759329579661493,0.7668128734409595,0.5060757094252625,NORMAL
09:11:45,,,step_34,패드_오픈_식각,IDLE,75.0166679452213,17.814797840272217,0.0759329579661493,0.7668128734409595,0.5060757094252625,NORMAL
09:11:50,,,step_34,패드_오픈_식각,IDLE,75.0166679452213,17.814797840272217,0.0759329579661493,0.7668128734409595,0.5060757094252625,NORMAL
09:11:55,,,step_34,패드_오픈_식각,IDLE,75.0166679452213,17.814797840272217,0.0759329579661493,0.7668128734409595,0.5060757094252625,NORMAL
09:12:00,,,step_34,패드_오픈_식각,IDLE,75.0166679452213,17.814797840272217,0.0759329579661493,0.7668128734409595,0.5060757094252625,NORMAL
09:12:05,,,step_34,패드_오픈_식각,IDLE,75.0166679452213,17.814797840272217,0.0759329579661493,0.7668128734409595,0.5060757094252625,NORMAL
09:12:10,,,step_34,패드_오픈_식각,IDLE,75.0166679452213,17.814797840272217,0.0759329579661493,0.7668128734409595,0.5060757094252625,NORMAL
09:12:15,,,step_34,패드_오픈_식각,IDLE,75.0166679452213,17.814797840272217,0.0759329579661493,0.7668128734409595,0.5060757094252625,NORMAL
09:12:20,,,step_34,패드_오픈_식각,IDLE,75.0166679452213,17.814797840272217,0.0759329579661493,0.7668128734409595,0.5060757094252625,NORMAL
09:12:25,,,step_34,패드_오픈_식각,IDLE,75.0166679452213,17.814797840272217,0.0759329579661493,0.7668128734409595,0.5060757094252625,NORMAL
09:12:30,,,step_34,패드_오픈_식각,IDLE,75.0166679452213,17.814797840272217,0.0759329579661493,0.7668128734409595,0.5060757094252625,NORMAL
09:12:35,,,step_34,패드_오픈_식각,IDLE,75.0166679452213,17.814797840272217,0.0759329579661493,0.7668128734409595,0.5060757094252625,NORMAL
09:12:40,,,step_34,패드_오픈_식각,IDLE,75.0166679452213,17.814797840272217,0.0759329579661493,0.7668128734409595,0.5060757094252625,NORMAL
09:12:45,,,step_34,패드_오픈_식각,IDLE,75.0166679452213,17.814797840272217,0.0759329579661493,0.7668128734409595,0.5060757094252625,NORMAL
09:12:50,,,step_34,패드_오픈_식각,IDLE,75.0166679452213,17.814797840272217,0.0759329579661493,0.7668128734409595,0.5060757094252625,NORMAL
09:12:55,,,step_34,패드_오픈_식각,IDLE,75.0166679452213,17.814797840272217,0.0759329579661493,0.7668128734409595,0.5060757094252625,NORMAL
09:13:00,,,step_34,패드_오픈_식각,IDLE,75.0166679452213,17.814797840272217,0.0759329579661493,0.7668128734409595,0.5060757094252625,NORMAL
09:13:05,,,step_34,패드_오픈_식각,IDLE,75.0166679452213,17.814797840272217,0.0759329579661493,0.7668128734409595,0.5060757094252625,NORMAL
09:13:10,,,step_34,패드_오픈_식각,IDLE,75.0166679452213,17.814797840272217,0.0759329579661493,0.7668128734409595,0.5060757094252625,NORMAL
09:13:15,,,step_34,패드_오픈_식각,IDLE,75.0166679452213,17.814797840272217,0.0759329579661493,0.7668128734409595,0.5060757094252625,NORMAL
09:13:20,,,step_34,패드_오픈_식각,IDLE,75.0166679452213,17.814797840272217,0.0759329579661493,0.7668128734409595,0.5060757094252625,NORMAL
09:13:25,,,step_34,패드_오픈_식각,IDLE,75.0166679452213,17.814797840272217,0.0759329579661493,0.7668128734409595,0.5060757094252625,NORMAL
09:13:30,,,step_34,패드_오픈_식각,IDLE,75.0166679452213,17.814797840272217,0.0759329579661493,0.7668128734409595,0.5060757094252625,NORMAL
09:13:35,,,step_34,패드_오픈_식각,IDLE,75.0166679452213,17.814797840272217,0.0759329579661493,0.7668128734409595,0.5060757094252625,NORMAL
09:13:40,,,step_34,패드_오픈_식각,IDLE,75.0166679452213,17.814797840272217,0.0759329579661493,0.7668128734409595,0.5060757094252625,NORMAL
09:13:45,,,step_34,패드_오픈_식각,IDLE,75.0166679452213,17.814797840272217,0.0759329579661493,0.7668128734409595,0.5060757094252625,NORMAL
09:13:50,,,step_34,패드_오픈_식각,IDLE,75.0166679452213,17.814797840272217,0.0759329579661493,0.7668128734409595,0.5060757094252625,NORMAL
09:13:55,,,step_34,패드_오픈_식각,IDLE,75.0166679452213,17.814797840272217,0.0759329579661493,0.7668128734409595,0.5060757094252625,NORMAL
09:14:00,,,step_34,패드_오픈_식각,IDLE,75.0166679452213,17.814797840272217,0.0759329579661493,0.7668128734409595,0.5060757094252625,NORMAL
09:14:05,,,step_34,패드_오픈_식각,IDLE,75.0166679452213,17.814797840272217,0.0759329579661493,0.7668128734409595,0.5060757094252625,NORMAL
09:14:10,,,step_34,패드_오픈_식각,IDLE,75.0166679452213,17.814797840272217,0.0759329579661493,0.7668128734409595,0.5060757094252625,NORMAL
09:14:15,,,step_34,패드_오픈_식각,IDLE,75.0166679452213,17.814797840272217,0.0759329579661493,0.7668128734409595,0.5060757094252625,NORMAL
09:14:20,,,step_34,패드_오픈_식각,IDLE,75.0166679452213,17.814797840272217,0.0759329579661493,0.7668128734409595,0.5060757094252625,NORMAL
09:14:25,,,step_34,패드_오픈_식각,IDLE,75.0166679452213,17.814797840272217,0.0759329579661493,0.7668128734409595,0.5060757094252625,NORMAL
09:14:30,,,step_34,패드_오픈_식각,IDLE,75.0166679452213,17.814797840272217,0.0759329579661493,0.7668128734409595,0.5060757094252625,NORMAL
09:14:35,,,step_34,패드_오픈_식각,IDLE,75.0166679452213,17.814797840272217,0.0759329579661493,0.7668128734409595,0.5060757094252625,NORMAL
09:14:40,,,step_34,패드_오픈_식각,IDLE,75.0166679452213,17.814797840272217,0.0759329579661493,0.7668128734409595,0.5060757094252625,NORMAL
09:14:45,,,step_34,패드_오픈_식각,IDLE,75.0166679452213,17.814797840272217,0.0759329579661493,0.7668128734409595,0.5060757094252625,NORMAL
09:14:50,,,step_34,패드_오픈_식각,IDLE,75.0166679452213,17.814797840272217,0.0759329579661493,0.7668128734409595,0.5060757094252625,NORMAL
09:14:55,,,step_34,패드_오픈_식각,IDLE,75.0166679452213,17.814797840272217,0.0759329579661493,0.7668128734409595,0.5060757094252625,NORMAL
09:15:00,,,step_34,패드_오픈_식각,IDLE,75.0166679452213,17.814797840272217,0.0759329579661493,0.7668128734409595,0.5060757094252625,NORMAL
09:15:05,,,step_34,패드_오픈_식각,IDLE,75.0166679452213,17.814797840272217,0.0759329579661493,0.7668128734409595,0.5060757094252625,NORMAL
09:15:10,,,step_34,패드_오픈_식각,IDLE,75.0166679452213,17.814797840272217,0.0759329579661493,0.7668128734409595,0.5060757094252625,NORMAL
09:15:15,,,step_34,패드_오픈_식각,IDLE,75.0166679452213,17.814797840272217,0.0759329579661493,0.7668128734409595,0.5060757094252625,NORMAL
09:15:20,,,step_34,패드_오픈_식각,IDLE,75.0166679452213,17.814797840272217,0.0759329579661493,0.7668128734409595,0.5060757094252625,NORMAL
09:15:25,,,step_34,패드_오픈_식각,IDLE,75.0166679452213,17.814797840272217,0.0759329579661493,0.7668128734409595,0.5060757094252625,NORMAL
09:15:30,,,step_34,패드_오픈_식각,IDLE,75.0166679452213,17.814797840272217,0.0759329579661493,0.7668128734409595,0.5060757094252625,NORMAL
09:15:35,,,step_34,패드_오픈_식각,IDLE,75.0166679452213,17.814797840272217,0.0759329579661493,0.7668128734409595,0.5060757094252625,NORMAL
09:15:40,,,step_34,패드_오픈_식각,IDLE,75.0166679452213,17.814797840272217,0.0759329579661493,0.7668128734409595,0.5060757094252625,NORMAL
09:15:45,,,step_34,패드_오픈_식각,IDLE,75.0166679452213,17.814797840272217,0.0759329579661493,0.7668128734409595,0.5060757094252625,NORMAL
09:15:50,,,step_34,패드_오픈_식각,IDLE,75.0166679452213,17.814797840272217,0.0759329579661493,0.7668128734409595,0.5060757094252625,NORMAL
09:15:55,,,step_34,패드_오픈_식각,IDLE,75.0166679452213,17.814797840272217,0.0759329579661493,0.7668128734409595,0.5060757094252625,NORMAL
09:16:00,,,step_34,패드_오픈_식각,IDLE,75.0166679452213,17.814797840272217,0.0759329579661493,0.7668128734409595,0.5060757094252625,NORMAL
09:16:05,,,step_34,패드_오픈_식각,IDLE,75.0166679452213,17.814797840272217,0.0759329579661493,0.7668128734409595,0.5060757094252625,NORMAL
09:16:10,,,step_34,패드_오픈_식각,IDLE,75.0166679452213,17.814797840272217,0.0759329579661493,0.7668128734409595,0.5060757094252625,NORMAL
09:16:15,,,step_34,패드_오픈_식각,IDLE,75.0166679452213,17.814797840272217,0.0759329579661493,0.7668128734409595,0.5060757094252625,NORMAL
09:16:20,,,step_34,패드_오픈_식각,IDLE,75.0166679452213,17.814797840272217,0.0759329579661493,0.7668128734409595,0.5060757094252625,NORMAL
09:16:25,,,step_34,패드_오픈_식각,IDLE,75.0166679452213,17.814797840272217,0.0759329579661493,0.7668128734409595,0.5060757094252625,NORMAL
09:16:30,,,step_34,패드_오픈_식각,IDLE,75.0166679452213,17.814797840272217,0.0759329579661493,0.7668128734409595,0.5060757094252625,NORMAL
09:16:35,,,step_34,패드_오픈_식각,IDLE,75.0166679452213,17.814797840272217,0.0759329579661493,0.7668128734409595,0.5060757094252625,NORMAL
09:16:40,,,step_34,패드_오픈_식각,IDLE,75.0166679452213,17.814797840272217,0.0759329579661493,0.7668128734409595,0.5060757094252625,NORMAL
09:16:45,,,step_34,패드_오픈_식각,IDLE,75.0166679452213,17.814797840272217,0.0759329579661493,0.7668128734409595,0.5060757094252625,NORMAL
09:16:50,,,step_34,패드_오픈_식각,IDLE,75.0166679452213,17.814797840272217,0.0759329579661493,0.7668128734409595,0.5060757094252625,NORMAL
09:16:55,,,step_34,패드_오픈_식각,IDLE,75.0166679452213,17.814797840272217,0.0759329579661493,0.7668128734409595,0.5060757094252625,NORMAL
09:17:00,,,step_34,패드_오픈_식각,IDLE,75.0166679452213,17.814797840272217,0.0759329579661493,0.7668128734409595,0.5060757094252625,NORMAL
09:17:05,,,step_34,패드_오픈_식각,IDLE,75.0166679452213,17.814797840272217,0.0759329579661493,0.7668128734409595,0.5060757094252625,NORMAL
09:17:10,,,step_34,패드_오픈_식각,IDLE,75.0166679452213,17.814797840272217,0.0759329579661493,0.7668128734409595,0.5060757094252625,NORMAL
09:17:15,,,step_34,패드_오픈_식각,IDLE,75.0166679452213,17.814797840272217,0.0759329579661493,0.7668128734409595,0.5060757094252625,NORMAL
09:17:20,,,step_34,패드_오픈_식각,IDLE,75.0166679452213,17.814797840272217,0.0759329579661493,0.7668128734409595,0.5060757094252625,NORMAL
09:17:25,,,step_34,패드_오픈_식각,IDLE,75.0166679452213,17.814797840272217,0.0759329579661493,0.7668128734409595,0.5060757094252625,NORMAL
09:17:30,,,step_34,패드_오픈_식각,IDLE,75.0166679452213,17.814797840272217,0.0759329579661493,0.7668128734409595,0.5060757094252625,NORMAL
09:17:35,,,step_34,패드_오픈_식각,IDLE,75.0166679452213,17.814797840272217,0.0759329579661493,0.7668128734409595,0.5060757094252625,NORMAL
09:17:40,,,step_34,패드_오픈_식각,IDLE,75.0166679452213,17.814797840272217,0.0759329579661493,0.7668128734409595,0.5060757094252625,NORMAL
09:17:45,,,step_34,패드_오픈_식각,IDLE,75.0166679452213,17.814797840272217,0.0759329579661493,0.7668128734409595,0.5060757094252625,NORMAL
09:17:50,,,step_34,패드_오픈_식각,IDLE,75.0166679452213,17.814797840272217,0.0759329579661493,0.7668128734409595,0.5060757094252625,NORMAL
09:17:55,,,step_34,패드_오픈_식각,IDLE,75.0166679452213,17.814797840272217,0.0759329579661493,0.7668128734409595,0.5060757094252625,NORMAL
09:18:00,,,step_34,패드_오픈_식각,IDLE,75.0166679452213,17.814797840272217,0.0759329579661493,0.7668128734409595,0.5060757094252625,NORMAL
09:18:05,,,step_34,패드_오픈_식각,IDLE,75.0166679452213,17.814797840272217,0.0759329579661493,0.7668128734409595,0.5060757094252625,NORMAL
09:18:10,,,step_34,패드_오픈_식각,IDLE,75.0166679452213,17.814797840272217,0.0759329579661493,0.7668128734409595,0.5060757094252625,NORMAL
09:18:15,,,step_34,패드_오픈_식각,IDLE,75.0166679452213,17.814797840272217,0.0759329579661493,0.7668128734409595,0.5060757094252625,NORMAL
09:18:20,,,step_34,패드_오픈_식각,IDLE,75.0166679452213,17.814797840272217,0.0759329579661493,0.7668128734409595,0.5060757094252625,NORMAL
09:18:25,,,step_34,패드_오픈_식각,IDLE,75.0166679452213,17.814797840272217,0.0759329579661493,0.7668128734409595,0.5060757094252625,NORMAL
09:18:30,,,step_34,패드_오픈_식각,IDLE,75.0166679452213,17.814797840272217,0.0759329579661493,0.7668128734409595,0.5060757094252625,NORMAL
09:18:35,,,step_34,패드_오픈_식각,IDLE,75.0166679452213,17.814797840272217,0.0759329579661493,0.7668128734409595,0.5060757094252625,NORMAL
09:18:40,,,step_34,패드_오픈_식각,IDLE,75.0166679452213,17.814797840272217,0.0759329579661493,0.7668128734409595,0.5060757094252625,NORMAL
09:18:45,,,step_34,패드_오픈_식각,IDLE,75.0166679452213,17.814797840272217,0.0759329579661493,0.7668128734409595,0.5060757094252625,NORMAL
09:18:50,,,step_34,패드_오픈_식각,IDLE,75.0166679452213,17.814797840272217,0.0759329579661493,0.7668128734409595,0.5060757094252625,NORMAL
09:18:55,,,step_34,패드_오픈_식각,IDLE,75.0166679452213,17.814797840272217,0.0759329579661493,0.7668128734409595,0.5060757094252625,NORMAL
09:19:00,,,step_34,패드_오픈_식각,IDLE,75.0166679452213,17.814797840272217,0.0759329579661493,0.7668128734409595,0.5060757094252625,NORMAL
09:19:05,,,step_34,패드_오픈_식각,IDLE,75.0166679452213,17.814797840272217,0.0759329579661493,0.7668128734409595,0.5060757094252625,NORMAL
09:19:10,,,step_34,패드_오픈_식각,IDLE,75.0166679452213,17.814797840272217,0.0759329579661493,0.7668128734409595,0.5060757094252625,NORMAL
09:19:15,,,step_34,패드_오픈_식각,IDLE,75.0166679452213,17.814797840272217,0.0759329579661493,0.7668128734409595,0.5060757094252625,NORMAL
09:19:20,,,step_34,패드_오픈_식각,IDLE,75.0166679452213,17.814797840272217,0.0759329579661493,0.7668128734409595,0.5060757094252625,NORMAL
09:19:25,,,step_34,패드_오픈_식각,IDLE,75.0166679452213,17.814797840272217,0.0759329579661493,0.7668128734409595,0.5060757094252625,NORMAL
09:19:30,,,step_34,패드_오픈_식각,IDLE,75.0166679452213,17.814797840272217,0.0759329579661493,0.7668128734409595,0.5060757094252625,NORMAL
09:19:35,,,step_34,패드_오픈_식각,IDLE,75.0166679452213,17.814797840272217,0.0759329579661493,0.7668128734409595,0.5060757094252625,NORMAL
09:19:40,,,step_34,패드_오픈_식각,IDLE,75.0166679452213,17.814797840272217,0.0759329579661493,0.7668128734409595,0.5060757094252625,NORMAL
09:19:45,,,step_34,패드_오픈_식각,IDLE,75.0166679452213,17.814797840272217,0.0759329579661493,0.7668128734409595,0.5060757094252625,NORMAL
09:19:50,,,step_34,패드_오픈_식각,IDLE,75.0166679452213,17.814797840272217,0.0759329579661493,0.7668128734409595,0.5060757094252625,NORMAL
09:19:55,,,step_34,패드_오픈_식각,IDLE,75.0166679452213,17.814797840272217,0.0759329579661493,0.7668128734409595,0.5060757094252625,NORMAL
09:20:00,,,step_34,패드_오픈_식각,IDLE,75.0166679452213,17.814797840272217,0.0759329579661493,0.7668128734409595,0.5060757094252625,NORMAL
09:20:05,,,step_34,패드_오픈_식각,IDLE,75.0166679452213,17.814797840272217,0.0759329579661493,0.7668128734409595,0.5060757094252625,NORMAL
09:20:10,,,step_34,패드_오픈_식각,IDLE,75.0166679452213,17.814797840272217,0.0759329579661493,0.7668128734409595,0.5060757094252625,NORMAL
09:20:15,,,step_34,패드_오픈_식각,IDLE,75.0166679452213,17.814797840272217,0.0759329579661493,0.7668128734409595,0.5060757094252625,NORMAL
09:20:20,,,step_34,패드_오픈_식각,IDLE,75.0166679452213,17.814797840272217,0.0759329579661493,0.7668128734409595,0.5060757094252625,NORMAL
09:20:25,,,step_34,패드_오픈_식각,IDLE,75.0166679452213,17.814797840272217,0.0759329579661493,0.7668128734409595,0.5060757094252625,NORMAL
09:20:30,,,step_34,패드_오픈_식각,IDLE,75.0166679452213,17.814797840272217,0.0759329579661493,0.7668128734409595,0.5060757094252625,NORMAL
09:20:35,,,step_34,패드_오픈_식각,IDLE,75.0166679452213,17.814797840272217,0.0759329579661493,0.7668128734409595,0.5060757094252625,NORMAL
09:20:40,,,step_34,패드_오픈_식각,IDLE,75.0166679452213,17.814797840272217,0.0759329579661493,0.7668128734409595,0.5060757094252625,NORMAL
09:20:45,,,step_34,패드_오픈_식각,IDLE,75.0166679452213,17.814797840272217,0.0759329579661493,0.7668128734409595,0.5060757094252625,NORMAL
09:20:50,,,step_34,패드_오픈_식각,IDLE,75.0166679452213,17.814797840272217,0.0759329579661493,0.7668128734409595,0.5060757094252625,NORMAL
09:20:55,,,step_34,패드_오픈_식각,IDLE,75.0166679452213,17.814797840272217,0.0759329579661493,0.7668128734409595,0.5060757094252625,NORMAL
09:21:00,,,step_34,패드_오픈_식각,IDLE,75.0166679452213,17.814797840272217,0.0759329579661493,0.7668128734409595,0.5060757094252625,NORMAL
09:21:05,,,step_34,패드_오픈_식각,IDLE,75.0166679452213,17.814797840272217,0.0759329579661493,0.7668128734409595,0.5060757094252625,NORMAL
09:21:10,,,step_34,패드_오픈_식각,IDLE,75.0166679452213,17.814797840272217,0.0759329579661493,0.7668128734409595,0.5060757094252625,NORMAL
09:21:15,,,step_34,패드_오픈_식각,IDLE,75.0166679452213,17.814797840272217,0.0759329579661493,0.7668128734409595,0.5060757094252625,NORMAL
09:21:20,,,step_34,패드_오픈_식각,IDLE,75.0166679452213,17.814797840272217,0.0759329579661493,0.7668128734409595,0.5060757094252625,NORMAL
09:21:25,,,step_34,패드_오픈_식각,IDLE,75.0166679452213,17.814797840272217,0.0759329579661493,0.7668128734409595,0.5060757094252625,NORMAL
09:21:30,,,step_34,패드_오픈_식각,IDLE,75.0166679452213,17.814797840272217,0.0759329579661493,0.7668128734409595,0.5060757094252625,NORMAL
09:21:35,,,step_34,패드_오픈_식각,IDLE,75.0166679452213,17.814797840272217,0.0759329579661493,0.7668128734409595,0.5060757094252625,NORMAL
09:21:40,,,step_34,패드_오픈_식각,IDLE,75.0166679452213,17.814797840272217,0.0759329579661493,0.7668128734409595,0.5060757094252625,NORMAL
09:21:45,,,step_34,패드_오픈_식각,IDLE,75.0166679452213,17.814797840272217,0.0759329579661493,0.7668128734409595,0.5060757094252625,NORMAL
09:21:50,,,step_34,패드_오픈_식각,IDLE,75.0166679452213,17.814797840272217,0.0759329579661493,0.7668128734409595,0.5060757094252625,NORMAL
09:21:55,,,step_34,패드_오픈_식각,IDLE,75.0166679452213,17.814797840272217,0.0759329579661493,0.7668128734409595,0.5060757094252625,NORMAL
09:22:00,,,step_34,패드_오픈_식각,IDLE,75.0166679452213,17.814797840272217,0.0759329579661493,0.7668128734409595,0.5060757094252625,NORMAL
09:22:05,,,step_34,패드_오픈_식각,IDLE,75.0166679452213,17.814797840272217,0.0759329579661493,0.7668128734409595,0.5060757094252625,NORMAL
09:22:10,,,step_34,패드_오픈_식각,IDLE,75.0166679452213,17.814797840272217,0.0759329579661493,0.7668128734409595,0.5060757094252625,NORMAL
09:22:15,,,step_34,패드_오픈_식각,IDLE,75.0166679452213,17.814797840272217,0.0759329579661493,0.7668128734409595,0.5060757094252625,NORMAL
09:22:20,,,step_34,패드_오픈_식각,IDLE,75.0166679452213,17.814797840272217,0.0759329579661493,0.7668128734409595,0.5060757094252625,NORMAL
09:22:25,,,step_34,패드_오픈_식각,IDLE,75.0166679452213,17.814797840272217,0.0759329579661493,0.7668128734409595,0.5060757094252625,NORMAL
09:22:30,,,step_34,패드_오픈_식각,IDLE,75.0166679452213,17.814797840272217,0.0759329579661493,0.7668128734409595,0.5060757094252625,NORMAL
09:22:35,,,step_34,패드_오픈_식각,IDLE,75.0166679452213,17.814797840272217,0.0759329579661493,0.7668128734409595,0.5060757094252625,NORMAL
09:22:40,,,step_34,패드_오픈_식각,IDLE,75.0166679452213,17.814797840272217,0.0759329579661493,0.7668128734409595,0.5060757094252625,NORMAL
09:22:45,,,step_34,패드_오픈_식각,IDLE,75.0166679452213,17.814797840272217,0.0759329579661493,0.7668128734409595,0.5060757094252625,NORMAL
09:22:50,,,step_34,패드_오픈_식각,IDLE,75.0166679452213,17.814797840272217,0.0759329579661493,0.7668128734409595,0.5060757094252625,NORMAL
09:22:55,,,step_34,패드_오픈_식각,IDLE,75.0166679452213,17.814797840272217,0.0759329579661493,0.7668128734409595,0.5060757094252625,NORMAL
09:23:00,,,step_34,패드_오픈_식각,IDLE,75.0166679452213,17.814797840272217,0.0759329579661493,0.7668128734409595,0.5060757094252625,NORMAL
09:23:05,,,step_34,패드_오픈_식각,IDLE,75.0166679452213,17.814797840272217,0.0759329579661493,0.7668128734409595,0.5060757094252625,NORMAL
09:23:10,,,step_34,패드_오픈_식각,IDLE,75.0166679452213,17.814797840272217,0.0759329579661493,0.7668128734409595,0.5060757094252625,NORMAL
09:23:15,,,step_34,패드_오픈_식각,IDLE,75.0166679452213,17.814797840272217,0.0759329579661493,0.7668128734409595,0.5060757094252625,NORMAL
09:23:20,,,step_34,패드_오픈_식각,IDLE,75.0166679452213,17.814797840272217,0.0759329579661493,0.7668128734409595,0.5060757094252625,NORMAL
09:23:25,,,step_34,패드_오픈_식각,IDLE,75.0166679452213,17.814797840272217,0.0759329579661493,0.7668128734409595,0.5060757094252625,NORMAL
09:23:30,,,step_34,패드_오픈_식각,IDLE,75.0166679452213,17.814797840272217,0.0759329579661493,0.7668128734409595,0.5060757094252625,NORMAL
09:23:35,,,step_34,패드_오픈_식각,IDLE,75.0166679452213,17.814797840272217,0.0759329579661493,0.7668128734409595,0.5060757094252625,NORMAL
09:23:40,,,step_34,패드_오픈_식각,IDLE,75.0166679452213,17.814797840272217,0.0759329579661493,0.7668128734409595,0.5060757094252625,NORMAL
09:23:45,,,step_34,패드_오픈_식각,IDLE,75.0166679452213,17.814797840272217,0.0759329579661493,0.7668128734409595,0.5060757094252625,NORMAL
09:23:50,,,step_34,패드_오픈_식각,IDLE,75.0166679452213,17.814797840272217,0.0759329579661493,0.7668128734409595,0.5060757094252625,NORMAL
09:23:55,,,step_34,패드_오픈_식각,IDLE,75.0166679452213,17.814797840272217,0.0759329579661493,0.7668128734409595,0.5060757094252625,NORMAL
09:24:00,,,step_34,패드_오픈_식각,IDLE,75.0166679452213,17.814797840272217,0.0759329579661493,0.7668128734409595,0.5060757094252625,NORMAL
09:24:05,,,step_34,패드_오픈_식각,IDLE,75.0166679452213,17.814797840272217,0.0759329579661493,0.7668128734409595,0.5060757094252625,NORMAL
09:24:10,,,step_34,패드_오픈_식각,IDLE,75.0166679452213,17.814797840272217,0.0759329579661493,0.7668128734409595,0.5060757094252625,NORMAL
09:24:15,,,step_34,패드_오픈_식각,IDLE,75.0166679452213,17.814797840272217,0.0759329579661493,0.7668128734409595,0.5060757094252625,NORMAL
09:24:20,,,step_34,패드_오픈_식각,IDLE,75.0166679452213,17.814797840272217,0.0759329579661493,0.7668128734409595,0.5060757094252625,NORMAL
09:24:25,,,step_34,패드_오픈_식각,IDLE,75.0166679452213,17.814797840272217,0.0759329579661493,0.7668128734409595,0.5060757094252625,NORMAL
09:24:30,,,step_34,패드_오픈_식각,IDLE,75.0166679452213,17.814797840272217,0.0759329579661493,0.7668128734409595,0.5060757094252625,NORMAL
09:24:35,,,step_34,패드_오픈_식각,IDLE,75.0166679452213,17.814797840272217,0.0759329579661493,0.7668128734409595,0.5060757094252625,NORMAL
09:24:40,,,step_34,패드_오픈_식각,IDLE,75.0166679452213,17.814797840272217,0.0759329579661493,0.7668128734409595,0.5060757094252625,NORMAL
09:24:45,,,step_34,패드_오픈_식각,IDLE,75.0166679452213,17.814797840272217,0.0759329579661493,0.7668128734409595,0.5060757094252625,NORMAL
09:24:50,,,step_34,패드_오픈_식각,IDLE,75.0166679452213,17.814797840272217,0.0759329579661493,0.7668128734409595,0.5060757094252625,NORMAL
09:24:55,,,step_34,패드_오픈_식각,IDLE,75.0166679452213,17.814797840272217,0.0759329579661493,0.7668128734409595,0.5060757094252625,NORMAL
09:25:00,,,step_34,패드_오픈_식각,IDLE,75.0166679452213,17.814797840272217,0.0759329579661493,0.7668128734409595,0.5060757094252625,NORMAL
09:25:05,,,step_34,패드_오픈_식각,IDLE,75.0166679452213,17.814797840272217,0.0759329579661493,0.7668128734409595,0.5060757094252625,NORMAL
09:25:10,,,step_34,패드_오픈_식각,IDLE,75.0166679452213,17.814797840272217,0.0759329579661493,0.7668128734409595,0.5060757094252625,NORMAL
09:25:15,,,step_34,패드_오픈_식각,IDLE,75.0166679452213,17.814797840272217,0.0759329579661493,0.7668128734409595,0.5060757094252625,NORMAL
09:25:20,,,step_34,패드_오픈_식각,IDLE,75.0166679452213,17.814797840272217,0.0759329579661493,0.7668128734409595,0.5060757094252625,NORMAL
09:25:25,,,step_34,패드_오픈_식각,IDLE,75.0166679452213,17.814797840272217,0.0759329579661493,0.7668128734409595,0.5060757094252625,NORMAL
09:25:30,,,step_34,패드_오픈_식각,IDLE,75.0166679452213,17.814797840272217,0.0759329579661493,0.7668128734409595,0.5060757094252625,NORMAL
09:25:35,,,step_34,패드_오픈_식각,IDLE,75.0166679452213,17.814797840272217,0.0759329579661493,0.7668128734409595,0.5060757094252625,NORMAL
09:25:40,,,step_34,패드_오픈_식각,IDLE,75.0166679452213,17.814797840272217,0.0759329579661493,0.7668128734409595,0.5060757094252625,NORMAL
09:25:45,,,step_34,패드_오픈_식각,IDLE,75.0166679452213,17.814797840272217,0.0759329579661493,0.7668128734409595,0.5060757094252625,NORMAL
09:25:50,,,step_34,패드_오픈_식각,IDLE,75.0166679452213,17.814797840272217,0.0759329579661493,0.7668128734409595,0.5060757094252625,NORMAL
09:25:55,,,step_34,패드_오픈_식각,IDLE,75.0166679452213,17.814797840272217,0.0759329579661493,0.7668128734409595,0.5060757094252625,NORMAL
09:26:00,,,step_34,패드_오픈_식각,IDLE,75.0166679452213,17.814797840272217,0.0759329579661493,0.7668128734409595,0.5060757094252625,NORMAL
09:26:05,,,step_34,패드_오픈_식각,IDLE,75.0166679452213,17.814797840272217,0.0759329579661493,0.7668128734409595,0.5060757094252625,NORMAL
09:26:10,,,step_34,패드_오픈_식각,IDLE,75.0166679452213,17.814797840272217,0.0759329579661493,0.7668128734409595,0.5060757094252625,NORMAL
09:26:15,,,step_34,패드_오픈_식각,IDLE,75.0166679452213,17.814797840272217,0.0759329579661493,0.7668128734409595,0.5060757094252625,NORMAL
09:26:20,,,step_34,패드_오픈_식각,IDLE,75.0166679452213,17.814797840272217,0.0759329579661493,0.7668128734409595,0.5060757094252625,NORMAL
09:26:25,,,step_34,패드_오픈_식각,IDLE,75.0166679452213,17.814797840272217,0.0759329579661493,0.7668128734409595,0.5060757094252625,NORMAL
09:26:30,,,step_34,패드_오픈_식각,IDLE,75.0166679452213,17.814797840272217,0.0759329579661493,0.7668128734409595,0.5060757094252625,NORMAL
09:26:35,,,step_34,패드_오픈_식각,IDLE,75.0166679452213,17.814797840272217,0.0759329579661493,0.7668128734409595,0.5060757094252625,NORMAL
09:26:40,,,step_34,패드_오픈_식각,IDLE,75.0166679452213,17.814797840272217,0.0759329579661493,0.7668128734409595,0.5060757094252625,NORMAL
09:26:45,,,step_34,패드_오픈_식각,IDLE,75.0166679452213,17.814797840272217,0.0759329579661493,0.7668128734409595,0.5060757094252625,NORMAL
09:26:50,,,step_34,패드_오픈_식각,IDLE,75.0166679452213,17.814797840272217,0.0759329579661493,0.7668128734409595,0.5060757094252625,NORMAL
09:26:55,,,step_34,패드_오픈_식각,IDLE,75.0166679452213,17.814797840272217,0.0759329579661493,0.7668128734409595,0.5060757094252625,NORMAL
09:27:00,,,step_34,패드_오픈_식각,IDLE,75.0166679452213,17.814797840272217,0.0759329579661493,0.7668128734409595,0.5060757094252625,NORMAL
09:27:05,,,step_34,패드_오픈_식각,IDLE,75.0166679452213,17.814797840272217,0.0759329579661493,0.7668128734409595,0.5060757094252625,NORMAL
09:27:10,,,step_34,패드_오픈_식각,IDLE,75.0166679452213,17.814797840272217,0.0759329579661493,0.7668128734409595,0.5060757094252625,NORMAL
09:27:15,,,step_34,패드_오픈_식각,IDLE,75.0166679452213,17.814797840272217,0.0759329579661493,0.7668128734409595,0.5060757094252625,NORMAL
09:27:20,,,step_34,패드_오픈_식각,IDLE,75.0166679452213,17.814797840272217,0.0759329579661493,0.7668128734409595,0.5060757094252625,NORMAL
09:27:25,,,step_34,패드_오픈_식각,IDLE,75.0166679452213,17.814797840272217,0.0759329579661493,0.7668128734409595,0.5060757094252625,NORMAL
09:27:30,,,step_34,패드_오픈_식각,IDLE,75.0166679452213,17.814797840272217,0.0759329579661493,0.7668128734409595,0.5060757094252625,NORMAL
09:27:35,,,step_34,패드_오픈_식각,IDLE,75.0166679452213,17.814797840272217,0.0759329579661493,0.7668128734409595,0.5060757094252625,NORMAL
09:27:40,,,step_34,패드_오픈_식각,IDLE,75.0166679452213,17.814797840272217,0.0759329579661493,0.7668128734409595,0.5060757094252625,NORMAL
09:27:45,,,step_34,패드_오픈_식각,IDLE,75.0166679452213,17.814797840272217,0.0759329579661493,0.7668128734409595,0.5060757094252625,NORMAL
09:27:50,,,step_34,패드_오픈_식각,IDLE,75.0166679452213,17.814797840272217,0.0759329579661493,0.7668128734409595,0.5060757094252625,NORMAL
09:27:55,,,step_34,패드_오픈_식각,IDLE,75.0166679452213,17.814797840272217,0.0759329579661493,0.7668128734409595,0.5060757094252625,NORMAL
09:28:00,,,step_34,패드_오픈_식각,IDLE,75.0166679452213,17.814797840272217,0.0759329579661493,0.7668128734409595,0.5060757094252625,NORMAL
09:28:05,,,step_34,패드_오픈_식각,IDLE,75.0166679452213,17.814797840272217,0.0759329579661493,0.7668128734409595,0.5060757094252625,NORMAL
09:28:10,,,step_34,패드_오픈_식각,IDLE,75.0166679452213,17.814797840272217,0.0759329579661493,0.7668128734409595,0.5060757094252625,NORMAL
09:28:15,,,step_34,패드_오픈_식각,IDLE,75.0166679452213,17.814797840272217,0.0759329579661493,0.7668128734409595,0.5060757094252625,NORMAL
09:28:20,,,step_34,패드_오픈_식각,IDLE,75.0166679452213,17.814797840272217,0.0759329579661493,0.7668128734409595,0.5060757094252625,NORMAL
09:28:25,,,step_34,패드_오픈_식각,IDLE,75.0166679452213,17.814797840272217,0.0759329579661493,0.7668128734409595,0.5060757094252625,NORMAL
09:28:30,,,step_34,패드_오픈_식각,IDLE,75.0166679452213,17.814797840272217,0.0759329579661493,0.7668128734409595,0.5060757094252625,NORMAL
09:28:35,,,step_34,패드_오픈_식각,IDLE,75.0166679452213,17.814797840272217,0.0759329579661493,0.7668128734409595,0.5060757094252625,NORMAL
09:28:40,,,step_34,패드_오픈_식각,IDLE,75.0166679452213,17.814797840272217,0.0759329579661493,0.7668128734409595,0.5060757094252625,NORMAL
09:28:45,,,step_34,패드_오픈_식각,IDLE,75.0166679452213,17.814797840272217,0.0759329579661493,0.7668128734409595,0.5060757094252625,NORMAL
09:28:50,,,step_34,패드_오픈_식각,IDLE,75.0166679452213,17.814797840272217,0.0759329579661493,0.7668128734409595,0.5060757094252625,NORMAL
09:28:55,,,step_34,패드_오픈_식각,IDLE,75.0166679452213,17.814797840272217,0.0759329579661493,0.7668128734409595,0.5060757094252625,NORMAL
09:29:00,,,step_34,패드_오픈_식각,IDLE,75.0166679452213,17.814797840272217,0.0759329579661493,0.7668128734409595,0.5060757094252625,NORMAL
09:29:05,,,step_34,패드_오픈_식각,IDLE,75.0166679452213,17.814797840272217,0.0759329579661493,0.7668128734409595,0.5060757094252625,NORMAL
09:29:10,,,step_34,패드_오픈_식각,IDLE,75.0166679452213,17.814797840272217,0.0759329579661493,0.7668128734409595,0.5060757094252625,NORMAL
09:29:15,,,step_34,패드_오픈_식각,IDLE,75.0166679452213,17.814797840272217,0.0759329579661493,0.7668128734409595,0.5060757094252625,NORMAL
09:29:20,,,step_34,패드_오픈_식각,IDLE,75.0166679452213,17.814797840272217,0.0759329579661493,0.7668128734409595,0.5060757094252625,NORMAL
09:29:25,,,step_34,패드_오픈_식각,IDLE,75.0166679452213,17.814797840272217,0.0759329579661493,0.7668128734409595,0.5060757094252625,NORMAL
09:29:30,,,step_34,패드_오픈_식각,IDLE,75.0166679452213,17.814797840272217,0.0759329579661493,0.7668128734409595,0.5060757094252625,NORMAL
09:29:35,,,step_34,패드_오픈_식각,IDLE,75.0166679452213,17.814797840272217,0.0759329579661493,0.7668128734409595,0.5060757094252625,NORMAL
09:29:40,,,step_34,패드_오픈_식각,IDLE,75.0166679452213,17.814797840272217,0.0759329579661493,0.7668128734409595,0.5060757094252625,NORMAL
09:29:45,,,step_34,패드_오픈_식각,IDLE,75.0166679452213,17.814797840272217,0.0759329579661493,0.7668128734409595,0.5060757094252625,NORMAL
09:29:50,,,step_34,패드_오픈_식각,IDLE,75.0166679452213,17.814797840272217,0.0759329579661493,0.7668128734409595,0.5060757094252625,NORMAL
09:29:55,,,step_34,패드_오픈_식각,IDLE,75.0166679452213,17.814797840272217,0.0759329579661493,0.7668128734409595,0.5060757094252625,NORMAL
09:30:00,,,step_34,패드_오픈_식각,IDLE,75.0166679452213,17.814797840272217,0.0759329579661493,0.7668128734409595,0.5060757094252625,NORMAL
09:30:05,,,step_34,패드_오픈_식각,IDLE,75.0166679452213,17.814797840272217,0.0759329579661493,0.7668128734409595,0.5060757094252625,NORMAL
09:30:10,,,step_34,패드_오픈_식각,IDLE,75.0166679452213,17.814797840272217,0.0759329579661493,0.7668128734409595,0.5060757094252625,NORMAL
09:30:15,,,step_34,패드_오픈_식각,IDLE,75.0166679452213,17.814797840272217,0.0759329579661493,0.7668128734409595,0.5060757094252625,NORMAL
09:30:20,,,step_34,패드_오픈_식각,IDLE,75.0166679452213,17.814797840272217,0.0759329579661493,0.7668128734409595,0.5060757094252625,NORMAL
09:30:25,,,step_34,패드_오픈_식각,IDLE,75.0166679452213,17.814797840272217,0.0759329579661493,0.7668128734409595,0.5060757094252625,NORMAL
09:30:30,,,step_34,패드_오픈_식각,IDLE,75.0166679452213,17.814797840272217,0.0759329579661493,0.7668128734409595,0.5060757094252625,NORMAL
09:30:35,,,step_34,패드_오픈_식각,IDLE,75.0166679452213,17.814797840272217,0.0759329579661493,0.7668128734409595,0.5060757094252625,NORMAL
09:30:40,,,step_34,패드_오픈_식각,IDLE,75.0166679452213,17.814797840272217,0.0759329579661493,0.7668128734409595,0.5060757094252625,NORMAL
09:30:45,,,step_34,패드_오픈_식각,IDLE,75.0166679452213,17.814797840272217,0.0759329579661493,0.7668128734409595,0.5060757094252625,NORMAL
09:30:50,,,step_34,패드_오픈_식각,IDLE,75.0166679452213,17.814797840272217,0.0759329579661493,0.7668128734409595,0.5060757094252625,NORMAL
09:30:55,,,step_34,패드_오픈_식각,IDLE,75.0166679452213,17.814797840272217,0.0759329579661493,0.7668128734409595,0.5060757094252625,NORMAL
09:31:00,,,step_34,패드_오픈_식각,IDLE,75.0166679452213,17.814797840272217,0.0759329579661493,0.7668128734409595,0.5060757094252625,NORMAL
09:31:05,,,step_34,패드_오픈_식각,IDLE,75.0166679452213,17.814797840272217,0.0759329579661493,0.7668128734409595,0.5060757094252625,NORMAL
09:31:10,,,step_34,패드_오픈_식각,IDLE,75.0166679452213,17.814797840272217,0.0759329579661493,0.7668128734409595,0.5060757094252625,NORMAL
09:31:15,,,step_34,패드_오픈_식각,IDLE,75.0166679452213,17.814797840272217,0.0759329579661493,0.7668128734409595,0.5060757094252625,NORMAL
09:31:20,,,step_34,패드_오픈_식각,IDLE,75.0166679452213,17.814797840272217,0.0759329579661493,0.7668128734409595,0.5060757094252625,NORMAL
09:31:25,,,step_34,패드_오픈_식각,IDLE,75.0166679452213,17.814797840272217,0.0759329579661493,0.7668128734409595,0.5060757094252625,NORMAL
09:31:30,,,step_34,패드_오픈_식각,IDLE,75.0166679452213,17.814797840272217,0.0759329579661493,0.7668128734409595,0.5060757094252625,NORMAL
09:31:35,,,step_34,패드_오픈_식각,IDLE,75.0166679452213,17.814797840272217,0.0759329579661493,0.7668128734409595,0.5060757094252625,NORMAL
09:31:40,,,step_34,패드_오픈_식각,IDLE,75.0166679452213,17.814797840272217,0.0759329579661493,0.7668128734409595,0.5060757094252625,NORMAL
09:31:45,,,step_34,패드_오픈_식각,IDLE,75.0166679452213,17.814797840272217,0.0759329579661493,0.7668128734409595,0.5060757094252625,NORMAL
09:31:50,,,step_34,패드_오픈_식각,IDLE,75.0166679452213,17.814797840272217,0.0759329579661493,0.7668128734409595,0.5060757094252625,NORMAL
09:31:55,,,step_34,패드_오픈_식각,IDLE,75.0166679452213,17.814797840272217,0.0759329579661493,0.7668128734409595,0.5060757094252625,NORMAL
09:32:00,,,step_34,패드_오픈_식각,IDLE,75.0166679452213,17.814797840272217,0.0759329579661493,0.7668128734409595,0.5060757094252625,NORMAL
09:32:05,,,step_34,패드_오픈_식각,IDLE,75.0166679452213,17.814797840272217,0.0759329579661493,0.7668128734409595,0.5060757094252625,NORMAL
09:32:10,,,step_34,패드_오픈_식각,IDLE,75.0166679452213,17.814797840272217,0.0759329579661493,0.7668128734409595,0.5060757094252625,NORMAL
09:32:15,,,step_34,패드_오픈_식각,IDLE,75.0166679452213,17.814797840272217,0.0759329579661493,0.7668128734409595,0.5060757094252625,NORMAL
09:32:20,,,step_34,패드_오픈_식각,IDLE,75.0166679452213,17.814797840272217,0.0759329579661493,0.7668128734409595,0.5060757094252625,NORMAL
09:32:25,,,step_34,패드_오픈_식각,IDLE,75.0166679452213,17.814797840272217,0.0759329579661493,0.7668128734409595,0.5060757094252625,NORMAL
09:32:30,,,step_34,패드_오픈_식각,IDLE,75.0166679452213,17.814797840272217,0.0759329579661493,0.7668128734409595,0.5060757094252625,NORMAL
09:32:35,,,step_34,패드_오픈_식각,IDLE,75.0166679452213,17.814797840272217,0.0759329579661493,0.7668128734409595,0.5060757094252625,NORMAL
09:32:40,,,step_34,패드_오픈_식각,IDLE,75.0166679452213,17.814797840272217,0.0759329579661493,0.7668128734409595,0.5060757094252625,NORMAL
09:32:45,,,step_34,패드_오픈_식각,IDLE,75.0166679452213,17.814797840272217,0.0759329579661493,0.7668128734409595,0.5060757094252625,NORMAL
09:32:50,,,step_34,패드_오픈_식각,IDLE,75.0166679452213,17.814797840272217,0.0759329579661493,0.7668128734409595,0.5060757094252625,NORMAL
09:32:55,,,step_34,패드_오픈_식각,IDLE,75.0166679452213,17.814797840272217,0.0759329579661493,0.7668128734409595,0.5060757094252625,NORMAL
09:33:00,,,step_34,패드_오픈_식각,IDLE,75.0166679452213,17.814797840272217,0.0759329579661493,0.7668128734409595,0.5060757094252625,NORMAL
09:33:05,,,step_34,패드_오픈_식각,IDLE,75.0166679452213,17.814797840272217,0.0759329579661493,0.7668128734409595,0.5060757094252625,NORMAL
09:33:10,,,step_34,패드_오픈_식각,IDLE,75.0166679452213,17.814797840272217,0.0759329579661493,0.7668128734409595,0.5060757094252625,NORMAL
09:33:15,,,step_34,패드_오픈_식각,IDLE,75.0166679452213,17.814797840272217,0.0759329579661493,0.7668128734409595,0.5060757094252625,NORMAL
09:33:20,,,step_34,패드_오픈_식각,IDLE,75.0166679452213,17.814797840272217,0.0759329579661493,0.7668128734409595,0.5060757094252625,NORMAL
09:33:25,,,step_34,패드_오픈_식각,IDLE,75.0166679452213,17.814797840272217,0.0759329579661493,0.7668128734409595,0.5060757094252625,NORMAL
09:33:30,,,step_34,패드_오픈_식각,IDLE,75.0166679452213,17.814797840272217,0.0759329579661493,0.7668128734409595,0.5060757094252625,NORMAL
09:33:35,,,step_34,패드_오픈_식각,IDLE,75.0166679452213,17.814797840272217,0.0759329579661493,0.7668128734409595,0.5060757094252625,NORMAL
09:33:40,,,step_34,패드_오픈_식각,IDLE,75.0166679452213,17.814797840272217,0.0759329579661493,0.7668128734409595,0.5060757094252625,NORMAL
09:33:45,,,step_34,패드_오픈_식각,IDLE,75.0166679452213,17.814797840272217,0.0759329579661493,0.7668128734409595,0.5060757094252625,NORMAL
09:33:50,,,step_34,패드_오픈_식각,IDLE,75.0166679452213,17.814797840272217,0.0759329579661493,0.7668128734409595,0.5060757094252625,NORMAL
09:33:55,,,step_34,패드_오픈_식각,IDLE,75.0166679452213,17.814797840272217,0.0759329579661493,0.7668128734409595,0.5060757094252625,NORMAL
09:34:00,,,step_34,패드_오픈_식각,IDLE,75.0166679452213,17.814797840272217,0.0759329579661493,0.7668128734409595,0.5060757094252625,NORMAL
09:34:05,,,step_34,패드_오픈_식각,IDLE,75.0166679452213,17.814797840272217,0.0759329579661493,0.7668128734409595,0.5060757094252625,NORMAL
09:34:10,,,step_34,패드_오픈_식각,IDLE,75.0166679452213,17.814797840272217,0.0759329579661493,0.7668128734409595,0.5060757094252625,NORMAL
09:34:15,,,step_34,패드_오픈_식각,IDLE,75.0166679452213,17.814797840272217,0.0759329579661493,0.7668128734409595,0.5060757094252625,NORMAL
09:34:20,,,step_34,패드_오픈_식각,IDLE,75.0166679452213,17.814797840272217,0.0759329579661493,0.7668128734409595,0.5060757094252625,NORMAL
09:34:25,,,step_34,패드_오픈_식각,IDLE,75.0166679452213,17.814797840272217,0.0759329579661493,0.7668128734409595,0.5060757094252625,NORMAL
09:34:30,,,step_34,패드_오픈_식각,IDLE,75.0166679452213,17.814797840272217,0.0759329579661493,0.7668128734409595,0.5060757094252625,NORMAL
09:34:35,,,step_34,패드_오픈_식각,IDLE,75.0166679452213,17.814797840272217,0.0759329579661493,0.7668128734409595,0.5060757094252625,NORMAL
09:34:40,,,step_34,패드_오픈_식각,IDLE,75.0166679452213,17.814797840272217,0.0759329579661493,0.7668128734409595,0.5060757094252625,NORMAL
09:34:45,,,step_34,패드_오픈_식각,IDLE,75.0166679452213,17.814797840272217,0.0759329579661493,0.7668128734409595,0.5060757094252625,NORMAL
09:34:50,,,step_34,패드_오픈_식각,IDLE,75.0166679452213,17.814797840272217,0.0759329579661493,0.7668128734409595,0.5060757094252625,NORMAL
09:34:55,,,step_34,패드_오픈_식각,IDLE,75.0166679452213,17.814797840272217,0.0759329579661493,0.7668128734409595,0.5060757094252625,NORMAL
09:35:00,,,step_34,패드_오픈_식각,IDLE,75.0166679452213,17.814797840272217,0.0759329579661493,0.7668128734409595,0.5060757094252625,NORMAL
09:35:05,,,step_34,패드_오픈_식각,IDLE,75.0166679452213,17.814797840272217,0.0759329579661493,0.7668128734409595,0.5060757094252625,NORMAL
09:35:10,,,step_34,패드_오픈_식각,IDLE,75.0166679452213,17.814797840272217,0.0759329579661493,0.7668128734409595,0.5060757094252625,NORMAL
09:35:15,,,step_34,패드_오픈_식각,IDLE,75.0166679452213,17.814797840272217,0.0759329579661493,0.7668128734409595,0.5060757094252625,NORMAL
09:35:20,,,step_34,패드_오픈_식각,IDLE,75.0166679452213,17.814797840272217,0.0759329579661493,0.7668128734409595,0.5060757094252625,NORMAL
09:35:25,,,step_34,패드_오픈_식각,IDLE,75.0166679452213,17.814797840272217,0.0759329579661493,0.7668128734409595,0.5060757094252625,NORMAL
09:35:30,,,step_34,패드_오픈_식각,IDLE,75.0166679452213,17.814797840272217,0.0759329579661493,0.7668128734409595,0.5060757094252625,NORMAL
09:35:35,,,step_34,패드_오픈_식각,IDLE,75.0166679452213,17.814797840272217,0.0759329579661493,0.7668128734409595,0.5060757094252625,NORMAL
09:35:40,,,step_34,패드_오픈_식각,IDLE,75.0166679452213,17.814797840272217,0.0759329579661493,0.7668128734409595,0.5060757094252625,NORMAL
09:35:45,,,step_34,패드_오픈_식각,IDLE,75.0166679452213,17.814797840272217,0.0759329579661493,0.7668128734409595,0.5060757094252625,NORMAL
09:35:50,,,step_34,패드_오픈_식각,IDLE,75.0166679452213,17.814797840272217,0.0759329579661493,0.7668128734409595,0.5060757094252625,NORMAL
09:35:55,,,step_34,패드_오픈_식각,IDLE,75.0166679452213,17.814797840272217,0.0759329579661493,0.7668128734409595,0.5060757094252625,NORMAL
09:36:00,,,step_34,패드_오픈_식각,IDLE,75.0166679452213,17.814797840272217,0.0759329579661493,0.7668128734409595,0.5060757094252625,NORMAL
09:36:05,,,step_34,패드_오픈_식각,IDLE,75.0166679452213,17.814797840272217,0.0759329579661493,0.7668128734409595,0.5060757094252625,NORMAL
09:36:10,,,step_34,패드_오픈_식각,IDLE,75.0166679452213,17.814797840272217,0.0759329579661493,0.7668128734409595,0.5060757094252625,NORMAL
09:36:15,,,step_34,패드_오픈_식각,IDLE,75.0166679452213,17.814797840272217,0.0759329579661493,0.7668128734409595,0.5060757094252625,NORMAL
09:36:20,,,step_34,패드_오픈_식각,IDLE,75.0166679452213,17.814797840272217,0.0759329579661493,0.7668128734409595,0.5060757094252625,NORMAL
09:36:25,,,step_34,패드_오픈_식각,IDLE,75.0166679452213,17.814797840272217,0.0759329579661493,0.7668128734409595,0.5060757094252625,NORMAL
09:36:30,,,step_34,패드_오픈_식각,IDLE,75.0166679452213,17.814797840272217,0.0759329579661493,0.7668128734409595,0.5060757094252625,NORMAL
09:36:35,,,step_34,패드_오픈_식각,IDLE,75.0166679452213,17.814797840272217,0.0759329579661493,0.7668128734409595,0.5060757094252625,NORMAL
09:36:40,,,step_34,패드_오픈_식각,IDLE,75.0166679452213,17.814797840272217,0.0759329579661493,0.7668128734409595,0.5060757094252625,NORMAL
09:36:45,,,step_34,패드_오픈_식각,IDLE,75.0166679452213,17.814797840272217,0.0759329579661493,0.7668128734409595,0.5060757094252625,NORMAL
09:36:50,,,step_34,패드_오픈_식각,IDLE,75.0166679452213,17.814797840272217,0.0759329579661493,0.7668128734409595,0.5060757094252625,NORMAL
09:36:55,,,step_34,패드_오픈_식각,IDLE,75.0166679452213,17.814797840272217,0.0759329579661493,0.7668128734409595,0.5060757094252625,NORMAL
09:37:00,,,step_34,패드_오픈_식각,IDLE,75.0166679452213,17.814797840272217,0.0759329579661493,0.7668128734409595,0.5060757094252625,NORMAL
09:37:05,,,step_34,패드_오픈_식각,IDLE,75.0166679452213,17.814797840272217,0.0759329579661493,0.7668128734409595,0.5060757094252625,NORMAL
09:37:10,,,step_34,패드_오픈_식각,IDLE,75.0166679452213,17.814797840272217,0.0759329579661493,0.7668128734409595,0.5060757094252625,NORMAL
09:37:15,,,step_34,패드_오픈_식각,IDLE,75.0166679452213,17.814797840272217,0.0759329579661493,0.7668128734409595,0.5060757094252625,NORMAL
09:37:20,,,step_34,패드_오픈_식각,IDLE,75.0166679452213,17.814797840272217,0.0759329579661493,0.7668128734409595,0.5060757094252625,NORMAL
09:37:25,,,step_34,패드_오픈_식각,IDLE,75.0166679452213,17.814797840272217,0.0759329579661493,0.7668128734409595,0.5060757094252625,NORMAL
09:37:30,,,step_34,패드_오픈_식각,IDLE,75.0166679452213,17.814797840272217,0.0759329579661493,0.7668128734409595,0.5060757094252625,NORMAL
09:37:35,,,step_34,패드_오픈_식각,IDLE,75.0166679452213,17.814797840272217,0.0759329579661493,0.7668128734409595,0.5060757094252625,NORMAL
09:37:40,,,step_34,패드_오픈_식각,IDLE,75.0166679452213,17.814797840272217,0.0759329579661493,0.7668128734409595,0.5060757094252625,NORMAL
09:37:45,,,step_34,패드_오픈_식각,IDLE,75.0166679452213,17.814797840272217,0.0759329579661493,0.7668128734409595,0.5060757094252625,NORMAL
09:37:50,,,step_34,패드_오픈_식각,IDLE,75.0166679452213,17.814797840272217,0.0759329579661493,0.7668128734409595,0.5060757094252625,NORMAL
09:37:55,,,step_34,패드_오픈_식각,IDLE,75.0166679452213,17.814797840272217,0.0759329579661493,0.7668128734409595,0.5060757094252625,NORMAL
09:38:00,,,step_34,패드_오픈_식각,IDLE,75.0166679452213,17.814797840272217,0.0759329579661493,0.7668128734409595,0.5060757094252625,NORMAL
09:38:05,,,step_34,패드_오픈_식각,IDLE,75.0166679452213,17.814797840272217,0.0759329579661493,0.7668128734409595,0.5060757094252625,NORMAL
09:38:10,,,step_34,패드_오픈_식각,IDLE,75.0166679452213,17.814797840272217,0.0759329579661493,0.7668128734409595,0.5060757094252625,NORMAL
09:38:15,,,step_34,패드_오픈_식각,IDLE,75.0166679452213,17.814797840272217,0.0759329579661493,0.7668128734409595,0.5060757094252625,NORMAL
09:38:20,,,step_34,패드_오픈_식각,IDLE,75.0166679452213,17.814797840272217,0.0759329579661493,0.7668128734409595,0.5060757094252625,NORMAL
09:38:25,,,step_34,패드_오픈_식각,IDLE,75.0166679452213,17.814797840272217,0.0759329579661493,0.7668128734409595,0.5060757094252625,NORMAL
09:38:30,,,step_34,패드_오픈_식각,IDLE,75.0166679452213,17.814797840272217,0.0759329579661493,0.7668128734409595,0.5060757094252625,NORMAL
09:38:35,,,step_34,패드_오픈_식각,IDLE,75.0166679452213,17.814797840272217,0.0759329579661493,0.7668128734409595,0.5060757094252625,NORMAL
09:38:40,,,step_34,패드_오픈_식각,IDLE,75.0166679452213,17.814797840272217,0.0759329579661493,0.7668128734409595,0.5060757094252625,NORMAL
09:38:45,,,step_34,패드_오픈_식각,IDLE,75.0166679452213,17.814797840272217,0.0759329579661493,0.7668128734409595,0.5060757094252625,NORMAL
09:38:50,,,step_34,패드_오픈_식각,IDLE,75.0166679452213,17.814797840272217,0.0759329579661493,0.7668128734409595,0.5060757094252625,NORMAL
09:38:55,,,step_34,패드_오픈_식각,IDLE,75.0166679452213,17.814797840272217,0.0759329579661493,0.7668128734409595,0.5060757094252625,NORMAL
09:39:00,,,step_34,패드_오픈_식각,IDLE,75.0166679452213,17.814797840272217,0.0759329579661493,0.7668128734409595,0.5060757094252625,NORMAL
09:39:05,,,step_34,패드_오픈_식각,IDLE,75.0166679452213,17.814797840272217,0.0759329579661493,0.7668128734409595,0.5060757094252625,NORMAL
09:39:10,,,step_34,패드_오픈_식각,IDLE,75.0166679452213,17.814797840272217,0.0759329579661493,0.7668128734409595,0.5060757094252625,NORMAL
09:39:15,,,step_34,패드_오픈_식각,IDLE,75.0166679452213,17.814797840272217,0.0759329579661493,0.7668128734409595,0.5060757094252625,NORMAL
09:39:20,,,step_34,패드_오픈_식각,IDLE,75.0166679452213,17.814797840272217,0.0759329579661493,0.7668128734409595,0.5060757094252625,NORMAL
09:39:25,,,step_34,패드_오픈_식각,IDLE,75.0166679452213,17.814797840272217,0.0759329579661493,0.7668128734409595,0.5060757094252625,NORMAL
09:39:30,,,step_34,패드_오픈_식각,IDLE,75.0166679452213,17.814797840272217,0.0759329579661493,0.7668128734409595,0.5060757094252625,NORMAL
09:39:35,,,step_34,패드_오픈_식각,IDLE,75.0166679452213,17.814797840272217,0.0759329579661493,0.7668128734409595,0.5060757094252625,NORMAL
09:39:40,,,step_34,패드_오픈_식각,IDLE,75.0166679452213,17.814797840272217,0.0759329579661493,0.7668128734409595,0.5060757094252625,NORMAL
09:39:45,,,step_34,패드_오픈_식각,IDLE,75.0166679452213,17.814797840272217,0.0759329579661493,0.7668128734409595,0.5060757094252625,NORMAL
09:39:50,,,step_34,패드_오픈_식각,IDLE,75.0166679452213,17.814797840272217,0.0759329579661493,0.7668128734409595,0.5060757094252625,NORMAL
09:39:55,,,step_34,패드_오픈_식각,IDLE,75.0166679452213,17.814797840272217,0.0759329579661493,0.7668128734409595,0.5060757094252625,NORMAL
09:40:00,,,step_34,패드_오픈_식각,IDLE,75.0166679452213,17.814797840272217,0.0759329579661493,0.7668128734409595,0.5060757094252625,NORMAL
09:40:05,,,step_34,패드_오픈_식각,IDLE,75.0166679452213,17.814797840272217,0.0759329579661493,0.7668128734409595,0.5060757094252625,NORMAL
09:40:10,,,step_34,패드_오픈_식각,IDLE,75.0166679452213,17.814797840272217,0.0759329579661493,0.7668128734409595,0.5060757094252625,NORMAL
09:40:15,,,step_34,패드_오픈_식각,IDLE,75.0166679452213,17.814797840272217,0.0759329579661493,0.7668128734409595,0.5060757094252625,NORMAL
09:40:20,,,step_34,패드_오픈_식각,IDLE,75.0166679452213,17.814797840272217,0.0759329579661493,0.7668128734409595,0.5060757094252625,NORMAL
09:40:25,,,step_34,패드_오픈_식각,IDLE,75.0166679452213,17.814797840272217,0.0759329579661493,0.7668128734409595,0.5060757094252625,NORMAL
09:40:30,,,step_34,패드_오픈_식각,IDLE,75.0166679452213,17.814797840272217,0.0759329579661493,0.7668128734409595,0.5060757094252625,NORMAL
09:40:35,,,step_34,패드_오픈_식각,IDLE,75.0166679452213,17.814797840272217,0.0759329579661493,0.7668128734409595,0.5060757094252625,NORMAL
09:40:40,,,step_34,패드_오픈_식각,IDLE,75.0166679452213,17.814797840272217,0.0759329579661493,0.7668128734409595,0.5060757094252625,NORMAL
09:40:45,,,step_34,패드_오픈_식각,IDLE,75.0166679452213,17.814797840272217,0.0759329579661493,0.7668128734409595,0.5060757094252625,NORMAL
09:40:50,,,step_34,패드_오픈_식각,IDLE,75.0166679452213,17.814797840272217,0.0759329579661493,0.7668128734409595,0.5060757094252625,NORMAL
09:40:55,,,step_34,패드_오픈_식각,IDLE,75.0166679452213,17.814797840272217,0.0759329579661493,0.7668128734409595,0.5060757094252625,NORMAL
09:41:00,,,step_34,패드_오픈_식각,IDLE,75.0166679452213,17.814797840272217,0.0759329579661493,0.7668128734409595,0.5060757094252625,NORMAL
09:41:05,,,step_34,패드_오픈_식각,IDLE,75.0166679452213,17.814797840272217,0.0759329579661493,0.7668128734409595,0.5060757094252625,NORMAL
09:41:10,,,step_34,패드_오픈_식각,IDLE,75.0166679452213,17.814797840272217,0.0759329579661493,0.7668128734409595,0.5060757094252625,NORMAL
09:41:15,,,step_34,패드_오픈_식각,IDLE,75.0166679452213,17.814797840272217,0.0759329579661493,0.7668128734409595,0.5060757094252625,NORMAL
09:41:20,,,step_34,패드_오픈_식각,IDLE,75.0166679452213,17.814797840272217,0.0759329579661493,0.7668128734409595,0.5060757094252625,NORMAL
09:41:25,,,step_34,패드_오픈_식각,IDLE,75.0166679452213,17.814797840272217,0.0759329579661493,0.7668128734409595,0.5060757094252625,NORMAL
09:41:30,,,step_34,패드_오픈_식각,IDLE,75.0166679452213,17.814797840272217,0.0759329579661493,0.7668128734409595,0.5060757094252625,NORMAL
09:41:35,,,step_34,패드_오픈_식각,IDLE,75.0166679452213,17.814797840272217,0.0759329579661493,0.7668128734409595,0.5060757094252625,NORMAL
09:41:40,,,step_34,패드_오픈_식각,IDLE,75.0166679452213,17.814797840272217,0.0759329579661493,0.7668128734409595,0.5060757094252625,NORMAL
09:41:45,,,step_34,패드_오픈_식각,IDLE,75.0166679452213,17.814797840272217,0.0759329579661493,0.7668128734409595,0.5060757094252625,NORMAL
09:41:50,,,step_34,패드_오픈_식각,IDLE,75.0166679452213,17.814797840272217,0.0759329579661493,0.7668128734409595,0.5060757094252625,NORMAL
09:41:55,,,step_34,패드_오픈_식각,IDLE,75.0166679452213,17.814797840272217,0.0759329579661493,0.7668128734409595,0.5060757094252625,NORMAL
09:42:00,,,step_34,패드_오픈_식각,IDLE,75.0166679452213,17.814797840272217,0.0759329579661493,0.7668128734409595,0.5060757094252625,NORMAL
09:42:05,,,step_34,패드_오픈_식각,IDLE,75.0166679452213,17.814797840272217,0.0759329579661493,0.7668128734409595,0.5060757094252625,NORMAL
09:42:10,,,step_34,패드_오픈_식각,IDLE,75.0166679452213,17.814797840272217,0.0759329579661493,0.7668128734409595,0.5060757094252625,NORMAL
09:42:15,,,step_34,패드_오픈_식각,IDLE,75.0166679452213,17.814797840272217,0.0759329579661493,0.7668128734409595,0.5060757094252625,NORMAL
09:42:20,,,step_34,패드_오픈_식각,IDLE,75.0166679452213,17.814797840272217,0.0759329579661493,0.7668128734409595,0.5060757094252625,NORMAL
09:42:25,,,step_34,패드_오픈_식각,IDLE,75.0166679452213,17.814797840272217,0.0759329579661493,0.7668128734409595,0.5060757094252625,NORMAL
09:42:30,,,step_34,패드_오픈_식각,IDLE,75.0166679452213,17.814797840272217,0.0759329579661493,0.7668128734409595,0.5060757094252625,NORMAL
09:42:35,,,step_34,패드_오픈_식각,IDLE,75.0166679452213,17.814797840272217,0.0759329579661493,0.7668128734409595,0.5060757094252625,NORMAL
09:42:40,,,step_34,패드_오픈_식각,IDLE,75.0166679452213,17.814797840272217,0.0759329579661493,0.7668128734409595,0.5060757094252625,NORMAL
09:42:45,,,step_34,패드_오픈_식각,IDLE,75.0166679452213,17.814797840272217,0.0759329579661493,0.7668128734409595,0.5060757094252625,NORMAL
09:42:50,,,step_34,패드_오픈_식각,IDLE,75.0166679452213,17.814797840272217,0.0759329579661493,0.7668128734409595,0.5060757094252625,NORMAL
09:42:55,,,step_34,패드_오픈_식각,IDLE,75.0166679452213,17.814797840272217,0.0759329579661493,0.7668128734409595,0.5060757094252625,NORMAL
09:43:00,,,step_34,패드_오픈_식각,IDLE,75.0166679452213,17.814797840272217,0.0759329579661493,0.7668128734409595,0.5060757094252625,NORMAL
09:43:05,,,step_34,패드_오픈_식각,IDLE,75.0166679452213,17.814797840272217,0.0759329579661493,0.7668128734409595,0.5060757094252625,NORMAL
09:43:10,,,step_34,패드_오픈_식각,IDLE,75.0166679452213,17.814797840272217,0.0759329579661493,0.7668128734409595,0.5060757094252625,NORMAL
09:43:15,,,step_34,패드_오픈_식각,IDLE,75.0166679452213,17.814797840272217,0.0759329579661493,0.7668128734409595,0.5060757094252625,NORMAL
09:43:20,,,step_34,패드_오픈_식각,IDLE,75.0166679452213,17.814797840272217,0.0759329579661493,0.7668128734409595,0.5060757094252625,NORMAL
09:43:25,,,step_34,패드_오픈_식각,IDLE,75.0166679452213,17.814797840272217,0.0759329579661493,0.7668128734409595,0.5060757094252625,NORMAL
09:43:30,,,step_34,패드_오픈_식각,IDLE,75.0166679452213,17.814797840272217,0.0759329579661493,0.7668128734409595,0.5060757094252625,NORMAL
09:43:35,,,step_34,패드_오픈_식각,IDLE,75.0166679452213,17.814797840272217,0.0759329579661493,0.7668128734409595,0.5060757094252625,NORMAL
09:43:40,,,step_34,패드_오픈_식각,IDLE,75.0166679452213,17.814797840272217,0.0759329579661493,0.7668128734409595,0.5060757094252625,NORMAL
09:43:45,,,step_34,패드_오픈_식각,IDLE,75.0166679452213,17.814797840272217,0.0759329579661493,0.7668128734409595,0.5060757094252625,NORMAL
09:43:50,,,step_34,패드_오픈_식각,IDLE,75.0166679452213,17.814797840272217,0.0759329579661493,0.7668128734409595,0.5060757094252625,NORMAL
09:43:55,,,step_34,패드_오픈_식각,IDLE,75.0166679452213,17.814797840272217,0.0759329579661493,0.7668128734409595,0.5060757094252625,NORMAL
09:44:00,,,step_34,패드_오픈_식각,IDLE,75.0166679452213,17.814797840272217,0.0759329579661493,0.7668128734409595,0.5060757094252625,NORMAL
09:44:05,,,step_34,패드_오픈_식각,IDLE,75.0166679452213,17.814797840272217,0.0759329579661493,0.7668128734409595,0.5060757094252625,NORMAL
09:44:10,,,step_34,패드_오픈_식각,IDLE,75.0166679452213,17.814797840272217,0.0759329579661493,0.7668128734409595,0.5060757094252625,NORMAL
09:44:15,,,step_34,패드_오픈_식각,IDLE,75.0166679452213,17.814797840272217,0.0759329579661493,0.7668128734409595,0.5060757094252625,NORMAL
09:44:20,,,step_34,패드_오픈_식각,IDLE,75.0166679452213,17.814797840272217,0.0759329579661493,0.7668128734409595,0.5060757094252625,NORMAL
09:44:25,,,step_34,패드_오픈_식각,IDLE,75.0166679452213,17.814797840272217,0.0759329579661493,0.7668128734409595,0.5060757094252625,NORMAL
09:44:30,,,step_34,패드_오픈_식각,IDLE,75.0166679452213,17.814797840272217,0.0759329579661493,0.7668128734409595,0.5060757094252625,NORMAL
09:44:35,,,step_34,패드_오픈_식각,IDLE,75.0166679452213,17.814797840272217,0.0759329579661493,0.7668128734409595,0.5060757094252625,NORMAL
09:44:40,,,step_34,패드_오픈_식각,IDLE,75.0166679452213,17.814797840272217,0.0759329579661493,0.7668128734409595,0.5060757094252625,NORMAL
09:44:45,,,step_34,패드_오픈_식각,IDLE,75.0166679452213,17.814797840272217,0.0759329579661493,0.7668128734409595,0.5060757094252625,NORMAL
09:44:50,,,step_34,패드_오픈_식각,IDLE,75.0166679452213,17.814797840272217,0.0759329579661493,0.7668128734409595,0.5060757094252625,NORMAL
09:44:55,,,step_34,패드_오픈_식각,IDLE,75.0166679452213,17.814797840272217,0.0759329579661493,0.7668128734409595,0.5060757094252625,NORMAL
09:45:00,,,step_34,패드_오픈_식각,IDLE,75.0166679452213,17.814797840272217,0.0759329579661493,0.7668128734409595,0.5060757094252625,NORMAL
09:45:05,,,step_34,패드_오픈_식각,IDLE,75.0166679452213,17.814797840272217,0.0759329579661493,0.7668128734409595,0.5060757094252625,NORMAL
09:45:10,,,step_34,패드_오픈_식각,IDLE,75.0166679452213,17.814797840272217,0.0759329579661493,0.7668128734409595,0.5060757094252625,NORMAL
09:45:15,,,step_34,패드_오픈_식각,IDLE,75.0166679452213,17.814797840272217,0.0759329579661493,0.7668128734409595,0.5060757094252625,NORMAL
09:45:20,,,step_34,패드_오픈_식각,IDLE,75.0166679452213,17.814797840272217,0.0759329579661493,0.7668128734409595,0.5060757094252625,NORMAL
09:45:25,,,step_34,패드_오픈_식각,IDLE,75.0166679452213,17.814797840272217,0.0759329579661493,0.7668128734409595,0.5060757094252625,NORMAL
09:45:30,,,step_34,패드_오픈_식각,IDLE,75.0166679452213,17.814797840272217,0.0759329579661493,0.7668128734409595,0.5060757094252625,NORMAL
09:45:35,,,step_34,패드_오픈_식각,IDLE,75.0166679452213,17.814797840272217,0.0759329579661493,0.7668128734409595,0.5060757094252625,NORMAL
09:45:40,,,step_34,패드_오픈_식각,IDLE,75.0166679452213,17.814797840272217,0.0759329579661493,0.7668128734409595,0.5060757094252625,NORMAL
09:45:45,,,step_34,패드_오픈_식각,IDLE,75.0166679452213,17.814797840272217,0.0759329579661493,0.7668128734409595,0.5060757094252625,NORMAL
09:45:50,,,step_34,패드_오픈_식각,IDLE,75.0166679452213,17.814797840272217,0.0759329579661493,0.7668128734409595,0.5060757094252625,NORMAL
09:45:55,,,step_34,패드_오픈_식각,IDLE,75.0166679452213,17.814797840272217,0.0759329579661493,0.7668128734409595,0.5060757094252625,NORMAL
09:46:00,,,step_34,패드_오픈_식각,IDLE,75.0166679452213,17.814797840272217,0.0759329579661493,0.7668128734409595,0.5060757094252625,NORMAL
09:46:05,,,step_34,패드_오픈_식각,IDLE,75.0166679452213,17.814797840272217,0.0759329579661493,0.7668128734409595,0.5060757094252625,NORMAL
09:46:10,,,step_34,패드_오픈_식각,IDLE,75.0166679452213,17.814797840272217,0.0759329579661493,0.7668128734409595,0.5060757094252625,NORMAL
09:46:15,,,step_34,패드_오픈_식각,IDLE,75.0166679452213,17.814797840272217,0.0759329579661493,0.7668128734409595,0.5060757094252625,NORMAL
09:46:20,,,step_34,패드_오픈_식각,IDLE,75.0166679452213,17.814797840272217,0.0759329579661493,0.7668128734409595,0.5060757094252625,NORMAL
09:46:25,,,step_34,패드_오픈_식각,IDLE,75.0166679452213,17.814797840272217,0.0759329579661493,0.7668128734409595,0.5060757094252625,NORMAL
09:46:30,,,step_34,패드_오픈_식각,IDLE,75.0166679452213,17.814797840272217,0.0759329579661493,0.7668128734409595,0.5060757094252625,NORMAL
09:46:35,,,step_34,패드_오픈_식각,IDLE,75.0166679452213,17.814797840272217,0.0759329579661493,0.7668128734409595,0.5060757094252625,NORMAL
09:46:40,,,step_34,패드_오픈_식각,IDLE,75.0166679452213,17.814797840272217,0.0759329579661493,0.7668128734409595,0.5060757094252625,NORMAL
09:46:45,,,step_34,패드_오픈_식각,IDLE,75.0166679452213,17.814797840272217,0.0759329579661493,0.7668128734409595,0.5060757094252625,NORMAL
09:46:50,,,step_34,패드_오픈_식각,IDLE,75.0166679452213,17.814797840272217,0.0759329579661493,0.7668128734409595,0.5060757094252625,NORMAL
09:46:55,,,step_34,패드_오픈_식각,IDLE,75.0166679452213,17.814797840272217,0.0759329579661493,0.7668128734409595,0.5060757094252625,NORMAL
09:47:00,,,step_34,패드_오픈_식각,IDLE,75.0166679452213,17.814797840272217,0.0759329579661493,0.7668128734409595,0.5060757094252625,NORMAL
09:47:05,,,step_34,패드_오픈_식각,IDLE,75.0166679452213,17.814797840272217,0.0759329579661493,0.7668128734409595,0.5060757094252625,NORMAL
09:47:10,,,step_34,패드_오픈_식각,IDLE,75.0166679452213,17.814797840272217,0.0759329579661493,0.7668128734409595,0.5060757094252625,NORMAL
09:47:15,,,step_34,패드_오픈_식각,IDLE,75.0166679452213,17.814797840272217,0.0759329579661493,0.7668128734409595,0.5060757094252625,NORMAL
09:47:20,,,step_34,패드_오픈_식각,IDLE,75.0166679452213,17.814797840272217,0.0759329579661493,0.7668128734409595,0.5060757094252625,NORMAL
09:47:25,,,step_34,패드_오픈_식각,IDLE,75.0166679452213,17.814797840272217,0.0759329579661493,0.7668128734409595,0.5060757094252625,NORMAL
09:47:30,,,step_34,패드_오픈_식각,IDLE,75.0166679452213,17.814797840272217,0.0759329579661493,0.7668128734409595,0.5060757094252625,NORMAL
09:47:35,,,step_34,패드_오픈_식각,IDLE,75.0166679452213,17.814797840272217,0.0759329579661493,0.7668128734409595,0.5060757094252625,NORMAL
09:47:40,,,step_34,패드_오픈_식각,IDLE,75.0166679452213,17.814797840272217,0.0759329579661493,0.7668128734409595,0.5060757094252625,NORMAL
09:47:45,,,step_34,패드_오픈_식각,IDLE,75.0166679452213,17.814797840272217,0.0759329579661493,0.7668128734409595,0.5060757094252625,NORMAL
09:47:50,,,step_34,패드_오픈_식각,IDLE,75.0166679452213,17.814797840272217,0.0759329579661493,0.7668128734409595,0.5060757094252625,NORMAL
09:47:55,,,step_34,패드_오픈_식각,IDLE,75.0166679452213,17.814797840272217,0.0759329579661493,0.7668128734409595,0.5060757094252625,NORMAL
09:48:00,,,step_34,패드_오픈_식각,IDLE,75.0166679452213,17.814797840272217,0.0759329579661493,0.7668128734409595,0.5060757094252625,NORMAL
09:48:05,,,step_34,패드_오픈_식각,IDLE,75.0166679452213,17.814797840272217,0.0759329579661493,0.7668128734409595,0.5060757094252625,NORMAL
09:48:10,,,step_34,패드_오픈_식각,IDLE,75.0166679452213,17.814797840272217,0.0759329579661493,0.7668128734409595,0.5060757094252625,NORMAL
09:48:15,,,step_34,패드_오픈_식각,IDLE,75.0166679452213,17.814797840272217,0.0759329579661493,0.7668128734409595,0.5060757094252625,NORMAL
09:48:20,,,step_34,패드_오픈_식각,IDLE,75.0166679452213,17.814797840272217,0.0759329579661493,0.7668128734409595,0.5060757094252625,NORMAL
09:48:25,,,step_34,패드_오픈_식각,IDLE,75.0166679452213,17.814797840272217,0.0759329579661493,0.7668128734409595,0.5060757094252625,NORMAL
09:48:30,,,step_34,패드_오픈_식각,IDLE,75.0166679452213,17.814797840272217,0.0759329579661493,0.7668128734409595,0.5060757094252625,NORMAL
09:48:35,,,step_34,패드_오픈_식각,IDLE,75.0166679452213,17.814797840272217,0.0759329579661493,0.7668128734409595,0.5060757094252625,NORMAL
09:48:40,,,step_34,패드_오픈_식각,IDLE,75.0166679452213,17.814797840272217,0.0759329579661493,0.7668128734409595,0.5060757094252625,NORMAL
09:48:45,,,step_34,패드_오픈_식각,IDLE,75.0166679452213,17.814797840272217,0.0759329579661493,0.7668128734409595,0.5060757094252625,NORMAL
09:48:50,,,step_34,패드_오픈_식각,IDLE,75.0166679452213,17.814797840272217,0.0759329579661493,0.7668128734409595,0.5060757094252625,NORMAL
09:48:55,,,step_34,패드_오픈_식각,IDLE,75.0166679452213,17.814797840272217,0.0759329579661493,0.7668128734409595,0.5060757094252625,NORMAL
09:49:00,,,step_34,패드_오픈_식각,IDLE,75.0166679452213,17.814797840272217,0.0759329579661493,0.7668128734409595,0.5060757094252625,NORMAL
09:49:05,,,step_34,패드_오픈_식각,IDLE,75.0166679452213,17.814797840272217,0.0759329579661493,0.7668128734409595,0.5060757094252625,NORMAL
09:49:10,,,step_34,패드_오픈_식각,IDLE,75.0166679452213,17.814797840272217,0.0759329579661493,0.7668128734409595,0.5060757094252625,NORMAL
09:49:15,,,step_34,패드_오픈_식각,IDLE,75.0166679452213,17.814797840272217,0.0759329579661493,0.7668128734409595,0.5060757094252625,NORMAL
09:49:20,,,step_34,패드_오픈_식각,IDLE,75.0166679452213,17.814797840272217,0.0759329579661493,0.7668128734409595,0.5060757094252625,NORMAL
09:49:25,,,step_34,패드_오픈_식각,IDLE,75.0166679452213,17.814797840272217,0.0759329579661493,0.7668128734409595,0.5060757094252625,NORMAL
09:49:30,,,step_34,패드_오픈_식각,IDLE,75.0166679452213,17.814797840272217,0.0759329579661493,0.7668128734409595,0.5060757094252625,NORMAL
09:49:35,,,step_34,패드_오픈_식각,IDLE,75.0166679452213,17.814797840272217,0.0759329579661493,0.7668128734409595,0.5060757094252625,NORMAL
09:49:40,,,step_34,패드_오픈_식각,IDLE,75.0166679452213,17.814797840272217,0.0759329579661493,0.7668128734409595,0.5060757094252625,NORMAL
09:49:45,,,step_34,패드_오픈_식각,IDLE,75.0166679452213,17.814797840272217,0.0759329579661493,0.7668128734409595,0.5060757094252625,NORMAL
09:49:50,,,step_34,패드_오픈_식각,IDLE,75.0166679452213,17.814797840272217,0.0759329579661493,0.7668128734409595,0.5060757094252625,NORMAL
09:49:55,,,step_34,패드_오픈_식각,IDLE,75.0166679452213,17.814797840272217,0.0759329579661493,0.7668128734409595,0.5060757094252625,NORMAL
09:50:00,,,step_34,패드_오픈_식각,IDLE,75.0166679452213,17.814797840272217,0.0759329579661493,0.7668128734409595,0.5060757094252625,NORMAL
09:50:05,,,step_34,패드_오픈_식각,IDLE,75.0166679452213,17.814797840272217,0.0759329579661493,0.7668128734409595,0.5060757094252625,NORMAL
09:50:10,,,step_34,패드_오픈_식각,IDLE,75.0166679452213,17.814797840272217,0.0759329579661493,0.7668128734409595,0.5060757094252625,NORMAL
09:50:15,,,step_34,패드_오픈_식각,IDLE,75.0166679452213,17.814797840272217,0.0759329579661493,0.7668128734409595,0.5060757094252625,NORMAL
09:50:20,,,step_34,패드_오픈_식각,IDLE,75.0166679452213,17.814797840272217,0.0759329579661493,0.7668128734409595,0.5060757094252625,NORMAL
09:50:25,,,step_34,패드_오픈_식각,IDLE,75.0166679452213,17.814797840272217,0.0759329579661493,0.7668128734409595,0.5060757094252625,NORMAL
09:50:30,,,step_34,패드_오픈_식각,IDLE,75.0166679452213,17.814797840272217,0.0759329579661493,0.7668128734409595,0.5060757094252625,NORMAL
09:50:35,,,step_34,패드_오픈_식각,IDLE,75.0166679452213,17.814797840272217,0.0759329579661493,0.7668128734409595,0.5060757094252625,NORMAL
09:50:40,,,step_34,패드_오픈_식각,IDLE,75.0166679452213,17.814797840272217,0.0759329579661493,0.7668128734409595,0.5060757094252625,NORMAL
09:50:45,,,step_34,패드_오픈_식각,IDLE,75.0166679452213,17.814797840272217,0.0759329579661493,0.7668128734409595,0.5060757094252625,NORMAL
09:50:50,,,step_34,패드_오픈_식각,IDLE,75.0166679452213,17.814797840272217,0.0759329579661493,0.7668128734409595,0.5060757094252625,NORMAL
09:50:55,,,step_34,패드_오픈_식각,IDLE,75.0166679452213,17.814797840272217,0.0759329579661493,0.7668128734409595,0.5060757094252625,NORMAL
09:51:00,,,step_34,패드_오픈_식각,IDLE,75.0166679452213,17.814797840272217,0.0759329579661493,0.7668128734409595,0.5060757094252625,NORMAL
09:51:05,,,step_34,패드_오픈_식각,IDLE,75.0166679452213,17.814797840272217,0.0759329579661493,0.7668128734409595,0.5060757094252625,NORMAL
09:51:10,,,step_34,패드_오픈_식각,IDLE,75.0166679452213,17.814797840272217,0.0759329579661493,0.7668128734409595,0.5060757094252625,NORMAL
09:51:15,,,step_34,패드_오픈_식각,IDLE,75.0166679452213,17.814797840272217,0.0759329579661493,0.7668128734409595,0.5060757094252625,NORMAL
09:51:20,,,step_34,패드_오픈_식각,IDLE,75.0166679452213,17.814797840272217,0.0759329579661493,0.7668128734409595,0.5060757094252625,NORMAL
09:51:25,,,step_34,패드_오픈_식각,IDLE,75.0166679452213,17.814797840272217,0.0759329579661493,0.7668128734409595,0.5060757094252625,NORMAL
09:51:30,,,step_34,패드_오픈_식각,IDLE,75.0166679452213,17.814797840272217,0.0759329579661493,0.7668128734409595,0.5060757094252625,NORMAL
09:51:35,,,step_34,패드_오픈_식각,IDLE,75.0166679452213,17.814797840272217,0.0759329579661493,0.7668128734409595,0.5060757094252625,NORMAL
09:51:40,,,step_34,패드_오픈_식각,IDLE,75.0166679452213,17.814797840272217,0.0759329579661493,0.7668128734409595,0.5060757094252625,NORMAL
09:51:45,,,step_34,패드_오픈_식각,IDLE,75.0166679452213,17.814797840272217,0.0759329579661493,0.7668128734409595,0.5060757094252625,NORMAL
09:51:50,,,step_34,패드_오픈_식각,IDLE,75.0166679452213,17.814797840272217,0.0759329579661493,0.7668128734409595,0.5060757094252625,NORMAL
09:51:55,,,step_34,패드_오픈_식각,IDLE,75.0166679452213,17.814797840272217,0.0759329579661493,0.7668128734409595,0.5060757094252625,NORMAL
09:52:00,,,step_34,패드_오픈_식각,IDLE,75.0166679452213,17.814797840272217,0.0759329579661493,0.7668128734409595,0.5060757094252625,NORMAL
09:52:05,,,step_34,패드_오픈_식각,IDLE,75.0166679452213,17.814797840272217,0.0759329579661493,0.7668128734409595,0.5060757094252625,NORMAL
09:52:10,,,step_34,패드_오픈_식각,IDLE,75.0166679452213,17.814797840272217,0.0759329579661493,0.7668128734409595,0.5060757094252625,NORMAL
09:52:15,,,step_34,패드_오픈_식각,IDLE,75.0166679452213,17.814797840272217,0.0759329579661493,0.7668128734409595,0.5060757094252625,NORMAL
09:52:20,,,step_34,패드_오픈_식각,IDLE,75.0166679452213,17.814797840272217,0.0759329579661493,0.7668128734409595,0.5060757094252625,NORMAL
09:52:25,,,step_34,패드_오픈_식각,IDLE,75.0166679452213,17.814797840272217,0.0759329579661493,0.7668128734409595,0.5060757094252625,NORMAL
09:52:30,,,step_34,패드_오픈_식각,IDLE,75.0166679452213,17.814797840272217,0.0759329579661493,0.7668128734409595,0.5060757094252625,NORMAL
09:52:35,,,step_34,패드_오픈_식각,IDLE,75.0166679452213,17.814797840272217,0.0759329579661493,0.7668128734409595,0.5060757094252625,NORMAL
09:52:40,,,step_34,패드_오픈_식각,IDLE,75.0166679452213,17.814797840272217,0.0759329579661493,0.7668128734409595,0.5060757094252625,NORMAL
09:52:45,,,step_34,패드_오픈_식각,IDLE,75.0166679452213,17.814797840272217,0.0759329579661493,0.7668128734409595,0.5060757094252625,NORMAL
09:52:50,,,step_34,패드_오픈_식각,IDLE,75.0166679452213,17.814797840272217,0.0759329579661493,0.7668128734409595,0.5060757094252625,NORMAL
09:52:55,,,step_34,패드_오픈_식각,IDLE,75.0166679452213,17.814797840272217,0.0759329579661493,0.7668128734409595,0.5060757094252625,NORMAL
09:53:00,,,step_34,패드_오픈_식각,IDLE,75.0166679452213,17.814797840272217,0.0759329579661493,0.7668128734409595,0.5060757094252625,NORMAL
09:53:05,,,step_34,패드_오픈_식각,IDLE,75.0166679452213,17.814797840272217,0.0759329579661493,0.7668128734409595,0.5060757094252625,NORMAL
09:53:10,,,step_34,패드_오픈_식각,IDLE,75.0166679452213,17.814797840272217,0.0759329579661493,0.7668128734409595,0.5060757094252625,NORMAL
09:53:15,,,step_34,패드_오픈_식각,IDLE,75.0166679452213,17.814797840272217,0.0759329579661493,0.7668128734409595,0.5060757094252625,NORMAL
09:53:20,,,step_34,패드_오픈_식각,IDLE,75.0166679452213,17.814797840272217,0.0759329579661493,0.7668128734409595,0.5060757094252625,NORMAL
09:53:25,,,step_34,패드_오픈_식각,IDLE,75.0166679452213,17.814797840272217,0.0759329579661493,0.7668128734409595,0.5060757094252625,NORMAL
09:53:30,,,step_34,패드_오픈_식각,IDLE,75.0166679452213,17.814797840272217,0.0759329579661493,0.7668128734409595,0.5060757094252625,NORMAL
09:53:35,,,step_34,패드_오픈_식각,IDLE,75.0166679452213,17.814797840272217,0.0759329579661493,0.7668128734409595,0.5060757094252625,NORMAL
09:53:40,,,step_34,패드_오픈_식각,IDLE,75.0166679452213,17.814797840272217,0.0759329579661493,0.7668128734409595,0.5060757094252625,NORMAL
09:53:45,,,step_34,패드_오픈_식각,IDLE,75.0166679452213,17.814797840272217,0.0759329579661493,0.7668128734409595,0.5060757094252625,NORMAL
09:53:50,,,step_34,패드_오픈_식각,IDLE,75.0166679452213,17.814797840272217,0.0759329579661493,0.7668128734409595,0.5060757094252625,NORMAL
09:53:55,,,step_34,패드_오픈_식각,IDLE,75.0166679452213,17.814797840272217,0.0759329579661493,0.7668128734409595,0.5060757094252625,NORMAL
09:54:00,,,step_34,패드_오픈_식각,IDLE,75.0166679452213,17.814797840272217,0.0759329579661493,0.7668128734409595,0.5060757094252625,NORMAL
09:54:05,,,step_34,패드_오픈_식각,IDLE,75.0166679452213,17.814797840272217,0.0759329579661493,0.7668128734409595,0.5060757094252625,NORMAL
09:54:10,,,step_34,패드_오픈_식각,IDLE,75.0166679452213,17.814797840272217,0.0759329579661493,0.7668128734409595,0.5060757094252625,NORMAL
09:54:15,,,step_34,패드_오픈_식각,IDLE,75.0166679452213,17.814797840272217,0.0759329579661493,0.7668128734409595,0.5060757094252625,NORMAL
09:54:20,,,step_34,패드_오픈_식각,IDLE,75.0166679452213,17.814797840272217,0.0759329579661493,0.7668128734409595,0.5060757094252625,NORMAL
09:54:25,,,step_34,패드_오픈_식각,IDLE,75.0166679452213,17.814797840272217,0.0759329579661493,0.7668128734409595,0.5060757094252625,NORMAL
09:54:30,,,step_34,패드_오픈_식각,IDLE,75.0166679452213,17.814797840272217,0.0759329579661493,0.7668128734409595,0.5060757094252625,NORMAL
09:54:35,,,step_34,패드_오픈_식각,IDLE,75.0166679452213,17.814797840272217,0.0759329579661493,0.7668128734409595,0.5060757094252625,NORMAL
09:54:40,,,step_34,패드_오픈_식각,IDLE,75.0166679452213,17.814797840272217,0.0759329579661493,0.7668128734409595,0.5060757094252625,NORMAL
09:54:45,,,step_34,패드_오픈_식각,IDLE,75.0166679452213,17.814797840272217,0.0759329579661493,0.7668128734409595,0.5060757094252625,NORMAL
09:54:50,,,step_34,패드_오픈_식각,IDLE,75.0166679452213,17.814797840272217,0.0759329579661493,0.7668128734409595,0.5060757094252625,NORMAL
09:54:55,,,step_34,패드_오픈_식각,IDLE,75.0166679452213,17.814797840272217,0.0759329579661493,0.7668128734409595,0.5060757094252625,NORMAL
09:55:00,,,step_34,패드_오픈_식각,IDLE,75.0166679452213,17.814797840272217,0.0759329579661493,0.7668128734409595,0.5060757094252625,NORMAL
09:55:05,,,step_34,패드_오픈_식각,IDLE,75.0166679452213,17.814797840272217,0.0759329579661493,0.7668128734409595,0.5060757094252625,NORMAL
09:55:10,,,step_34,패드_오픈_식각,IDLE,75.0166679452213,17.814797840272217,0.0759329579661493,0.7668128734409595,0.5060757094252625,NORMAL
09:55:15,,,step_34,패드_오픈_식각,IDLE,75.0166679452213,17.814797840272217,0.0759329579661493,0.7668128734409595,0.5060757094252625,NORMAL
09:55:20,,,step_34,패드_오픈_식각,IDLE,75.0166679452213,17.814797840272217,0.0759329579661493,0.7668128734409595,0.5060757094252625,NORMAL
09:55:25,,,step_34,패드_오픈_식각,IDLE,75.0166679452213,17.814797840272217,0.0759329579661493,0.7668128734409595,0.5060757094252625,NORMAL
09:55:30,,,step_34,패드_오픈_식각,IDLE,75.0166679452213,17.814797840272217,0.0759329579661493,0.7668128734409595,0.5060757094252625,NORMAL
09:55:35,,,step_34,패드_오픈_식각,IDLE,75.0166679452213,17.814797840272217,0.0759329579661493,0.7668128734409595,0.5060757094252625,NORMAL
09:55:40,,,step_34,패드_오픈_식각,IDLE,75.0166679452213,17.814797840272217,0.0759329579661493,0.7668128734409595,0.5060757094252625,NORMAL
09:55:45,,,step_34,패드_오픈_식각,IDLE,75.0166679452213,17.814797840272217,0.0759329579661493,0.7668128734409595,0.5060757094252625,NORMAL
09:55:50,,,step_34,패드_오픈_식각,IDLE,75.0166679452213,17.814797840272217,0.0759329579661493,0.7668128734409595,0.5060757094252625,NORMAL
09:55:55,,,step_34,패드_오픈_식각,IDLE,75.0166679452213,17.814797840272217,0.0759329579661493,0.7668128734409595,0.5060757094252625,NORMAL
09:56:00,,,step_34,패드_오픈_식각,IDLE,75.0166679452213,17.814797840272217,0.0759329579661493,0.7668128734409595,0.5060757094252625,NORMAL
09:56:05,,,step_34,패드_오픈_식각,IDLE,75.0166679452213,17.814797840272217,0.0759329579661493,0.7668128734409595,0.5060757094252625,NORMAL
09:56:10,,,step_34,패드_오픈_식각,IDLE,75.0166679452213,17.814797840272217,0.0759329579661493,0.7668128734409595,0.5060757094252625,NORMAL
09:56:15,,,step_34,패드_오픈_식각,IDLE,75.0166679452213,17.814797840272217,0.0759329579661493,0.7668128734409595,0.5060757094252625,NORMAL
09:56:20,,,step_34,패드_오픈_식각,IDLE,75.0166679452213,17.814797840272217,0.0759329579661493,0.7668128734409595,0.5060757094252625,NORMAL
09:56:25,,,step_34,패드_오픈_식각,IDLE,75.0166679452213,17.814797840272217,0.0759329579661493,0.7668128734409595,0.5060757094252625,NORMAL
09:56:30,,,step_34,패드_오픈_식각,IDLE,75.0166679452213,17.814797840272217,0.0759329579661493,0.7668128734409595,0.5060757094252625,NORMAL
09:56:35,,,step_34,패드_오픈_식각,IDLE,75.0166679452213,17.814797840272217,0.0759329579661493,0.7668128734409595,0.5060757094252625,NORMAL
09:56:40,,,step_34,패드_오픈_식각,IDLE,75.0166679452213,17.814797840272217,0.0759329579661493,0.7668128734409595,0.5060757094252625,NORMAL
09:56:45,,,step_34,패드_오픈_식각,IDLE,75.0166679452213,17.814797840272217,0.0759329579661493,0.7668128734409595,0.5060757094252625,NORMAL
09:56:50,,,step_34,패드_오픈_식각,IDLE,75.0166679452213,17.814797840272217,0.0759329579661493,0.7668128734409595,0.5060757094252625,NORMAL
09:56:55,,,step_34,패드_오픈_식각,IDLE,75.0166679452213,17.814797840272217,0.0759329579661493,0.7668128734409595,0.5060757094252625,NORMAL
09:57:00,,,step_34,패드_오픈_식각,IDLE,75.0166679452213,17.814797840272217,0.0759329579661493,0.7668128734409595,0.5060757094252625,NORMAL
09:57:05,,,step_34,패드_오픈_식각,IDLE,75.0166679452213,17.814797840272217,0.0759329579661493,0.7668128734409595,0.5060757094252625,NORMAL
09:57:10,,,step_34,패드_오픈_식각,IDLE,75.0166679452213,17.814797840272217,0.0759329579661493,0.7668128734409595,0.5060757094252625,NORMAL
09:57:15,,,step_34,패드_오픈_식각,IDLE,75.0166679452213,17.814797840272217,0.0759329579661493,0.7668128734409595,0.5060757094252625,NORMAL
09:57:20,,,step_34,패드_오픈_식각,IDLE,75.0166679452213,17.814797840272217,0.0759329579661493,0.7668128734409595,0.5060757094252625,NORMAL
09:57:25,,,step_34,패드_오픈_식각,IDLE,75.0166679452213,17.814797840272217,0.0759329579661493,0.7668128734409595,0.5060757094252625,NORMAL
09:57:30,,,step_34,패드_오픈_식각,IDLE,75.0166679452213,17.814797840272217,0.0759329579661493,0.7668128734409595,0.5060757094252625,NORMAL
09:57:35,,,step_34,패드_오픈_식각,IDLE,75.0166679452213,17.814797840272217,0.0759329579661493,0.7668128734409595,0.5060757094252625,NORMAL
09:57:40,,,step_34,패드_오픈_식각,IDLE,75.0166679452213,17.814797840272217,0.0759329579661493,0.7668128734409595,0.5060757094252625,NORMAL
09:57:45,,,step_34,패드_오픈_식각,IDLE,75.0166679452213,17.814797840272217,0.0759329579661493,0.7668128734409595,0.5060757094252625,NORMAL
09:57:50,,,step_34,패드_오픈_식각,IDLE,75.0166679452213,17.814797840272217,0.0759329579661493,0.7668128734409595,0.5060757094252625,NORMAL
09:57:55,,,step_34,패드_오픈_식각,IDLE,75.0166679452213,17.814797840272217,0.0759329579661493,0.7668128734409595,0.5060757094252625,NORMAL
09:58:00,,,step_34,패드_오픈_식각,IDLE,75.0166679452213,17.814797840272217,0.0759329579661493,0.7668128734409595,0.5060757094252625,NORMAL
09:58:05,,,step_34,패드_오픈_식각,IDLE,75.0166679452213,17.814797840272217,0.0759329579661493,0.7668128734409595,0.5060757094252625,NORMAL
09:58:10,,,step_34,패드_오픈_식각,IDLE,75.0166679452213,17.814797840272217,0.0759329579661493,0.7668128734409595,0.5060757094252625,NORMAL
09:58:15,,,step_34,패드_오픈_식각,IDLE,75.0166679452213,17.814797840272217,0.0759329579661493,0.7668128734409595,0.5060757094252625,NORMAL
09:58:20,,,step_34,패드_오픈_식각,IDLE,75.0166679452213,17.814797840272217,0.0759329579661493,0.7668128734409595,0.5060757094252625,NORMAL
09:58:25,,,step_34,패드_오픈_식각,IDLE,75.0166679452213,17.814797840272217,0.0759329579661493,0.7668128734409595,0.5060757094252625,NORMAL
09:58:30,,,step_34,패드_오픈_식각,IDLE,75.0166679452213,17.814797840272217,0.0759329579661493,0.7668128734409595,0.5060757094252625,NORMAL
09:58:35,,,step_34,패드_오픈_식각,IDLE,75.0166679452213,17.814797840272217,0.0759329579661493,0.7668128734409595,0.5060757094252625,NORMAL
09:58:40,,,step_34,패드_오픈_식각,IDLE,75.0166679452213,17.814797840272217,0.0759329579661493,0.7668128734409595,0.5060757094252625,NORMAL
09:58:45,,,step_34,패드_오픈_식각,IDLE,75.0166679452213,17.814797840272217,0.0759329579661493,0.7668128734409595,0.5060757094252625,NORMAL
09:58:50,,,step_34,패드_오픈_식각,IDLE,75.0166679452213,17.814797840272217,0.0759329579661493,0.7668128734409595,0.5060757094252625,NORMAL
09:58:55,,,step_34,패드_오픈_식각,IDLE,75.0166679452213,17.814797840272217,0.0759329579661493,0.7668128734409595,0.5060757094252625,NORMAL
09:59:00,,,step_34,패드_오픈_식각,IDLE,75.0166679452213,17.814797840272217,0.0759329579661493,0.7668128734409595,0.5060757094252625,NORMAL
09:59:05,,,step_34,패드_오픈_식각,IDLE,75.0166679452213,17.814797840272217,0.0759329579661493,0.7668128734409595,0.5060757094252625,NORMAL
09:59:10,,,step_34,패드_오픈_식각,IDLE,75.0166679452213,17.814797840272217,0.0759329579661493,0.7668128734409595,0.5060757094252625,NORMAL
09:59:15,,,step_34,패드_오픈_식각,IDLE,75.0166679452213,17.814797840272217,0.0759329579661493,0.7668128734409595,0.5060757094252625,NORMAL
09:59:20,,,step_34,패드_오픈_식각,IDLE,75.0166679452213,17.814797840272217,0.0759329579661493,0.7668128734409595,0.5060757094252625,NORMAL
09:59:25,,,step_34,패드_오픈_식각,IDLE,75.0166679452213,17.814797840272217,0.0759329579661493,0.7668128734409595,0.5060757094252625,NORMAL
09:59:30,,,step_34,패드_오픈_식각,IDLE,75.0166679452213,17.814797840272217,0.0759329579661493,0.7668128734409595,0.5060757094252625,NORMAL
09:59:35,,,step_34,패드_오픈_식각,IDLE,75.0166679452213,17.814797840272217,0.0759329579661493,0.7668128734409595,0.5060757094252625,NORMAL
09:59:40,,,step_34,패드_오픈_식각,IDLE,75.0166679452213,17.814797840272217,0.0759329579661493,0.7668128734409595,0.5060757094252625,NORMAL
09:59:45,,,step_34,패드_오픈_식각,IDLE,75.0166679452213,17.814797840272217,0.0759329579661493,0.7668128734409595,0.5060757094252625,NORMAL
09:59:50,,,step_34,패드_오픈_식각,IDLE,75.0166679452213,17.814797840272217,0.0759329579661493,0.7668128734409595,0.5060757094252625,NORMAL
09:59:55,,,step_34,패드_오픈_식각,IDLE,75.0166679452213,17.814797840272217,0.0759329579661493,0.7668128734409595,0.5060757094252625,NORMAL
10:00:00,,,step_34,패드_오픈_식각,IDLE,75.0166679452213,17.814797840272217,0.0759329579661493,0.7668128734409595,0.5060757094252625,NORMAL
10:00:05,,,step_34,패드_오픈_식각,IDLE,75.0166679452213,17.814797840272217,0.0759329579661493,0.7668128734409595,0.5060757094252625,NORMAL
10:00:10,,,step_34,패드_오픈_식각,IDLE,75.0166679452213,17.814797840272217,0.0759329579661493,0.7668128734409595,0.5060757094252625,NORMAL
10:00:15,,,step_34,패드_오픈_식각,IDLE,75.0166679452213,17.814797840272217,0.0759329579661493,0.7668128734409595,0.5060757094252625,NORMAL
10:00:20,,,step_34,패드_오픈_식각,IDLE,75.0166679452213,17.814797840272217,0.0759329579661493,0.7668128734409595,0.5060757094252625,NORMAL
10:00:25,,,step_34,패드_오픈_식각,IDLE,75.0166679452213,17.814797840272217,0.0759329579661493,0.7668128734409595,0.5060757094252625,NORMAL
10:00:30,,,step_34,패드_오픈_식각,IDLE,75.0166679452213,17.814797840272217,0.0759329579661493,0.7668128734409595,0.5060757094252625,NORMAL
10:00:35,,,step_34,패드_오픈_식각,IDLE,75.0166679452213,17.814797840272217,0.0759329579661493,0.7668128734409595,0.5060757094252625,NORMAL
10:00:40,,,step_34,패드_오픈_식각,IDLE,75.0166679452213,17.814797840272217,0.0759329579661493,0.7668128734409595,0.5060757094252625,NORMAL
10:00:45,,,step_34,패드_오픈_식각,IDLE,75.0166679452213,17.814797840272217,0.0759329579661493,0.7668128734409595,0.5060757094252625,NORMAL
10:00:50,,,step_34,패드_오픈_식각,IDLE,75.0166679452213,17.814797840272217,0.0759329579661493,0.7668128734409595,0.5060757094252625,NORMAL
10:00:55,,,step_34,패드_오픈_식각,IDLE,75.0166679452213,17.814797840272217,0.0759329579661493,0.7668128734409595,0.5060757094252625,NORMAL
10:01:00,,,step_34,패드_오픈_식각,IDLE,75.0166679452213,17.814797840272217,0.0759329579661493,0.7668128734409595,0.5060757094252625,NORMAL
10:01:05,,,step_34,패드_오픈_식각,IDLE,75.0166679452213,17.814797840272217,0.0759329579661493,0.7668128734409595,0.5060757094252625,NORMAL
10:01:10,,,step_34,패드_오픈_식각,IDLE,75.0166679452213,17.814797840272217,0.0759329579661493,0.7668128734409595,0.5060757094252625,NORMAL
10:01:15,,,step_34,패드_오픈_식각,IDLE,75.0166679452213,17.814797840272217,0.0759329579661493,0.7668128734409595,0.5060757094252625,NORMAL
10:01:20,,,step_34,패드_오픈_식각,IDLE,75.0166679452213,17.814797840272217,0.0759329579661493,0.7668128734409595,0.5060757094252625,NORMAL
10:01:25,,,step_34,패드_오픈_식각,IDLE,75.0166679452213,17.814797840272217,0.0759329579661493,0.7668128734409595,0.5060757094252625,NORMAL
10:01:30,,,step_34,패드_오픈_식각,IDLE,75.0166679452213,17.814797840272217,0.0759329579661493,0.7668128734409595,0.5060757094252625,NORMAL
10:01:35,,,step_34,패드_오픈_식각,IDLE,75.0166679452213,17.814797840272217,0.0759329579661493,0.7668128734409595,0.5060757094252625,NORMAL
10:01:40,,,step_34,패드_오픈_식각,IDLE,75.0166679452213,17.814797840272217,0.0759329579661493,0.7668128734409595,0.5060757094252625,NORMAL
10:01:45,,,step_34,패드_오픈_식각,IDLE,75.0166679452213,17.814797840272217,0.0759329579661493,0.7668128734409595,0.5060757094252625,NORMAL
10:01:50,,,step_34,패드_오픈_식각,IDLE,75.0166679452213,17.814797840272217,0.0759329579661493,0.7668128734409595,0.5060757094252625,NORMAL
10:01:55,,,step_34,패드_오픈_식각,IDLE,75.0166679452213,17.814797840272217,0.0759329579661493,0.7668128734409595,0.5060757094252625,NORMAL
10:02:00,,,step_34,패드_오픈_식각,IDLE,75.0166679452213,17.814797840272217,0.0759329579661493,0.7668128734409595,0.5060757094252625,NORMAL
10:02:05,,,step_34,패드_오픈_식각,IDLE,75.0166679452213,17.814797840272217,0.0759329579661493,0.7668128734409595,0.5060757094252625,NORMAL
10:02:10,,,step_34,패드_오픈_식각,IDLE,75.0166679452213,17.814797840272217,0.0759329579661493,0.7668128734409595,0.5060757094252625,NORMAL
10:02:15,,,step_34,패드_오픈_식각,IDLE,75.0166679452213,17.814797840272217,0.0759329579661493,0.7668128734409595,0.5060757094252625,NORMAL
10:02:20,,,step_34,패드_오픈_식각,IDLE,75.0166679452213,17.814797840272217,0.0759329579661493,0.7668128734409595,0.5060757094252625,NORMAL
10:02:25,,,step_34,패드_오픈_식각,IDLE,75.0166679452213,17.814797840272217,0.0759329579661493,0.7668128734409595,0.5060757094252625,NORMAL
10:02:30,,,step_34,패드_오픈_식각,IDLE,75.0166679452213,17.814797840272217,0.0759329579661493,0.7668128734409595,0.5060757094252625,NORMAL
10:02:35,,,step_34,패드_오픈_식각,IDLE,75.0166679452213,17.814797840272217,0.0759329579661493,0.7668128734409595,0.5060757094252625,NORMAL
10:02:40,,,step_34,패드_오픈_식각,IDLE,75.0166679452213,17.814797840272217,0.0759329579661493,0.7668128734409595,0.5060757094252625,NORMAL
10:02:45,,,step_34,패드_오픈_식각,IDLE,75.0166679452213,17.814797840272217,0.0759329579661493,0.7668128734409595,0.5060757094252625,NORMAL
10:02:50,,,step_34,패드_오픈_식각,IDLE,75.0166679452213,17.814797840272217,0.0759329579661493,0.7668128734409595,0.5060757094252625,NORMAL
10:02:55,,,step_34,패드_오픈_식각,IDLE,75.0166679452213,17.814797840272217,0.0759329579661493,0.7668128734409595,0.5060757094252625,NORMAL
10:03:00,,,step_34,패드_오픈_식각,IDLE,75.0166679452213,17.814797840272217,0.0759329579661493,0.7668128734409595,0.5060757094252625,NORMAL
10:03:05,,,step_34,패드_오픈_식각,IDLE,75.0166679452213,17.814797840272217,0.0759329579661493,0.7668128734409595,0.5060757094252625,NORMAL
10:03:10,,,step_34,패드_오픈_식각,IDLE,75.0166679452213,17.814797840272217,0.0759329579661493,0.7668128734409595,0.5060757094252625,NORMAL
10:03:15,,,step_34,패드_오픈_식각,IDLE,75.0166679452213,17.814797840272217,0.0759329579661493,0.7668128734409595,0.5060757094252625,NORMAL
10:03:20,,,step_34,패드_오픈_식각,IDLE,75.0166679452213,17.814797840272217,0.0759329579661493,0.7668128734409595,0.5060757094252625,NORMAL
10:03:25,,,step_34,패드_오픈_식각,IDLE,75.0166679452213,17.814797840272217,0.0759329579661493,0.7668128734409595,0.5060757094252625,NORMAL
10:03:30,,,step_34,패드_오픈_식각,IDLE,75.0166679452213,17.814797840272217,0.0759329579661493,0.7668128734409595,0.5060757094252625,NORMAL
10:03:35,,,step_34,패드_오픈_식각,IDLE,75.0166679452213,17.814797840272217,0.0759329579661493,0.7668128734409595,0.5060757094252625,NORMAL
10:03:40,,,step_34,패드_오픈_식각,IDLE,75.0166679452213,17.814797840272217,0.0759329579661493,0.7668128734409595,0.5060757094252625,NORMAL
10:03:45,,,step_34,패드_오픈_식각,IDLE,75.0166679452213,17.814797840272217,0.0759329579661493,0.7668128734409595,0.5060757094252625,NORMAL
10:03:50,,,step_34,패드_오픈_식각,IDLE,75.0166679452213,17.814797840272217,0.0759329579661493,0.7668128734409595,0.5060757094252625,NORMAL
10:03:55,,,step_34,패드_오픈_식각,IDLE,75.0166679452213,17.814797840272217,0.0759329579661493,0.7668128734409595,0.5060757094252625,NORMAL
10:04:00,,,step_34,패드_오픈_식각,IDLE,75.0166679452213,17.814797840272217,0.0759329579661493,0.7668128734409595,0.5060757094252625,NORMAL
10:04:05,,,step_34,패드_오픈_식각,IDLE,75.0166679452213,17.814797840272217,0.0759329579661493,0.7668128734409595,0.5060757094252625,NORMAL
10:04:10,,,step_34,패드_오픈_식각,IDLE,75.0166679452213,17.814797840272217,0.0759329579661493,0.7668128734409595,0.5060757094252625,NORMAL
10:04:15,,,step_34,패드_오픈_식각,IDLE,75.0166679452213,17.814797840272217,0.0759329579661493,0.7668128734409595,0.5060757094252625,NORMAL
10:04:20,,,step_34,패드_오픈_식각,IDLE,75.0166679452213,17.814797840272217,0.0759329579661493,0.7668128734409595,0.5060757094252625,NORMAL
10:04:25,,,step_34,패드_오픈_식각,IDLE,75.0166679452213,17.814797840272217,0.0759329579661493,0.7668128734409595,0.5060757094252625,NORMAL
10:04:30,,,step_34,패드_오픈_식각,IDLE,75.0166679452213,17.814797840272217,0.0759329579661493,0.7668128734409595,0.5060757094252625,NORMAL
10:04:35,,,step_34,패드_오픈_식각,IDLE,75.0166679452213,17.814797840272217,0.0759329579661493,0.7668128734409595,0.5060757094252625,NORMAL
10:04:40,,,step_34,패드_오픈_식각,IDLE,75.0166679452213,17.814797840272217,0.0759329579661493,0.7668128734409595,0.5060757094252625,NORMAL
10:04:45,,,step_34,패드_오픈_식각,IDLE,75.0166679452213,17.814797840272217,0.0759329579661493,0.7668128734409595,0.5060757094252625,NORMAL
10:04:50,,,step_34,패드_오픈_식각,IDLE,75.0166679452213,17.814797840272217,0.0759329579661493,0.7668128734409595,0.5060757094252625,NORMAL
10:04:55,,,step_34,패드_오픈_식각,IDLE,75.0166679452213,17.814797840272217,0.0759329579661493,0.7668128734409595,0.5060757094252625,NORMAL
10:05:00,,,step_34,패드_오픈_식각,IDLE,75.0166679452213,17.814797840272217,0.0759329579661493,0.7668128734409595,0.5060757094252625,NORMAL
10:05:05,,,step_34,패드_오픈_식각,IDLE,75.0166679452213,17.814797840272217,0.0759329579661493,0.7668128734409595,0.5060757094252625,NORMAL
10:05:10,,,step_34,패드_오픈_식각,IDLE,75.0166679452213,17.814797840272217,0.0759329579661493,0.7668128734409595,0.5060757094252625,NORMAL
10:05:15,,,step_34,패드_오픈_식각,IDLE,75.0166679452213,17.814797840272217,0.0759329579661493,0.7668128734409595,0.5060757094252625,NORMAL
10:05:20,,,step_34,패드_오픈_식각,IDLE,75.0166679452213,17.814797840272217,0.0759329579661493,0.7668128734409595,0.5060757094252625,NORMAL
10:05:25,,,step_34,패드_오픈_식각,IDLE,75.0166679452213,17.814797840272217,0.0759329579661493,0.7668128734409595,0.5060757094252625,NORMAL
10:05:30,,,step_34,패드_오픈_식각,IDLE,75.0166679452213,17.814797840272217,0.0759329579661493,0.7668128734409595,0.5060757094252625,NORMAL
10:05:35,,,step_34,패드_오픈_식각,IDLE,75.0166679452213,17.814797840272217,0.0759329579661493,0.7668128734409595,0.5060757094252625,NORMAL
10:05:40,,,step_34,패드_오픈_식각,IDLE,75.0166679452213,17.814797840272217,0.0759329579661493,0.7668128734409595,0.5060757094252625,NORMAL
10:05:45,,,step_34,패드_오픈_식각,IDLE,75.0166679452213,17.814797840272217,0.0759329579661493,0.7668128734409595,0.5060757094252625,NORMAL
10:05:50,,,step_34,패드_오픈_식각,IDLE,75.0166679452213,17.814797840272217,0.0759329579661493,0.7668128734409595,0.5060757094252625,NORMAL
10:05:55,,,step_34,패드_오픈_식각,IDLE,75.0166679452213,17.814797840272217,0.0759329579661493,0.7668128734409595,0.5060757094252625,NORMAL
10:06:00,,,step_34,패드_오픈_식각,IDLE,75.0166679452213,17.814797840272217,0.0759329579661493,0.7668128734409595,0.5060757094252625,NORMAL
10:06:05,,,step_34,패드_오픈_식각,IDLE,75.0166679452213,17.814797840272217,0.0759329579661493,0.7668128734409595,0.5060757094252625,NORMAL
10:06:10,,,step_34,패드_오픈_식각,IDLE,75.0166679452213,17.814797840272217,0.0759329579661493,0.7668128734409595,0.5060757094252625,NORMAL
10:06:15,,,step_34,패드_오픈_식각,IDLE,75.0166679452213,17.814797840272217,0.0759329579661493,0.7668128734409595,0.5060757094252625,NORMAL
10:06:20,,,step_34,패드_오픈_식각,IDLE,75.0166679452213,17.814797840272217,0.0759329579661493,0.7668128734409595,0.5060757094252625,NORMAL
10:06:25,,,step_34,패드_오픈_식각,IDLE,75.0166679452213,17.814797840272217,0.0759329579661493,0.7668128734409595,0.5060757094252625,NORMAL
10:06:30,,,step_34,패드_오픈_식각,IDLE,75.0166679452213,17.814797840272217,0.0759329579661493,0.7668128734409595,0.5060757094252625,NORMAL
10:06:35,,,step_34,패드_오픈_식각,IDLE,75.0166679452213,17.814797840272217,0.0759329579661493,0.7668128734409595,0.5060757094252625,NORMAL
10:06:40,,,step_34,패드_오픈_식각,IDLE,75.0166679452213,17.814797840272217,0.0759329579661493,0.7668128734409595,0.5060757094252625,NORMAL
10:06:45,,,step_34,패드_오픈_식각,IDLE,75.0166679452213,17.814797840272217,0.0759329579661493,0.7668128734409595,0.5060757094252625,NORMAL
10:06:50,,,step_34,패드_오픈_식각,IDLE,75.0166679452213,17.814797840272217,0.0759329579661493,0.7668128734409595,0.5060757094252625,NORMAL
10:06:55,,,step_34,패드_오픈_식각,IDLE,75.0166679452213,17.814797840272217,0.0759329579661493,0.7668128734409595,0.5060757094252625,NORMAL
10:07:00,,,step_34,패드_오픈_식각,IDLE,75.0166679452213,17.814797840272217,0.0759329579661493,0.7668128734409595,0.5060757094252625,NORMAL
10:07:05,,,step_34,패드_오픈_식각,IDLE,75.0166679452213,17.814797840272217,0.0759329579661493,0.7668128734409595,0.5060757094252625,NORMAL
10:07:10,,,step_34,패드_오픈_식각,IDLE,75.0166679452213,17.814797840272217,0.0759329579661493,0.7668128734409595,0.5060757094252625,NORMAL
10:07:15,,,step_34,패드_오픈_식각,IDLE,75.0166679452213,17.814797840272217,0.0759329579661493,0.7668128734409595,0.5060757094252625,NORMAL
10:07:20,,,step_34,패드_오픈_식각,IDLE,75.0166679452213,17.814797840272217,0.0759329579661493,0.7668128734409595,0.5060757094252625,NORMAL
10:07:25,,,step_34,패드_오픈_식각,IDLE,75.0166679452213,17.814797840272217,0.0759329579661493,0.7668128734409595,0.5060757094252625,NORMAL
10:07:30,,,step_34,패드_오픈_식각,IDLE,75.0166679452213,17.814797840272217,0.0759329579661493,0.7668128734409595,0.5060757094252625,NORMAL
10:07:35,,,step_34,패드_오픈_식각,IDLE,75.0166679452213,17.814797840272217,0.0759329579661493,0.7668128734409595,0.5060757094252625,NORMAL
10:07:40,,,step_34,패드_오픈_식각,IDLE,75.0166679452213,17.814797840272217,0.0759329579661493,0.7668128734409595,0.5060757094252625,NORMAL
10:07:45,,,step_34,패드_오픈_식각,IDLE,75.0166679452213,17.814797840272217,0.0759329579661493,0.7668128734409595,0.5060757094252625,NORMAL
10:07:50,,,step_34,패드_오픈_식각,IDLE,75.0166679452213,17.814797840272217,0.0759329579661493,0.7668128734409595,0.5060757094252625,NORMAL
10:07:55,,,step_34,패드_오픈_식각,IDLE,75.0166679452213,17.814797840272217,0.0759329579661493,0.7668128734409595,0.5060757094252625,NORMAL
10:08:00,,,step_34,패드_오픈_식각,IDLE,75.0166679452213,17.814797840272217,0.0759329579661493,0.7668128734409595,0.5060757094252625,NORMAL
10:08:05,,,step_34,패드_오픈_식각,IDLE,75.0166679452213,17.814797840272217,0.0759329579661493,0.7668128734409595,0.5060757094252625,NORMAL
10:08:10,,,step_34,패드_오픈_식각,IDLE,75.0166679452213,17.814797840272217,0.0759329579661493,0.7668128734409595,0.5060757094252625,NORMAL
10:08:15,,,step_34,패드_오픈_식각,IDLE,75.0166679452213,17.814797840272217,0.0759329579661493,0.7668128734409595,0.5060757094252625,NORMAL
10:08:20,,,step_34,패드_오픈_식각,IDLE,75.0166679452213,17.814797840272217,0.0759329579661493,0.7668128734409595,0.5060757094252625,NORMAL
10:08:25,,,step_34,패드_오픈_식각,IDLE,75.0166679452213,17.814797840272217,0.0759329579661493,0.7668128734409595,0.5060757094252625,NORMAL
10:08:30,,,step_34,패드_오픈_식각,IDLE,75.0166679452213,17.814797840272217,0.0759329579661493,0.7668128734409595,0.5060757094252625,NORMAL
10:08:35,,,step_34,패드_오픈_식각,IDLE,75.0166679452213,17.814797840272217,0.0759329579661493,0.7668128734409595,0.5060757094252625,NORMAL
10:08:40,,,step_34,패드_오픈_식각,IDLE,75.0166679452213,17.814797840272217,0.0759329579661493,0.7668128734409595,0.5060757094252625,NORMAL
10:08:45,,,step_34,패드_오픈_식각,IDLE,75.0166679452213,17.814797840272217,0.0759329579661493,0.7668128734409595,0.5060757094252625,NORMAL
10:08:50,,,step_34,패드_오픈_식각,IDLE,75.0166679452213,17.814797840272217,0.0759329579661493,0.7668128734409595,0.5060757094252625,NORMAL
10:08:55,,,step_34,패드_오픈_식각,IDLE,75.0166679452213,17.814797840272217,0.0759329579661493,0.7668128734409595,0.5060757094252625,NORMAL
10:09:00,,,step_34,패드_오픈_식각,IDLE,75.0166679452213,17.814797840272217,0.0759329579661493,0.7668128734409595,0.5060757094252625,NORMAL
10:09:05,,,step_34,패드_오픈_식각,IDLE,75.0166679452213,17.814797840272217,0.0759329579661493,0.7668128734409595,0.5060757094252625,NORMAL
10:09:10,,,step_34,패드_오픈_식각,IDLE,75.0166679452213,17.814797840272217,0.0759329579661493,0.7668128734409595,0.5060757094252625,NORMAL
10:09:15,,,step_34,패드_오픈_식각,IDLE,75.0166679452213,17.814797840272217,0.0759329579661493,0.7668128734409595,0.5060757094252625,NORMAL
10:09:20,,,step_34,패드_오픈_식각,IDLE,75.0166679452213,17.814797840272217,0.0759329579661493,0.7668128734409595,0.5060757094252625,NORMAL
10:09:25,,,step_34,패드_오픈_식각,IDLE,75.0166679452213,17.814797840272217,0.0759329579661493,0.7668128734409595,0.5060757094252625,NORMAL
10:09:30,,,step_34,패드_오픈_식각,IDLE,75.0166679452213,17.814797840272217,0.0759329579661493,0.7668128734409595,0.5060757094252625,NORMAL
10:09:35,,,step_34,패드_오픈_식각,IDLE,75.0166679452213,17.814797840272217,0.0759329579661493,0.7668128734409595,0.5060757094252625,NORMAL
10:09:40,,,step_34,패드_오픈_식각,IDLE,75.0166679452213,17.814797840272217,0.0759329579661493,0.7668128734409595,0.5060757094252625,NORMAL
10:09:45,,,step_34,패드_오픈_식각,IDLE,75.0166679452213,17.814797840272217,0.0759329579661493,0.7668128734409595,0.5060757094252625,NORMAL
10:09:50,,,step_34,패드_오픈_식각,IDLE,75.0166679452213,17.814797840272217,0.0759329579661493,0.7668128734409595,0.5060757094252625,NORMAL
10:09:55,,,step_34,패드_오픈_식각,IDLE,75.0166679452213,17.814797840272217,0.0759329579661493,0.7668128734409595,0.5060757094252625,NORMAL
10:10:00,,,step_34,패드_오픈_식각,IDLE,75.0166679452213,17.814797840272217,0.0759329579661493,0.7668128734409595,0.5060757094252625,NORMAL
10:10:05,,,step_34,패드_오픈_식각,IDLE,75.0166679452213,17.814797840272217,0.0759329579661493,0.7668128734409595,0.5060757094252625,NORMAL
10:10:10,,,step_34,패드_오픈_식각,IDLE,75.0166679452213,17.814797840272217,0.0759329579661493,0.7668128734409595,0.5060757094252625,NORMAL
10:10:15,,,step_34,패드_오픈_식각,IDLE,75.0166679452213,17.814797840272217,0.0759329579661493,0.7668128734409595,0.5060757094252625,NORMAL
10:10:20,,,step_34,패드_오픈_식각,IDLE,75.0166679452213,17.814797840272217,0.0759329579661493,0.7668128734409595,0.5060757094252625,NORMAL
10:10:25,,,step_34,패드_오픈_식각,IDLE,75.0166679452213,17.814797840272217,0.0759329579661493,0.7668128734409595,0.5060757094252625,NORMAL
10:10:30,,,step_34,패드_오픈_식각,IDLE,75.0166679452213,17.814797840272217,0.0759329579661493,0.7668128734409595,0.5060757094252625,NORMAL
10:10:35,,,step_34,패드_오픈_식각,IDLE,75.0166679452213,17.814797840272217,0.0759329579661493,0.7668128734409595,0.5060757094252625,NORMAL
10:10:40,,,step_34,패드_오픈_식각,IDLE,75.0166679452213,17.814797840272217,0.0759329579661493,0.7668128734409595,0.5060757094252625,NORMAL
10:10:45,,,step_34,패드_오픈_식각,IDLE,75.0166679452213,17.814797840272217,0.0759329579661493,0.7668128734409595,0.5060757094252625,NORMAL
10:10:50,,,step_34,패드_오픈_식각,IDLE,75.0166679452213,17.814797840272217,0.0759329579661493,0.7668128734409595,0.5060757094252625,NORMAL
10:10:55,,,step_34,패드_오픈_식각,IDLE,75.0166679452213,17.814797840272217,0.0759329579661493,0.7668128734409595,0.5060757094252625,NORMAL
10:11:00,,,step_34,패드_오픈_식각,IDLE,75.0166679452213,17.814797840272217,0.0759329579661493,0.7668128734409595,0.5060757094252625,NORMAL
10:11:05,,,step_34,패드_오픈_식각,IDLE,75.0166679452213,17.814797840272217,0.0759329579661493,0.7668128734409595,0.5060757094252625,NORMAL
10:11:10,,,step_34,패드_오픈_식각,IDLE,75.0166679452213,17.814797840272217,0.0759329579661493,0.7668128734409595,0.5060757094252625,NORMAL
10:11:15,,,step_34,패드_오픈_식각,IDLE,75.0166679452213,17.814797840272217,0.0759329579661493,0.7668128734409595,0.5060757094252625,NORMAL
10:11:20,,,step_34,패드_오픈_식각,IDLE,75.0166679452213,17.814797840272217,0.0759329579661493,0.7668128734409595,0.5060757094252625,NORMAL
10:11:25,,,step_34,패드_오픈_식각,IDLE,75.0166679452213,17.814797840272217,0.0759329579661493,0.7668128734409595,0.5060757094252625,NORMAL
10:11:30,,,step_34,패드_오픈_식각,IDLE,75.0166679452213,17.814797840272217,0.0759329579661493,0.7668128734409595,0.5060757094252625,NORMAL
10:11:35,,,step_34,패드_오픈_식각,IDLE,75.0166679452213,17.814797840272217,0.0759329579661493,0.7668128734409595,0.5060757094252625,NORMAL
10:11:40,,,step_34,패드_오픈_식각,IDLE,75.0166679452213,17.814797840272217,0.0759329579661493,0.7668128734409595,0.5060757094252625,NORMAL
10:11:45,,,step_34,패드_오픈_식각,IDLE,75.0166679452213,17.814797840272217,0.0759329579661493,0.7668128734409595,0.5060757094252625,NORMAL
10:11:50,,,step_34,패드_오픈_식각,IDLE,75.0166679452213,17.814797840272217,0.0759329579661493,0.7668128734409595,0.5060757094252625,NORMAL
10:11:55,,,step_34,패드_오픈_식각,IDLE,75.0166679452213,17.814797840272217,0.0759329579661493,0.7668128734409595,0.5060757094252625,NORMAL
10:12:00,,,step_34,패드_오픈_식각,IDLE,75.0166679452213,17.814797840272217,0.0759329579661493,0.7668128734409595,0.5060757094252625,NORMAL
10:12:05,,,step_34,패드_오픈_식각,IDLE,75.0166679452213,17.814797840272217,0.0759329579661493,0.7668128734409595,0.5060757094252625,NORMAL
10:12:10,,,step_34,패드_오픈_식각,IDLE,75.0166679452213,17.814797840272217,0.0759329579661493,0.7668128734409595,0.5060757094252625,NORMAL
10:12:15,,,step_34,패드_오픈_식각,IDLE,75.0166679452213,17.814797840272217,0.0759329579661493,0.7668128734409595,0.5060757094252625,NORMAL
10:12:20,,,step_34,패드_오픈_식각,IDLE,75.0166679452213,17.814797840272217,0.0759329579661493,0.7668128734409595,0.5060757094252625,NORMAL
10:12:25,,,step_34,패드_오픈_식각,IDLE,75.0166679452213,17.814797840272217,0.0759329579661493,0.7668128734409595,0.5060757094252625,NORMAL
10:12:30,,,step_34,패드_오픈_식각,IDLE,75.0166679452213,17.814797840272217,0.0759329579661493,0.7668128734409595,0.5060757094252625,NORMAL
10:12:35,,,step_34,패드_오픈_식각,IDLE,75.0166679452213,17.814797840272217,0.0759329579661493,0.7668128734409595,0.5060757094252625,NORMAL
10:12:40,,,step_34,패드_오픈_식각,IDLE,75.0166679452213,17.814797840272217,0.0759329579661493,0.7668128734409595,0.5060757094252625,NORMAL
10:12:45,,,step_34,패드_오픈_식각,IDLE,75.0166679452213,17.814797840272217,0.0759329579661493,0.7668128734409595,0.5060757094252625,NORMAL
10:12:50,,,step_34,패드_오픈_식각,IDLE,75.0166679452213,17.814797840272217,0.0759329579661493,0.7668128734409595,0.5060757094252625,NORMAL
10:12:55,,,step_34,패드_오픈_식각,IDLE,75.0166679452213,17.814797840272217,0.0759329579661493,0.7668128734409595,0.5060757094252625,NORMAL
10:13:00,,,step_34,패드_오픈_식각,IDLE,75.0166679452213,17.814797840272217,0.0759329579661493,0.7668128734409595,0.5060757094252625,NORMAL
10:13:05,,,step_34,패드_오픈_식각,IDLE,75.0166679452213,17.814797840272217,0.0759329579661493,0.7668128734409595,0.5060757094252625,NORMAL
10:13:10,,,step_34,패드_오픈_식각,IDLE,75.0166679452213,17.814797840272217,0.0759329579661493,0.7668128734409595,0.5060757094252625,NORMAL
10:13:15,,,step_34,패드_오픈_식각,IDLE,75.0166679452213,17.814797840272217,0.0759329579661493,0.7668128734409595,0.5060757094252625,NORMAL
10:13:20,,,step_34,패드_오픈_식각,IDLE,75.0166679452213,17.814797840272217,0.0759329579661493,0.7668128734409595,0.5060757094252625,NORMAL
10:13:25,,,step_34,패드_오픈_식각,IDLE,75.0166679452213,17.814797840272217,0.0759329579661493,0.7668128734409595,0.5060757094252625,NORMAL
10:13:30,,,step_34,패드_오픈_식각,IDLE,75.0166679452213,17.814797840272217,0.0759329579661493,0.7668128734409595,0.5060757094252625,NORMAL
10:13:35,,,step_34,패드_오픈_식각,IDLE,75.0166679452213,17.814797840272217,0.0759329579661493,0.7668128734409595,0.5060757094252625,NORMAL
10:13:40,,,step_34,패드_오픈_식각,IDLE,75.0166679452213,17.814797840272217,0.0759329579661493,0.7668128734409595,0.5060757094252625,NORMAL
10:13:45,,,step_34,패드_오픈_식각,IDLE,75.0166679452213,17.814797840272217,0.0759329579661493,0.7668128734409595,0.5060757094252625,NORMAL
10:13:50,,,step_34,패드_오픈_식각,IDLE,75.0166679452213,17.814797840272217,0.0759329579661493,0.7668128734409595,0.5060757094252625,NORMAL
10:13:55,,,step_34,패드_오픈_식각,IDLE,75.0166679452213,17.814797840272217,0.0759329579661493,0.7668128734409595,0.5060757094252625,NORMAL
10:14:00,,,step_34,패드_오픈_식각,IDLE,75.0166679452213,17.814797840272217,0.0759329579661493,0.7668128734409595,0.5060757094252625,NORMAL
10:14:05,,,step_34,패드_오픈_식각,IDLE,75.0166679452213,17.814797840272217,0.0759329579661493,0.7668128734409595,0.5060757094252625,NORMAL
10:14:10,,,step_34,패드_오픈_식각,IDLE,75.0166679452213,17.814797840272217,0.0759329579661493,0.7668128734409595,0.5060757094252625,NORMAL
10:14:15,,,step_34,패드_오픈_식각,IDLE,75.0166679452213,17.814797840272217,0.0759329579661493,0.7668128734409595,0.5060757094252625,NORMAL
10:14:20,,,step_34,패드_오픈_식각,IDLE,75.0166679452213,17.814797840272217,0.0759329579661493,0.7668128734409595,0.5060757094252625,NORMAL
10:14:25,,,step_34,패드_오픈_식각,IDLE,75.0166679452213,17.814797840272217,0.0759329579661493,0.7668128734409595,0.5060757094252625,NORMAL
10:14:30,,,step_34,패드_오픈_식각,IDLE,75.0166679452213,17.814797840272217,0.0759329579661493,0.7668128734409595,0.5060757094252625,NORMAL
10:14:35,,,step_34,패드_오픈_식각,IDLE,75.0166679452213,17.814797840272217,0.0759329579661493,0.7668128734409595,0.5060757094252625,NORMAL
10:14:40,,,step_34,패드_오픈_식각,IDLE,75.0166679452213,17.814797840272217,0.0759329579661493,0.7668128734409595,0.5060757094252625,NORMAL
10:14:45,,,step_34,패드_오픈_식각,IDLE,75.0166679452213,17.814797840272217,0.0759329579661493,0.7668128734409595,0.5060757094252625,NORMAL
10:14:50,,,step_34,패드_오픈_식각,IDLE,75.0166679452213,17.814797840272217,0.0759329579661493,0.7668128734409595,0.5060757094252625,NORMAL
10:14:55,,,step_34,패드_오픈_식각,IDLE,75.0166679452213,17.814797840272217,0.0759329579661493,0.7668128734409595,0.5060757094252625,NORMAL
10:15:00,,,step_34,패드_오픈_식각,IDLE,75.0166679452213,17.814797840272217,0.0759329579661493,0.7668128734409595,0.5060757094252625,NORMAL
10:15:05,,,step_34,패드_오픈_식각,IDLE,75.0166679452213,17.814797840272217,0.0759329579661493,0.7668128734409595,0.5060757094252625,NORMAL
10:15:10,,,step_34,패드_오픈_식각,IDLE,75.0166679452213,17.814797840272217,0.0759329579661493,0.7668128734409595,0.5060757094252625,NORMAL
10:15:15,,,step_34,패드_오픈_식각,IDLE,75.0166679452213,17.814797840272217,0.0759329579661493,0.7668128734409595,0.5060757094252625,NORMAL
10:15:20,,,step_34,패드_오픈_식각,IDLE,75.0166679452213,17.814797840272217,0.0759329579661493,0.7668128734409595,0.5060757094252625,NORMAL
10:15:25,,,step_34,패드_오픈_식각,IDLE,75.0166679452213,17.814797840272217,0.0759329579661493,0.7668128734409595,0.5060757094252625,NORMAL
10:15:30,,,step_34,패드_오픈_식각,IDLE,75.0166679452213,17.814797840272217,0.0759329579661493,0.7668128734409595,0.5060757094252625,NORMAL
10:15:35,,,step_34,패드_오픈_식각,IDLE,75.0166679452213,17.814797840272217,0.0759329579661493,0.7668128734409595,0.5060757094252625,NORMAL
10:15:40,,,step_34,패드_오픈_식각,IDLE,75.0166679452213,17.814797840272217,0.0759329579661493,0.7668128734409595,0.5060757094252625,NORMAL
10:15:45,,,step_34,패드_오픈_식각,IDLE,75.0166679452213,17.814797840272217,0.0759329579661493,0.7668128734409595,0.5060757094252625,NORMAL
10:15:50,,,step_34,패드_오픈_식각,IDLE,75.0166679452213,17.814797840272217,0.0759329579661493,0.7668128734409595,0.5060757094252625,NORMAL
10:15:55,,,step_34,패드_오픈_식각,IDLE,75.0166679452213,17.814797840272217,0.0759329579661493,0.7668128734409595,0.5060757094252625,NORMAL
10:16:00,,,step_34,패드_오픈_식각,IDLE,75.0166679452213,17.814797840272217,0.0759329579661493,0.7668128734409595,0.5060757094252625,NORMAL
10:16:05,,,step_34,패드_오픈_식각,IDLE,75.0166679452213,17.814797840272217,0.0759329579661493,0.7668128734409595,0.5060757094252625,NORMAL
10:16:10,,,step_34,패드_오픈_식각,IDLE,75.0166679452213,17.814797840272217,0.0759329579661493,0.7668128734409595,0.5060757094252625,NORMAL
10:16:15,,,step_34,패드_오픈_식각,IDLE,75.0166679452213,17.814797840272217,0.0759329579661493,0.7668128734409595,0.5060757094252625,NORMAL
10:16:20,,,step_34,패드_오픈_식각,IDLE,75.0166679452213,17.814797840272217,0.0759329579661493,0.7668128734409595,0.5060757094252625,NORMAL
10:16:25,,,step_34,패드_오픈_식각,IDLE,75.0166679452213,17.814797840272217,0.0759329579661493,0.7668128734409595,0.5060757094252625,NORMAL
10:16:30,,,step_34,패드_오픈_식각,IDLE,75.0166679452213,17.814797840272217,0.0759329579661493,0.7668128734409595,0.5060757094252625,NORMAL
10:16:35,,,step_34,패드_오픈_식각,IDLE,75.0166679452213,17.814797840272217,0.0759329579661493,0.7668128734409595,0.5060757094252625,NORMAL
10:16:40,,,step_34,패드_오픈_식각,IDLE,75.0166679452213,17.814797840272217,0.0759329579661493,0.7668128734409595,0.5060757094252625,NORMAL
10:16:45,,,step_34,패드_오픈_식각,IDLE,75.0166679452213,17.814797840272217,0.0759329579661493,0.7668128734409595,0.5060757094252625,NORMAL
10:16:50,,,step_34,패드_오픈_식각,IDLE,75.0166679452213,17.814797840272217,0.0759329579661493,0.7668128734409595,0.5060757094252625,NORMAL
10:16:55,,,step_34,패드_오픈_식각,IDLE,75.0166679452213,17.814797840272217,0.0759329579661493,0.7668128734409595,0.5060757094252625,NORMAL
10:17:00,,,step_34,패드_오픈_식각,IDLE,75.0166679452213,17.814797840272217,0.0759329579661493,0.7668128734409595,0.5060757094252625,NORMAL
10:17:05,,,step_34,패드_오픈_식각,IDLE,75.0166679452213,17.814797840272217,0.0759329579661493,0.7668128734409595,0.5060757094252625,NORMAL
10:17:10,,,step_34,패드_오픈_식각,IDLE,75.0166679452213,17.814797840272217,0.0759329579661493,0.7668128734409595,0.5060757094252625,NORMAL
10:17:15,,,step_34,패드_오픈_식각,IDLE,75.0166679452213,17.814797840272217,0.0759329579661493,0.7668128734409595,0.5060757094252625,NORMAL
10:17:20,,,step_34,패드_오픈_식각,IDLE,75.0166679452213,17.814797840272217,0.0759329579661493,0.7668128734409595,0.5060757094252625,NORMAL
10:17:25,,,step_34,패드_오픈_식각,IDLE,75.0166679452213,17.814797840272217,0.0759329579661493,0.7668128734409595,0.5060757094252625,NORMAL
10:17:30,,,step_34,패드_오픈_식각,IDLE,75.0166679452213,17.814797840272217,0.0759329579661493,0.7668128734409595,0.5060757094252625,NORMAL
10:17:35,,,step_34,패드_오픈_식각,IDLE,75.0166679452213,17.814797840272217,0.0759329579661493,0.7668128734409595,0.5060757094252625,NORMAL
10:17:40,,,step_34,패드_오픈_식각,IDLE,75.0166679452213,17.814797840272217,0.0759329579661493,0.7668128734409595,0.5060757094252625,NORMAL
10:17:45,,,step_34,패드_오픈_식각,IDLE,75.0166679452213,17.814797840272217,0.0759329579661493,0.7668128734409595,0.5060757094252625,NORMAL
10:17:50,,,step_34,패드_오픈_식각,IDLE,75.0166679452213,17.814797840272217,0.0759329579661493,0.7668128734409595,0.5060757094252625,NORMAL
10:17:55,,,step_34,패드_오픈_식각,IDLE,75.0166679452213,17.814797840272217,0.0759329579661493,0.7668128734409595,0.5060757094252625,NORMAL
10:18:00,,,step_34,패드_오픈_식각,IDLE,75.0166679452213,17.814797840272217,0.0759329579661493,0.7668128734409595,0.5060757094252625,NORMAL
10:18:05,,,step_34,패드_오픈_식각,IDLE,75.0166679452213,17.814797840272217,0.0759329579661493,0.7668128734409595,0.5060757094252625,NORMAL
10:18:10,,,step_34,패드_오픈_식각,IDLE,75.0166679452213,17.814797840272217,0.0759329579661493,0.7668128734409595,0.5060757094252625,NORMAL
10:18:15,,,step_34,패드_오픈_식각,IDLE,75.0166679452213,17.814797840272217,0.0759329579661493,0.7668128734409595,0.5060757094252625,NORMAL
10:18:20,,,step_34,패드_오픈_식각,IDLE,75.0166679452213,17.814797840272217,0.0759329579661493,0.7668128734409595,0.5060757094252625,NORMAL
10:18:25,,,step_34,패드_오픈_식각,IDLE,75.0166679452213,17.814797840272217,0.0759329579661493,0.7668128734409595,0.5060757094252625,NORMAL
10:18:30,,,step_34,패드_오픈_식각,IDLE,75.0166679452213,17.814797840272217,0.0759329579661493,0.7668128734409595,0.5060757094252625,NORMAL
10:18:35,,,step_34,패드_오픈_식각,IDLE,75.0166679452213,17.814797840272217,0.0759329579661493,0.7668128734409595,0.5060757094252625,NORMAL
10:18:40,,,step_34,패드_오픈_식각,IDLE,75.0166679452213,17.814797840272217,0.0759329579661493,0.7668128734409595,0.5060757094252625,NORMAL
10:18:45,,,step_34,패드_오픈_식각,IDLE,75.0166679452213,17.814797840272217,0.0759329579661493,0.7668128734409595,0.5060757094252625,NORMAL
10:18:50,,,step_34,패드_오픈_식각,IDLE,75.0166679452213,17.814797840272217,0.0759329579661493,0.7668128734409595,0.5060757094252625,NORMAL
10:18:55,,,step_34,패드_오픈_식각,IDLE,75.0166679452213,17.814797840272217,0.0759329579661493,0.7668128734409595,0.5060757094252625,NORMAL
10:19:00,,,step_34,패드_오픈_식각,IDLE,75.0166679452213,17.814797840272217,0.0759329579661493,0.7668128734409595,0.5060757094252625,NORMAL
10:19:05,,,step_34,패드_오픈_식각,IDLE,75.0166679452213,17.814797840272217,0.0759329579661493,0.7668128734409595,0.5060757094252625,NORMAL
10:19:10,,,step_34,패드_오픈_식각,IDLE,75.0166679452213,17.814797840272217,0.0759329579661493,0.7668128734409595,0.5060757094252625,NORMAL
10:19:15,,,step_34,패드_오픈_식각,IDLE,75.0166679452213,17.814797840272217,0.0759329579661493,0.7668128734409595,0.5060757094252625,NORMAL
10:19:20,,,step_34,패드_오픈_식각,IDLE,75.0166679452213,17.814797840272217,0.0759329579661493,0.7668128734409595,0.5060757094252625,NORMAL
10:19:25,,,step_34,패드_오픈_식각,IDLE,75.0166679452213,17.814797840272217,0.0759329579661493,0.7668128734409595,0.5060757094252625,NORMAL
10:19:30,,,step_34,패드_오픈_식각,IDLE,75.0166679452213,17.814797840272217,0.0759329579661493,0.7668128734409595,0.5060757094252625,NORMAL
10:19:35,,,step_34,패드_오픈_식각,IDLE,75.0166679452213,17.814797840272217,0.0759329579661493,0.7668128734409595,0.5060757094252625,NORMAL
10:19:40,,,step_34,패드_오픈_식각,IDLE,75.0166679452213,17.814797840272217,0.0759329579661493,0.7668128734409595,0.5060757094252625,NORMAL
10:19:45,,,step_34,패드_오픈_식각,IDLE,75.0166679452213,17.814797840272217,0.0759329579661493,0.7668128734409595,0.5060757094252625,NORMAL
10:19:50,,,step_34,패드_오픈_식각,IDLE,75.0166679452213,17.814797840272217,0.0759329579661493,0.7668128734409595,0.5060757094252625,NORMAL
10:19:55,,,step_34,패드_오픈_식각,IDLE,75.0166679452213,17.814797840272217,0.0759329579661493,0.7668128734409595,0.5060757094252625,NORMAL
10:20:00,,,step_34,패드_오픈_식각,IDLE,75.0166679452213,17.814797840272217,0.0759329579661493,0.7668128734409595,0.5060757094252625,NORMAL
10:20:05,,,step_34,패드_오픈_식각,IDLE,75.0166679452213,17.814797840272217,0.0759329579661493,0.7668128734409595,0.5060757094252625,NORMAL
10:20:10,,,step_34,패드_오픈_식각,IDLE,75.0166679452213,17.814797840272217,0.0759329579661493,0.7668128734409595,0.5060757094252625,NORMAL
10:20:15,,,step_34,패드_오픈_식각,IDLE,75.0166679452213,17.814797840272217,0.0759329579661493,0.7668128734409595,0.5060757094252625,NORMAL
10:20:20,,,step_34,패드_오픈_식각,IDLE,75.0166679452213,17.814797840272217,0.0759329579661493,0.7668128734409595,0.5060757094252625,NORMAL
10:20:25,,,step_34,패드_오픈_식각,IDLE,75.0166679452213,17.814797840272217,0.0759329579661493,0.7668128734409595,0.5060757094252625,NORMAL
10:20:30,,,step_34,패드_오픈_식각,IDLE,75.0166679452213,17.814797840272217,0.0759329579661493,0.7668128734409595,0.5060757094252625,NORMAL
10:20:35,,,step_34,패드_오픈_식각,IDLE,75.0166679452213,17.814797840272217,0.0759329579661493,0.7668128734409595,0.5060757094252625,NORMAL
10:20:40,,,step_34,패드_오픈_식각,IDLE,75.0166679452213,17.814797840272217,0.0759329579661493,0.7668128734409595,0.5060757094252625,NORMAL
10:20:45,,,step_34,패드_오픈_식각,IDLE,75.0166679452213,17.814797840272217,0.0759329579661493,0.7668128734409595,0.5060757094252625,NORMAL
10:20:50,,,step_34,패드_오픈_식각,IDLE,75.0166679452213,17.814797840272217,0.0759329579661493,0.7668128734409595,0.5060757094252625,NORMAL
10:20:55,,,step_34,패드_오픈_식각,IDLE,75.0166679452213,17.814797840272217,0.0759329579661493,0.7668128734409595,0.5060757094252625,NORMAL
10:21:00,,,step_34,패드_오픈_식각,IDLE,75.0166679452213,17.814797840272217,0.0759329579661493,0.7668128734409595,0.5060757094252625,NORMAL
10:21:05,,,step_34,패드_오픈_식각,IDLE,75.0166679452213,17.814797840272217,0.0759329579661493,0.7668128734409595,0.5060757094252625,NORMAL
10:21:10,,,step_34,패드_오픈_식각,IDLE,75.0166679452213,17.814797840272217,0.0759329579661493,0.7668128734409595,0.5060757094252625,NORMAL
10:21:15,,,step_34,패드_오픈_식각,IDLE,75.0166679452213,17.814797840272217,0.0759329579661493,0.7668128734409595,0.5060757094252625,NORMAL
10:21:20,,,step_34,패드_오픈_식각,IDLE,75.0166679452213,17.814797840272217,0.0759329579661493,0.7668128734409595,0.5060757094252625,NORMAL
10:21:25,,,step_34,패드_오픈_식각,IDLE,75.0166679452213,17.814797840272217,0.0759329579661493,0.7668128734409595,0.5060757094252625,NORMAL
10:21:30,,,step_34,패드_오픈_식각,IDLE,75.0166679452213,17.814797840272217,0.0759329579661493,0.7668128734409595,0.5060757094252625,NORMAL
10:21:35,,,step_34,패드_오픈_식각,IDLE,75.0166679452213,17.814797840272217,0.0759329579661493,0.7668128734409595,0.5060757094252625,NORMAL
10:21:40,,,step_34,패드_오픈_식각,IDLE,75.0166679452213,17.814797840272217,0.0759329579661493,0.7668128734409595,0.5060757094252625,NORMAL
10:21:45,,,step_34,패드_오픈_식각,IDLE,75.0166679452213,17.814797840272217,0.0759329579661493,0.7668128734409595,0.5060757094252625,NORMAL
10:21:50,,,step_34,패드_오픈_식각,IDLE,75.0166679452213,17.814797840272217,0.0759329579661493,0.7668128734409595,0.5060757094252625,NORMAL
10:21:55,,,step_34,패드_오픈_식각,IDLE,75.0166679452213,17.814797840272217,0.0759329579661493,0.7668128734409595,0.5060757094252625,NORMAL
10:22:00,,,step_34,패드_오픈_식각,IDLE,75.0166679452213,17.814797840272217,0.0759329579661493,0.7668128734409595,0.5060757094252625,NORMAL
10:22:05,,,step_34,패드_오픈_식각,IDLE,75.0166679452213,17.814797840272217,0.0759329579661493,0.7668128734409595,0.5060757094252625,NORMAL
10:22:10,,,step_34,패드_오픈_식각,IDLE,75.0166679452213,17.814797840272217,0.0759329579661493,0.7668128734409595,0.5060757094252625,NORMAL
10:22:15,,,step_34,패드_오픈_식각,IDLE,75.0166679452213,17.814797840272217,0.0759329579661493,0.7668128734409595,0.5060757094252625,NORMAL
10:22:20,,,step_34,패드_오픈_식각,IDLE,75.0166679452213,17.814797840272217,0.0759329579661493,0.7668128734409595,0.5060757094252625,NORMAL
10:22:25,,,step_34,패드_오픈_식각,IDLE,75.0166679452213,17.814797840272217,0.0759329579661493,0.7668128734409595,0.5060757094252625,NORMAL
10:22:30,LOT-20260812-A01,W01,step_34,패드_오픈_식각,IDLE,75.0166679452213,17.814797840272217,0.0759329579661493,0.7668128734409595,0.5060757094252625,NORMAL
10:22:35,LOT-20260812-A01,W02,step_34,패드_오픈_식각,IDLE,74.72452901240415,17.917729700541052,0.0735921080790905,0.7605020646909397,0.4927115276404779,NORMAL
10:22:40,LOT-20260812-A01,W03,step_34,패드_오픈_식각,IDLE,76.2998505744727,17.47241507315551,0.075398538722797,0.7425216390474028,0.4973054775186892,NORMAL
10:22:45,LOT-20260812-A01,W04,step_34,패드_오픈_식각,IDLE,74.23203147610202,17.35909038388326,0.0741482223941105,0.7668128734409595,0.4978015363015551,NORMAL
10:22:50,LOT-20260812-A01,W05,step_34,패드_오픈_식각,IDLE,74.8767452512937,17.917729700541052,0.074069249831475,0.7569008278836573,0.4998455909050629,NORMAL
10:22:55,LOT-20260812-A01,W06,step_34,패드_오픈_식각,IDLE,75.22985910799602,17.78027053733782,0.0742350840759152,0.747903960918108,0.5014604332136895,NORMAL
10:23:00,LOT-20260812-A01,W07,step_34,패드_오픈_식각,IDLE,74.41637232703337,17.503122686721017,0.0749192344311209,0.7296899446051114,0.489225113299453,NORMAL
10:23:05,LOT-20260812-A01,W08,step_34,패드_오픈_식각,IDLE,76.15695161207485,17.662490407427125,0.0754388969295238,0.7534706839358726,0.5031235849254887,NORMAL
10:23:10,LOT-20260812-A01,W09,step_34,패드_오픈_식각,IDLE,76.16927288671582,17.238755956311827,0.0753629792090153,0.7668128734409595,0.496558665988712,NORMAL
10:23:15,LOT-20260812-A01,W10,step_34,패드_오픈_식각,IDLE,74.48494940216655,17.77735470498181,0.0747095178160624,0.7294073674194493,0.5108444298846275,NORMAL
10:23:20,LOT-20260812-A01,W11,step_34,패드_오픈_식각,IDLE,74.64491508321714,17.049992401792117,0.075632267342423,0.7294073674194493,0.5081497902398523,NORMAL
10:23:25,LOT-20260812-A01,W12,step_34,패드_오픈_식각,IDLE,76.28808773627057,17.76766053495997,0.07668674139335,0.7615100902916688,0.513227628303335,NORMAL
10:23:30,LOT-20260812-A01,W13,step_34,패드_오픈_식각,IDLE,75.83716246933031,17.319572282977386,0.0748805887985489,0.753542584640967,0.4906163455230201,NORMAL
10:23:35,LOT-20260812-A01,W14,step_34,패드_오픈_식각,IDLE,74.77839196392918,17.086530349991985,0.075094795773761,0.7600857557374704,0.5128666500119082,NORMAL
10:23:40,LOT-20260812-A01,W15,step_34,패드_오픈_식각,IDLE,75.25886147646551,17.04369410539271,0.0743882700216864,0.7421042110733639,0.5009407453213116,NORMAL
10:23:45,LOT-20260812-A01,W16,step_34,패드_오픈_식각,IDLE,74.16796298359324,17.380961855117178,0.0746080414592327,0.7294073674194493,0.5069018777530653,NORMAL
10:23:50,LOT-20260812-A01,W17,step_34,패드_오픈_식각,IDLE,76.31804296020934,17.67777845644374,0.0762483472653489,0.7375202249762148,0.5067438090845432,NORMAL
10:23:55,LOT-20260812-A01,W18,step_34,패드_오픈_식각,IDLE,75.04371693128684,17.152527034635316,0.0762586582184231,0.7668128734409595,0.5045905499446742,NORMAL
10:24:00,LOT-20260812-A01,W19,step_34,패드_오픈_식각,IDLE,75.35135184152871,17.19110685263942,0.0747989325209291,0.7432261614970826,0.489225113299453,NORMAL
10:24:05,LOT-20260812-A01,W20,step_34,패드_오픈_식각,IDLE,74.43897244069119,17.376444879620333,0.0754902516660877,0.743356069953306,0.5095508062208279,NORMAL
10:24:10,LOT-20260812-A01,W21,step_34,패드_오픈_식각,RAMP,72.27338209368288,18.30755301448557,0.0786818291494363,0.5922360003921047,0.5140671404840588,NORMAL
10:24:15,LOT-20260812-A01,W22,step_34,패드_오픈_식각,RAMP,151.0826190839578,35.93252948584654,0.1482139318449958,1.391731200921278,0.9410765825557698,NORMAL
10:24:20,LOT-20260812-A01,W23,step_34,패드_오픈_식각,RAMP,229.5991177794483,52.63987026570205,0.219776366995222,2.3166100298348176,1.4806527767785598,NORMAL
10:24:25,LOT-20260812-A01,W24,step_34,패드_오픈_식각,RAMP,298.7028517447988,70.98336963349091,0.3027572357990321,2.984434316701778,1.9514767334990364,NORMAL
10:24:30,LOT-20260812-A01,W25,step_34,패드_오픈_식각,RAMP,372.6501528756408,88.18761073541107,0.3785855504645195,3.809472113139332,2.4429517086582484,NORMAL
10:24:35,LOT-20260812-A01,W01,step_34,패드_오픈_식각,RAMP,450.7323141125479,104.58301270423314,0.452997115200569,4.454778037706218,3.0341329697743875,NORMAL
10:24:40,LOT-20260812-A01,W02,step_34,패드_오픈_식각,RAMP,528.929263282332,123.40951211058886,0.5235034047035624,5.1619330777206205,3.4408250591775245,NORMAL
10:24:45,LOT-20260812-A01,W03,step_34,패드_오픈_식각,RAMP,598.4673866540155,138.71582251364146,0.6060924434856361,5.984344585146889,3.9471552681953535,NORMAL
10:24:50,LOT-20260812-A01,W04,step_34,패드_오픈_식각,RAMP,674.4002571160245,157.9864863982101,0.6761370590338139,6.7156228128520326,4.579128918653553,NORMAL
10:24:55,LOT-20260812-A01,W05,step_34,패드_오픈_식각,RAMP,752.0090983949185,173.83398561062424,0.745409641727012,7.450014589433043,4.9820845679340255,NORMAL
10:25:00,LOT-20260812-B02,W01,step_34,패드_오픈_식각,RAMP,827.2665971568294,192.642800539389,0.8186156501622784,8.201579437002946,5.526306431774552,NORMAL
10:25:05,LOT-20260812-B02,W02,step_34,패드_오픈_식각,RAMP,899.3173349634963,211.2185677005298,0.8988112231361807,8.991903713842122,6.044993261382769,NORMAL
10:25:10,LOT-20260812-B02,W03,step_34,패드_오픈_식각,RAMP,977.6319509596798,227.71319817991517,0.97589924612041,9.720505882292288,6.530968544340423,NORMAL
10:25:15,LOT-20260812-B02,W04,step_34,패드_오픈_식각,RAMP,1051.2690440484837,244.98742235025767,1.0488482152677372,10.444063900370264,7.005982913699659,NORMAL
10:25:20,LOT-20260812-B02,W05,step_34,패드_오픈_식각,RAMP,1125.0388587074035,262.7260310994975,1.1329742495953576,11.358282862396996,7.498509436831019,NORMAL
10:25:25,LOT-20260812-B02,W06,step_34,패드_오픈_식각,RAMP,1202.1658954055483,280.6633094920844,1.2016159341049788,12.027477301489911,8.021504253953898,NORMAL
10:25:30,LOT-20260812-B02,W07,step_34,패드_오픈_식각,RAMP,1276.835051485868,299.6340020186586,1.27110740505485,12.759508965246912,8.49101349788889,NORMAL
10:25:35,LOT-20260812-B02,W08,step_34,패드_오픈_식각,RAMP,1347.4871694184649,315.652440670427,1.340918632967205,13.49600727587791,9.027795476954555,NORMAL
10:25:40,LOT-20260812-B02,W09,step_34,패드_오픈_식각,RAMP,1428.5604293937663,331.9974861709677,1.4259400561967992,14.289936879989732,9.48964164322124,NORMAL
10:25:45,LOT-20260812-B02,W10,step_34,패드_오픈_식각,RAMP,1500.8289587183938,349.7913470469769,1.5039558163587765,15.031909406001809,9.994178555911173,NORMAL
10:25:50,LOT-20260812-B02,W11,step_34,패드_오픈_식각,ACTIVE,1504.9522089801258,348.6483100747862,1.511182603251779,14.90691487604129,10.112905607392609,NORMAL
10:25:55,LOT-20260812-B02,W12,step_34,패드_오픈_식각,ACTIVE,1500.1864572190668,348.1411427787337,1.4987855295222934,14.862095688738528,9.971176585040842,NORMAL
10:26:00,LOT-20260812-B02,W13,step_34,패드_오픈_식각,ACTIVE,1500.8915015942828,346.35128575638095,1.510331994628549,14.79533238743514,10.001154483365683,NORMAL
10:26:05,LOT-20260812-B02,W14,step_34,패드_오픈_식각,ACTIVE,1501.435991964507,349.3075968626678,1.4918464341646902,15.161273800039016,10.02583376360793,NORMAL
10:26:10,LOT-20260812-B02,W15,step_34,패드_오픈_식각,ACTIVE,1501.968658219378,347.8933435792002,1.4979365517240837,14.959922105530314,10.029687607418834,NORMAL
10:26:15,LOT-20260812-B02,W16,step_34,패드_오픈_식각,ACTIVE,1505.5015178986002,350.1455799921273,1.4939136152750574,15.053285358435147,10.017571745022869,NORMAL
10:26:20,LOT-20260812-B02,W17,step_34,패드_오픈_식각,ACTIVE,1501.6791889674523,349.2357878729192,1.5047526054525049,15.018185514194004,9.92497659029966,NORMAL
10:26:25,LOT-20260812-B02,W18,step_34,패드_오픈_식각,ACTIVE,1499.899238967189,348.3717173700149,1.492193535720889,15.082130286449546,10.00972260209702,NORMAL
10:26:30,LOT-20260812-B02,W19,step_34,패드_오픈_식각,ACTIVE,1503.634319040219,346.8447419052348,1.5024104977475077,14.994191592319586,10.0145697360381,NORMAL
10:26:35,LOT-20260812-B02,W20,step_34,패드_오픈_식각,ACTIVE,1501.5495083390504,349.4759918189321,1.4925490237714132,14.880482783751368,10.0683976162531,NORMAL
10:26:40,LOT-20260812-B02,W21,step_34,패드_오픈_식각,ACTIVE,1510.6399191631551,347.37142394215124,1.5105466893183084,14.906659486200034,10.04435449162736,NORMAL
10:26:45,LOT-20260812-B02,W22,step_34,패드_오픈_식각,ACTIVE,1501.0491045150427,351.0592427724277,1.4977544637748392,14.968431760109674,10.072351621575052,NORMAL
10:26:50,LOT-20260812-B02,W23,step_34,패드_오픈_식각,ACTIVE,1504.455592198078,350.3823463541425,1.5022677950949148,14.857325692906864,9.9398076765118,NORMAL
10:26:55,LOT-20260812-B02,W24,step_34,패드_오픈_식각,ACTIVE,1503.175495695121,349.65980238417114,1.4892673642636058,14.923110536016743,9.940238776695155,NORMAL
10:27:00,LOT-20260812-B02,W25,step_34,패드_오픈_식각,ACTIVE,1492.6203661875595,352.176120889483,1.4910311867094768,14.892105981582285,10.019685980249957,NORMAL
10:27:05,LOT-20260812-B02,W01,step_34,패드_오픈_식각,ACTIVE,1497.347562195891,350.01473976836326,1.4953596211769085,14.97041819097451,10.067971119150377,NORMAL
10:27:10,LOT-20260812-B02,W02,step_34,패드_오픈_식각,ACTIVE,1115.132996,267.991893,1.923871,21.105593,14.030997,CASCADE_DEFECT
10:27:15,LOT-20260812-B02,W03,step_34,패드_오픈_식각,ACTIVE,1161.856502,255.395719,1.971212,21.129799,13.906606,CASCADE_DEFECT
10:27:20,LOT-20260812-B02,W04,step_34,패드_오픈_식각,ACTIVE,1162.571848,261.470261,1.942302,21.178701,13.977326,CASCADE_DEFECT
10:27:25,LOT-20260812-B02,W05,step_34,패드_오픈_식각,ACTIVE,1162.170182,267.170228,1.935599,21.174194,14.051794,CASCADE_DEFECT
10:27:30,LOT-20260812-B02,W06,step_34,패드_오픈_식각,ACTIVE,1113.915547,266.035519,1.959366,20.691993,13.827325,CASCADE_DEFECT
10:27:35,LOT-20260812-B02,W07,step_34,패드_오픈_식각,ACTIVE,1103.113561,257.223879,1.924936,20.830234,13.898289,CASCADE_DEFECT
10:27:40,LOT-20260812-B02,W08,step_34,패드_오픈_식각,ACTIVE,1128.027372,259.265149,1.963646,20.78425,13.891415,CASCADE_DEFECT
10:27:45,LOT-20260812-B02,W09,step_34,패드_오픈_식각,ACTIVE,1151.973536,270.840613,1.96216,20.639073,14.239323,CASCADE_DEFECT
10:27:50,LOT-20260812-B02,W10,step_34,패드_오픈_식각,ACTIVE,1146.548526,269.673689,1.980964,21.216336,13.821148,CASCADE_DEFECT
10:27:55,LOT-20260812-B02,W11,step_34,패드_오픈_식각,ACTIVE,1152.578247,257.971305,1.964087,21.187491,14.138618,CASCADE_DEFECT
10:28:00,LOT-20260812-C03,W01,step_34,패드_오픈_식각,ACTIVE,1138.338417,262.165074,1.956043,20.768831,13.964896,CASCADE_DEFECT
10:28:05,LOT-20260812-C03,W02,step_34,패드_오픈_식각,ACTIVE,1121.51842,264.686585,1.974218,20.637479,14.015619,CASCADE_DEFECT
10:28:10,LOT-20260812-C03,W03,step_34,패드_오픈_식각,ACTIVE,1108.484584,269.980943,1.943533,21.278568,13.921404,CASCADE_DEFECT
10:28:15,LOT-20260812-C03,W04,step_34,패드_오픈_식각,ACTIVE,1087.800943,267.144056,1.965367,21.114532,13.987021,CASCADE_DEFECT
10:28:20,LOT-20260812-C03,W05,step_34,패드_오픈_식각,ACTIVE,1137.431516,259.869761,1.925175,20.967559,13.866644,CASCADE_DEFECT
10:28:25,LOT-20260812-C03,W06,step_34,패드_오픈_식각,ACTIVE,1119.842095,257.309733,1.937496,21.187388,13.92664,CASCADE_DEFECT
10:28:30,LOT-20260812-C03,W07,step_34,패드_오픈_식각,ACTIVE,1130.965066,263.506263,1.950514,20.824942,14.099135,CASCADE_DEFECT
10:28:35,LOT-20260812-C03,W08,step_34,패드_오픈_식각,ACTIVE,1091.246522,255.346017,1.968439,20.911583,13.819822,CASCADE_DEFECT
10:28:40,LOT-20260812-C03,W09,step_34,패드_오픈_식각,ACTIVE,1151.94614,261.322534,1.921413,21.284385,13.858884,CASCADE_DEFECT
10:28:45,LOT-20260812-C03,W10,step_34,패드_오픈_식각,ACTIVE,1500.1856810952663,349.16227225903816,1.49741437824994,14.896666546063722,10.071571613105814,NORMAL
10:28:50,LOT-20260812-C03,W11,step_34,패드_오픈_식각,ACTIVE,1496.4860913192113,349.2311624895568,1.5087007664960956,15.097739441557168,9.907797088236808,NORMAL
10:28:55,LOT-20260812-C03,W12,step_34,패드_오픈_식각,ACTIVE,1505.570056816902,349.97778053996217,1.498257162495417,14.937415651495606,10.095089455469116,NORMAL
10:29:00,LOT-20260812-C03,W13,step_34,패드_오픈_식각,ACTIVE,1494.6075536186825,349.50157483553494,1.5045857380510468,14.875294555119195,9.927030926838404,NORMAL
10:29:05,LOT-20260812-C03,W14,step_34,패드_오픈_식각,ACTIVE,1497.6373063997385,352.16265928438816,1.507734523541988,14.924385428923523,10.009617460445805,NORMAL
10:29:10,LOT-20260812-C03,W15,step_34,패드_오픈_식각,ACTIVE,1503.1255252343374,351.2123225254021,1.4924650771261638,14.995664640431205,9.949927384793826,NORMAL
10:29:15,LOT-20260812-C03,W16,step_34,패드_오픈_식각,ACTIVE,1498.5649056702691,351.2091678945544,1.4975494643352576,15.080259389604564,9.97670172348342,NORMAL
10:29:20,LOT-20260812-C03,W17,step_34,패드_오픈_식각,ACTIVE,1502.4191035981275,350.3508757977096,1.507228135704236,15.072699163130354,9.941175463279269,NORMAL
10:29:25,LOT-20260812-C03,W18,step_34,패드_오픈_식각,ACTIVE,1506.1818978334677,348.76024128266096,1.4992414404059533,14.93000078946401,10.100531351233624,NORMAL
10:29:30,LOT-20260812-C03,W19,step_34,패드_오픈_식각,ACTIVE,1502.999170567035,351.0441613305052,1.4878884450483385,14.952198828629603,9.991594267429209,NORMAL
10:29:35,LOT-20260812-C03,W20,step_34,패드_오픈_식각,ACTIVE,1495.6727094029577,346.8527261220588,1.4969401813617471,15.189259566388118,10.013535389135228,NORMAL
10:29:40,LOT-20260812-C03,W21,step_34,패드_오픈_식각,ACTIVE,1495.844778365218,350.26108280036607,1.5047667747290725,15.089611607743334,9.935663426920344,NORMAL
10:29:45,LOT-20260812-C03,W22,step_34,패드_오픈_식각,ACTIVE,1499.3253585238722,348.7818216008714,1.5076589585976348,14.977339782816156,9.91509610760396,NORMAL
10:29:50,LOT-20260812-C03,W23,step_34,패드_오픈_식각,ACTIVE,1501.594972071434,348.6663247093452,1.5003050717916888,14.793436280386794,9.97335133160234,NORMAL
10:29:55,LOT-20260812-C03,W24,step_34,패드_오픈_식각,ACTIVE,1504.3420880159904,349.3049987663464,1.50290268964986,14.958705420743806,10.031287604110622,NORMAL
10:30:00,LOT-20260812-C03,W25,step_34,패드_오픈_식각,ACTIVE,1497.1740476906505,349.8740947164976,1.4977856392427842,14.88060425740747,9.992712870915032,NORMAL
10:30:05,LOT-20260812-C03,W01,step_34,패드_오픈_식각,ACTIVE,1498.254345305664,349.96487656680074,1.50541910528123,14.922358675279703,10.058472369784097,NORMAL
10:30:10,LOT-20260812-C03,W02,step_34,패드_오픈_식각,ACTIVE,1499.097659614344,351.1853572291717,1.508551173343259,14.913120136040432,10.007450253442174,NORMAL
10:30:15,LOT-20260812-C03,W03,step_34,패드_오픈_식각,ACTIVE,1499.02542339354,349.7391728299024,1.504609199401527,14.979191265346463,10.000387912966776,NORMAL
10:30:20,LOT-20260812-C03,W04,step_34,패드_오픈_식각,ACTIVE,1505.3843227382822,349.8473996969994,1.4992909995209236,15.006278365491063,10.032106761135552,NORMAL
10:30:25,LOT-20260812-C03,W05,step_34,패드_오픈_식각,ACTIVE,1499.6254307712106,347.90658080564515,1.502604666391449,14.934157724257322,10.006017971888635,NORMAL
10:30:30,LOT-20260812-C03,W06,step_34,패드_오픈_식각,ACTIVE,1500.5509913763224,348.10191781820555,1.505714927406823,14.885006432077136,10.056641752284104,NORMAL
10:30:35,LOT-20260812-C03,W07,step_34,패드_오픈_식각,ACTIVE,1503.2813398888438,350.4306035655687,1.500166210127275,14.983896185944449,10.033312647265996,NORMAL
10:30:40,LOT-20260812-C03,W08,step_34,패드_오픈_식각,ACTIVE,1505.727916381582,350.9460025720987,1.504803174096964,14.955154910060443,10.054657895309406,NORMAL
10:30:45,LOT-20260812-C03,W09,step_34,패드_오픈_식각,ACTIVE,1499.87329482843,349.60929218720463,1.5022218538653829,14.829221472556956,10.042987404948418,NORMAL
10:30:50,,,step_34,패드_오픈_식각,IDLE,1499.87329482843,349.60929218720463,1.5022218538653829,14.829221472556956,10.042987404948418,NORMAL
10:30:55,,,step_34,패드_오픈_식각,IDLE,1499.87329482843,349.60929218720463,1.5022218538653829,14.829221472556956,10.042987404948418,NORMAL
10:31:00,,,step_34,패드_오픈_식각,IDLE,1499.87329482843,349.60929218720463,1.5022218538653829,14.829221472556956,10.042987404948418,NORMAL
10:31:05,,,step_34,패드_오픈_식각,IDLE,1499.87329482843,349.60929218720463,1.5022218538653829,14.829221472556956,10.042987404948418,NORMAL
10:31:10,,,step_34,패드_오픈_식각,IDLE,1499.87329482843,349.60929218720463,1.5022218538653829,14.829221472556956,10.042987404948418,NORMAL
10:31:15,,,step_34,패드_오픈_식각,IDLE,1499.87329482843,349.60929218720463,1.5022218538653829,14.829221472556956,10.042987404948418,NORMAL
10:31:20,,,step_34,패드_오픈_식각,IDLE,1499.87329482843,349.60929218720463,1.5022218538653829,14.829221472556956,10.042987404948418,NORMAL
10:31:25,,,step_34,패드_오픈_식각,IDLE,1499.87329482843,349.60929218720463,1.5022218538653829,14.829221472556956,10.042987404948418,NORMAL
10:31:30,,,step_34,패드_오픈_식각,IDLE,1499.87329482843,349.60929218720463,1.5022218538653829,14.829221472556956,10.042987404948418,NORMAL
10:31:35,,,step_34,패드_오픈_식각,IDLE,1499.87329482843,349.60929218720463,1.5022218538653829,14.829221472556956,10.042987404948418,NORMAL
10:31:40,,,step_34,패드_오픈_식각,IDLE,1499.87329482843,349.60929218720463,1.5022218538653829,14.829221472556956,10.042987404948418,NORMAL
10:31:45,,,step_34,패드_오픈_식각,IDLE,1499.87329482843,349.60929218720463,1.5022218538653829,14.829221472556956,10.042987404948418,NORMAL
10:31:50,,,step_34,패드_오픈_식각,IDLE,1499.87329482843,349.60929218720463,1.5022218538653829,14.829221472556956,10.042987404948418,NORMAL
10:31:55,,,step_34,패드_오픈_식각,IDLE,1499.87329482843,349.60929218720463,1.5022218538653829,14.829221472556956,10.042987404948418,NORMAL
10:32:00,,,step_34,패드_오픈_식각,IDLE,1499.87329482843,349.60929218720463,1.5022218538653829,14.829221472556956,10.042987404948418,NORMAL
10:32:05,,,step_34,패드_오픈_식각,IDLE,1499.87329482843,349.60929218720463,1.5022218538653829,14.829221472556956,10.042987404948418,NORMAL
10:32:10,,,step_34,패드_오픈_식각,IDLE,1499.87329482843,349.60929218720463,1.5022218538653829,14.829221472556956,10.042987404948418,NORMAL
10:32:15,,,step_34,패드_오픈_식각,IDLE,1499.87329482843,349.60929218720463,1.5022218538653829,14.829221472556956,10.042987404948418,NORMAL
10:32:20,,,step_34,패드_오픈_식각,IDLE,1499.87329482843,349.60929218720463,1.5022218538653829,14.829221472556956,10.042987404948418,NORMAL
10:32:25,,,step_34,패드_오픈_식각,IDLE,1499.87329482843,349.60929218720463,1.5022218538653829,14.829221472556956,10.042987404948418,NORMAL
10:32:30,,,step_34,패드_오픈_식각,IDLE,1499.87329482843,349.60929218720463,1.5022218538653829,14.829221472556956,10.042987404948418,NORMAL
10:32:35,,,step_34,패드_오픈_식각,IDLE,1499.87329482843,349.60929218720463,1.5022218538653829,14.829221472556956,10.042987404948418,NORMAL
10:32:40,,,step_34,패드_오픈_식각,IDLE,1499.87329482843,349.60929218720463,1.5022218538653829,14.829221472556956,10.042987404948418,NORMAL
10:32:45,,,step_34,패드_오픈_식각,IDLE,1499.87329482843,349.60929218720463,1.5022218538653829,14.829221472556956,10.042987404948418,NORMAL
10:32:50,,,step_34,패드_오픈_식각,IDLE,1499.87329482843,349.60929218720463,1.5022218538653829,14.829221472556956,10.042987404948418,NORMAL
10:32:55,,,step_34,패드_오픈_식각,IDLE,1499.87329482843,349.60929218720463,1.5022218538653829,14.829221472556956,10.042987404948418,NORMAL
10:33:00,,,step_34,패드_오픈_식각,IDLE,1499.87329482843,349.60929218720463,1.5022218538653829,14.829221472556956,10.042987404948418,NORMAL
10:33:05,,,step_34,패드_오픈_식각,IDLE,1499.87329482843,349.60929218720463,1.5022218538653829,14.829221472556956,10.042987404948418,NORMAL
10:33:10,,,step_34,패드_오픈_식각,IDLE,1499.87329482843,349.60929218720463,1.5022218538653829,14.829221472556956,10.042987404948418,NORMAL
10:33:15,,,step_34,패드_오픈_식각,IDLE,1499.87329482843,349.60929218720463,1.5022218538653829,14.829221472556956,10.042987404948418,NORMAL
