Timestamp,Lot_ID,Wafer_ID,Address,Step_Name,Phase,Source_Power_W,Bias_Power_W,Gas_Ratio_CHF3_Ar,Chamber_Pressure_mTorr,Back_He_Pressure_Torr,Status
09:00:00,,,step_12,더미게이트_식각,IDLE,75.01580477324846,17.7689835306752,0.0768331141483984,0.7538921823462972,0.5124386407312163,NORMAL
09:00:05,,,step_12,더미게이트_식각,IDLE,75.01580477324846,17.7689835306752,0.0768331141483984,0.7538921823462972,0.5124386407312163,NORMAL
09:00:10,,,step_12,더미게이트_식각,IDLE,75.01580477324846,17.7689835306752,0.0768331141483984,0.7538921823462972,0.5124386407312163,NORMAL
09:00:15,,,step_12,더미게이트_식각,IDLE,75.01580477324846,17.7689835306752,0.0768331141483984,0.7538921823462972,0.5124386407312163,NORMAL
09:00:20,,,step_12,더미게이트_식각,IDLE,75.01580477324846,17.7689835306752,0.0768331141483984,0.7538921823462972,0.5124386407312163,NORMAL
09:00:25,,,step_12,더미게이트_식각,IDLE,75.01580477324846,17.7689835306752,0.0768331141483984,0.7538921823462972,0.5124386407312163,NORMAL
09:00:30,,,step_12,더미게이트_식각,IDLE,75.01580477324846,17.7689835306752,0.0768331141483984,0.7538921823462972,0.5124386407312163,NORMAL
09:00:35,,,step_12,더미게이트_식각,IDLE,75.01580477324846,17.7689835306752,0.0768331141483984,0.7538921823462972,0.5124386407312163,NORMAL
09:00:40,,,step_12,더미게이트_식각,IDLE,75.01580477324846,17.7689835306752,0.0768331141483984,0.7538921823462972,0.5124386407312163,NORMAL
09:00:45,,,step_12,더미게이트_식각,IDLE,75.01580477324846,17.7689835306752,0.0768331141483984,0.7538921823462972,0.5124386407312163,NORMAL
09:00:50,,,step_12,더미게이트_식각,IDLE,75.01580477324846,17.7689835306752,0.0768331141483984,0.7538921823462972,0.5124386407312163,NORMAL
09:00:55,,,step_12,더미게이트_식각,IDLE,75.01580477324846,17.7689835306752,0.0768331141483984,0.7538921823462972,0.5124386407312163,NORMAL
09:01:00,,,step_12,더미게이트_식각,IDLE,75.01580477324846,17.7689835306752,0.0768331141483984,0.7538921823462972,0.5124386407312163,NORMAL
09:01:05,,,step_12,더미게이트_식각,IDLE,75.01580477324846,17.7689835306752,0.0768331141483984,0.7538921823462972,0.5124386407312163,NORMAL
09:01:10,,,step_12,더미게이트_식각,IDLE,75.01580477324846,17.7689835306752,0.0768331141483984,0.7538921823462972,0.5124386407312163,NORMAL
09:01:15,,,step_12,더미게이트_식각,IDLE,75.01580477324846,17.7689835306752,0.0768331141483984,0.7538921823462972,0.5124386407312163,NORMAL
09:01:20,,,step_12,더미게이트_식각,IDLE,75.01580477324846,17.7689835306752,0.0768331141483984,0.7538921823462972,0.5124386407312163,NORMAL
09:01:25,,,step_12,더미게이트_식각,IDLE,75.01580477324846,17.7689835306752,0.0768331141483984,0.7538921823462972,0.5124386407312163,NORMAL
09:01:30,,,step_12,더미게이트_식각,IDLE,75.01580477324846,17.7689835306752,0.0768331141483984,0.7538921823462972,0.5124386407312163,NORMAL
09:01:35,,,step_12,더미게이트_식각,IDLE,75.01580477324846,17.7689835306752,0.0768331141483984,0.7538921823462972,0.5124386407312163,NORMAL
09:01:40,,,step_12,더미게이트_식각,IDLE,75.01580477324846,17.7689835306752,0.0768331141483984,0.7538921823462972,0.5124386407312163,NORMAL
09:01:45,,,step_12,더미게이트_식각,IDLE,75.01580477324846,17.7689835306752,0.0768331141483984,0.7538921823462972,0.5124386407312163,NORMAL
09:01:50,,,step_12,더미게이트_식각,IDLE,75.01580477324846,17.7689835306752,0.0768331141483984,0.7538921823462972,0.5124386407312163,NORMAL
09:01:55,,,step_12,더미게이트_식각,IDLE,75.01580477324846,17.7689835306752,0.0768331141483984,0.7538921823462972,0.5124386407312163,NORMAL
09:02:00,,,step_12,더미게이트_식각,IDLE,75.01580477324846,17.7689835306752,0.0768331141483984,0.7538921823462972,0.5124386407312163,NORMAL
09:02:05,,,step_12,더미게이트_식각,IDLE,75.01580477324846,17.7689835306752,0.0768331141483984,0.7538921823462972,0.5124386407312163,NORMAL
09:02:10,,,step_12,더미게이트_식각,IDLE,75.01580477324846,17.7689835306752,0.0768331141483984,0.7538921823462972,0.5124386407312163,NORMAL
09:02:15,,,step_12,더미게이트_식각,IDLE,75.01580477324846,17.7689835306752,0.0768331141483984,0.7538921823462972,0.5124386407312163,NORMAL
09:02:20,,,step_12,더미게이트_식각,IDLE,75.01580477324846,17.7689835306752,0.0768331141483984,0.7538921823462972,0.5124386407312163,NORMAL
09:02:25,,,step_12,더미게이트_식각,IDLE,75.01580477324846,17.7689835306752,0.0768331141483984,0.7538921823462972,0.5124386407312163,NORMAL
09:02:30,,,step_12,더미게이트_식각,IDLE,75.01580477324846,17.7689835306752,0.0768331141483984,0.7538921823462972,0.5124386407312163,NORMAL
09:02:35,,,step_12,더미게이트_식각,IDLE,75.01580477324846,17.7689835306752,0.0768331141483984,0.7538921823462972,0.5124386407312163,NORMAL
09:02:40,,,step_12,더미게이트_식각,IDLE,75.01580477324846,17.7689835306752,0.0768331141483984,0.7538921823462972,0.5124386407312163,NORMAL
09:02:45,,,step_12,더미게이트_식각,IDLE,75.01580477324846,17.7689835306752,0.0768331141483984,0.7538921823462972,0.5124386407312163,NORMAL
09:02:50,,,step_12,더미게이트_식각,IDLE,75.01580477324846,17.7689835306752,0.0768331141483984,0.7538921823462972,0.5124386407312163,NORMAL
09:02:55,,,step_12,더미게이트_식각,IDLE,75.01580477324846,17.7689835306752,0.0768331141483984,0.7538921823462972,0.5124386407312163,NORMAL
09:03:00,,,step_12,더미게이트_식각,IDLE,75.01580477324846,17.7689835306752,0.0768331141483984,0.7538921823462972,0.5124386407312163,NORMAL
09:03:05,,,step_12,더미게이트_식각,IDLE,75.01580477324846,17.7689835306752,0.0768331141483984,0.7538921823462972,0.5124386407312163,NORMAL
09:03:10,,,step_12,더미게이트_식각,IDLE,75.01580477324846,17.7689835306752,0.0768331141483984,0.7538921823462972,0.5124386407312163,NORMAL
09:03:15,,,step_12,더미게이트_식각,IDLE,75.01580477324846,17.7689835306752,0.0768331141483984,0.7538921823462972,0.5124386407312163,NORMAL
09:03:20,,,step_12,더미게이트_식각,IDLE,75.01580477324846,17.7689835306752,0.0768331141483984,0.7538921823462972,0.5124386407312163,NORMAL
09:03:25,,,step_12,더미게이트_식각,IDLE,75.01580477324846,17.7689835306752,0.0768331141483984,0.7538921823462972,0.5124386407312163,NORMAL
09:03:30,,,step_12,더미게이트_식각,IDLE,75.01580477324846,17.7689835306752,0.0768331141483984,0.7538921823462972,0.5124386407312163,NORMAL
09:03:35,,,step_12,더미게이트_식각,IDLE,75.01580477324846,17.7689835306752,0.0768331141483984,0.7538921823462972,0.5124386407312163,NORMAL
09:03:40,,,step_12,더미게이트_식각,IDLE,75.01580477324846,17.7689835306752,0.0768331141483984,0.7538921823462972,0.5124386407312163,NORMAL
09:03:45,,,step_12,더미게이트_식각,IDLE,75.01580477324846,17.7689835306752,0.0768331141483984,0.7538921823462972,0.5124386407312163,NORMAL
09:03:50,,,step_12,더미게이트_식각,IDLE,75.01580477324846,17.7689835306752,0.0768331141483984,0.7538921823462972,0.5124386407312163,NORMAL
09:03:55,,,step_12,더미게이트_식각,IDLE,75.01580477324846,17.7689835306752,0.0768331141483984,0.7538921823462972,0.5124386407312163,NORMAL
09:04:00,,,step_12,더미게이트_식각,IDLE,75.01580477324846,17.7689835306752,0.0768331141483984,0.7538921823462972,0.5124386407312163,NORMAL
09:04:05,,,step_12,더미게이트_식각,IDLE,75.01580477324846,17.7689835306752,0.0768331141483984,0.7538921823462972,0.5124386407312163,NORMAL
09:04:10,,,step_12,더미게이트_식각,IDLE,75.01580477324846,17.7689835306752,0.0768331141483984,0.7538921823462972,0.5124386407312163,NORMAL
09:04:15,,,step_12,더미게이트_식각,IDLE,75.01580477324846,17.7689835306752,0.0768331141483984,0.7538921823462972,0.5124386407312163,NORMAL
09:04:20,,,step_12,더미게이트_식각,IDLE,75.01580477324846,17.7689835306752,0.0768331141483984,0.7538921823462972,0.5124386407312163,NORMAL
09:04:25,,,step_12,더미게이트_식각,IDLE,75.01580477324846,17.7689835306752,0.0768331141483984,0.7538921823462972,0.5124386407312163,NORMAL
09:04:30,,,step_12,더미게이트_식각,IDLE,75.01580477324846,17.7689835306752,0.0768331141483984,0.7538921823462972,0.5124386407312163,NORMAL
09:04:35,,,step_12,더미게이트_식각,IDLE,75.01580477324846,17.7689835306752,0.0768331141483984,0.7538921823462972,0.5124386407312163,NORMAL
09:04:40,,,step_12,더미게이트_식각,IDLE,75.01580477324846,17.7689835306752,0.0768331141483984,0.7538921823462972,0.5124386407312163,NORMAL
09:04:45,,,step_12,더미게이트_식각,IDLE,75.01580477324846,17.7689835306752,0.0768331141483984,0.7538921823462972,0.5124386407312163,NORMAL
09:04:50,,,step_12,더미게이트_식각,IDLE,75.01580477324846,17.7689835306752,0.0768331141483984,0.7538921823462972,0.5124386407312163,NORMAL
09:04:55,,,step_12,더미게이트_식각,IDLE,75.01580477324846,17.7689835306752,0.0768331141483984,0.7538921823462972,0.5124386407312163,NORMAL
09:05:00,,,step_12,더미게이트_식각,IDLE,75.01580477324846,17.7689835306752,0.0768331141483984,0.7538921823462972,0.5124386407312163,NORMAL
09:05:05,,,step_12,더미게이트_식각,IDLE,75.01580477324846,17.7689835306752,0.0768331141483984,0.7538921823462972,0.5124386407312163,NORMAL
09:05:10,,,step_12,더미게이트_식각,IDLE,75.01580477324846,17.7689835306752,0.0768331141483984,0.7538921823462972,0.5124386407312163,NORMAL
09:05:15,,,step_12,더미게이트_식각,IDLE,75.01580477324846,17.7689835306752,0.0768331141483984,0.7538921823462972,0.5124386407312163,NORMAL
09:05:20,,,step_12,더미게이트_식각,IDLE,75.01580477324846,17.7689835306752,0.0768331141483984,0.7538921823462972,0.5124386407312163,NORMAL
09:05:25,,,step_12,더미게이트_식각,IDLE,75.01580477324846,17.7689835306752,0.0768331141483984,0.7538921823462972,0.5124386407312163,NORMAL
09:05:30,,,step_12,더미게이트_식각,IDLE,75.01580477324846,17.7689835306752,0.0768331141483984,0.7538921823462972,0.5124386407312163,NORMAL
09:05:35,,,step_12,더미게이트_식각,IDLE,75.01580477324846,17.7689835306752,0.0768331141483984,0.7538921823462972,0.5124386407312163,NORMAL
09:05:40,,,step_12,더미게이트_식각,IDLE,75.01580477324846,17.7689835306752,0.0768331141483984,0.7538921823462972,0.5124386407312163,NORMAL
09:05:45,,,step_12,더미게이트_식각,IDLE,75.01580477324846,17.7689835306752,0.0768331141483984,0.7538921823462972,0.5124386407312163,NORMAL
09:05:50,,,step_12,더미게이트_식각,IDLE,75.01580477324846,17.7689835306752,0.0768331141483984,0.7538921823462972,0.5124386407312163,NORMAL
09:05:55,,,step_12,더미게이트_식각,IDLE,75.01580477324846,17.7689835306752,0.0768331141483984,0.7538921823462972,0.5124386407312163,NORMAL
09:06:00,,,step_12,더미게이트_식각,IDLE,75.01580477324846,17.7689835306752,0.0768331141483984,0.7538921823462972,0.5124386407312163,NORMAL
09:06:05,,,step_12,더미게이트_식각,IDLE,75.01580477324846,17.7689835306752,0.0768331141483984,0.7538921823462972,0.5124386407312163,NORMAL
09:06:10,,,step_12,더미게이트_식각,IDLE,75.01580477324846,17.7689835306752,0.0768331141483984,0.7538921823462972,0.5124386407312163,NORMAL
09:06:15,,,step_12,더미게이트_식각,IDLE,75.01580477324846,17.7689835306752,0.0768331141483984,0.7538921823462972,0.5124386407312163,NORMAL
09:06:20,,,step_12,더미게이트_식각,IDLE,75.01580477324846,17.7689835306752,0.0768331141483984,0.7538921823462972,0.5124386407312163,NORMAL
09:06:25,,,step_12,더미게이트_식각,IDLE,75.01580477324846,17.7689835306752,0.0768331141483984,0.7538921823462972,0.5124386407312163,NORMAL
09:06:30,,,step_12,더미게이트_식각,IDLE,75.01580477324846,17.7689835306752,0.0768331141483984,0.7538921823462972,0.5124386407312163,NORMAL
09:06:35,,,step_12,더미게이트_식각,IDLE,75.01580477324846,17.7689835306752,0.0768331141483984,0.7538921823462972,0.5124386407312163,NORMAL
09:06:40,,,step_12,더미게이트_식각,IDLE,75.01580477324846,17.7689835306752,0.0768331141483984,0.7538921823462972,0.5124386407312163,NORMAL
09:06:45,,,step_12,더미게이트_식각,IDLE,75.01580477324846,17.7689835306752,0.0768331141483984,0.7538921823462972,0.5124386407312163,NORMAL
09:06:50,,,step_12,더미게이트_식각,IDLE,75.01580477324846,17.7689835306752,0.0768331141483984,0.7538921823462972,0.5124386407312163,NORMAL
09:06:55,,,step_12,더미게이트_식각,IDLE,75.01580477324846,17.7689835306752,0.0768331141483984,0.7538921823462972,0.5124386407312163,NORMAL
09:07:00,,,step_12,더미게이트_식각,IDLE,75.01580477324846,17.7689835306752,0.0768331141483984,0.7538921823462972,0.5124386407312163,NORMAL
09:07:05,,,step_12,더미게이트_식각,IDLE,75.01580477324846,17.7689835306752,0.0768331141483984,0.7538921823462972,0.5124386407312163,NORMAL
09:07:10,,,step_12,더미게이트_식각,IDLE,75.01580477324846,17.7689835306752,0.0768331141483984,0.7538921823462972,0.5124386407312163,NORMAL
09:07:15,,,step_12,더미게이트_식각,IDLE,75.01580477324846,17.7689835306752,0.0768331141483984,0.7538921823462972,0.5124386407312163,NORMAL
09:07:20,,,step_12,더미게이트_식각,IDLE,75.01580477324846,17.7689835306752,0.0768331141483984,0.7538921823462972,0.5124386407312163,NORMAL
09:07:25,,,step_12,더미게이트_식각,IDLE,75.01580477324846,17.7689835306752,0.0768331141483984,0.7538921823462972,0.5124386407312163,NORMAL
09:07:30,,,step_12,더미게이트_식각,IDLE,75.01580477324846,17.7689835306752,0.0768331141483984,0.7538921823462972,0.5124386407312163,NORMAL
09:07:35,,,step_12,더미게이트_식각,IDLE,75.01580477324846,17.7689835306752,0.0768331141483984,0.7538921823462972,0.5124386407312163,NORMAL
09:07:40,,,step_12,더미게이트_식각,IDLE,75.01580477324846,17.7689835306752,0.0768331141483984,0.7538921823462972,0.5124386407312163,NORMAL
09:07:45,,,step_12,더미게이트_식각,IDLE,75.01580477324846,17.7689835306752,0.0768331141483984,0.7538921823462972,0.5124386407312163,NORMAL
09:07:50,,,step_12,더미게이트_식각,IDLE,75.01580477324846,17.7689835306752,0.0768331141483984,0.7538921823462972,0.5124386407312163,NORMAL
09:07:55,,,step_12,더미게이트_식각,IDLE,75.01580477324846,17.7689835306752,0.0768331141483984,0.7538921823462972,0.5124386407312163,NORMAL
09:08:00,,,step_12,더미게이트_식각,IDLE,75.01580477324846,17.7689835306752,0.0768331141483984,0.7538921823462972,0.5124386407312163,NORMAL
09:08:05,,,step_12,더미게이트_식각,IDLE,75.01580477324846,17.7689835306752,0.0768331141483984,0.7538921823462972,0.5124386407312163,NORMAL
09:08:10,,,step_12,더미게이트_식각,IDLE,75.01580477324846,17.7689835306752,0.0768331141483984,0.7538921823462972,0.5124386407312163,NORMAL
09:08:15,,,step_12,더미게이트_식각,IDLE,75.01580477324846,17.7689835306752,0.0768331141483984,0.7538921823462972,0.5124386407312163,NORMAL
09:08:20,,,step_12,더미게이트_식각,IDLE,75.01580477324846,17.7689835306752,0.0768331141483984,0.7538921823462972,0.5124386407312163,NORMAL
09:08:25,,,step_12,더미게이트_식각,IDLE,75.01580477324846,17.7689835306752,0.0768331141483984,0.7538921823462972,0.5124386407312163,NORMAL
09:08:30,,,step_12,더미게이트_식각,IDLE,75.01580477324846,17.7689835306752,0.0768331141483984,0.7538921823462972,0.5124386407312163,NORMAL
09:08:35,,,step_12,더미게이트_식각,IDLE,75.01580477324846,17.7689835306752,0.0768331141483984,0.7538921823462972,0.5124386407312163,NORMAL
09:08:40,,,step_12,더미게이트_식각,IDLE,75.01580477324846,17.7689835306752,0.0768331141483984,0.7538921823462972,0.5124386407312163,NORMAL
09:08:45,,,step_12,더미게이트_식각,IDLE,75.01580477324846,17.7689835306752,0.0768331141483984,0.7538921823462972,0.5124386407312163,NORMAL
09:08:50,,,step_12,더미게이트_식각,IDLE,75.01580477324846,17.7689835306752,0.0768331141483984,0.7538921823462972,0.5124386407312163,NORMAL
09:08:55,,,step_12,더미게이트_식각,IDLE,75.01580477324846,17.7689835306752,0.0768331141483984,0.7538921823462972,0.5124386407312163,NORMAL
09:09:00,,,step_12,더미게이트_식각,IDLE,75.01580477324846,17.7689835306752,0.0768331141483984,0.7538921823462972,0.5124386407312163,NORMAL
09:09:05,,,step_12,더미게이트_식각,IDLE,75.01580477324846,17.7689835306752,0.0768331141483984,0.7538921823462972,0.5124386407312163,NORMAL
09:09:10,,,step_12,더미게이트_식각,IDLE,75.01580477324846,17.7689835306752,0.0768331141483984,0.7538921823462972,0.5124386407312163,NORMAL
09:09:15,,,step_12,더미게이트_식각,IDLE,75.01580477324846,17.7689835306752,0.0768331141483984,0.7538921823462972,0.5124386407312163,NORMAL
09:09:20,,,step_12,더미게이트_식각,IDLE,75.01580477324846,17.7689835306752,0.0768331141483984,0.7538921823462972,0.5124386407312163,NORMAL
09:09:25,,,step_12,더미게이트_식각,IDLE,75.01580477324846,17.7689835306752,0.0768331141483984,0.7538921823462972,0.5124386407312163,NORMAL
09:09:30,,,step_12,더미게이트_식각,IDLE,75.01580477324846,17.7689835306752,0.0768331141483984,0.7538921823462972,0.5124386407312163,NORMAL
09:09:35,,,step_12,더미게이트_식각,IDLE,75.01580477324846,17.7689835306752,0.0768331141483984,0.7538921823462972,0.5124386407312163,NORMAL
09:09:40,,,step_12,더미게이트_식각,IDLE,75.01580477324846,17.7689835306752,0.0768331141483984,0.7538921823462972,0.5124386407312163,NORMAL
09:09:45,,,step_12,더미게이트_식각,IDLE,75.01580477324846,17.7689835306752,0.0768331141483984,0.7538921823462972,0.5124386407312163,NORMAL
09:09:50,,,step_12,더미게이트_식각,IDLE,75.01580477324846,17.7689835306752,0.0768331141483984,0.7538921823462972,0.5124386407312163,NORMAL
09:09:55,,,step_12,더미게이트_식각,IDLE,75.01580477324846,17.7689835306752,0.0768331141483984,0.7538921823462972,0.5124386407312163,NORMAL
09:10:00,,,step_12,더미게이트_식각,IDLE,75.01580477324846,17.7689835306752,0.0768331141483984,0.7538921823462972,0.5124386407312163,NORMAL
09:10:05,,,step_12,더미게이트_식각,IDLE,75.01580477324846,17.7689835306752,0.0768331141483984,0.7538921823462972,0.5124386407312163,NORMAL
09:10:10,,,step_12,더미게이트_식각,IDLE,75.01580477324846,17.7689835306752,0.0768331141483984,0.7538921823462972,0.5124386407312163,NORMAL
09:10:15,,,step_12,더미게이트_식각,IDLE,75.01580477324846,17.7689835306752,0.0768331141483984,0.7538921823462972,0.5124386407312163,NORMAL
09:10:20,,,step_12,더미게이트_식각,IDLE,75.01580477324846,17.7689835306752,0.0768331141483984,0.7538921823462972,0.5124386407312163,NORMAL
09:10:25,,,step_12,더미게이트_식각,IDLE,75.01580477324846,17.7689835306752,0.0768331141483984,0.7538921823462972,0.5124386407312163,NORMAL
09:10:30,,,step_12,더미게이트_식각,IDLE,75.01580477324846,17.7689835306752,0.0768331141483984,0.7538921823462972,0.5124386407312163,NORMAL
09:10:35,,,step_12,더미게이트_식각,IDLE,75.01580477324846,17.7689835306752,0.0768331141483984,0.7538921823462972,0.5124386407312163,NORMAL
09:10:40,,,step_12,더미게이트_식각,IDLE,75.01580477324846,17.7689835306752,0.0768331141483984,0.7538921823462972,0.5124386407312163,NORMAL
09:10:45,,,step_12,더미게이트_식각,IDLE,75.01580477324846,17.7689835306752,0.0768331141483984,0.7538921823462972,0.5124386407312163,NORMAL
09:10:50,,,step_12,더미게이트_식각,IDLE,75.01580477324846,17.7689835306752,0.0768331141483984,0.7538921823462972,0.5124386407312163,NORMAL
09:10:55,,,step_12,더미게이트_식각,IDLE,75.01580477324846,17.7689835306752,0.0768331141483984,0.7538921823462972,0.5124386407312163,NORMAL
09:11:00,,,step_12,더미게이트_식각,IDLE,75.01580477324846,17.7689835306752,0.0768331141483984,0.7538921823462972,0.5124386407312163,NORMAL
09:11:05,,,step_12,더미게이트_식각,IDLE,75.01580477324846,17.7689835306752,0.0768331141483984,0.7538921823462972,0.5124386407312163,NORMAL
09:11:10,,,step_12,더미게이트_식각,IDLE,75.01580477324846,17.7689835306752,0.0768331141483984,0.7538921823462972,0.5124386407312163,NORMAL
09:11:15,,,step_12,더미게이트_식각,IDLE,75.01580477324846,17.7689835306752,0.0768331141483984,0.7538921823462972,0.5124386407312163,NORMAL
09:11:20,,,step_12,더미게이트_식각,IDLE,75.01580477324846,17.7689835306752,0.0768331141483984,0.7538921823462972,0.5124386407312163,NORMAL
09:11:25,,,step_12,더미게이트_식각,IDLE,75.01580477324846,17.7689835306752,0.0768331141483984,0.7538921823462972,0.5124386407312163,NORMAL
09:11:30,,,step_12,더미게이트_식각,IDLE,75.01580477324846,17.7689835306752,0.0768331141483984,0.7538921823462972,0.5124386407312163,NORMAL
09:11:35,,,step_12,더미게이트_식각,IDLE,75.01580477324846,17.7689835306752,0.0768331141483984,0.7538921823462972,0.5124386407312163,NORMAL
09:11:40,,,step_12,더미게이트_식각,IDLE,75.01580477324846,17.7689835306752,0.0768331141483984,0.7538921823462972,0.5124386407312163,NORMAL
09:11:45,,,step_12,더미게이트_식각,IDLE,75.01580477324846,17.7689835306752,0.0768331141483984,0.7538921823462972,0.5124386407312163,NORMAL
09:11:50,,,step_12,더미게이트_식각,IDLE,75.01580477324846,17.7689835306752,0.0768331141483984,0.7538921823462972,0.5124386407312163,NORMAL
09:11:55,,,step_12,더미게이트_식각,IDLE,75.01580477324846,17.7689835306752,0.0768331141483984,0.7538921823462972,0.5124386407312163,NORMAL
09:12:00,,,step_12,더미게이트_식각,IDLE,75.01580477324846,17.7689835306752,0.0768331141483984,0.7538921823462972,0.5124386407312163,NORMAL
09:12:05,,,step_12,더미게이트_식각,IDLE,75.01580477324846,17.7689835306752,0.0768331141483984,0.7538921823462972,0.5124386407312163,NORMAL
09:12:10,,,step_12,더미게이트_식각,IDLE,75.01580477324846,17.7689835306752,0.0768331141483984,0.7538921823462972,0.5124386407312163,NORMAL
09:12:15,,,step_12,더미게이트_식각,IDLE,75.01580477324846,17.7689835306752,0.0768331141483984,0.7538921823462972,0.5124386407312163,NORMAL
09:12:20,,,step_12,더미게이트_식각,IDLE,75.01580477324846,17.7689835306752,0.0768331141483984,0.7538921823462972,0.5124386407312163,NORMAL
09:12:25,,,step_12,더미게이트_식각,IDLE,75.01580477324846,17.7689835306752,0.0768331141483984,0.7538921823462972,0.5124386407312163,NORMAL
09:12:30,,,step_12,더미게이트_식각,IDLE,75.01580477324846,17.7689835306752,0.0768331141483984,0.7538921823462972,0.5124386407312163,NORMAL
09:12:35,,,step_12,더미게이트_식각,IDLE,75.01580477324846,17.7689835306752,0.0768331141483984,0.7538921823462972,0.5124386407312163,NORMAL
09:12:40,,,step_12,더미게이트_식각,IDLE,75.01580477324846,17.7689835306752,0.0768331141483984,0.7538921823462972,0.5124386407312163,NORMAL
09:12:45,,,step_12,더미게이트_식각,IDLE,75.01580477324846,17.7689835306752,0.0768331141483984,0.7538921823462972,0.5124386407312163,NORMAL
09:12:50,,,step_12,더미게이트_식각,IDLE,75.01580477324846,17.7689835306752,0.0768331141483984,0.7538921823462972,0.5124386407312163,NORMAL
09:12:55,,,step_12,더미게이트_식각,IDLE,75.01580477324846,17.7689835306752,0.0768331141483984,0.7538921823462972,0.5124386407312163,NORMAL
09:13:00,,,step_12,더미게이트_식각,IDLE,75.01580477324846,17.7689835306752,0.0768331141483984,0.7538921823462972,0.5124386407312163,NORMAL
09:13:05,,,step_12,더미게이트_식각,IDLE,75.01580477324846,17.7689835306752,0.0768331141483984,0.7538921823462972,0.5124386407312163,NORMAL
09:13:10,,,step_12,더미게이트_식각,IDLE,75.01580477324846,17.7689835306752,0.0768331141483984,0.7538921823462972,0.5124386407312163,NORMAL
09:13:15,,,step_12,더미게이트_식각,IDLE,75.01580477324846,17.7689835306752,0.0768331141483984,0.7538921823462972,0.5124386407312163,NORMAL
09:13:20,,,step_12,더미게이트_식각,IDLE,75.01580477324846,17.7689835306752,0.0768331141483984,0.7538921823462972,0.5124386407312163,NORMAL
09:13:25,,,step_12,더미게이트_식각,IDLE,75.01580477324846,17.7689835306752,0.0768331141483984,0.7538921823462972,0.5124386407312163,NORMAL
09:13:30,,,step_12,더미게이트_식각,IDLE,75.01580477324846,17.7689835306752,0.0768331141483984,0.7538921823462972,0.5124386407312163,NORMAL
09:13:35,,,step_12,더미게이트_식각,IDLE,75.01580477324846,17.7689835306752,0.0768331141483984,0.7538921823462972,0.5124386407312163,NORMAL
09:13:40,,,step_12,더미게이트_식각,IDLE,75.01580477324846,17.7689835306752,0.0768331141483984,0.7538921823462972,0.5124386407312163,NORMAL
09:13:45,,,step_12,더미게이트_식각,IDLE,75.01580477324846,17.7689835306752,0.0768331141483984,0.7538921823462972,0.5124386407312163,NORMAL
09:13:50,,,step_12,더미게이트_식각,IDLE,75.01580477324846,17.7689835306752,0.0768331141483984,0.7538921823462972,0.5124386407312163,NORMAL
09:13:55,,,step_12,더미게이트_식각,IDLE,75.01580477324846,17.7689835306752,0.0768331141483984,0.7538921823462972,0.5124386407312163,NORMAL
09:14:00,,,step_12,더미게이트_식각,IDLE,75.01580477324846,17.7689835306752,0.0768331141483984,0.7538921823462972,0.5124386407312163,NORMAL
09:14:05,,,step_12,더미게이트_식각,IDLE,75.01580477324846,17.7689835306752,0.0768331141483984,0.7538921823462972,0.5124386407312163,NORMAL
09:14:10,,,step_12,더미게이트_식각,IDLE,75.01580477324846,17.7689835306752,0.0768331141483984,0.7538921823462972,0.5124386407312163,NORMAL
09:14:15,,,step_12,더미게이트_식각,IDLE,75.01580477324846,17.7689835306752,0.0768331141483984,0.7538921823462972,0.5124386407312163,NORMAL
09:14:20,,,step_12,더미게이트_식각,IDLE,75.01580477324846,17.7689835306752,0.0768331141483984,0.7538921823462972,0.5124386407312163,NORMAL
09:14:25,,,step_12,더미게이트_식각,IDLE,75.01580477324846,17.7689835306752,0.0768331141483984,0.7538921823462972,0.5124386407312163,NORMAL
09:14:30,,,step_12,더미게이트_식각,IDLE,75.01580477324846,17.7689835306752,0.0768331141483984,0.7538921823462972,0.5124386407312163,NORMAL
09:14:35,,,step_12,더미게이트_식각,IDLE,75.01580477324846,17.7689835306752,0.0768331141483984,0.7538921823462972,0.5124386407312163,NORMAL
09:14:40,,,step_12,더미게이트_식각,IDLE,75.01580477324846,17.7689835306752,0.0768331141483984,0.7538921823462972,0.5124386407312163,NORMAL
09:14:45,,,step_12,더미게이트_식각,IDLE,75.01580477324846,17.7689835306752,0.0768331141483984,0.7538921823462972,0.5124386407312163,NORMAL
09:14:50,,,step_12,더미게이트_식각,IDLE,75.01580477324846,17.7689835306752,0.0768331141483984,0.7538921823462972,0.5124386407312163,NORMAL
09:14:55,,,step_12,더미게이트_식각,IDLE,75.01580477324846,17.7689835306752,0.0768331141483984,0.7538921823462972,0.5124386407312163,NORMAL
09:15:00,,,step_12,더미게이트_식각,IDLE,75.01580477324846,17.7689835306752,0.0768331141483984,0.7538921823462972,0.5124386407312163,NORMAL
09:15:05,,,step_12,더미게이트_식각,IDLE,75.01580477324846,17.7689835306752,0.0768331141483984,0.7538921823462972,0.5124386407312163,NORMAL
09:15:10,,,step_12,더미게이트_식각,IDLE,75.01580477324846,17.7689835306752,0.0768331141483984,0.7538921823462972,0.5124386407312163,NORMAL
09:15:15,,,step_12,더미게이트_식각,IDLE,75.01580477324846,17.7689835306752,0.0768331141483984,0.7538921823462972,0.5124386407312163,NORMAL
09:15:20,,,step_12,더미게이트_식각,IDLE,75.01580477324846,17.7689835306752,0.0768331141483984,0.7538921823462972,0.5124386407312163,NORMAL
09:15:25,,,step_12,더미게이트_식각,IDLE,75.01580477324846,17.7689835306752,0.0768331141483984,0.7538921823462972,0.5124386407312163,NORMAL
09:15:30,,,step_12,더미게이트_식각,IDLE,75.01580477324846,17.7689835306752,0.0768331141483984,0.7538921823462972,0.5124386407312163,NORMAL
09:15:35,,,step_12,더미게이트_식각,IDLE,75.01580477324846,17.7689835306752,0.0768331141483984,0.7538921823462972,0.5124386407312163,NORMAL
09:15:40,,,step_12,더미게이트_식각,IDLE,75.01580477324846,17.7689835306752,0.0768331141483984,0.7538921823462972,0.5124386407312163,NORMAL
09:15:45,,,step_12,더미게이트_식각,IDLE,75.01580477324846,17.7689835306752,0.0768331141483984,0.7538921823462972,0.5124386407312163,NORMAL
09:15:50,,,step_12,더미게이트_식각,IDLE,75.01580477324846,17.7689835306752,0.0768331141483984,0.7538921823462972,0.5124386407312163,NORMAL
09:15:55,,,step_12,더미게이트_식각,IDLE,75.01580477324846,17.7689835306752,0.0768331141483984,0.7538921823462972,0.5124386407312163,NORMAL
09:16:00,,,step_12,더미게이트_식각,IDLE,75.01580477324846,17.7689835306752,0.0768331141483984,0.7538921823462972,0.5124386407312163,NORMAL
09:16:05,,,step_12,더미게이트_식각,IDLE,75.01580477324846,17.7689835306752,0.0768331141483984,0.7538921823462972,0.5124386407312163,NORMAL
09:16:10,,,step_12,더미게이트_식각,IDLE,75.01580477324846,17.7689835306752,0.0768331141483984,0.7538921823462972,0.5124386407312163,NORMAL
09:16:15,,,step_12,더미게이트_식각,IDLE,75.01580477324846,17.7689835306752,0.0768331141483984,0.7538921823462972,0.5124386407312163,NORMAL
09:16:20,,,step_12,더미게이트_식각,IDLE,75.01580477324846,17.7689835306752,0.0768331141483984,0.7538921823462972,0.5124386407312163,NORMAL
09:16:25,,,step_12,더미게이트_식각,IDLE,75.01580477324846,17.7689835306752,0.0768331141483984,0.7538921823462972,0.5124386407312163,NORMAL
09:16:30,,,step_12,더미게이트_식각,IDLE,75.01580477324846,17.7689835306752,0.0768331141483984,0.7538921823462972,0.5124386407312163,NORMAL
09:16:35,,,step_12,더미게이트_식각,IDLE,75.01580477324846,17.7689835306752,0.0768331141483984,0.7538921823462972,0.5124386407312163,NORMAL
09:16:40,,,step_12,더미게이트_식각,IDLE,75.01580477324846,17.7689835306752,0.0768331141483984,0.7538921823462972,0.5124386407312163,NORMAL
09:16:45,,,step_12,더미게이트_식각,IDLE,75.01580477324846,17.7689835306752,0.0768331141483984,0.7538921823462972,0.5124386407312163,NORMAL
09:16:50,,,step_12,더미게이트_식각,IDLE,75.01580477324846,17.7689835306752,0.0768331141483984,0.7538921823462972,0.5124386407312163,NORMAL
09:16:55,,,step_12,더미게이트_식각,IDLE,75.01580477324846,17.7689835306752,0.0768331141483984,0.7538921823462972,0.5124386407312163,NORMAL
09:17:00,,,step_12,더미게이트_식각,IDLE,75.01580477324846,17.7689835306752,0.0768331141483984,0.7538921823462972,0.5124386407312163,NORMAL
09:17:05,,,step_12,더미게이트_식각,IDLE,75.01580477324846,17.7689835306752,0.0768331141483984,0.7538921823462972,0.5124386407312163,NORMAL
09:17:10,,,step_12,더미게이트_식각,IDLE,75.01580477324846,17.7689835306752,0.0768331141483984,0.7538921823462972,0.5124386407312163,NORMAL
09:17:15,,,step_12,더미게이트_식각,IDLE,75.01580477324846,17.7689835306752,0.0768331141483984,0.7538921823462972,0.5124386407312163,NORMAL
09:17:20,,,step_12,더미게이트_식각,IDLE,75.01580477324846,17.7689835306752,0.0768331141483984,0.7538921823462972,0.5124386407312163,NORMAL
09:17:25,,,step_12,더미게이트_식각,IDLE,75.01580477324846,17.7689835306752,0.0768331141483984,0.7538921823462972,0.5124386407312163,NORMAL
09:17:30,,,step_12,더미게이트_식각,IDLE,75.01580477324846,17.7689835306752,0.0768331141483984,0.7538921823462972,0.5124386407312163,NORMAL
09:17:35,,,step_12,더미게이트_식각,IDLE,75.01580477324846,17.7689835306752,0.0768331141483984,0.7538921823462972,0.5124386407312163,NORMAL
09:17:40,,,step_12,더미게이트_식각,IDLE,75.01580477324846,17.7689835306752,0.0768331141483984,0.7538921823462972,0.5124386407312163,NORMAL
09:17:45,,,step_12,더미게이트_식각,IDLE,75.01580477324846,17.7689835306752,0.0768331141483984,0.7538921823462972,0.5124386407312163,NORMAL
09:17:50,,,step_12,더미게이트_식각,IDLE,75.01580477324846,17.7689835306752,0.0768331141483984,0.7538921823462972,0.5124386407312163,NORMAL
09:17:55,,,step_12,더미게이트_식각,IDLE,75.01580477324846,17.7689835306752,0.0768331141483984,0.7538921823462972,0.5124386407312163,NORMAL
09:18:00,,,step_12,더미게이트_식각,IDLE,75.01580477324846,17.7689835306752,0.0768331141483984,0.7538921823462972,0.5124386407312163,NORMAL
09:18:05,,,step_12,더미게이트_식각,IDLE,75.01580477324846,17.7689835306752,0.0768331141483984,0.7538921823462972,0.5124386407312163,NORMAL
09:18:10,,,step_12,더미게이트_식각,IDLE,75.01580477324846,17.7689835306752,0.0768331141483984,0.7538921823462972,0.5124386407312163,NORMAL
09:18:15,,,step_12,더미게이트_식각,IDLE,75.01580477324846,17.7689835306752,0.0768331141483984,0.7538921823462972,0.5124386407312163,NORMAL
09:18:20,,,step_12,더미게이트_식각,IDLE,75.01580477324846,17.7689835306752,0.0768331141483984,0.7538921823462972,0.5124386407312163,NORMAL
09:18:25,,,step_12,더미게이트_식각,IDLE,75.01580477324846,17.7689835306752,0.0768331141483984,0.7538921823462972,0.5124386407312163,NORMAL
09:18:30,,,step_12,더미게이트_식각,IDLE,75.01580477324846,17.7689835306752,0.0768331141483984,0.7538921823462972,0.5124386407312163,NORMAL
09:18:35,,,step_12,더미게이트_식각,IDLE,75.01580477324846,17.7689835306752,0.0768331141483984,0.7538921823462972,0.5124386407312163,NORMAL
09:18:40,,,step_12,더미게이트_식각,IDLE,75.01580477324846,17.7689835306752,0.0768331141483984,0.7538921823462972,0.5124386407312163,NORMAL
09:18:45,,,step_12,더미게이트_식각,IDLE,75.01580477324846,17.7689835306752,0.0768331141483984,0.7538921823462972,0.5124386407312163,NORMAL
09:18:50,,,step_12,더미게이트_식각,IDLE,75.01580477324846,17.7689835306752,0.0768331141483984,0.7538921823462972,0.5124386407312163,NORMAL
09:18:55,,,step_12,더미게이트_식각,IDLE,75.01580477324846,17.7689835306752,0.0768331141483984,0.7538921823462972,0.5124386407312163,NORMAL
09:19:00,,,step_12,더미게이트_식각,IDLE,75.01580477324846,17.7689835306752,0.0768331141483984,0.7538921823462972,0.5124386407312163,NORMAL
09:19:05,,,step_12,더미게이트_식각,IDLE,75.01580477324846,17.7689835306752,0.0768331141483984,0.7538921823462972,0.5124386407312163,NORMAL
09:19:10,,,step_12,더미게이트_식각,IDLE,75.01580477324846,17.7689835306752,0.0768331141483984,0.7538921823462972,0.5124386407312163,NORMAL
09:19:15,,,step_12,더미게이트_식각,IDLE,75.01580477324846,17.7689835306752,0.0768331141483984,0.7538921823462972,0.5124386407312163,NORMAL
09:19:20,,,step_12,더미게이트_식각,IDLE,75.01580477324846,17.7689835306752,0.0768331141483984,0.7538921823462972,0.5124386407312163,NORMAL
09:19:25,,,step_12,더미게이트_식각,IDLE,75.01580477324846,17.7689835306752,0.0768331141483984,0.7538921823462972,0.5124386407312163,NORMAL
09:19:30,,,step_12,더미게이트_식각,IDLE,75.01580477324846,17.7689835306752,0.0768331141483984,0.7538921823462972,0.5124386407312163,NORMAL
09:19:35,,,step_12,더미게이트_식각,IDLE,75.01580477324846,17.7689835306752,0.0768331141483984,0.7538921823462972,0.5124386407312163,NORMAL
09:19:40,,,step_12,더미게이트_식각,IDLE,75.01580477324846,17.7689835306752,0.0768331141483984,0.7538921823462972,0.5124386407312163,NORMAL
09:19:45,,,step_12,더미게이트_식각,IDLE,75.01580477324846,17.7689835306752,0.0768331141483984,0.7538921823462972,0.5124386407312163,NORMAL
09:19:50,,,step_12,더미게이트_식각,IDLE,75.01580477324846,17.7689835306752,0.0768331141483984,0.7538921823462972,0.5124386407312163,NORMAL
09:19:55,,,step_12,더미게이트_식각,IDLE,75.01580477324846,17.7689835306752,0.0768331141483984,0.7538921823462972,0.5124386407312163,NORMAL
09:20:00,,,step_12,더미게이트_식각,IDLE,75.01580477324846,17.7689835306752,0.0768331141483984,0.7538921823462972,0.5124386407312163,NORMAL
09:20:05,,,step_12,더미게이트_식각,IDLE,75.01580477324846,17.7689835306752,0.0768331141483984,0.7538921823462972,0.5124386407312163,NORMAL
09:20:10,,,step_12,더미게이트_식각,IDLE,75.01580477324846,17.7689835306752,0.0768331141483984,0.7538921823462972,0.5124386407312163,NORMAL
09:20:15,,,step_12,더미게이트_식각,IDLE,75.01580477324846,17.7689835306752,0.0768331141483984,0.7538921823462972,0.5124386407312163,NORMAL
09:20:20,,,step_12,더미게이트_식각,IDLE,75.01580477324846,17.7689835306752,0.0768331141483984,0.7538921823462972,0.5124386407312163,NORMAL
09:20:25,,,step_12,더미게이트_식각,IDLE,75.01580477324846,17.7689835306752,0.0768331141483984,0.7538921823462972,0.5124386407312163,NORMAL
09:20:30,,,step_12,더미게이트_식각,IDLE,75.01580477324846,17.7689835306752,0.0768331141483984,0.7538921823462972,0.5124386407312163,NORMAL
09:20:35,,,step_12,더미게이트_식각,IDLE,75.01580477324846,17.7689835306752,0.0768331141483984,0.7538921823462972,0.5124386407312163,NORMAL
09:20:40,,,step_12,더미게이트_식각,IDLE,75.01580477324846,17.7689835306752,0.0768331141483984,0.7538921823462972,0.5124386407312163,NORMAL
09:20:45,,,step_12,더미게이트_식각,IDLE,75.01580477324846,17.7689835306752,0.0768331141483984,0.7538921823462972,0.5124386407312163,NORMAL
09:20:50,,,step_12,더미게이트_식각,IDLE,75.01580477324846,17.7689835306752,0.0768331141483984,0.7538921823462972,0.5124386407312163,NORMAL
09:20:55,,,step_12,더미게이트_식각,IDLE,75.01580477324846,17.7689835306752,0.0768331141483984,0.7538921823462972,0.5124386407312163,NORMAL
09:21:00,,,step_12,더미게이트_식각,IDLE,75.01580477324846,17.7689835306752,0.0768331141483984,0.7538921823462972,0.5124386407312163,NORMAL
09:21:05,,,step_12,더미게이트_식각,IDLE,75.01580477324846,17.7689835306752,0.0768331141483984,0.7538921823462972,0.5124386407312163,NORMAL
09:21:10,,,step_12,더미게이트_식각,IDLE,75.01580477324846,17.7689835306752,0.0768331141483984,0.7538921823462972,0.5124386407312163,NORMAL
09:21:15,,,step_12,더미게이트_식각,IDLE,75.01580477324846,17.7689835306752,0.0768331141483984,0.7538921823462972,0.5124386407312163,NORMAL
09:21:20,,,step_12,더미게이트_식각,IDLE,75.01580477324846,17.7689835306752,0.0768331141483984,0.7538921823462972,0.5124386407312163,NORMAL
09:21:25,,,step_12,더미게이트_식각,IDLE,75.01580477324846,17.7689835306752,0.0768331141483984,0.7538921823462972,0.5124386407312163,NORMAL
09:21:30,,,step_12,더미게이트_식각,IDLE,75.01580477324846,17.7689835306752,0.0768331141483984,0.7538921823462972,0.5124386407312163,NORMAL
09:21:35,,,step_12,더미게이트_식각,IDLE,75.01580477324846,17.7689835306752,0.0768331141483984,0.7538921823462972,0.5124386407312163,NORMAL
09:21:40,,,step_12,더미게이트_식각,IDLE,75.01580477324846,17.7689835306752,0.0768331141483984,0.7538921823462972,0.5124386407312163,NORMAL
09:21:45,,,step_12,더미게이트_식각,IDLE,75.01580477324846,17.7689835306752,0.0768331141483984,0.7538921823462972,0.5124386407312163,NORMAL
09:21:50,,,step_12,더미게이트_식각,IDLE,75.01580477324846,17.7689835306752,0.0768331141483984,0.7538921823462972,0.5124386407312163,NORMAL
09:21:55,,,step_12,더미게이트_식각,IDLE,75.01580477324846,17.7689835306752,0.0768331141483984,0.7538921823462972,0.5124386407312163,NORMAL
09:22:00,,,step_12,더미게이트_식각,IDLE,75.01580477324846,17.7689835306752,0.0768331141483984,0.7538921823462972,0.5124386407312163,NORMAL
09:22:05,,,step_12,더미게이트_식각,IDLE,75.01580477324846,17.7689835306752,0.0768331141483984,0.7538921823462972,0.5124386407312163,NORMAL
09:22:10,,,step_12,더미게이트_식각,IDLE,75.01580477324846,17.7689835306752,0.0768331141483984,0.7538921823462972,0.5124386407312163,NORMAL
09:22:15,,,step_12,더미게이트_식각,IDLE,75.01580477324846,17.7689835306752,0.0768331141483984,0.7538921823462972,0.5124386407312163,NORMAL
09:22:20,,,step_12,더미게이트_식각,IDLE,75.01580477324846,17.7689835306752,0.0768331141483984,0.7538921823462972,0.5124386407312163,NORMAL
09:22:25,,,step_12,더미게이트_식각,IDLE,75.01580477324846,17.7689835306752,0.0768331141483984,0.7538921823462972,0.5124386407312163,NORMAL
09:22:30,,,step_12,더미게이트_식각,IDLE,75.01580477324846,17.7689835306752,0.0768331141483984,0.7538921823462972,0.5124386407312163,NORMAL
09:22:35,,,step_12,더미게이트_식각,IDLE,75.01580477324846,17.7689835306752,0.0768331141483984,0.7538921823462972,0.5124386407312163,NORMAL
09:22:40,,,step_12,더미게이트_식각,IDLE,75.01580477324846,17.7689835306752,0.0768331141483984,0.7538921823462972,0.5124386407312163,NORMAL
09:22:45,,,step_12,더미게이트_식각,IDLE,75.01580477324846,17.7689835306752,0.0768331141483984,0.7538921823462972,0.5124386407312163,NORMAL
09:22:50,,,step_12,더미게이트_식각,IDLE,75.01580477324846,17.7689835306752,0.0768331141483984,0.7538921823462972,0.5124386407312163,NORMAL
09:22:55,,,step_12,더미게이트_식각,IDLE,75.01580477324846,17.7689835306752,0.0768331141483984,0.7538921823462972,0.5124386407312163,NORMAL
09:23:00,,,step_12,더미게이트_식각,IDLE,75.01580477324846,17.7689835306752,0.0768331141483984,0.7538921823462972,0.5124386407312163,NORMAL
09:23:05,,,step_12,더미게이트_식각,IDLE,75.01580477324846,17.7689835306752,0.0768331141483984,0.7538921823462972,0.5124386407312163,NORMAL
09:23:10,,,step_12,더미게이트_식각,IDLE,75.01580477324846,17.7689835306752,0.0768331141483984,0.7538921823462972,0.5124386407312163,NORMAL
09:23:15,,,step_12,더미게이트_식각,IDLE,75.01580477324846,17.7689835306752,0.0768331141483984,0.7538921823462972,0.5124386407312163,NORMAL
09:23:20,,,step_12,더미게이트_식각,IDLE,75.01580477324846,17.7689835306752,0.0768331141483984,0.7538921823462972,0.5124386407312163,NORMAL
09:23:25,,,step_12,더미게이트_식각,IDLE,75.01580477324846,17.7689835306752,0.0768331141483984,0.7538921823462972,0.5124386407312163,NORMAL
09:23:30,,,step_12,더미게이트_식각,IDLE,75.01580477324846,17.7689835306752,0.0768331141483984,0.7538921823462972,0.5124386407312163,NORMAL
09:23:35,,,step_12,더미게이트_식각,IDLE,75.01580477324846,17.7689835306752,0.0768331141483984,0.7538921823462972,0.5124386407312163,NORMAL
09:23:40,,,step_12,더미게이트_식각,IDLE,75.01580477324846,17.7689835306752,0.0768331141483984,0.7538921823462972,0.5124386407312163,NORMAL
09:23:45,,,step_12,더미게이트_식각,IDLE,75.01580477324846,17.7689835306752,0.0768331141483984,0.7538921823462972,0.5124386407312163,NORMAL
09:23:50,,,step_12,더미게이트_식각,IDLE,75.01580477324846,17.7689835306752,0.0768331141483984,0.7538921823462972,0.5124386407312163,NORMAL
09:23:55,,,step_12,더미게이트_식각,IDLE,75.01580477324846,17.7689835306752,0.0768331141483984,0.7538921823462972,0.5124386407312163,NORMAL
09:24:00,,,step_12,더미게이트_식각,IDLE,75.01580477324846,17.7689835306752,0.0768331141483984,0.7538921823462972,0.5124386407312163,NORMAL
09:24:05,,,step_12,더미게이트_식각,IDLE,75.01580477324846,17.7689835306752,0.0768331141483984,0.7538921823462972,0.5124386407312163,NORMAL
09:24:10,,,step_12,더미게이트_식각,IDLE,75.01580477324846,17.7689835306752,0.0768331141483984,0.7538921823462972,0.5124386407312163,NORMAL
09:24:15,,,step_12,더미게이트_식각,IDLE,75.01580477324846,17.7689835306752,0.0768331141483984,0.7538921823462972,0.5124386407312163,NORMAL
09:24:20,,,step_12,더미게이트_식각,IDLE,75.01580477324846,17.7689835306752,0.0768331141483984,0.7538921823462972,0.5124386407312163,NORMAL
09:24:25,,,step_12,더미게이트_식각,IDLE,75.01580477324846,17.7689835306752,0.0768331141483984,0.7538921823462972,0.5124386407312163,NORMAL
09:24:30,,,step_12,더미게이트_식각,IDLE,75.01580477324846,17.7689835306752,0.0768331141483984,0.7538921823462972,0.5124386407312163,NORMAL
09:24:35,,,step_12,더미게이트_식각,IDLE,75.01580477324846,17.7689835306752,0.0768331141483984,0.7538921823462972,0.5124386407312163,NORMAL
09:24:40,,,step_12,더미게이트_식각,IDLE,75.01580477324846,17.7689835306752,0.0768331141483984,0.7538921823462972,0.5124386407312163,NORMAL
09:24:45,,,step_12,더미게이트_식각,IDLE,75.01580477324846,17.7689835306752,0.0768331141483984,0.7538921823462972,0.5124386407312163,NORMAL
09:24:50,,,step_12,더미게이트_식각,IDLE,75.01580477324846,17.7689835306752,0.0768331141483984,0.7538921823462972,0.5124386407312163,NORMAL
09:24:55,,,step_12,더미게이트_식각,IDLE,75.01580477324846,17.7689835306752,0.0768331141483984,0.7538921823462972,0.5124386407312163,NORMAL
09:25:00,,,step_12,더미게이트_식각,IDLE,75.01580477324846,17.7689835306752,0.0768331141483984,0.7538921823462972,0.5124386407312163,NORMAL
09:25:05,,,step_12,더미게이트_식각,IDLE,75.01580477324846,17.7689835306752,0.0768331141483984,0.7538921823462972,0.5124386407312163,NORMAL
09:25:10,,,step_12,더미게이트_식각,IDLE,75.01580477324846,17.7689835306752,0.0768331141483984,0.7538921823462972,0.5124386407312163,NORMAL
09:25:15,,,step_12,더미게이트_식각,IDLE,75.01580477324846,17.7689835306752,0.0768331141483984,0.7538921823462972,0.5124386407312163,NORMAL
09:25:20,,,step_12,더미게이트_식각,IDLE,75.01580477324846,17.7689835306752,0.0768331141483984,0.7538921823462972,0.5124386407312163,NORMAL
09:25:25,,,step_12,더미게이트_식각,IDLE,75.01580477324846,17.7689835306752,0.0768331141483984,0.7538921823462972,0.5124386407312163,NORMAL
09:25:30,,,step_12,더미게이트_식각,IDLE,75.01580477324846,17.7689835306752,0.0768331141483984,0.7538921823462972,0.5124386407312163,NORMAL
09:25:35,,,step_12,더미게이트_식각,IDLE,75.01580477324846,17.7689835306752,0.0768331141483984,0.7538921823462972,0.5124386407312163,NORMAL
09:25:40,,,step_12,더미게이트_식각,IDLE,75.01580477324846,17.7689835306752,0.0768331141483984,0.7538921823462972,0.5124386407312163,NORMAL
09:25:45,,,step_12,더미게이트_식각,IDLE,75.01580477324846,17.7689835306752,0.0768331141483984,0.7538921823462972,0.5124386407312163,NORMAL
09:25:50,,,step_12,더미게이트_식각,IDLE,75.01580477324846,17.7689835306752,0.0768331141483984,0.7538921823462972,0.5124386407312163,NORMAL
09:25:55,,,step_12,더미게이트_식각,IDLE,75.01580477324846,17.7689835306752,0.0768331141483984,0.7538921823462972,0.5124386407312163,NORMAL
09:26:00,,,step_12,더미게이트_식각,IDLE,75.01580477324846,17.7689835306752,0.0768331141483984,0.7538921823462972,0.5124386407312163,NORMAL
09:26:05,,,step_12,더미게이트_식각,IDLE,75.01580477324846,17.7689835306752,0.0768331141483984,0.7538921823462972,0.5124386407312163,NORMAL
09:26:10,,,step_12,더미게이트_식각,IDLE,75.01580477324846,17.7689835306752,0.0768331141483984,0.7538921823462972,0.5124386407312163,NORMAL
09:26:15,,,step_12,더미게이트_식각,IDLE,75.01580477324846,17.7689835306752,0.0768331141483984,0.7538921823462972,0.5124386407312163,NORMAL
09:26:20,,,step_12,더미게이트_식각,IDLE,75.01580477324846,17.7689835306752,0.0768331141483984,0.7538921823462972,0.5124386407312163,NORMAL
09:26:25,,,step_12,더미게이트_식각,IDLE,75.01580477324846,17.7689835306752,0.0768331141483984,0.7538921823462972,0.5124386407312163,NORMAL
09:26:30,,,step_12,더미게이트_식각,IDLE,75.01580477324846,17.7689835306752,0.0768331141483984,0.7538921823462972,0.5124386407312163,NORMAL
09:26:35,,,step_12,더미게이트_식각,IDLE,75.01580477324846,17.7689835306752,0.0768331141483984,0.7538921823462972,0.5124386407312163,NORMAL
09:26:40,,,step_12,더미게이트_식각,IDLE,75.01580477324846,17.7689835306752,0.0768331141483984,0.7538921823462972,0.5124386407312163,NORMAL
09:26:45,,,step_12,더미게이트_식각,IDLE,75.01580477324846,17.7689835306752,0.0768331141483984,0.7538921823462972,0.5124386407312163,NORMAL
09:26:50,,,step_12,더미게이트_식각,IDLE,75.01580477324846,17.7689835306752,0.0768331141483984,0.7538921823462972,0.5124386407312163,NORMAL
09:26:55,,,step_12,더미게이트_식각,IDLE,75.01580477324846,17.7689835306752,0.0768331141483984,0.7538921823462972,0.5124386407312163,NORMAL
09:27:00,,,step_12,더미게이트_식각,IDLE,75.01580477324846,17.7689835306752,0.0768331141483984,0.7538921823462972,0.5124386407312163,NORMAL
09:27:05,,,step_12,더미게이트_식각,IDLE,75.01580477324846,17.7689835306752,0.0768331141483984,0.7538921823462972,0.5124386407312163,NORMAL
09:27:10,,,step_12,더미게이트_식각,IDLE,75.01580477324846,17.7689835306752,0.0768331141483984,0.7538921823462972,0.5124386407312163,NORMAL
09:27:15,,,step_12,더미게이트_식각,IDLE,75.01580477324846,17.7689835306752,0.0768331141483984,0.7538921823462972,0.5124386407312163,NORMAL
09:27:20,,,step_12,더미게이트_식각,IDLE,75.01580477324846,17.7689835306752,0.0768331141483984,0.7538921823462972,0.5124386407312163,NORMAL
09:27:25,,,step_12,더미게이트_식각,IDLE,75.01580477324846,17.7689835306752,0.0768331141483984,0.7538921823462972,0.5124386407312163,NORMAL
09:27:30,LOT-20260812-A01,W01,step_12,더미게이트_식각,IDLE,75.01580477324846,17.7689835306752,0.0768331141483984,0.7538921823462972,0.5124386407312163,NORMAL
09:27:35,LOT-20260812-A01,W02,step_12,더미게이트_식각,IDLE,75.11308739465369,17.536439659831913,0.0735209107119024,0.7502819428797823,0.4984407390251709,NORMAL
09:27:40,LOT-20260812-A01,W03,step_12,더미게이트_식각,IDLE,75.30259140933873,17.627888882130502,0.0738901605107301,0.7371670099514157,0.4874416338662788,NORMAL
09:27:45,LOT-20260812-A01,W04,step_12,더미게이트_식각,IDLE,75.23149289185933,17.591357960706176,0.0739962121845363,0.7676930740141161,0.495195797805965,NORMAL
09:27:50,LOT-20260812-A01,W05,step_12,더미게이트_식각,IDLE,74.93377009161237,17.469628223639898,0.0740560593566675,0.7577591314104196,0.5037912363306923,NORMAL
09:27:55,LOT-20260812-A01,W06,step_12,더미게이트_식각,IDLE,75.02920082589765,17.284999381219425,0.0753234523642604,0.7594385727044286,0.4946729891244502,NORMAL
09:28:00,LOT-20260812-A01,W07,step_12,더미게이트_식각,IDLE,74.1574101499823,17.479465834111487,0.0744331965479041,0.7423870298471135,0.5002002974882435,NORMAL
09:28:05,LOT-20260812-A01,W08,step_12,더미게이트_식각,IDLE,74.64976761258634,17.746690404370707,0.0769788995037176,0.762511508578651,0.5074007836570529,NORMAL
09:28:10,LOT-20260812-A01,W09,step_12,더미게이트_식각,IDLE,75.03028263221007,17.389631048671774,0.0769046798820816,0.763677203903562,0.4979780966461238,NORMAL
09:28:15,LOT-20260812-A01,W10,step_12,더미게이트_식각,IDLE,74.55848785445258,17.723336815652036,0.0749935384059209,0.7399683264182831,0.4906294232353386,NORMAL
09:28:20,LOT-20260812-A01,W11,step_12,더미게이트_식각,IDLE,75.51609047752353,17.684267667654417,0.0769553262161498,0.7327366907002077,0.4970101600262815,NORMAL
09:28:25,LOT-20260812-A01,W12,step_12,더미게이트_식각,IDLE,74.60482075142698,17.425265650745043,0.0764881346272402,0.7587205958900839,0.5124386407312163,NORMAL
09:28:30,LOT-20260812-A01,W13,step_12,더미게이트_식각,IDLE,75.12978324674899,17.847200025904893,0.0745492934408227,0.7327366907002077,0.5124386407312163,NORMAL
09:28:35,LOT-20260812-A01,W14,step_12,더미게이트_식각,IDLE,75.0699393940892,17.411113332202323,0.0732238312352435,0.7522802366675667,0.4874416338662788,NORMAL
09:28:40,LOT-20260812-A01,W15,step_12,더미게이트_식각,IDLE,75.44776655616624,17.87738671565316,0.0747820316150392,0.7432913234281904,0.5109102790919148,NORMAL
09:28:45,LOT-20260812-A01,W16,step_12,더미게이트_식각,IDLE,75.54047470441698,17.608531745385243,0.0743553778689215,0.7682799781618338,0.5025014771603535,NORMAL
09:28:50,LOT-20260812-A01,W17,step_12,더미게이트_식각,IDLE,75.41641956658076,17.49603352038662,0.0752065056251458,0.7441073416384919,0.5092398267912015,NORMAL
09:28:55,LOT-20260812-A01,W18,step_12,더미게이트_식각,IDLE,73.73639627917012,17.278049654915588,0.0750892282868747,0.7666090945800571,0.4944951173973237,NORMAL
09:29:00,LOT-20260812-A01,W19,step_12,더미게이트_식각,IDLE,75.71648888880787,17.47793494246624,0.0750630176588992,0.7422868583345547,0.4874416338662788,NORMAL
09:29:05,LOT-20260812-A01,W20,step_12,더미게이트_식각,IDLE,75.91638493451676,17.449060121626395,0.0755236847413791,0.7649998650758941,0.5058448878864746,NORMAL
09:29:10,LOT-20260812-A01,W21,step_12,더미게이트_식각,RAMP,73.84290171762848,16.241703614749095,0.0701499122116652,0.8736204926302099,0.4623609095486913,NORMAL
09:29:15,LOT-20260812-A01,W22,step_12,더미게이트_식각,RAMP,150.56795259041485,34.782384577282336,0.1516454411102788,1.4359171716980257,0.944468302740606,NORMAL
09:29:20,LOT-20260812-A01,W23,step_12,더미게이트_식각,RAMP,222.8620039676861,51.69619681990292,0.2232415353879319,2.2675221433038546,1.4472639447010611,NORMAL
09:29:25,LOT-20260812-A01,W24,step_12,더미게이트_식각,RAMP,295.32389158384285,70.58599176897879,0.3007999287994547,3.164926944954604,2.0240365512966134,NORMAL
09:29:30,LOT-20260812-A01,W25,step_12,더미게이트_식각,RAMP,373.2270833626983,88.8062804757282,0.3788296393809288,3.7539953296141753,2.505578098641168,NORMAL
09:29:35,LOT-20260812-A01,W01,step_12,더미게이트_식각,RAMP,448.70366630528736,103.77308432370477,0.4451024009071159,4.503707296213779,3.031298640874987,NORMAL
09:29:40,LOT-20260812-A01,W02,step_12,더미게이트_식각,RAMP,524.1483582447556,124.21230772836692,0.5238748253893216,5.297309936841061,3.5267630101798546,NORMAL
09:29:45,LOT-20260812-A01,W03,step_12,더미게이트_식각,RAMP,597.6986061839856,139.87144896561486,0.5995258630638847,6.002464851845685,3.983162657416649,NORMAL
09:29:50,LOT-20260812-A01,W04,step_12,더미게이트_식각,RAMP,673.2397795996386,156.52497861506149,0.6729429241137175,6.647566440325767,4.497181057044902,NORMAL
09:29:55,LOT-20260812-A01,W05,step_12,더미게이트_식각,RAMP,749.9735848280918,175.7577547802082,0.7535993179845318,7.567937242490336,4.979542498848699,NORMAL
09:30:00,LOT-20260812-B02,W01,step_12,더미게이트_식각,RAMP,823.1514552405357,192.05354552174492,0.822118446564798,8.129823095168089,5.49158688908538,NORMAL
09:30:05,LOT-20260812-B02,W02,step_12,더미게이트_식각,RAMP,901.30445839812,209.9182633239685,0.8977783984022305,8.9749925009317,5.961309810480757,NORMAL
09:30:10,LOT-20260812-B02,W03,step_12,더미게이트_식각,RAMP,976.635985563354,227.09572175578796,0.9721603234681916,9.8224455449494,6.5156193717549735,NORMAL
09:30:15,LOT-20260812-B02,W04,step_12,더미게이트_식각,RAMP,1055.7129305907947,244.1832620681351,1.0543682216457553,10.478607454281432,7.04300482995927,NORMAL
09:30:20,LOT-20260812-B02,W05,step_12,더미게이트_식각,RAMP,1127.7016318370963,263.2239970324019,1.123030223550351,11.208378210452135,7.46733547880716,NORMAL
09:30:25,LOT-20260812-B02,W06,step_12,더미게이트_식각,RAMP,1200.5834473399882,279.7136985971058,1.2018401815635342,12.052755834309991,8.051250785816054,NORMAL
09:30:30,LOT-20260812-B02,W07,step_12,더미게이트_식각,RAMP,1273.5113656879976,296.06334820782075,1.2829028204049202,12.698933112789938,8.504540859859118,NORMAL
09:30:35,LOT-20260812-B02,W08,step_12,더미게이트_식각,RAMP,1350.7049936440176,315.55106012421595,1.3497007263185976,13.426666456824483,9.009643159056232,NORMAL
09:30:40,LOT-20260812-B02,W09,step_12,더미게이트_식각,RAMP,1425.7838303037993,331.29441764897626,1.4294482427201325,14.266470839249598,9.4320228192157,NORMAL
09:30:45,LOT-20260812-B02,W10,step_12,더미게이트_식각,RAMP,1498.7680485863864,348.8467398273248,1.5066854163363723,14.989024602095244,9.92770950761737,NORMAL
09:30:50,LOT-20260812-B02,W11,step_12,더미게이트_식각,ACTIVE,1502.8214330283104,351.788909307466,1.5061631493602423,14.888069419723005,10.00864698176678,NORMAL
09:30:55,LOT-20260812-B02,W12,step_12,더미게이트_식각,ACTIVE,1494.9668471471452,348.2054901511847,1.4998991921041336,15.05732572859954,10.04738392747792,NORMAL
09:31:00,LOT-20260812-B02,W13,step_12,더미게이트_식각,ACTIVE,1499.1201605920648,346.52533271460874,1.5038526465539916,15.04180388450195,9.959717173381303,NORMAL
09:31:05,LOT-20260812-B02,W14,step_12,더미게이트_식각,ACTIVE,1502.0010904535427,350.93429222744226,1.4922757284411878,14.967622048505492,10.100205634034984,NORMAL
09:31:10,LOT-20260812-B02,W15,step_12,더미게이트_식각,ACTIVE,1498.9646970686686,349.54420485577833,1.4953197410511003,14.973780119448756,10.04409615845526,NORMAL
09:31:15,LOT-20260812-B02,W16,step_12,더미게이트_식각,ACTIVE,1499.2556841476546,349.67351731829285,1.4963719489102083,15.042335346780824,9.94549952489752,NORMAL
09:31:20,LOT-20260812-B02,W17,step_12,더미게이트_식각,ACTIVE,1499.5039708997078,349.5282494099747,1.5134436727210456,15.107132527777686,10.00185092002321,NORMAL
09:31:25,LOT-20260812-B02,W18,step_12,더미게이트_식각,ACTIVE,1496.9918355335242,350.3475049085281,1.4951244929144685,14.97454861109016,10.148615748023404,NORMAL
09:31:30,LOT-20260812-B02,W19,step_12,더미게이트_식각,ACTIVE,1504.2260433536671,348.8709211371454,1.495035139492429,15.058921964370732,9.925446159832015,NORMAL
09:31:35,LOT-20260812-B02,W20,step_12,더미게이트_식각,ACTIVE,1496.335064381078,352.21417231184864,1.4937364741185062,15.050868019537614,10.031696196334906,NORMAL
09:31:40,LOT-20260812-B02,W21,step_12,더미게이트_식각,ACTIVE,1501.1453735786756,347.7856542795359,1.5033588705715846,15.079137656343809,9.9806353268366,NORMAL
09:31:45,LOT-20260812-B02,W22,step_12,더미게이트_식각,ACTIVE,1501.4891324338166,350.6673123750157,1.500855728356013,15.003537827886912,10.04241377745511,NORMAL
09:31:50,LOT-20260812-B02,W23,step_12,더미게이트_식각,ACTIVE,1496.5849611556478,350.9631815058149,1.506520553862159,14.917890703734027,10.076036418779102,NORMAL
09:31:55,LOT-20260812-B02,W24,step_12,더미게이트_식각,ACTIVE,1500.2631753157707,348.86052235875,1.504027557996464,14.958375076212002,9.976825774677318,NORMAL
09:32:00,LOT-20260812-B02,W25,step_12,더미게이트_식각,ACTIVE,1496.725324178119,348.46439833208325,1.4917176609196556,15.030856811920348,10.06713473630243,NORMAL
09:32:05,LOT-20260812-B02,W01,step_12,더미게이트_식각,ACTIVE,1505.0077529102014,351.52576132125523,1.4951563333799378,15.163661794054343,10.133272203656318,NORMAL
09:32:10,LOT-20260812-B02,W02,step_12,더미게이트_식각,ACTIVE,1495.9003814268856,348.5137088689749,1.5081919724896549,14.956438233912335,10.003976484240654,NORMAL
09:32:15,LOT-20260812-B02,W03,step_12,더미게이트_식각,ACTIVE,1497.6459704607648,349.09000408887414,1.4987802105325392,15.072430869917468,10.047093321249651,NORMAL
09:32:20,LOT-20260812-B02,W04,step_12,더미게이트_식각,ACTIVE,1495.59278996992,351.3309634436896,1.507125550908108,14.970474919439091,9.964573553787805,NORMAL
09:32:25,LOT-20260812-B02,W05,step_12,더미게이트_식각,ACTIVE,1495.1122845832767,350.05211185030856,1.4991019143125082,15.009942188029752,10.001155558541871,NORMAL
09:32:30,LOT-20260812-B02,W06,step_12,더미게이트_식각,ACTIVE,1505.7283750471763,347.30428449855634,1.494194061430269,15.136385707433725,9.989399494437505,NORMAL
09:32:35,LOT-20260812-B02,W07,step_12,더미게이트_식각,ACTIVE,1501.9539888260852,352.6205887168303,1.4981804353339998,15.06878633232784,10.047816155539516,NORMAL
09:32:40,LOT-20260812-B02,W08,step_12,더미게이트_식각,ACTIVE,1500.505056332522,349.20498386183004,1.494191701226702,14.888283065453312,10.072280556145415,NORMAL
09:32:45,LOT-20260812-B02,W09,step_12,더미게이트_식각,ACTIVE,1497.636322931951,349.3958640651404,1.4966066834255856,14.948477247856957,9.993420709052952,NORMAL
09:32:50,LOT-20260812-B02,W10,step_12,더미게이트_식각,ACTIVE,1503.2674025197684,350.38367637848955,1.5012055542393914,15.113059920999724,10.092017370743976,NORMAL
09:32:55,LOT-20260812-B02,W11,step_12,더미게이트_식각,ACTIVE,1497.0327992182772,350.9376151955061,1.5030696305422142,15.012769023836563,10.091802846493698,NORMAL
09:33:00,LOT-20260812-C03,W01,step_12,더미게이트_식각,ACTIVE,1502.8571014595884,352.9416564369372,1.4904588520604742,14.896604389234572,10.050811224590792,NORMAL
09:33:05,LOT-20260812-C03,W02,step_12,더미게이트_식각,ACTIVE,1496.8589594042196,347.50989777589143,1.4998957919549454,14.926294279952366,9.969038408096695,NORMAL
09:33:10,LOT-20260812-C03,W03,step_12,더미게이트_식각,ACTIVE,1497.6797722732476,351.2389283133889,1.4964803055866416,15.063314417044005,9.963290270995603,NORMAL
09:33:15,LOT-20260812-C03,W04,step_12,더미게이트_식각,ACTIVE,1502.7298165900245,351.1145145410751,1.496109511146247,15.089496925309586,9.951257118718598,NORMAL
09:33:20,LOT-20260812-C03,W05,step_12,더미게이트_식각,ACTIVE,1503.1097784389608,349.7942526336888,1.5007961077147984,15.001606977133395,10.05694996421429,NORMAL
09:33:25,LOT-20260812-C03,W06,step_12,더미게이트_식각,ACTIVE,1502.1509025620285,351.18091054222435,1.4966972887638648,15.22277824208425,9.927293907550638,NORMAL
09:33:30,LOT-20260812-C03,W07,step_12,더미게이트_식각,ACTIVE,1496.2211731832756,351.4014110264548,1.5082928279690802,15.074173712711008,10.04061025924666,NORMAL
09:33:35,LOT-20260812-C03,W08,step_12,더미게이트_식각,ACTIVE,1498.391783283398,347.9270558225195,1.5071283712575063,14.97808670373304,9.935133439130553,NORMAL
09:33:40,LOT-20260812-C03,W09,step_12,더미게이트_식각,ACTIVE,1500.5648354683146,352.62464975882125,1.5070909697636523,14.92658645567106,10.049412767190518,NORMAL
09:33:45,LOT-20260812-C03,W10,step_12,더미게이트_식각,ACTIVE,1496.9425885371236,347.6618566202928,1.4970305388270582,14.912260412582487,10.001033174963831,NORMAL
09:33:50,LOT-20260812-C03,W11,step_12,더미게이트_식각,ACTIVE,1504.9354659364656,348.2970255781418,1.494225006990484,15.030187918843234,10.080018313711587,NORMAL
09:33:55,LOT-20260812-C03,W12,step_12,더미게이트_식각,ACTIVE,1491.352991001778,349.60731848956385,1.5004921795763286,14.956010065957791,10.068487274699276,NORMAL
09:34:00,LOT-20260812-C03,W13,step_12,더미게이트_식각,ACTIVE,1497.196537744671,352.88741076978056,1.4990979098022823,15.150636937858508,10.086103924720126,NORMAL
09:34:05,LOT-20260812-C03,W14,step_12,더미게이트_식각,ACTIVE,1498.1655605896683,349.53761505536994,1.49634706102546,15.131968062262608,10.087649123097346,NORMAL
09:34:10,LOT-20260812-C03,W15,step_12,더미게이트_식각,ACTIVE,1489.7618028068216,349.95209916492377,1.4929455933199982,15.05697598927475,10.008617850039291,NORMAL
09:34:15,LOT-20260812-C03,W16,step_12,더미게이트_식각,ACTIVE,1494.9735751311498,352.14811790585685,1.4997508921843916,14.89389034443388,9.930472416014524,NORMAL
09:34:20,LOT-20260812-C03,W17,step_12,더미게이트_식각,ACTIVE,1502.2510422451514,349.5495227861518,1.4975755832984852,14.939500301470284,9.936848616700155,NORMAL
09:34:25,LOT-20260812-C03,W18,step_12,더미게이트_식각,ACTIVE,1500.1090210915906,348.232344930604,1.504130082222228,15.1130109773167,9.874789088241045,NORMAL
09:34:30,LOT-20260812-C03,W19,step_12,더미게이트_식각,ACTIVE,1505.6632896793544,349.3741477471425,1.5039906363091289,14.94932404201844,9.934980049994314,NORMAL
09:34:35,LOT-20260812-C03,W20,step_12,더미게이트_식각,ACTIVE,1505.5628152051854,352.05618775070866,1.5066047988325364,15.100992756052758,10.00412941946228,NORMAL
09:34:40,LOT-20260812-C03,W21,step_12,더미게이트_식각,ACTIVE,1501.5589669629742,350.1062974955827,1.4924442266887197,15.042714353073128,9.96642074915049,NORMAL
09:34:45,LOT-20260812-C03,W22,step_12,더미게이트_식각,ACTIVE,1501.1276576964026,352.8959873885844,1.5024063498461615,15.004654609633189,9.989191863735408,NORMAL
09:34:50,LOT-20260812-C03,W23,step_12,더미게이트_식각,ACTIVE,1500.237351990884,351.1069023893932,1.495635205762598,14.93674504683581,10.029562925167683,NORMAL
09:34:55,LOT-20260812-C03,W24,step_12,더미게이트_식각,ACTIVE,1490.441704735634,349.0327865954098,1.4926775147351334,14.991518054082771,9.981756084516055,NORMAL
09:35:00,LOT-20260812-C03,W25,step_12,더미게이트_식각,ACTIVE,1494.9795857520262,350.0766144566976,1.4974283865783078,15.01706831593874,9.932690271975243,NORMAL
09:35:05,LOT-20260812-C03,W01,step_12,더미게이트_식각,ACTIVE,1500.362431811156,348.7201728227872,1.5064122298808078,15.0929285008471,9.996805979946194,NORMAL
09:35:10,LOT-20260812-C03,W02,step_12,더미게이트_식각,ACTIVE,1502.2176925514916,348.99735045402684,1.4977660898785772,14.920283795942964,9.94609057079363,NORMAL
09:35:15,LOT-20260812-C03,W03,step_12,더미게이트_식각,ACTIVE,1501.0428113236974,356.7186263765386,1.5093927279597548,14.97634648417265,9.983752810181256,NORMAL
09:35:20,LOT-20260812-C03,W04,step_12,더미게이트_식각,ACTIVE,1496.7871261162236,351.5279367650507,1.503293271093122,15.004034081873906,10.08056661786538,NORMAL
09:35:25,LOT-20260812-C03,W05,step_12,더미게이트_식각,ACTIVE,1503.3746626168902,351.29164698351,1.4976354571261166,15.059641052191754,9.983769681754229,NORMAL
09:35:30,LOT-20260812-C03,W06,step_12,더미게이트_식각,ACTIVE,1505.3367985035168,349.0652295270379,1.5069602905734385,14.91823820962295,10.106257453200865,NORMAL
09:35:35,LOT-20260812-C03,W07,step_12,더미게이트_식각,ACTIVE,1503.3767625610487,352.35437609942164,1.5026723806326858,14.88150871864015,10.085898159216278,NORMAL
09:35:40,LOT-20260812-C03,W08,step_12,더미게이트_식각,ACTIVE,1503.5625575865256,351.6491234026894,1.4944046436693197,15.060656863653904,9.965241681485258,NORMAL
09:35:45,LOT-20260812-C03,W09,step_12,더미게이트_식각,ACTIVE,1497.9867871273611,352.8224319340367,1.511152815813483,14.863384579654795,9.933332574015054,NORMAL
09:35:50,,,step_12,더미게이트_식각,IDLE,1497.9867871273611,352.8224319340367,1.511152815813483,14.863384579654795,9.933332574015054,NORMAL
09:35:55,,,step_12,더미게이트_식각,IDLE,1497.9867871273611,352.8224319340367,1.511152815813483,14.863384579654795,9.933332574015054,NORMAL
09:36:00,,,step_12,더미게이트_식각,IDLE,1497.9867871273611,352.8224319340367,1.511152815813483,14.863384579654795,9.933332574015054,NORMAL
09:36:05,,,step_12,더미게이트_식각,IDLE,1497.9867871273611,352.8224319340367,1.511152815813483,14.863384579654795,9.933332574015054,NORMAL
09:36:10,,,step_12,더미게이트_식각,IDLE,1497.9867871273611,352.8224319340367,1.511152815813483,14.863384579654795,9.933332574015054,NORMAL
09:36:15,,,step_12,더미게이트_식각,IDLE,1497.9867871273611,352.8224319340367,1.511152815813483,14.863384579654795,9.933332574015054,NORMAL
09:36:20,,,step_12,더미게이트_식각,IDLE,1497.9867871273611,352.8224319340367,1.511152815813483,14.863384579654795,9.933332574015054,NORMAL
09:36:25,,,step_12,더미게이트_식각,IDLE,1497.9867871273611,352.8224319340367,1.511152815813483,14.863384579654795,9.933332574015054,NORMAL
09:36:30,,,step_12,더미게이트_식각,IDLE,1497.9867871273611,352.8224319340367,1.511152815813483,14.863384579654795,9.933332574015054,NORMAL
09:36:35,,,step_12,더미게이트_식각,IDLE,1497.9867871273611,352.8224319340367,1.511152815813483,14.863384579654795,9.933332574015054,NORMAL
09:36:40,,,step_12,더미게이트_식각,IDLE,1497.9867871273611,352.8224319340367,1.511152815813483,14.863384579654795,9.933332574015054,NORMAL
09:36:45,,,step_12,더미게이트_식각,IDLE,1497.9867871273611,352.8224319340367,1.511152815813483,14.863384579654795,9.933332574015054,NORMAL
09:36:50,,,step_12,더미게이트_식각,IDLE,1497.9867871273611,352.8224319340367,1.511152815813483,14.863384579654795,9.933332574015054,NORMAL
09:36:55,,,step_12,더미게이트_식각,IDLE,1497.9867871273611,352.8224319340367,1.511152815813483,14.863384579654795,9.933332574015054,NORMAL
09:37:00,,,step_12,더미게이트_식각,IDLE,1497.9867871273611,352.8224319340367,1.511152815813483,14.863384579654795,9.933332574015054,NORMAL
09:37:05,,,step_12,더미게이트_식각,IDLE,1497.9867871273611,352.8224319340367,1.511152815813483,14.863384579654795,9.933332574015054,NORMAL
09:37:10,,,step_12,더미게이트_식각,IDLE,1497.9867871273611,352.8224319340367,1.511152815813483,14.863384579654795,9.933332574015054,NORMAL
09:37:15,,,step_12,더미게이트_식각,IDLE,1497.9867871273611,352.8224319340367,1.511152815813483,14.863384579654795,9.933332574015054,NORMAL
09:37:20,,,step_12,더미게이트_식각,IDLE,1497.9867871273611,352.8224319340367,1.511152815813483,14.863384579654795,9.933332574015054,NORMAL
09:37:25,,,step_12,더미게이트_식각,IDLE,1497.9867871273611,352.8224319340367,1.511152815813483,14.863384579654795,9.933332574015054,NORMAL
09:37:30,,,step_12,더미게이트_식각,IDLE,1497.9867871273611,352.8224319340367,1.511152815813483,14.863384579654795,9.933332574015054,NORMAL
09:37:35,,,step_12,더미게이트_식각,IDLE,1497.9867871273611,352.8224319340367,1.511152815813483,14.863384579654795,9.933332574015054,NORMAL
09:37:40,,,step_12,더미게이트_식각,IDLE,1497.9867871273611,352.8224319340367,1.511152815813483,14.863384579654795,9.933332574015054,NORMAL
09:37:45,,,step_12,더미게이트_식각,IDLE,1497.9867871273611,352.8224319340367,1.511152815813483,14.863384579654795,9.933332574015054,NORMAL
09:37:50,,,step_12,더미게이트_식각,IDLE,1497.9867871273611,352.8224319340367,1.511152815813483,14.863384579654795,9.933332574015054,NORMAL
09:37:55,,,step_12,더미게이트_식각,IDLE,1497.9867871273611,352.8224319340367,1.511152815813483,14.863384579654795,9.933332574015054,NORMAL
09:38:00,,,step_12,더미게이트_식각,IDLE,1497.9867871273611,352.8224319340367,1.511152815813483,14.863384579654795,9.933332574015054,NORMAL
09:38:05,,,step_12,더미게이트_식각,IDLE,1497.9867871273611,352.8224319340367,1.511152815813483,14.863384579654795,9.933332574015054,NORMAL
09:38:10,,,step_12,더미게이트_식각,IDLE,1497.9867871273611,352.8224319340367,1.511152815813483,14.863384579654795,9.933332574015054,NORMAL
09:38:15,,,step_12,더미게이트_식각,IDLE,1497.9867871273611,352.8224319340367,1.511152815813483,14.863384579654795,9.933332574015054,NORMAL
09:38:20,,,step_12,더미게이트_식각,IDLE,1497.9867871273611,352.8224319340367,1.511152815813483,14.863384579654795,9.933332574015054,NORMAL
09:38:25,,,step_12,더미게이트_식각,IDLE,1497.9867871273611,352.8224319340367,1.511152815813483,14.863384579654795,9.933332574015054,NORMAL
09:38:30,,,step_12,더미게이트_식각,IDLE,1497.9867871273611,352.8224319340367,1.511152815813483,14.863384579654795,9.933332574015054,NORMAL
09:38:35,,,step_12,더미게이트_식각,IDLE,1497.9867871273611,352.8224319340367,1.511152815813483,14.863384579654795,9.933332574015054,NORMAL
09:38:40,,,step_12,더미게이트_식각,IDLE,1497.9867871273611,352.8224319340367,1.511152815813483,14.863384579654795,9.933332574015054,NORMAL
09:38:45,,,step_12,더미게이트_식각,IDLE,1497.9867871273611,352.8224319340367,1.511152815813483,14.863384579654795,9.933332574015054,NORMAL
09:38:50,,,step_12,더미게이트_식각,IDLE,1497.9867871273611,352.8224319340367,1.511152815813483,14.863384579654795,9.933332574015054,NORMAL
09:38:55,,,step_12,더미게이트_식각,IDLE,1497.9867871273611,352.8224319340367,1.511152815813483,14.863384579654795,9.933332574015054,NORMAL
09:39:00,,,step_12,더미게이트_식각,IDLE,1497.9867871273611,352.8224319340367,1.511152815813483,14.863384579654795,9.933332574015054,NORMAL
09:39:05,,,step_12,더미게이트_식각,IDLE,1497.9867871273611,352.8224319340367,1.511152815813483,14.863384579654795,9.933332574015054,NORMAL
09:39:10,,,step_12,더미게이트_식각,IDLE,1497.9867871273611,352.8224319340367,1.511152815813483,14.863384579654795,9.933332574015054,NORMAL
09:39:15,,,step_12,더미게이트_식각,IDLE,1497.9867871273611,352.8224319340367,1.511152815813483,14.863384579654795,9.933332574015054,NORMAL
09:39:20,,,step_12,더미게이트_식각,IDLE,1497.9867871273611,352.8224319340367,1.511152815813483,14.863384579654795,9.933332574015054,NORMAL
09:39:25,,,step_12,더미게이트_식각,IDLE,1497.9867871273611,352.8224319340367,1.511152815813483,14.863384579654795,9.933332574015054,NORMAL
09:39:30,,,step_12,더미게이트_식각,IDLE,1497.9867871273611,352.8224319340367,1.511152815813483,14.863384579654795,9.933332574015054,NORMAL
09:39:35,,,step_12,더미게이트_식각,IDLE,1497.9867871273611,352.8224319340367,1.511152815813483,14.863384579654795,9.933332574015054,NORMAL
09:39:40,,,step_12,더미게이트_식각,IDLE,1497.9867871273611,352.8224319340367,1.511152815813483,14.863384579654795,9.933332574015054,NORMAL
09:39:45,,,step_12,더미게이트_식각,IDLE,1497.9867871273611,352.8224319340367,1.511152815813483,14.863384579654795,9.933332574015054,NORMAL
09:39:50,,,step_12,더미게이트_식각,IDLE,1497.9867871273611,352.8224319340367,1.511152815813483,14.863384579654795,9.933332574015054,NORMAL
09:39:55,,,step_12,더미게이트_식각,IDLE,1497.9867871273611,352.8224319340367,1.511152815813483,14.863384579654795,9.933332574015054,NORMAL
09:40:00,,,step_12,더미게이트_식각,IDLE,1497.9867871273611,352.8224319340367,1.511152815813483,14.863384579654795,9.933332574015054,NORMAL
09:40:05,,,step_12,더미게이트_식각,IDLE,1497.9867871273611,352.8224319340367,1.511152815813483,14.863384579654795,9.933332574015054,NORMAL
09:40:10,,,step_12,더미게이트_식각,IDLE,1497.9867871273611,352.8224319340367,1.511152815813483,14.863384579654795,9.933332574015054,NORMAL
09:40:15,,,step_12,더미게이트_식각,IDLE,1497.9867871273611,352.8224319340367,1.511152815813483,14.863384579654795,9.933332574015054,NORMAL
09:40:20,,,step_12,더미게이트_식각,IDLE,1497.9867871273611,352.8224319340367,1.511152815813483,14.863384579654795,9.933332574015054,NORMAL
09:40:25,,,step_12,더미게이트_식각,IDLE,1497.9867871273611,352.8224319340367,1.511152815813483,14.863384579654795,9.933332574015054,NORMAL
09:40:30,,,step_12,더미게이트_식각,IDLE,1497.9867871273611,352.8224319340367,1.511152815813483,14.863384579654795,9.933332574015054,NORMAL
09:40:35,,,step_12,더미게이트_식각,IDLE,1497.9867871273611,352.8224319340367,1.511152815813483,14.863384579654795,9.933332574015054,NORMAL
09:40:40,,,step_12,더미게이트_식각,IDLE,1497.9867871273611,352.8224319340367,1.511152815813483,14.863384579654795,9.933332574015054,NORMAL
09:40:45,,,step_12,더미게이트_식각,IDLE,1497.9867871273611,352.8224319340367,1.511152815813483,14.863384579654795,9.933332574015054,NORMAL
09:40:50,,,step_12,더미게이트_식각,IDLE,1497.9867871273611,352.8224319340367,1.511152815813483,14.863384579654795,9.933332574015054,NORMAL
09:40:55,,,step_12,더미게이트_식각,IDLE,1497.9867871273611,352.8224319340367,1.511152815813483,14.863384579654795,9.933332574015054,NORMAL
09:41:00,,,step_12,더미게이트_식각,IDLE,1497.9867871273611,352.8224319340367,1.511152815813483,14.863384579654795,9.933332574015054,NORMAL
09:41:05,,,step_12,더미게이트_식각,IDLE,1497.9867871273611,352.8224319340367,1.511152815813483,14.863384579654795,9.933332574015054,NORMAL
09:41:10,,,step_12,더미게이트_식각,IDLE,1497.9867871273611,352.8224319340367,1.511152815813483,14.863384579654795,9.933332574015054,NORMAL
09:41:15,,,step_12,더미게이트_식각,IDLE,1497.9867871273611,352.8224319340367,1.511152815813483,14.863384579654795,9.933332574015054,NORMAL
09:41:20,,,step_12,더미게이트_식각,IDLE,1497.9867871273611,352.8224319340367,1.511152815813483,14.863384579654795,9.933332574015054,NORMAL
09:41:25,,,step_12,더미게이트_식각,IDLE,1497.9867871273611,352.8224319340367,1.511152815813483,14.863384579654795,9.933332574015054,NORMAL
09:41:30,,,step_12,더미게이트_식각,IDLE,1497.9867871273611,352.8224319340367,1.511152815813483,14.863384579654795,9.933332574015054,NORMAL
09:41:35,,,step_12,더미게이트_식각,IDLE,1497.9867871273611,352.8224319340367,1.511152815813483,14.863384579654795,9.933332574015054,NORMAL
09:41:40,,,step_12,더미게이트_식각,IDLE,1497.9867871273611,352.8224319340367,1.511152815813483,14.863384579654795,9.933332574015054,NORMAL
09:41:45,,,step_12,더미게이트_식각,IDLE,1497.9867871273611,352.8224319340367,1.511152815813483,14.863384579654795,9.933332574015054,NORMAL
09:41:50,,,step_12,더미게이트_식각,IDLE,1497.9867871273611,352.8224319340367,1.511152815813483,14.863384579654795,9.933332574015054,NORMAL
09:41:55,,,step_12,더미게이트_식각,IDLE,1497.9867871273611,352.8224319340367,1.511152815813483,14.863384579654795,9.933332574015054,NORMAL
09:42:00,,,step_12,더미게이트_식각,IDLE,1497.9867871273611,352.8224319340367,1.511152815813483,14.863384579654795,9.933332574015054,NORMAL
09:42:05,,,step_12,더미게이트_식각,IDLE,1497.9867871273611,352.8224319340367,1.511152815813483,14.863384579654795,9.933332574015054,NORMAL
09:42:10,,,step_12,더미게이트_식각,IDLE,1497.9867871273611,352.8224319340367,1.511152815813483,14.863384579654795,9.933332574015054,NORMAL
09:42:15,,,step_12,더미게이트_식각,IDLE,1497.9867871273611,352.8224319340367,1.511152815813483,14.863384579654795,9.933332574015054,NORMAL
09:42:20,,,step_12,더미게이트_식각,IDLE,1497.9867871273611,352.8224319340367,1.511152815813483,14.863384579654795,9.933332574015054,NORMAL
09:42:25,,,step_12,더미게이트_식각,IDLE,1497.9867871273611,352.8224319340367,1.511152815813483,14.863384579654795,9.933332574015054,NORMAL
09:42:30,,,step_12,더미게이트_식각,IDLE,1497.9867871273611,352.8224319340367,1.511152815813483,14.863384579654795,9.933332574015054,NORMAL
09:42:35,,,step_12,더미게이트_식각,IDLE,1497.9867871273611,352.8224319340367,1.511152815813483,14.863384579654795,9.933332574015054,NORMAL
09:42:40,,,step_12,더미게이트_식각,IDLE,1497.9867871273611,352.8224319340367,1.511152815813483,14.863384579654795,9.933332574015054,NORMAL
09:42:45,,,step_12,더미게이트_식각,IDLE,1497.9867871273611,352.8224319340367,1.511152815813483,14.863384579654795,9.933332574015054,NORMAL
09:42:50,,,step_12,더미게이트_식각,IDLE,1497.9867871273611,352.8224319340367,1.511152815813483,14.863384579654795,9.933332574015054,NORMAL
09:42:55,,,step_12,더미게이트_식각,IDLE,1497.9867871273611,352.8224319340367,1.511152815813483,14.863384579654795,9.933332574015054,NORMAL
09:43:00,,,step_12,더미게이트_식각,IDLE,1497.9867871273611,352.8224319340367,1.511152815813483,14.863384579654795,9.933332574015054,NORMAL
09:43:05,,,step_12,더미게이트_식각,IDLE,1497.9867871273611,352.8224319340367,1.511152815813483,14.863384579654795,9.933332574015054,NORMAL
09:43:10,,,step_12,더미게이트_식각,IDLE,1497.9867871273611,352.8224319340367,1.511152815813483,14.863384579654795,9.933332574015054,NORMAL
09:43:15,,,step_12,더미게이트_식각,IDLE,1497.9867871273611,352.8224319340367,1.511152815813483,14.863384579654795,9.933332574015054,NORMAL
09:43:20,,,step_12,더미게이트_식각,IDLE,1497.9867871273611,352.8224319340367,1.511152815813483,14.863384579654795,9.933332574015054,NORMAL
09:43:25,,,step_12,더미게이트_식각,IDLE,1497.9867871273611,352.8224319340367,1.511152815813483,14.863384579654795,9.933332574015054,NORMAL
09:43:30,,,step_12,더미게이트_식각,IDLE,1497.9867871273611,352.8224319340367,1.511152815813483,14.863384579654795,9.933332574015054,NORMAL
09:43:35,,,step_12,더미게이트_식각,IDLE,1497.9867871273611,352.8224319340367,1.511152815813483,14.863384579654795,9.933332574015054,NORMAL
09:43:40,,,step_12,더미게이트_식각,IDLE,1497.9867871273611,352.8224319340367,1.511152815813483,14.863384579654795,9.933332574015054,NORMAL
09:43:45,,,step_12,더미게이트_식각,IDLE,1497.9867871273611,352.8224319340367,1.511152815813483,14.863384579654795,9.933332574015054,NORMAL
09:43:50,,,step_12,더미게이트_식각,IDLE,1497.9867871273611,352.8224319340367,1.511152815813483,14.863384579654795,9.933332574015054,NORMAL
09:43:55,,,step_12,더미게이트_식각,IDLE,1497.9867871273611,352.8224319340367,1.511152815813483,14.863384579654795,9.933332574015054,NORMAL
09:44:00,,,step_12,더미게이트_식각,IDLE,1497.9867871273611,352.8224319340367,1.511152815813483,14.863384579654795,9.933332574015054,NORMAL
09:44:05,,,step_12,더미게이트_식각,IDLE,1497.9867871273611,352.8224319340367,1.511152815813483,14.863384579654795,9.933332574015054,NORMAL
09:44:10,,,step_12,더미게이트_식각,IDLE,1497.9867871273611,352.8224319340367,1.511152815813483,14.863384579654795,9.933332574015054,NORMAL
09:44:15,,,step_12,더미게이트_식각,IDLE,1497.9867871273611,352.8224319340367,1.511152815813483,14.863384579654795,9.933332574015054,NORMAL
09:44:20,,,step_12,더미게이트_식각,IDLE,1497.9867871273611,352.8224319340367,1.511152815813483,14.863384579654795,9.933332574015054,NORMAL
09:44:25,,,step_12,더미게이트_식각,IDLE,1497.9867871273611,352.8224319340367,1.511152815813483,14.863384579654795,9.933332574015054,NORMAL
09:44:30,,,step_12,더미게이트_식각,IDLE,1497.9867871273611,352.8224319340367,1.511152815813483,14.863384579654795,9.933332574015054,NORMAL
09:44:35,,,step_12,더미게이트_식각,IDLE,1497.9867871273611,352.8224319340367,1.511152815813483,14.863384579654795,9.933332574015054,NORMAL
09:44:40,,,step_12,더미게이트_식각,IDLE,1497.9867871273611,352.8224319340367,1.511152815813483,14.863384579654795,9.933332574015054,NORMAL
09:44:45,,,step_12,더미게이트_식각,IDLE,1497.9867871273611,352.8224319340367,1.511152815813483,14.863384579654795,9.933332574015054,NORMAL
09:44:50,,,step_12,더미게이트_식각,IDLE,1497.9867871273611,352.8224319340367,1.511152815813483,14.863384579654795,9.933332574015054,NORMAL
09:44:55,,,step_12,더미게이트_식각,IDLE,1497.9867871273611,352.8224319340367,1.511152815813483,14.863384579654795,9.933332574015054,NORMAL
09:45:00,,,step_12,더미게이트_식각,IDLE,1497.9867871273611,352.8224319340367,1.511152815813483,14.863384579654795,9.933332574015054,NORMAL
09:45:05,,,step_12,더미게이트_식각,IDLE,1497.9867871273611,352.8224319340367,1.511152815813483,14.863384579654795,9.933332574015054,NORMAL
09:45:10,,,step_12,더미게이트_식각,IDLE,1497.9867871273611,352.8224319340367,1.511152815813483,14.863384579654795,9.933332574015054,NORMAL
09:45:15,,,step_12,더미게이트_식각,IDLE,1497.9867871273611,352.8224319340367,1.511152815813483,14.863384579654795,9.933332574015054,NORMAL
09:45:20,,,step_12,더미게이트_식각,IDLE,1497.9867871273611,352.8224319340367,1.511152815813483,14.863384579654795,9.933332574015054,NORMAL
09:45:25,,,step_12,더미게이트_식각,IDLE,1497.9867871273611,352.8224319340367,1.511152815813483,14.863384579654795,9.933332574015054,NORMAL
09:45:30,,,step_12,더미게이트_식각,IDLE,1497.9867871273611,352.8224319340367,1.511152815813483,14.863384579654795,9.933332574015054,NORMAL
09:45:35,,,step_12,더미게이트_식각,IDLE,1497.9867871273611,352.8224319340367,1.511152815813483,14.863384579654795,9.933332574015054,NORMAL
09:45:40,,,step_12,더미게이트_식각,IDLE,1497.9867871273611,352.8224319340367,1.511152815813483,14.863384579654795,9.933332574015054,NORMAL
09:45:45,,,step_12,더미게이트_식각,IDLE,1497.9867871273611,352.8224319340367,1.511152815813483,14.863384579654795,9.933332574015054,NORMAL
09:45:50,,,step_12,더미게이트_식각,IDLE,1497.9867871273611,352.8224319340367,1.511152815813483,14.863384579654795,9.933332574015054,NORMAL
09:45:55,,,step_12,더미게이트_식각,IDLE,1497.9867871273611,352.8224319340367,1.511152815813483,14.863384579654795,9.933332574015054,NORMAL
09:46:00,,,step_12,더미게이트_식각,IDLE,1497.9867871273611,352.8224319340367,1.511152815813483,14.863384579654795,9.933332574015054,NORMAL
09:46:05,,,step_12,더미게이트_식각,IDLE,1497.9867871273611,352.8224319340367,1.511152815813483,14.863384579654795,9.933332574015054,NORMAL
09:46:10,,,step_12,더미게이트_식각,IDLE,1497.9867871273611,352.8224319340367,1.511152815813483,14.863384579654795,9.933332574015054,NORMAL
09:46:15,,,step_12,더미게이트_식각,IDLE,1497.9867871273611,352.8224319340367,1.511152815813483,14.863384579654795,9.933332574015054,NORMAL
09:46:20,,,step_12,더미게이트_식각,IDLE,1497.9867871273611,352.8224319340367,1.511152815813483,14.863384579654795,9.933332574015054,NORMAL
09:46:25,,,step_12,더미게이트_식각,IDLE,1497.9867871273611,352.8224319340367,1.511152815813483,14.863384579654795,9.933332574015054,NORMAL
09:46:30,,,step_12,더미게이트_식각,IDLE,1497.9867871273611,352.8224319340367,1.511152815813483,14.863384579654795,9.933332574015054,NORMAL
09:46:35,,,step_12,더미게이트_식각,IDLE,1497.9867871273611,352.8224319340367,1.511152815813483,14.863384579654795,9.933332574015054,NORMAL
09:46:40,,,step_12,더미게이트_식각,IDLE,1497.9867871273611,352.8224319340367,1.511152815813483,14.863384579654795,9.933332574015054,NORMAL
09:46:45,,,step_12,더미게이트_식각,IDLE,1497.9867871273611,352.8224319340367,1.511152815813483,14.863384579654795,9.933332574015054,NORMAL
09:46:50,,,step_12,더미게이트_식각,IDLE,1497.9867871273611,352.8224319340367,1.511152815813483,14.863384579654795,9.933332574015054,NORMAL
09:46:55,,,step_12,더미게이트_식각,IDLE,1497.9867871273611,352.8224319340367,1.511152815813483,14.863384579654795,9.933332574015054,NORMAL
09:47:00,,,step_12,더미게이트_식각,IDLE,1497.9867871273611,352.8224319340367,1.511152815813483,14.863384579654795,9.933332574015054,NORMAL
09:47:05,,,step_12,더미게이트_식각,IDLE,1497.9867871273611,352.8224319340367,1.511152815813483,14.863384579654795,9.933332574015054,NORMAL
09:47:10,,,step_12,더미게이트_식각,IDLE,1497.9867871273611,352.8224319340367,1.511152815813483,14.863384579654795,9.933332574015054,NORMAL
09:47:15,,,step_12,더미게이트_식각,IDLE,1497.9867871273611,352.8224319340367,1.511152815813483,14.863384579654795,9.933332574015054,NORMAL
09:47:20,,,step_12,더미게이트_식각,IDLE,1497.9867871273611,352.8224319340367,1.511152815813483,14.863384579654795,9.933332574015054,NORMAL
09:47:25,,,step_12,더미게이트_식각,IDLE,1497.9867871273611,352.8224319340367,1.511152815813483,14.863384579654795,9.933332574015054,NORMAL
09:47:30,,,step_12,더미게이트_식각,IDLE,1497.9867871273611,352.8224319340367,1.511152815813483,14.863384579654795,9.933332574015054,NORMAL
09:47:35,,,step_12,더미게이트_식각,IDLE,1497.9867871273611,352.8224319340367,1.511152815813483,14.863384579654795,9.933332574015054,NORMAL
09:47:40,,,step_12,더미게이트_식각,IDLE,1497.9867871273611,352.8224319340367,1.511152815813483,14.863384579654795,9.933332574015054,NORMAL
09:47:45,,,step_12,더미게이트_식각,IDLE,1497.9867871273611,352.8224319340367,1.511152815813483,14.863384579654795,9.933332574015054,NORMAL
09:47:50,,,step_12,더미게이트_식각,IDLE,1497.9867871273611,352.8224319340367,1.511152815813483,14.863384579654795,9.933332574015054,NORMAL
09:47:55,,,step_12,더미게이트_식각,IDLE,1497.9867871273611,352.8224319340367,1.511152815813483,14.863384579654795,9.933332574015054,NORMAL
09:48:00,,,step_12,더미게이트_식각,IDLE,1497.9867871273611,352.8224319340367,1.511152815813483,14.863384579654795,9.933332574015054,NORMAL
09:48:05,,,step_12,더미게이트_식각,IDLE,1497.9867871273611,352.8224319340367,1.511152815813483,14.863384579654795,9.933332574015054,NORMAL
09:48:10,,,step_12,더미게이트_식각,IDLE,1497.9867871273611,352.8224319340367,1.511152815813483,14.863384579654795,9.933332574015054,NORMAL
09:48:15,,,step_12,더미게이트_식각,IDLE,1497.9867871273611,352.8224319340367,1.511152815813483,14.863384579654795,9.933332574015054,NORMAL
09:48:20,,,step_12,더미게이트_식각,IDLE,1497.9867871273611,352.8224319340367,1.511152815813483,14.863384579654795,9.933332574015054,NORMAL
09:48:25,,,step_12,더미게이트_식각,IDLE,1497.9867871273611,352.8224319340367,1.511152815813483,14.863384579654795,9.933332574015054,NORMAL
09:48:30,,,step_12,더미게이트_식각,IDLE,1497.9867871273611,352.8224319340367,1.511152815813483,14.863384579654795,9.933332574015054,NORMAL
09:48:35,,,step_12,더미게이트_식각,IDLE,1497.9867871273611,352.8224319340367,1.511152815813483,14.863384579654795,9.933332574015054,NORMAL
09:48:40,,,step_12,더미게이트_식각,IDLE,1497.9867871273611,352.8224319340367,1.511152815813483,14.863384579654795,9.933332574015054,NORMAL
09:48:45,,,step_12,더미게이트_식각,IDLE,1497.9867871273611,352.8224319340367,1.511152815813483,14.863384579654795,9.933332574015054,NORMAL
09:48:50,,,step_12,더미게이트_식각,IDLE,1497.9867871273611,352.8224319340367,1.511152815813483,14.863384579654795,9.933332574015054,NORMAL
09:48:55,,,step_12,더미게이트_식각,IDLE,1497.9867871273611,352.8224319340367,1.511152815813483,14.863384579654795,9.933332574015054,NORMAL
09:49:00,,,step_12,더미게이트_식각,IDLE,1497.9867871273611,352.8224319340367,1.511152815813483,14.863384579654795,9.933332574015054,NORMAL
09:49:05,,,step_12,더미게이트_식각,IDLE,1497.9867871273611,352.8224319340367,1.511152815813483,14.863384579654795,9.933332574015054,NORMAL
09:49:10,,,step_12,더미게이트_식각,IDLE,1497.9867871273611,352.8224319340367,1.511152815813483,14.863384579654795,9.933332574015054,NORMAL
09:49:15,,,step_12,더미게이트_식각,IDLE,1497.9867871273611,352.8224319340367,1.511152815813483,14.863384579654795,9.933332574015054,NORMAL
09:49:20,,,step_12,더미게이트_식각,IDLE,1497.9867871273611,352.8224319340367,1.511152815813483,14.863384579654795,9.933332574015054,NORMAL
09:49:25,,,step_12,더미게이트_식각,IDLE,1497.9867871273611,352.8224319340367,1.511152815813483,14.863384579654795,9.933332574015054,NORMAL
09:49:30,,,step_12,더미게이트_식각,IDLE,1497.9867871273611,352.8224319340367,1.511152815813483,14.863384579654795,9.933332574015054,NORMAL
09:49:35,,,step_12,더미게이트_식각,IDLE,1497.9867871273611,352.8224319340367,1.511152815813483,14.863384579654795,9.933332574015054,NORMAL
09:49:40,,,step_12,더미게이트_식각,IDLE,1497.9867871273611,352.8224319340367,1.511152815813483,14.863384579654795,9.933332574015054,NORMAL
09:49:45,,,step_12,더미게이트_식각,IDLE,1497.9867871273611,352.8224319340367,1.511152815813483,14.863384579654795,9.933332574015054,NORMAL
09:49:50,,,step_12,더미게이트_식각,IDLE,1497.9867871273611,352.8224319340367,1.511152815813483,14.863384579654795,9.933332574015054,NORMAL
09:49:55,,,step_12,더미게이트_식각,IDLE,1497.9867871273611,352.8224319340367,1.511152815813483,14.863384579654795,9.933332574015054,NORMAL
09:50:00,,,step_12,더미게이트_식각,IDLE,1497.9867871273611,352.8224319340367,1.511152815813483,14.863384579654795,9.933332574015054,NORMAL
09:50:05,,,step_12,더미게이트_식각,IDLE,1497.9867871273611,352.8224319340367,1.511152815813483,14.863384579654795,9.933332574015054,NORMAL
09:50:10,,,step_12,더미게이트_식각,IDLE,1497.9867871273611,352.8224319340367,1.511152815813483,14.863384579654795,9.933332574015054,NORMAL
09:50:15,,,step_12,더미게이트_식각,IDLE,1497.9867871273611,352.8224319340367,1.511152815813483,14.863384579654795,9.933332574015054,NORMAL
09:50:20,,,step_12,더미게이트_식각,IDLE,1497.9867871273611,352.8224319340367,1.511152815813483,14.863384579654795,9.933332574015054,NORMAL
09:50:25,,,step_12,더미게이트_식각,IDLE,1497.9867871273611,352.8224319340367,1.511152815813483,14.863384579654795,9.933332574015054,NORMAL
09:50:30,,,step_12,더미게이트_식각,IDLE,1497.9867871273611,352.8224319340367,1.511152815813483,14.863384579654795,9.933332574015054,NORMAL
09:50:35,,,step_12,더미게이트_식각,IDLE,1497.9867871273611,352.8224319340367,1.511152815813483,14.863384579654795,9.933332574015054,NORMAL
09:50:40,,,step_12,더미게이트_식각,IDLE,1497.9867871273611,352.8224319340367,1.511152815813483,14.863384579654795,9.933332574015054,NORMAL
09:50:45,,,step_12,더미게이트_식각,IDLE,1497.9867871273611,352.8224319340367,1.511152815813483,14.863384579654795,9.933332574015054,NORMAL
09:50:50,,,step_12,더미게이트_식각,IDLE,1497.9867871273611,352.8224319340367,1.511152815813483,14.863384579654795,9.933332574015054,NORMAL
09:50:55,,,step_12,더미게이트_식각,IDLE,1497.9867871273611,352.8224319340367,1.511152815813483,14.863384579654795,9.933332574015054,NORMAL
09:51:00,,,step_12,더미게이트_식각,IDLE,1497.9867871273611,352.8224319340367,1.511152815813483,14.863384579654795,9.933332574015054,NORMAL
09:51:05,,,step_12,더미게이트_식각,IDLE,1497.9867871273611,352.8224319340367,1.511152815813483,14.863384579654795,9.933332574015054,NORMAL
09:51:10,,,step_12,더미게이트_식각,IDLE,1497.9867871273611,352.8224319340367,1.511152815813483,14.863384579654795,9.933332574015054,NORMAL
09:51:15,,,step_12,더미게이트_식각,IDLE,1497.9867871273611,352.8224319340367,1.511152815813483,14.863384579654795,9.933332574015054,NORMAL
09:51:20,,,step_12,더미게이트_식각,IDLE,1497.9867871273611,352.8224319340367,1.511152815813483,14.863384579654795,9.933332574015054,NORMAL
09:51:25,,,step_12,더미게이트_식각,IDLE,1497.9867871273611,352.8224319340367,1.511152815813483,14.863384579654795,9.933332574015054,NORMAL
09:51:30,,,step_12,더미게이트_식각,IDLE,1497.9867871273611,352.8224319340367,1.511152815813483,14.863384579654795,9.933332574015054,NORMAL
09:51:35,,,step_12,더미게이트_식각,IDLE,1497.9867871273611,352.8224319340367,1.511152815813483,14.863384579654795,9.933332574015054,NORMAL
09:51:40,,,step_12,더미게이트_식각,IDLE,1497.9867871273611,352.8224319340367,1.511152815813483,14.863384579654795,9.933332574015054,NORMAL
09:51:45,,,step_12,더미게이트_식각,IDLE,1497.9867871273611,352.8224319340367,1.511152815813483,14.863384579654795,9.933332574015054,NORMAL
09:51:50,,,step_12,더미게이트_식각,IDLE,1497.9867871273611,352.8224319340367,1.511152815813483,14.863384579654795,9.933332574015054,NORMAL
09:51:55,,,step_12,더미게이트_식각,IDLE,1497.9867871273611,352.8224319340367,1.511152815813483,14.863384579654795,9.933332574015054,NORMAL
09:52:00,,,step_12,더미게이트_식각,IDLE,1497.9867871273611,352.8224319340367,1.511152815813483,14.863384579654795,9.933332574015054,NORMAL
09:52:05,,,step_12,더미게이트_식각,IDLE,1497.9867871273611,352.8224319340367,1.511152815813483,14.863384579654795,9.933332574015054,NORMAL
09:52:10,,,step_12,더미게이트_식각,IDLE,1497.9867871273611,352.8224319340367,1.511152815813483,14.863384579654795,9.933332574015054,NORMAL
09:52:15,,,step_12,더미게이트_식각,IDLE,1497.9867871273611,352.8224319340367,1.511152815813483,14.863384579654795,9.933332574015054,NORMAL
09:52:20,,,step_12,더미게이트_식각,IDLE,1497.9867871273611,352.8224319340367,1.511152815813483,14.863384579654795,9.933332574015054,NORMAL
09:52:25,,,step_12,더미게이트_식각,IDLE,1497.9867871273611,352.8224319340367,1.511152815813483,14.863384579654795,9.933332574015054,NORMAL
09:52:30,,,step_12,더미게이트_식각,IDLE,1497.9867871273611,352.8224319340367,1.511152815813483,14.863384579654795,9.933332574015054,NORMAL
09:52:35,,,step_12,더미게이트_식각,IDLE,1497.9867871273611,352.8224319340367,1.511152815813483,14.863384579654795,9.933332574015054,NORMAL
09:52:40,,,step_12,더미게이트_식각,IDLE,1497.9867871273611,352.8224319340367,1.511152815813483,14.863384579654795,9.933332574015054,NORMAL
09:52:45,,,step_12,더미게이트_식각,IDLE,1497.9867871273611,352.8224319340367,1.511152815813483,14.863384579654795,9.933332574015054,NORMAL
09:52:50,,,step_12,더미게이트_식각,IDLE,1497.9867871273611,352.8224319340367,1.511152815813483,14.863384579654795,9.933332574015054,NORMAL
09:52:55,,,step_12,더미게이트_식각,IDLE,1497.9867871273611,352.8224319340367,1.511152815813483,14.863384579654795,9.933332574015054,NORMAL
09:53:00,,,step_12,더미게이트_식각,IDLE,1497.9867871273611,352.8224319340367,1.511152815813483,14.863384579654795,9.933332574015054,NORMAL
09:53:05,,,step_12,더미게이트_식각,IDLE,1497.9867871273611,352.8224319340367,1.511152815813483,14.863384579654795,9.933332574015054,NORMAL
09:53:10,,,step_12,더미게이트_식각,IDLE,1497.9867871273611,352.8224319340367,1.511152815813483,14.863384579654795,9.933332574015054,NORMAL
09:53:15,,,step_12,더미게이트_식각,IDLE,1497.9867871273611,352.8224319340367,1.511152815813483,14.863384579654795,9.933332574015054,NORMAL
09:53:20,,,step_12,더미게이트_식각,IDLE,1497.9867871273611,352.8224319340367,1.511152815813483,14.863384579654795,9.933332574015054,NORMAL
09:53:25,,,step_12,더미게이트_식각,IDLE,1497.9867871273611,352.8224319340367,1.511152815813483,14.863384579654795,9.933332574015054,NORMAL
09:53:30,,,step_12,더미게이트_식각,IDLE,1497.9867871273611,352.8224319340367,1.511152815813483,14.863384579654795,9.933332574015054,NORMAL
09:53:35,,,step_12,더미게이트_식각,IDLE,1497.9867871273611,352.8224319340367,1.511152815813483,14.863384579654795,9.933332574015054,NORMAL
09:53:40,,,step_12,더미게이트_식각,IDLE,1497.9867871273611,352.8224319340367,1.511152815813483,14.863384579654795,9.933332574015054,NORMAL
09:53:45,,,step_12,더미게이트_식각,IDLE,1497.9867871273611,352.8224319340367,1.511152815813483,14.863384579654795,9.933332574015054,NORMAL
09:53:50,,,step_12,더미게이트_식각,IDLE,1497.9867871273611,352.8224319340367,1.511152815813483,14.863384579654795,9.933332574015054,NORMAL
09:53:55,,,step_12,더미게이트_식각,IDLE,1497.9867871273611,352.8224319340367,1.511152815813483,14.863384579654795,9.933332574015054,NORMAL
09:54:00,,,step_12,더미게이트_식각,IDLE,1497.9867871273611,352.8224319340367,1.511152815813483,14.863384579654795,9.933332574015054,NORMAL
09:54:05,,,step_12,더미게이트_식각,IDLE,1497.9867871273611,352.8224319340367,1.511152815813483,14.863384579654795,9.933332574015054,NORMAL
09:54:10,,,step_12,더미게이트_식각,IDLE,1497.9867871273611,352.8224319340367,1.511152815813483,14.863384579654795,9.933332574015054,NORMAL
09:54:15,,,step_12,더미게이트_식각,IDLE,1497.9867871273611,352.8224319340367,1.511152815813483,14.863384579654795,9.933332574015054,NORMAL
09:54:20,,,step_12,더미게이트_식각,IDLE,1497.9867871273611,352.8224319340367,1.511152815813483,14.863384579654795,9.933332574015054,NORMAL
09:54:25,,,step_12,더미게이트_식각,IDLE,1497.9867871273611,352.8224319340367,1.511152815813483,14.863384579654795,9.933332574015054,NORMAL
09:54:30,,,step_12,더미게이트_식각,IDLE,1497.9867871273611,352.8224319340367,1.511152815813483,14.863384579654795,9.933332574015054,NORMAL
09:54:35,,,step_12,더미게이트_식각,IDLE,1497.9867871273611,352.8224319340367,1.511152815813483,14.863384579654795,9.933332574015054,NORMAL
09:54:40,,,step_12,더미게이트_식각,IDLE,1497.9867871273611,352.8224319340367,1.511152815813483,14.863384579654795,9.933332574015054,NORMAL
09:54:45,,,step_12,더미게이트_식각,IDLE,1497.9867871273611,352.8224319340367,1.511152815813483,14.863384579654795,9.933332574015054,NORMAL
09:54:50,,,step_12,더미게이트_식각,IDLE,1497.9867871273611,352.8224319340367,1.511152815813483,14.863384579654795,9.933332574015054,NORMAL
09:54:55,,,step_12,더미게이트_식각,IDLE,1497.9867871273611,352.8224319340367,1.511152815813483,14.863384579654795,9.933332574015054,NORMAL
09:55:00,,,step_12,더미게이트_식각,IDLE,1497.9867871273611,352.8224319340367,1.511152815813483,14.863384579654795,9.933332574015054,NORMAL
09:55:05,,,step_12,더미게이트_식각,IDLE,1497.9867871273611,352.8224319340367,1.511152815813483,14.863384579654795,9.933332574015054,NORMAL
09:55:10,,,step_12,더미게이트_식각,IDLE,1497.9867871273611,352.8224319340367,1.511152815813483,14.863384579654795,9.933332574015054,NORMAL
09:55:15,,,step_12,더미게이트_식각,IDLE,1497.9867871273611,352.8224319340367,1.511152815813483,14.863384579654795,9.933332574015054,NORMAL
09:55:20,,,step_12,더미게이트_식각,IDLE,1497.9867871273611,352.8224319340367,1.511152815813483,14.863384579654795,9.933332574015054,NORMAL
09:55:25,,,step_12,더미게이트_식각,IDLE,1497.9867871273611,352.8224319340367,1.511152815813483,14.863384579654795,9.933332574015054,NORMAL
09:55:30,,,step_12,더미게이트_식각,IDLE,1497.9867871273611,352.8224319340367,1.511152815813483,14.863384579654795,9.933332574015054,NORMAL
09:55:35,,,step_12,더미게이트_식각,IDLE,1497.9867871273611,352.8224319340367,1.511152815813483,14.863384579654795,9.933332574015054,NORMAL
09:55:40,,,step_12,더미게이트_식각,IDLE,1497.9867871273611,352.8224319340367,1.511152815813483,14.863384579654795,9.933332574015054,NORMAL
09:55:45,,,step_12,더미게이트_식각,IDLE,1497.9867871273611,352.8224319340367,1.511152815813483,14.863384579654795,9.933332574015054,NORMAL
09:55:50,,,step_12,더미게이트_식각,IDLE,1497.9867871273611,352.8224319340367,1.511152815813483,14.863384579654795,9.933332574015054,NORMAL
09:55:55,,,step_12,더미게이트_식각,IDLE,1497.9867871273611,352.8224319340367,1.511152815813483,14.863384579654795,9.933332574015054,NORMAL
09:56:00,,,step_12,더미게이트_식각,IDLE,1497.9867871273611,352.8224319340367,1.511152815813483,14.863384579654795,9.933332574015054,NORMAL
09:56:05,,,step_12,더미게이트_식각,IDLE,1497.9867871273611,352.8224319340367,1.511152815813483,14.863384579654795,9.933332574015054,NORMAL
09:56:10,,,step_12,더미게이트_식각,IDLE,1497.9867871273611,352.8224319340367,1.511152815813483,14.863384579654795,9.933332574015054,NORMAL
09:56:15,,,step_12,더미게이트_식각,IDLE,1497.9867871273611,352.8224319340367,1.511152815813483,14.863384579654795,9.933332574015054,NORMAL
09:56:20,,,step_12,더미게이트_식각,IDLE,1497.9867871273611,352.8224319340367,1.511152815813483,14.863384579654795,9.933332574015054,NORMAL
09:56:25,,,step_12,더미게이트_식각,IDLE,1497.9867871273611,352.8224319340367,1.511152815813483,14.863384579654795,9.933332574015054,NORMAL
09:56:30,,,step_12,더미게이트_식각,IDLE,1497.9867871273611,352.8224319340367,1.511152815813483,14.863384579654795,9.933332574015054,NORMAL
09:56:35,,,step_12,더미게이트_식각,IDLE,1497.9867871273611,352.8224319340367,1.511152815813483,14.863384579654795,9.933332574015054,NORMAL
09:56:40,,,step_12,더미게이트_식각,IDLE,1497.9867871273611,352.8224319340367,1.511152815813483,14.863384579654795,9.933332574015054,NORMAL
09:56:45,,,step_12,더미게이트_식각,IDLE,1497.9867871273611,352.8224319340367,1.511152815813483,14.863384579654795,9.933332574015054,NORMAL
09:56:50,,,step_12,더미게이트_식각,IDLE,1497.9867871273611,352.8224319340367,1.511152815813483,14.863384579654795,9.933332574015054,NORMAL
09:56:55,,,step_12,더미게이트_식각,IDLE,1497.9867871273611,352.8224319340367,1.511152815813483,14.863384579654795,9.933332574015054,NORMAL
09:57:00,,,step_12,더미게이트_식각,IDLE,1497.9867871273611,352.8224319340367,1.511152815813483,14.863384579654795,9.933332574015054,NORMAL
09:57:05,,,step_12,더미게이트_식각,IDLE,1497.9867871273611,352.8224319340367,1.511152815813483,14.863384579654795,9.933332574015054,NORMAL
09:57:10,,,step_12,더미게이트_식각,IDLE,1497.9867871273611,352.8224319340367,1.511152815813483,14.863384579654795,9.933332574015054,NORMAL
09:57:15,,,step_12,더미게이트_식각,IDLE,1497.9867871273611,352.8224319340367,1.511152815813483,14.863384579654795,9.933332574015054,NORMAL
09:57:20,,,step_12,더미게이트_식각,IDLE,1497.9867871273611,352.8224319340367,1.511152815813483,14.863384579654795,9.933332574015054,NORMAL
09:57:25,,,step_12,더미게이트_식각,IDLE,1497.9867871273611,352.8224319340367,1.511152815813483,14.863384579654795,9.933332574015054,NORMAL
09:57:30,,,step_12,더미게이트_식각,IDLE,1497.9867871273611,352.8224319340367,1.511152815813483,14.863384579654795,9.933332574015054,NORMAL
09:57:35,,,step_12,더미게이트_식각,IDLE,1497.9867871273611,352.8224319340367,1.511152815813483,14.863384579654795,9.933332574015054,NORMAL
09:57:40,,,step_12,더미게이트_식각,IDLE,1497.9867871273611,352.8224319340367,1.511152815813483,14.863384579654795,9.933332574015054,NORMAL
09:57:45,,,step_12,더미게이트_식각,IDLE,1497.9867871273611,352.8224319340367,1.511152815813483,14.863384579654795,9.933332574015054,NORMAL
09:57:50,,,step_12,더미게이트_식각,IDLE,1497.9867871273611,352.8224319340367,1.511152815813483,14.863384579654795,9.933332574015054,NORMAL
09:57:55,,,step_12,더미게이트_식각,IDLE,1497.9867871273611,352.8224319340367,1.511152815813483,14.863384579654795,9.933332574015054,NORMAL
09:58:00,,,step_12,더미게이트_식각,IDLE,1497.9867871273611,352.8224319340367,1.511152815813483,14.863384579654795,9.933332574015054,NORMAL
09:58:05,,,step_12,더미게이트_식각,IDLE,1497.9867871273611,352.8224319340367,1.511152815813483,14.863384579654795,9.933332574015054,NORMAL
09:58:10,,,step_12,더미게이트_식각,IDLE,1497.9867871273611,352.8224319340367,1.511152815813483,14.863384579654795,9.933332574015054,NORMAL
09:58:15,,,step_12,더미게이트_식각,IDLE,1497.9867871273611,352.8224319340367,1.511152815813483,14.863384579654795,9.933332574015054,NORMAL
09:58:20,,,step_12,더미게이트_식각,IDLE,1497.9867871273611,352.8224319340367,1.511152815813483,14.863384579654795,9.933332574015054,NORMAL
09:58:25,,,step_12,더미게이트_식각,IDLE,1497.9867871273611,352.8224319340367,1.511152815813483,14.863384579654795,9.933332574015054,NORMAL
09:58:30,,,step_12,더미게이트_식각,IDLE,1497.9867871273611,352.8224319340367,1.511152815813483,14.863384579654795,9.933332574015054,NORMAL
09:58:35,,,step_12,더미게이트_식각,IDLE,1497.9867871273611,352.8224319340367,1.511152815813483,14.863384579654795,9.933332574015054,NORMAL
09:58:40,,,step_12,더미게이트_식각,IDLE,1497.9867871273611,352.8224319340367,1.511152815813483,14.863384579654795,9.933332574015054,NORMAL
09:58:45,,,step_12,더미게이트_식각,IDLE,1497.9867871273611,352.8224319340367,1.511152815813483,14.863384579654795,9.933332574015054,NORMAL
09:58:50,,,step_12,더미게이트_식각,IDLE,1497.9867871273611,352.8224319340367,1.511152815813483,14.863384579654795,9.933332574015054,NORMAL
09:58:55,,,step_12,더미게이트_식각,IDLE,1497.9867871273611,352.8224319340367,1.511152815813483,14.863384579654795,9.933332574015054,NORMAL
09:59:00,,,step_12,더미게이트_식각,IDLE,1497.9867871273611,352.8224319340367,1.511152815813483,14.863384579654795,9.933332574015054,NORMAL
09:59:05,,,step_12,더미게이트_식각,IDLE,1497.9867871273611,352.8224319340367,1.511152815813483,14.863384579654795,9.933332574015054,NORMAL
09:59:10,,,step_12,더미게이트_식각,IDLE,1497.9867871273611,352.8224319340367,1.511152815813483,14.863384579654795,9.933332574015054,NORMAL
09:59:15,,,step_12,더미게이트_식각,IDLE,1497.9867871273611,352.8224319340367,1.511152815813483,14.863384579654795,9.933332574015054,NORMAL
09:59:20,,,step_12,더미게이트_식각,IDLE,1497.9867871273611,352.8224319340367,1.511152815813483,14.863384579654795,9.933332574015054,NORMAL
09:59:25,,,step_12,더미게이트_식각,IDLE,1497.9867871273611,352.8224319340367,1.511152815813483,14.863384579654795,9.933332574015054,NORMAL
09:59:30,,,step_12,더미게이트_식각,IDLE,1497.9867871273611,352.8224319340367,1.511152815813483,14.863384579654795,9.933332574015054,NORMAL
09:59:35,,,step_12,더미게이트_식각,IDLE,1497.9867871273611,352.8224319340367,1.511152815813483,14.863384579654795,9.933332574015054,NORMAL
09:59:40,,,step_12,더미게이트_식각,IDLE,1497.9867871273611,352.8224319340367,1.511152815813483,14.863384579654795,9.933332574015054,NORMAL
09:59:45,,,step_12,더미게이트_식각,IDLE,1497.9867871273611,352.8224319340367,1.511152815813483,14.863384579654795,9.933332574015054,NORMAL
09:59:50,,,step_12,더미게이트_식각,IDLE,1497.9867871273611,352.8224319340367,1.511152815813483,14.863384579654795,9.933332574015054,NORMAL
09:59:55,,,step_12,더미게이트_식각,IDLE,1497.9867871273611,352.8224319340367,1.511152815813483,14.863384579654795,9.933332574015054,NORMAL
10:00:00,,,step_12,더미게이트_식각,IDLE,1497.9867871273611,352.8224319340367,1.511152815813483,14.863384579654795,9.933332574015054,NORMAL
10:00:05,,,step_12,더미게이트_식각,IDLE,1497.9867871273611,352.8224319340367,1.511152815813483,14.863384579654795,9.933332574015054,NORMAL
10:00:10,,,step_12,더미게이트_식각,IDLE,1497.9867871273611,352.8224319340367,1.511152815813483,14.863384579654795,9.933332574015054,NORMAL
10:00:15,,,step_12,더미게이트_식각,IDLE,1497.9867871273611,352.8224319340367,1.511152815813483,14.863384579654795,9.933332574015054,NORMAL
10:00:20,,,step_12,더미게이트_식각,IDLE,1497.9867871273611,352.8224319340367,1.511152815813483,14.863384579654795,9.933332574015054,NORMAL
10:00:25,,,step_12,더미게이트_식각,IDLE,1497.9867871273611,352.8224319340367,1.511152815813483,14.863384579654795,9.933332574015054,NORMAL
10:00:30,,,step_12,더미게이트_식각,IDLE,1497.9867871273611,352.8224319340367,1.511152815813483,14.863384579654795,9.933332574015054,NORMAL
10:00:35,,,step_12,더미게이트_식각,IDLE,1497.9867871273611,352.8224319340367,1.511152815813483,14.863384579654795,9.933332574015054,NORMAL
10:00:40,,,step_12,더미게이트_식각,IDLE,1497.9867871273611,352.8224319340367,1.511152815813483,14.863384579654795,9.933332574015054,NORMAL
10:00:45,,,step_12,더미게이트_식각,IDLE,1497.9867871273611,352.8224319340367,1.511152815813483,14.863384579654795,9.933332574015054,NORMAL
10:00:50,,,step_12,더미게이트_식각,IDLE,1497.9867871273611,352.8224319340367,1.511152815813483,14.863384579654795,9.933332574015054,NORMAL
10:00:55,,,step_12,더미게이트_식각,IDLE,1497.9867871273611,352.8224319340367,1.511152815813483,14.863384579654795,9.933332574015054,NORMAL
10:01:00,,,step_12,더미게이트_식각,IDLE,1497.9867871273611,352.8224319340367,1.511152815813483,14.863384579654795,9.933332574015054,NORMAL
10:01:05,,,step_12,더미게이트_식각,IDLE,1497.9867871273611,352.8224319340367,1.511152815813483,14.863384579654795,9.933332574015054,NORMAL
10:01:10,,,step_12,더미게이트_식각,IDLE,1497.9867871273611,352.8224319340367,1.511152815813483,14.863384579654795,9.933332574015054,NORMAL
10:01:15,,,step_12,더미게이트_식각,IDLE,1497.9867871273611,352.8224319340367,1.511152815813483,14.863384579654795,9.933332574015054,NORMAL
10:01:20,,,step_12,더미게이트_식각,IDLE,1497.9867871273611,352.8224319340367,1.511152815813483,14.863384579654795,9.933332574015054,NORMAL
10:01:25,,,step_12,더미게이트_식각,IDLE,1497.9867871273611,352.8224319340367,1.511152815813483,14.863384579654795,9.933332574015054,NORMAL
10:01:30,,,step_12,더미게이트_식각,IDLE,1497.9867871273611,352.8224319340367,1.511152815813483,14.863384579654795,9.933332574015054,NORMAL
10:01:35,,,step_12,더미게이트_식각,IDLE,1497.9867871273611,352.8224319340367,1.511152815813483,14.863384579654795,9.933332574015054,NORMAL
10:01:40,,,step_12,더미게이트_식각,IDLE,1497.9867871273611,352.8224319340367,1.511152815813483,14.863384579654795,9.933332574015054,NORMAL
10:01:45,,,step_12,더미게이트_식각,IDLE,1497.9867871273611,352.8224319340367,1.511152815813483,14.863384579654795,9.933332574015054,NORMAL
10:01:50,,,step_12,더미게이트_식각,IDLE,1497.9867871273611,352.8224319340367,1.511152815813483,14.863384579654795,9.933332574015054,NORMAL
10:01:55,,,step_12,더미게이트_식각,IDLE,1497.9867871273611,352.8224319340367,1.511152815813483,14.863384579654795,9.933332574015054,NORMAL
10:02:00,,,step_12,더미게이트_식각,IDLE,1497.9867871273611,352.8224319340367,1.511152815813483,14.863384579654795,9.933332574015054,NORMAL
10:02:05,,,step_12,더미게이트_식각,IDLE,1497.9867871273611,352.8224319340367,1.511152815813483,14.863384579654795,9.933332574015054,NORMAL
10:02:10,,,step_12,더미게이트_식각,IDLE,1497.9867871273611,352.8224319340367,1.511152815813483,14.863384579654795,9.933332574015054,NORMAL
10:02:15,,,step_12,더미게이트_식각,IDLE,1497.9867871273611,352.8224319340367,1.511152815813483,14.863384579654795,9.933332574015054,NORMAL
10:02:20,,,step_12,더미게이트_식각,IDLE,1497.9867871273611,352.8224319340367,1.511152815813483,14.863384579654795,9.933332574015054,NORMAL
10:02:25,,,step_12,더미게이트_식각,IDLE,1497.9867871273611,352.8224319340367,1.511152815813483,14.863384579654795,9.933332574015054,NORMAL
10:02:30,,,step_12,더미게이트_식각,IDLE,1497.9867871273611,352.8224319340367,1.511152815813483,14.863384579654795,9.933332574015054,NORMAL
10:02:35,,,step_12,더미게이트_식각,IDLE,1497.9867871273611,352.8224319340367,1.511152815813483,14.863384579654795,9.933332574015054,NORMAL
10:02:40,,,step_12,더미게이트_식각,IDLE,1497.9867871273611,352.8224319340367,1.511152815813483,14.863384579654795,9.933332574015054,NORMAL
10:02:45,,,step_12,더미게이트_식각,IDLE,1497.9867871273611,352.8224319340367,1.511152815813483,14.863384579654795,9.933332574015054,NORMAL
10:02:50,,,step_12,더미게이트_식각,IDLE,1497.9867871273611,352.8224319340367,1.511152815813483,14.863384579654795,9.933332574015054,NORMAL
10:02:55,,,step_12,더미게이트_식각,IDLE,1497.9867871273611,352.8224319340367,1.511152815813483,14.863384579654795,9.933332574015054,NORMAL
10:03:00,,,step_12,더미게이트_식각,IDLE,1497.9867871273611,352.8224319340367,1.511152815813483,14.863384579654795,9.933332574015054,NORMAL
10:03:05,,,step_12,더미게이트_식각,IDLE,1497.9867871273611,352.8224319340367,1.511152815813483,14.863384579654795,9.933332574015054,NORMAL
10:03:10,,,step_12,더미게이트_식각,IDLE,1497.9867871273611,352.8224319340367,1.511152815813483,14.863384579654795,9.933332574015054,NORMAL
10:03:15,,,step_12,더미게이트_식각,IDLE,1497.9867871273611,352.8224319340367,1.511152815813483,14.863384579654795,9.933332574015054,NORMAL
10:03:20,,,step_12,더미게이트_식각,IDLE,1497.9867871273611,352.8224319340367,1.511152815813483,14.863384579654795,9.933332574015054,NORMAL
10:03:25,,,step_12,더미게이트_식각,IDLE,1497.9867871273611,352.8224319340367,1.511152815813483,14.863384579654795,9.933332574015054,NORMAL
10:03:30,,,step_12,더미게이트_식각,IDLE,1497.9867871273611,352.8224319340367,1.511152815813483,14.863384579654795,9.933332574015054,NORMAL
10:03:35,,,step_12,더미게이트_식각,IDLE,1497.9867871273611,352.8224319340367,1.511152815813483,14.863384579654795,9.933332574015054,NORMAL
10:03:40,,,step_12,더미게이트_식각,IDLE,1497.9867871273611,352.8224319340367,1.511152815813483,14.863384579654795,9.933332574015054,NORMAL
10:03:45,,,step_12,더미게이트_식각,IDLE,1497.9867871273611,352.8224319340367,1.511152815813483,14.863384579654795,9.933332574015054,NORMAL
10:03:50,,,step_12,더미게이트_식각,IDLE,1497.9867871273611,352.8224319340367,1.511152815813483,14.863384579654795,9.933332574015054,NORMAL
10:03:55,,,step_12,더미게이트_식각,IDLE,1497.9867871273611,352.8224319340367,1.511152815813483,14.863384579654795,9.933332574015054,NORMAL
10:04:00,,,step_12,더미게이트_식각,IDLE,1497.9867871273611,352.8224319340367,1.511152815813483,14.863384579654795,9.933332574015054,NORMAL
10:04:05,,,step_12,더미게이트_식각,IDLE,1497.9867871273611,352.8224319340367,1.511152815813483,14.863384579654795,9.933332574015054,NORMAL
10:04:10,,,step_12,더미게이트_식각,IDLE,1497.9867871273611,352.8224319340367,1.511152815813483,14.863384579654795,9.933332574015054,NORMAL
10:04:15,,,step_12,더미게이트_식각,IDLE,1497.9867871273611,352.8224319340367,1.511152815813483,14.863384579654795,9.933332574015054,NORMAL
10:04:20,,,step_12,더미게이트_식각,IDLE,1497.9867871273611,352.8224319340367,1.511152815813483,14.863384579654795,9.933332574015054,NORMAL
10:04:25,,,step_12,더미게이트_식각,IDLE,1497.9867871273611,352.8224319340367,1.511152815813483,14.863384579654795,9.933332574015054,NORMAL
10:04:30,,,step_12,더미게이트_식각,IDLE,1497.9867871273611,352.8224319340367,1.511152815813483,14.863384579654795,9.933332574015054,NORMAL
10:04:35,,,step_12,더미게이트_식각,IDLE,1497.9867871273611,352.8224319340367,1.511152815813483,14.863384579654795,9.933332574015054,NORMAL
10:04:40,,,step_12,더미게이트_식각,IDLE,1497.9867871273611,352.8224319340367,1.511152815813483,14.863384579654795,9.933332574015054,NORMAL
10:04:45,,,step_12,더미게이트_식각,IDLE,1497.9867871273611,352.8224319340367,1.511152815813483,14.863384579654795,9.933332574015054,NORMAL
10:04:50,,,step_12,더미게이트_식각,IDLE,1497.9867871273611,352.8224319340367,1.511152815813483,14.863384579654795,9.933332574015054,NORMAL
10:04:55,,,step_12,더미게이트_식각,IDLE,1497.9867871273611,352.8224319340367,1.511152815813483,14.863384579654795,9.933332574015054,NORMAL
10:05:00,,,step_12,더미게이트_식각,IDLE,1497.9867871273611,352.8224319340367,1.511152815813483,14.863384579654795,9.933332574015054,NORMAL
10:05:05,,,step_12,더미게이트_식각,IDLE,1497.9867871273611,352.8224319340367,1.511152815813483,14.863384579654795,9.933332574015054,NORMAL
10:05:10,,,step_12,더미게이트_식각,IDLE,1497.9867871273611,352.8224319340367,1.511152815813483,14.863384579654795,9.933332574015054,NORMAL
10:05:15,,,step_12,더미게이트_식각,IDLE,1497.9867871273611,352.8224319340367,1.511152815813483,14.863384579654795,9.933332574015054,NORMAL
10:05:20,,,step_12,더미게이트_식각,IDLE,1497.9867871273611,352.8224319340367,1.511152815813483,14.863384579654795,9.933332574015054,NORMAL
10:05:25,,,step_12,더미게이트_식각,IDLE,1497.9867871273611,352.8224319340367,1.511152815813483,14.863384579654795,9.933332574015054,NORMAL
10:05:30,,,step_12,더미게이트_식각,IDLE,1497.9867871273611,352.8224319340367,1.511152815813483,14.863384579654795,9.933332574015054,NORMAL
10:05:35,,,step_12,더미게이트_식각,IDLE,1497.9867871273611,352.8224319340367,1.511152815813483,14.863384579654795,9.933332574015054,NORMAL
10:05:40,,,step_12,더미게이트_식각,IDLE,1497.9867871273611,352.8224319340367,1.511152815813483,14.863384579654795,9.933332574015054,NORMAL
10:05:45,,,step_12,더미게이트_식각,IDLE,1497.9867871273611,352.8224319340367,1.511152815813483,14.863384579654795,9.933332574015054,NORMAL
10:05:50,,,step_12,더미게이트_식각,IDLE,1497.9867871273611,352.8224319340367,1.511152815813483,14.863384579654795,9.933332574015054,NORMAL
10:05:55,,,step_12,더미게이트_식각,IDLE,1497.9867871273611,352.8224319340367,1.511152815813483,14.863384579654795,9.933332574015054,NORMAL
10:06:00,,,step_12,더미게이트_식각,IDLE,1497.9867871273611,352.8224319340367,1.511152815813483,14.863384579654795,9.933332574015054,NORMAL
10:06:05,,,step_12,더미게이트_식각,IDLE,1497.9867871273611,352.8224319340367,1.511152815813483,14.863384579654795,9.933332574015054,NORMAL
10:06:10,,,step_12,더미게이트_식각,IDLE,1497.9867871273611,352.8224319340367,1.511152815813483,14.863384579654795,9.933332574015054,NORMAL
10:06:15,,,step_12,더미게이트_식각,IDLE,1497.9867871273611,352.8224319340367,1.511152815813483,14.863384579654795,9.933332574015054,NORMAL
10:06:20,,,step_12,더미게이트_식각,IDLE,1497.9867871273611,352.8224319340367,1.511152815813483,14.863384579654795,9.933332574015054,NORMAL
10:06:25,,,step_12,더미게이트_식각,IDLE,1497.9867871273611,352.8224319340367,1.511152815813483,14.863384579654795,9.933332574015054,NORMAL
10:06:30,,,step_12,더미게이트_식각,IDLE,1497.9867871273611,352.8224319340367,1.511152815813483,14.863384579654795,9.933332574015054,NORMAL
10:06:35,,,step_12,더미게이트_식각,IDLE,1497.9867871273611,352.8224319340367,1.511152815813483,14.863384579654795,9.933332574015054,NORMAL
10:06:40,,,step_12,더미게이트_식각,IDLE,1497.9867871273611,352.8224319340367,1.511152815813483,14.863384579654795,9.933332574015054,NORMAL
10:06:45,,,step_12,더미게이트_식각,IDLE,1497.9867871273611,352.8224319340367,1.511152815813483,14.863384579654795,9.933332574015054,NORMAL
10:06:50,,,step_12,더미게이트_식각,IDLE,1497.9867871273611,352.8224319340367,1.511152815813483,14.863384579654795,9.933332574015054,NORMAL
10:06:55,,,step_12,더미게이트_식각,IDLE,1497.9867871273611,352.8224319340367,1.511152815813483,14.863384579654795,9.933332574015054,NORMAL
10:07:00,,,step_12,더미게이트_식각,IDLE,1497.9867871273611,352.8224319340367,1.511152815813483,14.863384579654795,9.933332574015054,NORMAL
10:07:05,,,step_12,더미게이트_식각,IDLE,1497.9867871273611,352.8224319340367,1.511152815813483,14.863384579654795,9.933332574015054,NORMAL
10:07:10,,,step_12,더미게이트_식각,IDLE,1497.9867871273611,352.8224319340367,1.511152815813483,14.863384579654795,9.933332574015054,NORMAL
10:07:15,,,step_12,더미게이트_식각,IDLE,1497.9867871273611,352.8224319340367,1.511152815813483,14.863384579654795,9.933332574015054,NORMAL
10:07:20,,,step_12,더미게이트_식각,IDLE,1497.9867871273611,352.8224319340367,1.511152815813483,14.863384579654795,9.933332574015054,NORMAL
10:07:25,,,step_12,더미게이트_식각,IDLE,1497.9867871273611,352.8224319340367,1.511152815813483,14.863384579654795,9.933332574015054,NORMAL
10:07:30,,,step_12,더미게이트_식각,IDLE,1497.9867871273611,352.8224319340367,1.511152815813483,14.863384579654795,9.933332574015054,NORMAL
10:07:35,,,step_12,더미게이트_식각,IDLE,1497.9867871273611,352.8224319340367,1.511152815813483,14.863384579654795,9.933332574015054,NORMAL
10:07:40,,,step_12,더미게이트_식각,IDLE,1497.9867871273611,352.8224319340367,1.511152815813483,14.863384579654795,9.933332574015054,NORMAL
10:07:45,,,step_12,더미게이트_식각,IDLE,1497.9867871273611,352.8224319340367,1.511152815813483,14.863384579654795,9.933332574015054,NORMAL
10:07:50,,,step_12,더미게이트_식각,IDLE,1497.9867871273611,352.8224319340367,1.511152815813483,14.863384579654795,9.933332574015054,NORMAL
10:07:55,,,step_12,더미게이트_식각,IDLE,1497.9867871273611,352.8224319340367,1.511152815813483,14.863384579654795,9.933332574015054,NORMAL
10:08:00,,,step_12,더미게이트_식각,IDLE,1497.9867871273611,352.8224319340367,1.511152815813483,14.863384579654795,9.933332574015054,NORMAL
10:08:05,,,step_12,더미게이트_식각,IDLE,1497.9867871273611,352.8224319340367,1.511152815813483,14.863384579654795,9.933332574015054,NORMAL
10:08:10,,,step_12,더미게이트_식각,IDLE,1497.9867871273611,352.8224319340367,1.511152815813483,14.863384579654795,9.933332574015054,NORMAL
10:08:15,,,step_12,더미게이트_식각,IDLE,1497.9867871273611,352.8224319340367,1.511152815813483,14.863384579654795,9.933332574015054,NORMAL
10:08:20,,,step_12,더미게이트_식각,IDLE,1497.9867871273611,352.8224319340367,1.511152815813483,14.863384579654795,9.933332574015054,NORMAL
10:08:25,,,step_12,더미게이트_식각,IDLE,1497.9867871273611,352.8224319340367,1.511152815813483,14.863384579654795,9.933332574015054,NORMAL
10:08:30,,,step_12,더미게이트_식각,IDLE,1497.9867871273611,352.8224319340367,1.511152815813483,14.863384579654795,9.933332574015054,NORMAL
10:08:35,,,step_12,더미게이트_식각,IDLE,1497.9867871273611,352.8224319340367,1.511152815813483,14.863384579654795,9.933332574015054,NORMAL
10:08:40,,,step_12,더미게이트_식각,IDLE,1497.9867871273611,352.8224319340367,1.511152815813483,14.863384579654795,9.933332574015054,NORMAL
10:08:45,,,step_12,더미게이트_식각,IDLE,1497.9867871273611,352.8224319340367,1.511152815813483,14.863384579654795,9.933332574015054,NORMAL
10:08:50,,,step_12,더미게이트_식각,IDLE,1497.9867871273611,352.8224319340367,1.511152815813483,14.863384579654795,9.933332574015054,NORMAL
10:08:55,,,step_12,더미게이트_식각,IDLE,1497.9867871273611,352.8224319340367,1.511152815813483,14.863384579654795,9.933332574015054,NORMAL
10:09:00,,,step_12,더미게이트_식각,IDLE,1497.9867871273611,352.8224319340367,1.511152815813483,14.863384579654795,9.933332574015054,NORMAL
10:09:05,,,step_12,더미게이트_식각,IDLE,1497.9867871273611,352.8224319340367,1.511152815813483,14.863384579654795,9.933332574015054,NORMAL
10:09:10,,,step_12,더미게이트_식각,IDLE,1497.9867871273611,352.8224319340367,1.511152815813483,14.863384579654795,9.933332574015054,NORMAL
10:09:15,,,step_12,더미게이트_식각,IDLE,1497.9867871273611,352.8224319340367,1.511152815813483,14.863384579654795,9.933332574015054,NORMAL
10:09:20,,,step_12,더미게이트_식각,IDLE,1497.9867871273611,352.8224319340367,1.511152815813483,14.863384579654795,9.933332574015054,NORMAL
10:09:25,,,step_12,더미게이트_식각,IDLE,1497.9867871273611,352.8224319340367,1.511152815813483,14.863384579654795,9.933332574015054,NORMAL
10:09:30,,,step_12,더미게이트_식각,IDLE,1497.9867871273611,352.8224319340367,1.511152815813483,14.863384579654795,9.933332574015054,NORMAL
10:09:35,,,step_12,더미게이트_식각,IDLE,1497.9867871273611,352.8224319340367,1.511152815813483,14.863384579654795,9.933332574015054,NORMAL
10:09:40,,,step_12,더미게이트_식각,IDLE,1497.9867871273611,352.8224319340367,1.511152815813483,14.863384579654795,9.933332574015054,NORMAL
10:09:45,,,step_12,더미게이트_식각,IDLE,1497.9867871273611,352.8224319340367,1.511152815813483,14.863384579654795,9.933332574015054,NORMAL
10:09:50,,,step_12,더미게이트_식각,IDLE,1497.9867871273611,352.8224319340367,1.511152815813483,14.863384579654795,9.933332574015054,NORMAL
10:09:55,,,step_12,더미게이트_식각,IDLE,1497.9867871273611,352.8224319340367,1.511152815813483,14.863384579654795,9.933332574015054,NORMAL
10:10:00,,,step_12,더미게이트_식각,IDLE,1497.9867871273611,352.8224319340367,1.511152815813483,14.863384579654795,9.933332574015054,NORMAL
10:10:05,,,step_12,더미게이트_식각,IDLE,1497.9867871273611,352.8224319340367,1.511152815813483,14.863384579654795,9.933332574015054,NORMAL
10:10:10,,,step_12,더미게이트_식각,IDLE,1497.9867871273611,352.8224319340367,1.511152815813483,14.863384579654795,9.933332574015054,NORMAL
10:10:15,,,step_12,더미게이트_식각,IDLE,1497.9867871273611,352.8224319340367,1.511152815813483,14.863384579654795,9.933332574015054,NORMAL
10:10:20,,,step_12,더미게이트_식각,IDLE,1497.9867871273611,352.8224319340367,1.511152815813483,14.863384579654795,9.933332574015054,NORMAL
10:10:25,,,step_12,더미게이트_식각,IDLE,1497.9867871273611,352.8224319340367,1.511152815813483,14.863384579654795,9.933332574015054,NORMAL
10:10:30,,,step_12,더미게이트_식각,IDLE,1497.9867871273611,352.8224319340367,1.511152815813483,14.863384579654795,9.933332574015054,NORMAL
10:10:35,,,step_12,더미게이트_식각,IDLE,1497.9867871273611,352.8224319340367,1.511152815813483,14.863384579654795,9.933332574015054,NORMAL
10:10:40,,,step_12,더미게이트_식각,IDLE,1497.9867871273611,352.8224319340367,1.511152815813483,14.863384579654795,9.933332574015054,NORMAL
10:10:45,,,step_12,더미게이트_식각,IDLE,1497.9867871273611,352.8224319340367,1.511152815813483,14.863384579654795,9.933332574015054,NORMAL
10:10:50,,,step_12,더미게이트_식각,IDLE,1497.9867871273611,352.8224319340367,1.511152815813483,14.863384579654795,9.933332574015054,NORMAL
10:10:55,,,step_12,더미게이트_식각,IDLE,1497.9867871273611,352.8224319340367,1.511152815813483,14.863384579654795,9.933332574015054,NORMAL
10:11:00,,,step_12,더미게이트_식각,IDLE,1497.9867871273611,352.8224319340367,1.511152815813483,14.863384579654795,9.933332574015054,NORMAL
10:11:05,,,step_12,더미게이트_식각,IDLE,1497.9867871273611,352.8224319340367,1.511152815813483,14.863384579654795,9.933332574015054,NORMAL
10:11:10,,,step_12,더미게이트_식각,IDLE,1497.9867871273611,352.8224319340367,1.511152815813483,14.863384579654795,9.933332574015054,NORMAL
10:11:15,,,step_12,더미게이트_식각,IDLE,1497.9867871273611,352.8224319340367,1.511152815813483,14.863384579654795,9.933332574015054,NORMAL
10:11:20,,,step_12,더미게이트_식각,IDLE,1497.9867871273611,352.8224319340367,1.511152815813483,14.863384579654795,9.933332574015054,NORMAL
10:11:25,,,step_12,더미게이트_식각,IDLE,1497.9867871273611,352.8224319340367,1.511152815813483,14.863384579654795,9.933332574015054,NORMAL
10:11:30,,,step_12,더미게이트_식각,IDLE,1497.9867871273611,352.8224319340367,1.511152815813483,14.863384579654795,9.933332574015054,NORMAL
10:11:35,,,step_12,더미게이트_식각,IDLE,1497.9867871273611,352.8224319340367,1.511152815813483,14.863384579654795,9.933332574015054,NORMAL
10:11:40,,,step_12,더미게이트_식각,IDLE,1497.9867871273611,352.8224319340367,1.511152815813483,14.863384579654795,9.933332574015054,NORMAL
10:11:45,,,step_12,더미게이트_식각,IDLE,1497.9867871273611,352.8224319340367,1.511152815813483,14.863384579654795,9.933332574015054,NORMAL
10:11:50,,,step_12,더미게이트_식각,IDLE,1497.9867871273611,352.8224319340367,1.511152815813483,14.863384579654795,9.933332574015054,NORMAL
10:11:55,,,step_12,더미게이트_식각,IDLE,1497.9867871273611,352.8224319340367,1.511152815813483,14.863384579654795,9.933332574015054,NORMAL
10:12:00,,,step_12,더미게이트_식각,IDLE,1497.9867871273611,352.8224319340367,1.511152815813483,14.863384579654795,9.933332574015054,NORMAL
10:12:05,,,step_12,더미게이트_식각,IDLE,1497.9867871273611,352.8224319340367,1.511152815813483,14.863384579654795,9.933332574015054,NORMAL
10:12:10,,,step_12,더미게이트_식각,IDLE,1497.9867871273611,352.8224319340367,1.511152815813483,14.863384579654795,9.933332574015054,NORMAL
10:12:15,,,step_12,더미게이트_식각,IDLE,1497.9867871273611,352.8224319340367,1.511152815813483,14.863384579654795,9.933332574015054,NORMAL
10:12:20,,,step_12,더미게이트_식각,IDLE,1497.9867871273611,352.8224319340367,1.511152815813483,14.863384579654795,9.933332574015054,NORMAL
10:12:25,,,step_12,더미게이트_식각,IDLE,1497.9867871273611,352.8224319340367,1.511152815813483,14.863384579654795,9.933332574015054,NORMAL
10:12:30,,,step_12,더미게이트_식각,IDLE,1497.9867871273611,352.8224319340367,1.511152815813483,14.863384579654795,9.933332574015054,NORMAL
10:12:35,,,step_12,더미게이트_식각,IDLE,1497.9867871273611,352.8224319340367,1.511152815813483,14.863384579654795,9.933332574015054,NORMAL
10:12:40,,,step_12,더미게이트_식각,IDLE,1497.9867871273611,352.8224319340367,1.511152815813483,14.863384579654795,9.933332574015054,NORMAL
10:12:45,,,step_12,더미게이트_식각,IDLE,1497.9867871273611,352.8224319340367,1.511152815813483,14.863384579654795,9.933332574015054,NORMAL
10:12:50,,,step_12,더미게이트_식각,IDLE,1497.9867871273611,352.8224319340367,1.511152815813483,14.863384579654795,9.933332574015054,NORMAL
10:12:55,,,step_12,더미게이트_식각,IDLE,1497.9867871273611,352.8224319340367,1.511152815813483,14.863384579654795,9.933332574015054,NORMAL
10:13:00,,,step_12,더미게이트_식각,IDLE,1497.9867871273611,352.8224319340367,1.511152815813483,14.863384579654795,9.933332574015054,NORMAL
10:13:05,,,step_12,더미게이트_식각,IDLE,1497.9867871273611,352.8224319340367,1.511152815813483,14.863384579654795,9.933332574015054,NORMAL
10:13:10,,,step_12,더미게이트_식각,IDLE,1497.9867871273611,352.8224319340367,1.511152815813483,14.863384579654795,9.933332574015054,NORMAL
10:13:15,,,step_12,더미게이트_식각,IDLE,1497.9867871273611,352.8224319340367,1.511152815813483,14.863384579654795,9.933332574015054,NORMAL
10:13:20,,,step_12,더미게이트_식각,IDLE,1497.9867871273611,352.8224319340367,1.511152815813483,14.863384579654795,9.933332574015054,NORMAL
10:13:25,,,step_12,더미게이트_식각,IDLE,1497.9867871273611,352.8224319340367,1.511152815813483,14.863384579654795,9.933332574015054,NORMAL
10:13:30,,,step_12,더미게이트_식각,IDLE,1497.9867871273611,352.8224319340367,1.511152815813483,14.863384579654795,9.933332574015054,NORMAL
10:13:35,,,step_12,더미게이트_식각,IDLE,1497.9867871273611,352.8224319340367,1.511152815813483,14.863384579654795,9.933332574015054,NORMAL
10:13:40,,,step_12,더미게이트_식각,IDLE,1497.9867871273611,352.8224319340367,1.511152815813483,14.863384579654795,9.933332574015054,NORMAL
10:13:45,,,step_12,더미게이트_식각,IDLE,1497.9867871273611,352.8224319340367,1.511152815813483,14.863384579654795,9.933332574015054,NORMAL
10:13:50,,,step_12,더미게이트_식각,IDLE,1497.9867871273611,352.8224319340367,1.511152815813483,14.863384579654795,9.933332574015054,NORMAL
10:13:55,,,step_12,더미게이트_식각,IDLE,1497.9867871273611,352.8224319340367,1.511152815813483,14.863384579654795,9.933332574015054,NORMAL
10:14:00,,,step_12,더미게이트_식각,IDLE,1497.9867871273611,352.8224319340367,1.511152815813483,14.863384579654795,9.933332574015054,NORMAL
10:14:05,,,step_12,더미게이트_식각,IDLE,1497.9867871273611,352.8224319340367,1.511152815813483,14.863384579654795,9.933332574015054,NORMAL
10:14:10,,,step_12,더미게이트_식각,IDLE,1497.9867871273611,352.8224319340367,1.511152815813483,14.863384579654795,9.933332574015054,NORMAL
10:14:15,,,step_12,더미게이트_식각,IDLE,1497.9867871273611,352.8224319340367,1.511152815813483,14.863384579654795,9.933332574015054,NORMAL
10:14:20,,,step_12,더미게이트_식각,IDLE,1497.9867871273611,352.8224319340367,1.511152815813483,14.863384579654795,9.933332574015054,NORMAL
10:14:25,,,step_12,더미게이트_식각,IDLE,1497.9867871273611,352.8224319340367,1.511152815813483,14.863384579654795,9.933332574015054,NORMAL
10:14:30,,,step_12,더미게이트_식각,IDLE,1497.9867871273611,352.8224319340367,1.511152815813483,14.863384579654795,9.933332574015054,NORMAL
10:14:35,,,step_12,더미게이트_식각,IDLE,1497.9867871273611,352.8224319340367,1.511152815813483,14.863384579654795,9.933332574015054,NORMAL
10:14:40,,,step_12,더미게이트_식각,IDLE,1497.9867871273611,352.8224319340367,1.511152815813483,14.863384579654795,9.933332574015054,NORMAL
10:14:45,,,step_12,더미게이트_식각,IDLE,1497.9867871273611,352.8224319340367,1.511152815813483,14.863384579654795,9.933332574015054,NORMAL
10:14:50,,,step_12,더미게이트_식각,IDLE,1497.9867871273611,352.8224319340367,1.511152815813483,14.863384579654795,9.933332574015054,NORMAL
10:14:55,,,step_12,더미게이트_식각,IDLE,1497.9867871273611,352.8224319340367,1.511152815813483,14.863384579654795,9.933332574015054,NORMAL
10:15:00,,,step_12,더미게이트_식각,IDLE,1497.9867871273611,352.8224319340367,1.511152815813483,14.863384579654795,9.933332574015054,NORMAL
10:15:05,,,step_12,더미게이트_식각,IDLE,1497.9867871273611,352.8224319340367,1.511152815813483,14.863384579654795,9.933332574015054,NORMAL
10:15:10,,,step_12,더미게이트_식각,IDLE,1497.9867871273611,352.8224319340367,1.511152815813483,14.863384579654795,9.933332574015054,NORMAL
10:15:15,,,step_12,더미게이트_식각,IDLE,1497.9867871273611,352.8224319340367,1.511152815813483,14.863384579654795,9.933332574015054,NORMAL
10:15:20,,,step_12,더미게이트_식각,IDLE,1497.9867871273611,352.8224319340367,1.511152815813483,14.863384579654795,9.933332574015054,NORMAL
10:15:25,,,step_12,더미게이트_식각,IDLE,1497.9867871273611,352.8224319340367,1.511152815813483,14.863384579654795,9.933332574015054,NORMAL
10:15:30,,,step_12,더미게이트_식각,IDLE,1497.9867871273611,352.8224319340367,1.511152815813483,14.863384579654795,9.933332574015054,NORMAL
10:15:35,,,step_12,더미게이트_식각,IDLE,1497.9867871273611,352.8224319340367,1.511152815813483,14.863384579654795,9.933332574015054,NORMAL
10:15:40,,,step_12,더미게이트_식각,IDLE,1497.9867871273611,352.8224319340367,1.511152815813483,14.863384579654795,9.933332574015054,NORMAL
10:15:45,,,step_12,더미게이트_식각,IDLE,1497.9867871273611,352.8224319340367,1.511152815813483,14.863384579654795,9.933332574015054,NORMAL
10:15:50,,,step_12,더미게이트_식각,IDLE,1497.9867871273611,352.8224319340367,1.511152815813483,14.863384579654795,9.933332574015054,NORMAL
10:15:55,,,step_12,더미게이트_식각,IDLE,1497.9867871273611,352.8224319340367,1.511152815813483,14.863384579654795,9.933332574015054,NORMAL
10:16:00,,,step_12,더미게이트_식각,IDLE,1497.9867871273611,352.8224319340367,1.511152815813483,14.863384579654795,9.933332574015054,NORMAL
10:16:05,,,step_12,더미게이트_식각,IDLE,1497.9867871273611,352.8224319340367,1.511152815813483,14.863384579654795,9.933332574015054,NORMAL
10:16:10,,,step_12,더미게이트_식각,IDLE,1497.9867871273611,352.8224319340367,1.511152815813483,14.863384579654795,9.933332574015054,NORMAL
10:16:15,,,step_12,더미게이트_식각,IDLE,1497.9867871273611,352.8224319340367,1.511152815813483,14.863384579654795,9.933332574015054,NORMAL
10:16:20,,,step_12,더미게이트_식각,IDLE,1497.9867871273611,352.8224319340367,1.511152815813483,14.863384579654795,9.933332574015054,NORMAL
10:16:25,,,step_12,더미게이트_식각,IDLE,1497.9867871273611,352.8224319340367,1.511152815813483,14.863384579654795,9.933332574015054,NORMAL
10:16:30,,,step_12,더미게이트_식각,IDLE,1497.9867871273611,352.8224319340367,1.511152815813483,14.863384579654795,9.933332574015054,NORMAL
10:16:35,,,step_12,더미게이트_식각,IDLE,1497.9867871273611,352.8224319340367,1.511152815813483,14.863384579654795,9.933332574015054,NORMAL
10:16:40,,,step_12,더미게이트_식각,IDLE,1497.9867871273611,352.8224319340367,1.511152815813483,14.863384579654795,9.933332574015054,NORMAL
10:16:45,,,step_12,더미게이트_식각,IDLE,1497.9867871273611,352.8224319340367,1.511152815813483,14.863384579654795,9.933332574015054,NORMAL
10:16:50,,,step_12,더미게이트_식각,IDLE,1497.9867871273611,352.8224319340367,1.511152815813483,14.863384579654795,9.933332574015054,NORMAL
10:16:55,,,step_12,더미게이트_식각,IDLE,1497.9867871273611,352.8224319340367,1.511152815813483,14.863384579654795,9.933332574015054,NORMAL
10:17:00,,,step_12,더미게이트_식각,IDLE,1497.9867871273611,352.8224319340367,1.511152815813483,14.863384579654795,9.933332574015054,NORMAL
10:17:05,,,step_12,더미게이트_식각,IDLE,1497.9867871273611,352.8224319340367,1.511152815813483,14.863384579654795,9.933332574015054,NORMAL
10:17:10,,,step_12,더미게이트_식각,IDLE,1497.9867871273611,352.8224319340367,1.511152815813483,14.863384579654795,9.933332574015054,NORMAL
10:17:15,,,step_12,더미게이트_식각,IDLE,1497.9867871273611,352.8224319340367,1.511152815813483,14.863384579654795,9.933332574015054,NORMAL
10:17:20,,,step_12,더미게이트_식각,IDLE,1497.9867871273611,352.8224319340367,1.511152815813483,14.863384579654795,9.933332574015054,NORMAL
10:17:25,,,step_12,더미게이트_식각,IDLE,1497.9867871273611,352.8224319340367,1.511152815813483,14.863384579654795,9.933332574015054,NORMAL
10:17:30,,,step_12,더미게이트_식각,IDLE,1497.9867871273611,352.8224319340367,1.511152815813483,14.863384579654795,9.933332574015054,NORMAL
10:17:35,,,step_12,더미게이트_식각,IDLE,1497.9867871273611,352.8224319340367,1.511152815813483,14.863384579654795,9.933332574015054,NORMAL
10:17:40,,,step_12,더미게이트_식각,IDLE,1497.9867871273611,352.8224319340367,1.511152815813483,14.863384579654795,9.933332574015054,NORMAL
10:17:45,,,step_12,더미게이트_식각,IDLE,1497.9867871273611,352.8224319340367,1.511152815813483,14.863384579654795,9.933332574015054,NORMAL
10:17:50,,,step_12,더미게이트_식각,IDLE,1497.9867871273611,352.8224319340367,1.511152815813483,14.863384579654795,9.933332574015054,NORMAL
10:17:55,,,step_12,더미게이트_식각,IDLE,1497.9867871273611,352.8224319340367,1.511152815813483,14.863384579654795,9.933332574015054,NORMAL
10:18:00,,,step_12,더미게이트_식각,IDLE,1497.9867871273611,352.8224319340367,1.511152815813483,14.863384579654795,9.933332574015054,NORMAL
10:18:05,,,step_12,더미게이트_식각,IDLE,1497.9867871273611,352.8224319340367,1.511152815813483,14.863384579654795,9.933332574015054,NORMAL
10:18:10,,,step_12,더미게이트_식각,IDLE,1497.9867871273611,352.8224319340367,1.511152815813483,14.863384579654795,9.933332574015054,NORMAL
10:18:15,,,step_12,더미게이트_식각,IDLE,1497.9867871273611,352.8224319340367,1.511152815813483,14.863384579654795,9.933332574015054,NORMAL
10:18:20,,,step_12,더미게이트_식각,IDLE,1497.9867871273611,352.8224319340367,1.511152815813483,14.863384579654795,9.933332574015054,NORMAL
10:18:25,,,step_12,더미게이트_식각,IDLE,1497.9867871273611,352.8224319340367,1.511152815813483,14.863384579654795,9.933332574015054,NORMAL
10:18:30,,,step_12,더미게이트_식각,IDLE,1497.9867871273611,352.8224319340367,1.511152815813483,14.863384579654795,9.933332574015054,NORMAL
10:18:35,,,step_12,더미게이트_식각,IDLE,1497.9867871273611,352.8224319340367,1.511152815813483,14.863384579654795,9.933332574015054,NORMAL
10:18:40,,,step_12,더미게이트_식각,IDLE,1497.9867871273611,352.8224319340367,1.511152815813483,14.863384579654795,9.933332574015054,NORMAL
10:18:45,,,step_12,더미게이트_식각,IDLE,1497.9867871273611,352.8224319340367,1.511152815813483,14.863384579654795,9.933332574015054,NORMAL
10:18:50,,,step_12,더미게이트_식각,IDLE,1497.9867871273611,352.8224319340367,1.511152815813483,14.863384579654795,9.933332574015054,NORMAL
10:18:55,,,step_12,더미게이트_식각,IDLE,1497.9867871273611,352.8224319340367,1.511152815813483,14.863384579654795,9.933332574015054,NORMAL
10:19:00,,,step_12,더미게이트_식각,IDLE,1497.9867871273611,352.8224319340367,1.511152815813483,14.863384579654795,9.933332574015054,NORMAL
10:19:05,,,step_12,더미게이트_식각,IDLE,1497.9867871273611,352.8224319340367,1.511152815813483,14.863384579654795,9.933332574015054,NORMAL
10:19:10,,,step_12,더미게이트_식각,IDLE,1497.9867871273611,352.8224319340367,1.511152815813483,14.863384579654795,9.933332574015054,NORMAL
10:19:15,,,step_12,더미게이트_식각,IDLE,1497.9867871273611,352.8224319340367,1.511152815813483,14.863384579654795,9.933332574015054,NORMAL
10:19:20,,,step_12,더미게이트_식각,IDLE,1497.9867871273611,352.8224319340367,1.511152815813483,14.863384579654795,9.933332574015054,NORMAL
10:19:25,,,step_12,더미게이트_식각,IDLE,1497.9867871273611,352.8224319340367,1.511152815813483,14.863384579654795,9.933332574015054,NORMAL
10:19:30,,,step_12,더미게이트_식각,IDLE,1497.9867871273611,352.8224319340367,1.511152815813483,14.863384579654795,9.933332574015054,NORMAL
10:19:35,,,step_12,더미게이트_식각,IDLE,1497.9867871273611,352.8224319340367,1.511152815813483,14.863384579654795,9.933332574015054,NORMAL
10:19:40,,,step_12,더미게이트_식각,IDLE,1497.9867871273611,352.8224319340367,1.511152815813483,14.863384579654795,9.933332574015054,NORMAL
10:19:45,,,step_12,더미게이트_식각,IDLE,1497.9867871273611,352.8224319340367,1.511152815813483,14.863384579654795,9.933332574015054,NORMAL
10:19:50,,,step_12,더미게이트_식각,IDLE,1497.9867871273611,352.8224319340367,1.511152815813483,14.863384579654795,9.933332574015054,NORMAL
10:19:55,,,step_12,더미게이트_식각,IDLE,1497.9867871273611,352.8224319340367,1.511152815813483,14.863384579654795,9.933332574015054,NORMAL
10:20:00,,,step_12,더미게이트_식각,IDLE,1497.9867871273611,352.8224319340367,1.511152815813483,14.863384579654795,9.933332574015054,NORMAL
10:20:05,,,step_12,더미게이트_식각,IDLE,1497.9867871273611,352.8224319340367,1.511152815813483,14.863384579654795,9.933332574015054,NORMAL
10:20:10,,,step_12,더미게이트_식각,IDLE,1497.9867871273611,352.8224319340367,1.511152815813483,14.863384579654795,9.933332574015054,NORMAL
10:20:15,,,step_12,더미게이트_식각,IDLE,1497.9867871273611,352.8224319340367,1.511152815813483,14.863384579654795,9.933332574015054,NORMAL
10:20:20,,,step_12,더미게이트_식각,IDLE,1497.9867871273611,352.8224319340367,1.511152815813483,14.863384579654795,9.933332574015054,NORMAL
10:20:25,,,step_12,더미게이트_식각,IDLE,1497.9867871273611,352.8224319340367,1.511152815813483,14.863384579654795,9.933332574015054,NORMAL
10:20:30,,,step_12,더미게이트_식각,IDLE,1497.9867871273611,352.8224319340367,1.511152815813483,14.863384579654795,9.933332574015054,NORMAL
10:20:35,,,step_12,더미게이트_식각,IDLE,1497.9867871273611,352.8224319340367,1.511152815813483,14.863384579654795,9.933332574015054,NORMAL
10:20:40,,,step_12,더미게이트_식각,IDLE,1497.9867871273611,352.8224319340367,1.511152815813483,14.863384579654795,9.933332574015054,NORMAL
10:20:45,,,step_12,더미게이트_식각,IDLE,1497.9867871273611,352.8224319340367,1.511152815813483,14.863384579654795,9.933332574015054,NORMAL
10:20:50,,,step_12,더미게이트_식각,IDLE,1497.9867871273611,352.8224319340367,1.511152815813483,14.863384579654795,9.933332574015054,NORMAL
10:20:55,,,step_12,더미게이트_식각,IDLE,1497.9867871273611,352.8224319340367,1.511152815813483,14.863384579654795,9.933332574015054,NORMAL
10:21:00,,,step_12,더미게이트_식각,IDLE,1497.9867871273611,352.8224319340367,1.511152815813483,14.863384579654795,9.933332574015054,NORMAL
10:21:05,,,step_12,더미게이트_식각,IDLE,1497.9867871273611,352.8224319340367,1.511152815813483,14.863384579654795,9.933332574015054,NORMAL
10:21:10,,,step_12,더미게이트_식각,IDLE,1497.9867871273611,352.8224319340367,1.511152815813483,14.863384579654795,9.933332574015054,NORMAL
10:21:15,,,step_12,더미게이트_식각,IDLE,1497.9867871273611,352.8224319340367,1.511152815813483,14.863384579654795,9.933332574015054,NORMAL
10:21:20,,,step_12,더미게이트_식각,IDLE,1497.9867871273611,352.8224319340367,1.511152815813483,14.863384579654795,9.933332574015054,NORMAL
10:21:25,,,step_12,더미게이트_식각,IDLE,1497.9867871273611,352.8224319340367,1.511152815813483,14.863384579654795,9.933332574015054,NORMAL
10:21:30,,,step_12,더미게이트_식각,IDLE,1497.9867871273611,352.8224319340367,1.511152815813483,14.863384579654795,9.933332574015054,NORMAL
10:21:35,,,step_12,더미게이트_식각,IDLE,1497.9867871273611,352.8224319340367,1.511152815813483,14.863384579654795,9.933332574015054,NORMAL
10:21:40,,,step_12,더미게이트_식각,IDLE,1497.9867871273611,352.8224319340367,1.511152815813483,14.863384579654795,9.933332574015054,NORMAL
10:21:45,,,step_12,더미게이트_식각,IDLE,1497.9867871273611,352.8224319340367,1.511152815813483,14.863384579654795,9.933332574015054,NORMAL
10:21:50,,,step_12,더미게이트_식각,IDLE,1497.9867871273611,352.8224319340367,1.511152815813483,14.863384579654795,9.933332574015054,NORMAL
10:21:55,,,step_12,더미게이트_식각,IDLE,1497.9867871273611,352.8224319340367,1.511152815813483,14.863384579654795,9.933332574015054,NORMAL
10:22:00,,,step_12,더미게이트_식각,IDLE,1497.9867871273611,352.8224319340367,1.511152815813483,14.863384579654795,9.933332574015054,NORMAL
10:22:05,,,step_12,더미게이트_식각,IDLE,1497.9867871273611,352.8224319340367,1.511152815813483,14.863384579654795,9.933332574015054,NORMAL
10:22:10,,,step_12,더미게이트_식각,IDLE,1497.9867871273611,352.8224319340367,1.511152815813483,14.863384579654795,9.933332574015054,NORMAL
10:22:15,,,step_12,더미게이트_식각,IDLE,1497.9867871273611,352.8224319340367,1.511152815813483,14.863384579654795,9.933332574015054,NORMAL
10:22:20,,,step_12,더미게이트_식각,IDLE,1497.9867871273611,352.8224319340367,1.511152815813483,14.863384579654795,9.933332574015054,NORMAL
10:22:25,,,step_12,더미게이트_식각,IDLE,1497.9867871273611,352.8224319340367,1.511152815813483,14.863384579654795,9.933332574015054,NORMAL
10:22:30,,,step_12,더미게이트_식각,IDLE,1497.9867871273611,352.8224319340367,1.511152815813483,14.863384579654795,9.933332574015054,NORMAL
10:22:35,,,step_12,더미게이트_식각,IDLE,1497.9867871273611,352.8224319340367,1.511152815813483,14.863384579654795,9.933332574015054,NORMAL
10:22:40,,,step_12,더미게이트_식각,IDLE,1497.9867871273611,352.8224319340367,1.511152815813483,14.863384579654795,9.933332574015054,NORMAL
10:22:45,,,step_12,더미게이트_식각,IDLE,1497.9867871273611,352.8224319340367,1.511152815813483,14.863384579654795,9.933332574015054,NORMAL
10:22:50,,,step_12,더미게이트_식각,IDLE,1497.9867871273611,352.8224319340367,1.511152815813483,14.863384579654795,9.933332574015054,NORMAL
10:22:55,,,step_12,더미게이트_식각,IDLE,1497.9867871273611,352.8224319340367,1.511152815813483,14.863384579654795,9.933332574015054,NORMAL
10:23:00,,,step_12,더미게이트_식각,IDLE,1497.9867871273611,352.8224319340367,1.511152815813483,14.863384579654795,9.933332574015054,NORMAL
10:23:05,,,step_12,더미게이트_식각,IDLE,1497.9867871273611,352.8224319340367,1.511152815813483,14.863384579654795,9.933332574015054,NORMAL
10:23:10,,,step_12,더미게이트_식각,IDLE,1497.9867871273611,352.8224319340367,1.511152815813483,14.863384579654795,9.933332574015054,NORMAL
10:23:15,,,step_12,더미게이트_식각,IDLE,1497.9867871273611,352.8224319340367,1.511152815813483,14.863384579654795,9.933332574015054,NORMAL
10:23:20,,,step_12,더미게이트_식각,IDLE,1497.9867871273611,352.8224319340367,1.511152815813483,14.863384579654795,9.933332574015054,NORMAL
10:23:25,,,step_12,더미게이트_식각,IDLE,1497.9867871273611,352.8224319340367,1.511152815813483,14.863384579654795,9.933332574015054,NORMAL
10:23:30,,,step_12,더미게이트_식각,IDLE,1497.9867871273611,352.8224319340367,1.511152815813483,14.863384579654795,9.933332574015054,NORMAL
10:23:35,,,step_12,더미게이트_식각,IDLE,1497.9867871273611,352.8224319340367,1.511152815813483,14.863384579654795,9.933332574015054,NORMAL
10:23:40,,,step_12,더미게이트_식각,IDLE,1497.9867871273611,352.8224319340367,1.511152815813483,14.863384579654795,9.933332574015054,NORMAL
10:23:45,,,step_12,더미게이트_식각,IDLE,1497.9867871273611,352.8224319340367,1.511152815813483,14.863384579654795,9.933332574015054,NORMAL
10:23:50,,,step_12,더미게이트_식각,IDLE,1497.9867871273611,352.8224319340367,1.511152815813483,14.863384579654795,9.933332574015054,NORMAL
10:23:55,,,step_12,더미게이트_식각,IDLE,1497.9867871273611,352.8224319340367,1.511152815813483,14.863384579654795,9.933332574015054,NORMAL
10:24:00,,,step_12,더미게이트_식각,IDLE,1497.9867871273611,352.8224319340367,1.511152815813483,14.863384579654795,9.933332574015054,NORMAL
10:24:05,,,step_12,더미게이트_식각,IDLE,1497.9867871273611,352.8224319340367,1.511152815813483,14.863384579654795,9.933332574015054,NORMAL
10:24:10,,,step_12,더미게이트_식각,IDLE,1497.9867871273611,352.8224319340367,1.511152815813483,14.863384579654795,9.933332574015054,NORMAL
10:24:15,,,step_12,더미게이트_식각,IDLE,1497.9867871273611,352.8224319340367,1.511152815813483,14.863384579654795,9.933332574015054,NORMAL
10:24:20,,,step_12,더미게이트_식각,IDLE,1497.9867871273611,352.8224319340367,1.511152815813483,14.863384579654795,9.933332574015054,NORMAL
10:24:25,,,step_12,더미게이트_식각,IDLE,1497.9867871273611,352.8224319340367,1.511152815813483,14.863384579654795,9.933332574015054,NORMAL
10:24:30,,,step_12,더미게이트_식각,IDLE,1497.9867871273611,352.8224319340367,1.511152815813483,14.863384579654795,9.933332574015054,NORMAL
10:24:35,,,step_12,더미게이트_식각,IDLE,1497.9867871273611,352.8224319340367,1.511152815813483,14.863384579654795,9.933332574015054,NORMAL
10:24:40,,,step_12,더미게이트_식각,IDLE,1497.9867871273611,352.8224319340367,1.511152815813483,14.863384579654795,9.933332574015054,NORMAL
10:24:45,,,step_12,더미게이트_식각,IDLE,1497.9867871273611,352.8224319340367,1.511152815813483,14.863384579654795,9.933332574015054,NORMAL
10:24:50,,,step_12,더미게이트_식각,IDLE,1497.9867871273611,352.8224319340367,1.511152815813483,14.863384579654795,9.933332574015054,NORMAL
10:24:55,,,step_12,더미게이트_식각,IDLE,1497.9867871273611,352.8224319340367,1.511152815813483,14.863384579654795,9.933332574015054,NORMAL
10:25:00,,,step_12,더미게이트_식각,IDLE,1497.9867871273611,352.8224319340367,1.511152815813483,14.863384579654795,9.933332574015054,NORMAL
10:25:05,,,step_12,더미게이트_식각,IDLE,1497.9867871273611,352.8224319340367,1.511152815813483,14.863384579654795,9.933332574015054,NORMAL
10:25:10,,,step_12,더미게이트_식각,IDLE,1497.9867871273611,352.8224319340367,1.511152815813483,14.863384579654795,9.933332574015054,NORMAL
10:25:15,,,step_12,더미게이트_식각,IDLE,1497.9867871273611,352.8224319340367,1.511152815813483,14.863384579654795,9.933332574015054,NORMAL
10:25:20,,,step_12,더미게이트_식각,IDLE,1497.9867871273611,352.8224319340367,1.511152815813483,14.863384579654795,9.933332574015054,NORMAL
10:25:25,,,step_12,더미게이트_식각,IDLE,1497.9867871273611,352.8224319340367,1.511152815813483,14.863384579654795,9.933332574015054,NORMAL
10:25:30,,,step_12,더미게이트_식각,IDLE,1497.9867871273611,352.8224319340367,1.511152815813483,14.863384579654795,9.933332574015054,NORMAL
10:25:35,,,step_12,더미게이트_식각,IDLE,1497.9867871273611,352.8224319340367,1.511152815813483,14.863384579654795,9.933332574015054,NORMAL
10:25:40,,,step_12,더미게이트_식각,IDLE,1497.9867871273611,352.8224319340367,1.511152815813483,14.863384579654795,9.933332574015054,NORMAL
10:25:45,,,step_12,더미게이트_식각,IDLE,1497.9867871273611,352.8224319340367,1.511152815813483,14.863384579654795,9.933332574015054,NORMAL
10:25:50,,,step_12,더미게이트_식각,IDLE,1497.9867871273611,352.8224319340367,1.511152815813483,14.863384579654795,9.933332574015054,NORMAL
10:25:55,,,step_12,더미게이트_식각,IDLE,1497.9867871273611,352.8224319340367,1.511152815813483,14.863384579654795,9.933332574015054,NORMAL
10:26:00,,,step_12,더미게이트_식각,IDLE,1497.9867871273611,352.8224319340367,1.511152815813483,14.863384579654795,9.933332574015054,NORMAL
10:26:05,,,step_12,더미게이트_식각,IDLE,1497.9867871273611,352.8224319340367,1.511152815813483,14.863384579654795,9.933332574015054,NORMAL
10:26:10,,,step_12,더미게이트_식각,IDLE,1497.9867871273611,352.8224319340367,1.511152815813483,14.863384579654795,9.933332574015054,NORMAL
10:26:15,,,step_12,더미게이트_식각,IDLE,1497.9867871273611,352.8224319340367,1.511152815813483,14.863384579654795,9.933332574015054,NORMAL
10:26:20,,,step_12,더미게이트_식각,IDLE,1497.9867871273611,352.8224319340367,1.511152815813483,14.863384579654795,9.933332574015054,NORMAL
10:26:25,,,step_12,더미게이트_식각,IDLE,1497.9867871273611,352.8224319340367,1.511152815813483,14.863384579654795,9.933332574015054,NORMAL
10:26:30,,,step_12,더미게이트_식각,IDLE,1497.9867871273611,352.8224319340367,1.511152815813483,14.863384579654795,9.933332574015054,NORMAL
10:26:35,,,step_12,더미게이트_식각,IDLE,1497.9867871273611,352.8224319340367,1.511152815813483,14.863384579654795,9.933332574015054,NORMAL
10:26:40,,,step_12,더미게이트_식각,IDLE,1497.9867871273611,352.8224319340367,1.511152815813483,14.863384579654795,9.933332574015054,NORMAL
10:26:45,,,step_12,더미게이트_식각,IDLE,1497.9867871273611,352.8224319340367,1.511152815813483,14.863384579654795,9.933332574015054,NORMAL
10:26:50,,,step_12,더미게이트_식각,IDLE,1497.9867871273611,352.8224319340367,1.511152815813483,14.863384579654795,9.933332574015054,NORMAL
10:26:55,,,step_12,더미게이트_식각,IDLE,1497.9867871273611,352.8224319340367,1.511152815813483,14.863384579654795,9.933332574015054,NORMAL
10:27:00,,,step_12,더미게이트_식각,IDLE,1497.9867871273611,352.8224319340367,1.511152815813483,14.863384579654795,9.933332574015054,NORMAL
10:27:05,,,step_12,더미게이트_식각,IDLE,1497.9867871273611,352.8224319340367,1.511152815813483,14.863384579654795,9.933332574015054,NORMAL
10:27:10,,,step_12,더미게이트_식각,IDLE,1497.9867871273611,352.8224319340367,1.511152815813483,14.863384579654795,9.933332574015054,NORMAL
10:27:15,,,step_12,더미게이트_식각,IDLE,1497.9867871273611,352.8224319340367,1.511152815813483,14.863384579654795,9.933332574015054,NORMAL
10:27:20,,,step_12,더미게이트_식각,IDLE,1497.9867871273611,352.8224319340367,1.511152815813483,14.863384579654795,9.933332574015054,NORMAL
10:27:25,,,step_12,더미게이트_식각,IDLE,1497.9867871273611,352.8224319340367,1.511152815813483,14.863384579654795,9.933332574015054,NORMAL
10:27:30,,,step_12,더미게이트_식각,IDLE,1497.9867871273611,352.8224319340367,1.511152815813483,14.863384579654795,9.933332574015054,NORMAL
10:27:35,,,step_12,더미게이트_식각,IDLE,1497.9867871273611,352.8224319340367,1.511152815813483,14.863384579654795,9.933332574015054,NORMAL
10:27:40,,,step_12,더미게이트_식각,IDLE,1497.9867871273611,352.8224319340367,1.511152815813483,14.863384579654795,9.933332574015054,NORMAL
10:27:45,,,step_12,더미게이트_식각,IDLE,1497.9867871273611,352.8224319340367,1.511152815813483,14.863384579654795,9.933332574015054,NORMAL
10:27:50,,,step_12,더미게이트_식각,IDLE,1497.9867871273611,352.8224319340367,1.511152815813483,14.863384579654795,9.933332574015054,NORMAL
10:27:55,,,step_12,더미게이트_식각,IDLE,1497.9867871273611,352.8224319340367,1.511152815813483,14.863384579654795,9.933332574015054,NORMAL
10:28:00,,,step_12,더미게이트_식각,IDLE,1497.9867871273611,352.8224319340367,1.511152815813483,14.863384579654795,9.933332574015054,NORMAL
10:28:05,,,step_12,더미게이트_식각,IDLE,1497.9867871273611,352.8224319340367,1.511152815813483,14.863384579654795,9.933332574015054,NORMAL
10:28:10,,,step_12,더미게이트_식각,IDLE,1497.9867871273611,352.8224319340367,1.511152815813483,14.863384579654795,9.933332574015054,NORMAL
10:28:15,,,step_12,더미게이트_식각,IDLE,1497.9867871273611,352.8224319340367,1.511152815813483,14.863384579654795,9.933332574015054,NORMAL
10:28:20,,,step_12,더미게이트_식각,IDLE,1497.9867871273611,352.8224319340367,1.511152815813483,14.863384579654795,9.933332574015054,NORMAL
10:28:25,,,step_12,더미게이트_식각,IDLE,1497.9867871273611,352.8224319340367,1.511152815813483,14.863384579654795,9.933332574015054,NORMAL
10:28:30,,,step_12,더미게이트_식각,IDLE,1497.9867871273611,352.8224319340367,1.511152815813483,14.863384579654795,9.933332574015054,NORMAL
10:28:35,,,step_12,더미게이트_식각,IDLE,1497.9867871273611,352.8224319340367,1.511152815813483,14.863384579654795,9.933332574015054,NORMAL
10:28:40,,,step_12,더미게이트_식각,IDLE,1497.9867871273611,352.8224319340367,1.511152815813483,14.863384579654795,9.933332574015054,NORMAL
10:28:45,,,step_12,더미게이트_식각,IDLE,1497.9867871273611,352.8224319340367,1.511152815813483,14.863384579654795,9.933332574015054,NORMAL
10:28:50,,,step_12,더미게이트_식각,IDLE,1497.9867871273611,352.8224319340367,1.511152815813483,14.863384579654795,9.933332574015054,NORMAL
10:28:55,,,step_12,더미게이트_식각,IDLE,1497.9867871273611,352.8224319340367,1.511152815813483,14.863384579654795,9.933332574015054,NORMAL
10:29:00,,,step_12,더미게이트_식각,IDLE,1497.9867871273611,352.8224319340367,1.511152815813483,14.863384579654795,9.933332574015054,NORMAL
10:29:05,,,step_12,더미게이트_식각,IDLE,1497.9867871273611,352.8224319340367,1.511152815813483,14.863384579654795,9.933332574015054,NORMAL
10:29:10,,,step_12,더미게이트_식각,IDLE,1497.9867871273611,352.8224319340367,1.511152815813483,14.863384579654795,9.933332574015054,NORMAL
10:29:15,,,step_12,더미게이트_식각,IDLE,1497.9867871273611,352.8224319340367,1.511152815813483,14.863384579654795,9.933332574015054,NORMAL
10:29:20,,,step_12,더미게이트_식각,IDLE,1497.9867871273611,352.8224319340367,1.511152815813483,14.863384579654795,9.933332574015054,NORMAL
10:29:25,,,step_12,더미게이트_식각,IDLE,1497.9867871273611,352.8224319340367,1.511152815813483,14.863384579654795,9.933332574015054,NORMAL
10:29:30,,,step_12,더미게이트_식각,IDLE,1497.9867871273611,352.8224319340367,1.511152815813483,14.863384579654795,9.933332574015054,NORMAL
10:29:35,,,step_12,더미게이트_식각,IDLE,1497.9867871273611,352.8224319340367,1.511152815813483,14.863384579654795,9.933332574015054,NORMAL
10:29:40,,,step_12,더미게이트_식각,IDLE,1497.9867871273611,352.8224319340367,1.511152815813483,14.863384579654795,9.933332574015054,NORMAL
10:29:45,,,step_12,더미게이트_식각,IDLE,1497.9867871273611,352.8224319340367,1.511152815813483,14.863384579654795,9.933332574015054,NORMAL
10:29:50,,,step_12,더미게이트_식각,IDLE,1497.9867871273611,352.8224319340367,1.511152815813483,14.863384579654795,9.933332574015054,NORMAL
10:29:55,,,step_12,더미게이트_식각,IDLE,1497.9867871273611,352.8224319340367,1.511152815813483,14.863384579654795,9.933332574015054,NORMAL
10:30:00,,,step_12,더미게이트_식각,IDLE,1497.9867871273611,352.8224319340367,1.511152815813483,14.863384579654795,9.933332574015054,NORMAL
10:30:05,,,step_12,더미게이트_식각,IDLE,1497.9867871273611,352.8224319340367,1.511152815813483,14.863384579654795,9.933332574015054,NORMAL
10:30:10,,,step_12,더미게이트_식각,IDLE,1497.9867871273611,352.8224319340367,1.511152815813483,14.863384579654795,9.933332574015054,NORMAL
10:30:15,,,step_12,더미게이트_식각,IDLE,1497.9867871273611,352.8224319340367,1.511152815813483,14.863384579654795,9.933332574015054,NORMAL
10:30:20,,,step_12,더미게이트_식각,IDLE,1497.9867871273611,352.8224319340367,1.511152815813483,14.863384579654795,9.933332574015054,NORMAL
10:30:25,,,step_12,더미게이트_식각,IDLE,1497.9867871273611,352.8224319340367,1.511152815813483,14.863384579654795,9.933332574015054,NORMAL
10:30:30,,,step_12,더미게이트_식각,IDLE,1497.9867871273611,352.8224319340367,1.511152815813483,14.863384579654795,9.933332574015054,NORMAL
10:30:35,,,step_12,더미게이트_식각,IDLE,1497.9867871273611,352.8224319340367,1.511152815813483,14.863384579654795,9.933332574015054,NORMAL
10:30:40,,,step_12,더미게이트_식각,IDLE,1497.9867871273611,352.8224319340367,1.511152815813483,14.863384579654795,9.933332574015054,NORMAL
10:30:45,,,step_12,더미게이트_식각,IDLE,1497.9867871273611,352.8224319340367,1.511152815813483,14.863384579654795,9.933332574015054,NORMAL
10:30:50,,,step_12,더미게이트_식각,IDLE,1497.9867871273611,352.8224319340367,1.511152815813483,14.863384579654795,9.933332574015054,NORMAL
10:30:55,,,step_12,더미게이트_식각,IDLE,1497.9867871273611,352.8224319340367,1.511152815813483,14.863384579654795,9.933332574015054,NORMAL
10:31:00,,,step_12,더미게이트_식각,IDLE,1497.9867871273611,352.8224319340367,1.511152815813483,14.863384579654795,9.933332574015054,NORMAL
10:31:05,,,step_12,더미게이트_식각,IDLE,1497.9867871273611,352.8224319340367,1.511152815813483,14.863384579654795,9.933332574015054,NORMAL
10:31:10,,,step_12,더미게이트_식각,IDLE,1497.9867871273611,352.8224319340367,1.511152815813483,14.863384579654795,9.933332574015054,NORMAL
10:31:15,,,step_12,더미게이트_식각,IDLE,1497.9867871273611,352.8224319340367,1.511152815813483,14.863384579654795,9.933332574015054,NORMAL
10:31:20,,,step_12,더미게이트_식각,IDLE,1497.9867871273611,352.8224319340367,1.511152815813483,14.863384579654795,9.933332574015054,NORMAL
10:31:25,,,step_12,더미게이트_식각,IDLE,1497.9867871273611,352.8224319340367,1.511152815813483,14.863384579654795,9.933332574015054,NORMAL
10:31:30,,,step_12,더미게이트_식각,IDLE,1497.9867871273611,352.8224319340367,1.511152815813483,14.863384579654795,9.933332574015054,NORMAL
10:31:35,,,step_12,더미게이트_식각,IDLE,1497.9867871273611,352.8224319340367,1.511152815813483,14.863384579654795,9.933332574015054,NORMAL
10:31:40,,,step_12,더미게이트_식각,IDLE,1497.9867871273611,352.8224319340367,1.511152815813483,14.863384579654795,9.933332574015054,NORMAL
10:31:45,,,step_12,더미게이트_식각,IDLE,1497.9867871273611,352.8224319340367,1.511152815813483,14.863384579654795,9.933332574015054,NORMAL
10:31:50,,,step_12,더미게이트_식각,IDLE,1497.9867871273611,352.8224319340367,1.511152815813483,14.863384579654795,9.933332574015054,NORMAL
10:31:55,,,step_12,더미게이트_식각,IDLE,1497.9867871273611,352.8224319340367,1.511152815813483,14.863384579654795,9.933332574015054,NORMAL
10:32:00,,,step_12,더미게이트_식각,IDLE,1497.9867871273611,352.8224319340367,1.511152815813483,14.863384579654795,9.933332574015054,NORMAL
10:32:05,,,step_12,더미게이트_식각,IDLE,1497.9867871273611,352.8224319340367,1.511152815813483,14.863384579654795,9.933332574015054,NORMAL
10:32:10,,,step_12,더미게이트_식각,IDLE,1497.9867871273611,352.8224319340367,1.511152815813483,14.863384579654795,9.933332574015054,NORMAL
10:32:15,,,step_12,더미게이트_식각,IDLE,1497.9867871273611,352.8224319340367,1.511152815813483,14.863384579654795,9.933332574015054,NORMAL
10:32:20,,,step_12,더미게이트_식각,IDLE,1497.9867871273611,352.8224319340367,1.511152815813483,14.863384579654795,9.933332574015054,NORMAL
10:32:25,,,step_12,더미게이트_식각,IDLE,1497.9867871273611,352.8224319340367,1.511152815813483,14.863384579654795,9.933332574015054,NORMAL
10:32:30,,,step_12,더미게이트_식각,IDLE,1497.9867871273611,352.8224319340367,1.511152815813483,14.863384579654795,9.933332574015054,NORMAL
10:32:35,,,step_12,더미게이트_식각,IDLE,1497.9867871273611,352.8224319340367,1.511152815813483,14.863384579654795,9.933332574015054,NORMAL
10:32:40,,,step_12,더미게이트_식각,IDLE,1497.9867871273611,352.8224319340367,1.511152815813483,14.863384579654795,9.933332574015054,NORMAL
10:32:45,,,step_12,더미게이트_식각,IDLE,1497.9867871273611,352.8224319340367,1.511152815813483,14.863384579654795,9.933332574015054,NORMAL
10:32:50,,,step_12,더미게이트_식각,IDLE,1497.9867871273611,352.8224319340367,1.511152815813483,14.863384579654795,9.933332574015054,NORMAL
10:32:55,,,step_12,더미게이트_식각,IDLE,1497.9867871273611,352.8224319340367,1.511152815813483,14.863384579654795,9.933332574015054,NORMAL
10:33:00,,,step_12,더미게이트_식각,IDLE,1497.9867871273611,352.8224319340367,1.511152815813483,14.863384579654795,9.933332574015054,NORMAL
10:33:05,,,step_12,더미게이트_식각,IDLE,1497.9867871273611,352.8224319340367,1.511152815813483,14.863384579654795,9.933332574015054,NORMAL
10:33:10,,,step_12,더미게이트_식각,IDLE,1497.9867871273611,352.8224319340367,1.511152815813483,14.863384579654795,9.933332574015054,NORMAL
10:33:15,,,step_12,더미게이트_식각,IDLE,1497.9867871273611,352.8224319340367,1.511152815813483,14.863384579654795,9.933332574015054,NORMAL
