Timestamp,Lot_ID,Wafer_ID,Address,Step_Name,Phase,Dose_atoms_cm2_e13,Energy_keV,Beam_Current_mA,Tilt_Angle_deg,Status
09:00:00,,,step_16,고농도_SD_주입,IDLE,0.2487129508440065,1.513530975208059,0.6005966189369699,0.3435481580871018,NORMAL
09:00:05,,,step_16,고농도_SD_주입,IDLE,0.2487129508440065,1.513530975208059,0.6005966189369699,0.3435481580871018,NORMAL
09:00:10,,,step_16,고농도_SD_주입,IDLE,0.2487129508440065,1.513530975208059,0.6005966189369699,0.3435481580871018,NORMAL
09:00:15,,,step_16,고농도_SD_주입,IDLE,0.2487129508440065,1.513530975208059,0.6005966189369699,0.3435481580871018,NORMAL
09:00:20,,,step_16,고농도_SD_주입,IDLE,0.2487129508440065,1.513530975208059,0.6005966189369699,0.3435481580871018,NORMAL
09:00:25,,,step_16,고농도_SD_주입,IDLE,0.2487129508440065,1.513530975208059,0.6005966189369699,0.3435481580871018,NORMAL
09:00:30,,,step_16,고농도_SD_주입,IDLE,0.2487129508440065,1.513530975208059,0.6005966189369699,0.3435481580871018,NORMAL
09:00:35,,,step_16,고농도_SD_주입,IDLE,0.2487129508440065,1.513530975208059,0.6005966189369699,0.3435481580871018,NORMAL
09:00:40,,,step_16,고농도_SD_주입,IDLE,0.2487129508440065,1.513530975208059,0.6005966189369699,0.3435481580871018,NORMAL
09:00:45,,,step_16,고농도_SD_주입,IDLE,0.2487129508440065,1.513530975208059,0.6005966189369699,0.3435481580871018,NORMAL
09:00:50,,,step_16,고농도_SD_주입,IDLE,0.2487129508440065,1.513530975208059,0.6005966189369699,0.3435481580871018,NORMAL
09:00:55,,,step_16,고농도_SD_주입,IDLE,0.2487129508440065,1.513530975208059,0.6005966189369699,0.3435481580871018,NORMAL
09:01:00,,,step_16,고농도_SD_주입,IDLE,0.2487129508440065,1.513530975208059,0.6005966189369699,0.3435481580871018,NORMAL
09:01:05,,,step_16,고농도_SD_주입,IDLE,0.2487129508440065,1.513530975208059,0.6005966189369699,0.3435481580871018,NORMAL
09:01:10,,,step_16,고농도_SD_주입,IDLE,0.2487129508440065,1.513530975208059,0.6005966189369699,0.3435481580871018,NORMAL
09:01:15,,,step_16,고농도_SD_주입,IDLE,0.2487129508440065,1.513530975208059,0.6005966189369699,0.3435481580871018,NORMAL
09:01:20,,,step_16,고농도_SD_주입,IDLE,0.2487129508440065,1.513530975208059,0.6005966189369699,0.3435481580871018,NORMAL
09:01:25,,,step_16,고농도_SD_주입,IDLE,0.2487129508440065,1.513530975208059,0.6005966189369699,0.3435481580871018,NORMAL
09:01:30,,,step_16,고농도_SD_주입,IDLE,0.2487129508440065,1.513530975208059,0.6005966189369699,0.3435481580871018,NORMAL
09:01:35,,,step_16,고농도_SD_주입,IDLE,0.2487129508440065,1.513530975208059,0.6005966189369699,0.3435481580871018,NORMAL
09:01:40,,,step_16,고농도_SD_주입,IDLE,0.2487129508440065,1.513530975208059,0.6005966189369699,0.3435481580871018,NORMAL
09:01:45,,,step_16,고농도_SD_주입,IDLE,0.2487129508440065,1.513530975208059,0.6005966189369699,0.3435481580871018,NORMAL
09:01:50,,,step_16,고농도_SD_주입,IDLE,0.2487129508440065,1.513530975208059,0.6005966189369699,0.3435481580871018,NORMAL
09:01:55,,,step_16,고농도_SD_주입,IDLE,0.2487129508440065,1.513530975208059,0.6005966189369699,0.3435481580871018,NORMAL
09:02:00,,,step_16,고농도_SD_주입,IDLE,0.2487129508440065,1.513530975208059,0.6005966189369699,0.3435481580871018,NORMAL
09:02:05,,,step_16,고농도_SD_주입,IDLE,0.2487129508440065,1.513530975208059,0.6005966189369699,0.3435481580871018,NORMAL
09:02:10,,,step_16,고농도_SD_주입,IDLE,0.2487129508440065,1.513530975208059,0.6005966189369699,0.3435481580871018,NORMAL
09:02:15,,,step_16,고농도_SD_주입,IDLE,0.2487129508440065,1.513530975208059,0.6005966189369699,0.3435481580871018,NORMAL
09:02:20,,,step_16,고농도_SD_주입,IDLE,0.2487129508440065,1.513530975208059,0.6005966189369699,0.3435481580871018,NORMAL
09:02:25,,,step_16,고농도_SD_주입,IDLE,0.2487129508440065,1.513530975208059,0.6005966189369699,0.3435481580871018,NORMAL
09:02:30,,,step_16,고농도_SD_주입,IDLE,0.2487129508440065,1.513530975208059,0.6005966189369699,0.3435481580871018,NORMAL
09:02:35,,,step_16,고농도_SD_주입,IDLE,0.2487129508440065,1.513530975208059,0.6005966189369699,0.3435481580871018,NORMAL
09:02:40,,,step_16,고농도_SD_주입,IDLE,0.2487129508440065,1.513530975208059,0.6005966189369699,0.3435481580871018,NORMAL
09:02:45,,,step_16,고농도_SD_주입,IDLE,0.2487129508440065,1.513530975208059,0.6005966189369699,0.3435481580871018,NORMAL
09:02:50,,,step_16,고농도_SD_주입,IDLE,0.2487129508440065,1.513530975208059,0.6005966189369699,0.3435481580871018,NORMAL
09:02:55,,,step_16,고농도_SD_주입,IDLE,0.2487129508440065,1.513530975208059,0.6005966189369699,0.3435481580871018,NORMAL
09:03:00,,,step_16,고농도_SD_주입,IDLE,0.2487129508440065,1.513530975208059,0.6005966189369699,0.3435481580871018,NORMAL
09:03:05,,,step_16,고농도_SD_주입,IDLE,0.2487129508440065,1.513530975208059,0.6005966189369699,0.3435481580871018,NORMAL
09:03:10,,,step_16,고농도_SD_주입,IDLE,0.2487129508440065,1.513530975208059,0.6005966189369699,0.3435481580871018,NORMAL
09:03:15,,,step_16,고농도_SD_주입,IDLE,0.2487129508440065,1.513530975208059,0.6005966189369699,0.3435481580871018,NORMAL
09:03:20,,,step_16,고농도_SD_주입,IDLE,0.2487129508440065,1.513530975208059,0.6005966189369699,0.3435481580871018,NORMAL
09:03:25,,,step_16,고농도_SD_주입,IDLE,0.2487129508440065,1.513530975208059,0.6005966189369699,0.3435481580871018,NORMAL
09:03:30,,,step_16,고농도_SD_주입,IDLE,0.2487129508440065,1.513530975208059,0.6005966189369699,0.3435481580871018,NORMAL
09:03:35,,,step_16,고농도_SD_주입,IDLE,0.2487129508440065,1.513530975208059,0.6005966189369699,0.3435481580871018,NORMAL
09:03:40,,,step_16,고농도_SD_주입,IDLE,0.2487129508440065,1.513530975208059,0.6005966189369699,0.3435481580871018,NORMAL
09:03:45,,,step_16,고농도_SD_주입,IDLE,0.2487129508440065,1.513530975208059,0.6005966189369699,0.3435481580871018,NORMAL
09:03:50,,,step_16,고농도_SD_주입,IDLE,0.2487129508440065,1.513530975208059,0.6005966189369699,0.3435481580871018,NORMAL
09:03:55,,,step_16,고농도_SD_주입,IDLE,0.2487129508440065,1.513530975208059,0.6005966189369699,0.3435481580871018,NORMAL
09:04:00,,,step_16,고농도_SD_주입,IDLE,0.2487129508440065,1.513530975208059,0.6005966189369699,0.3435481580871018,NORMAL
09:04:05,,,step_16,고농도_SD_주입,IDLE,0.2487129508440065,1.513530975208059,0.6005966189369699,0.3435481580871018,NORMAL
09:04:10,,,step_16,고농도_SD_주입,IDLE,0.2487129508440065,1.513530975208059,0.6005966189369699,0.3435481580871018,NORMAL
09:04:15,,,step_16,고농도_SD_주입,IDLE,0.2487129508440065,1.513530975208059,0.6005966189369699,0.3435481580871018,NORMAL
09:04:20,,,step_16,고농도_SD_주입,IDLE,0.2487129508440065,1.513530975208059,0.6005966189369699,0.3435481580871018,NORMAL
09:04:25,,,step_16,고농도_SD_주입,IDLE,0.2487129508440065,1.513530975208059,0.6005966189369699,0.3435481580871018,NORMAL
09:04:30,,,step_16,고농도_SD_주입,IDLE,0.2487129508440065,1.513530975208059,0.6005966189369699,0.3435481580871018,NORMAL
09:04:35,,,step_16,고농도_SD_주입,IDLE,0.2487129508440065,1.513530975208059,0.6005966189369699,0.3435481580871018,NORMAL
09:04:40,,,step_16,고농도_SD_주입,IDLE,0.2487129508440065,1.513530975208059,0.6005966189369699,0.3435481580871018,NORMAL
09:04:45,,,step_16,고농도_SD_주입,IDLE,0.2487129508440065,1.513530975208059,0.6005966189369699,0.3435481580871018,NORMAL
09:04:50,,,step_16,고농도_SD_주입,IDLE,0.2487129508440065,1.513530975208059,0.6005966189369699,0.3435481580871018,NORMAL
09:04:55,,,step_16,고농도_SD_주입,IDLE,0.2487129508440065,1.513530975208059,0.6005966189369699,0.3435481580871018,NORMAL
09:05:00,,,step_16,고농도_SD_주입,IDLE,0.2487129508440065,1.513530975208059,0.6005966189369699,0.3435481580871018,NORMAL
09:05:05,,,step_16,고농도_SD_주입,IDLE,0.2487129508440065,1.513530975208059,0.6005966189369699,0.3435481580871018,NORMAL
09:05:10,,,step_16,고농도_SD_주입,IDLE,0.2487129508440065,1.513530975208059,0.6005966189369699,0.3435481580871018,NORMAL
09:05:15,,,step_16,고농도_SD_주입,IDLE,0.2487129508440065,1.513530975208059,0.6005966189369699,0.3435481580871018,NORMAL
09:05:20,,,step_16,고농도_SD_주입,IDLE,0.2487129508440065,1.513530975208059,0.6005966189369699,0.3435481580871018,NORMAL
09:05:25,,,step_16,고농도_SD_주입,IDLE,0.2487129508440065,1.513530975208059,0.6005966189369699,0.3435481580871018,NORMAL
09:05:30,,,step_16,고농도_SD_주입,IDLE,0.2487129508440065,1.513530975208059,0.6005966189369699,0.3435481580871018,NORMAL
09:05:35,,,step_16,고농도_SD_주입,IDLE,0.2487129508440065,1.513530975208059,0.6005966189369699,0.3435481580871018,NORMAL
09:05:40,,,step_16,고농도_SD_주입,IDLE,0.2487129508440065,1.513530975208059,0.6005966189369699,0.3435481580871018,NORMAL
09:05:45,,,step_16,고농도_SD_주입,IDLE,0.2487129508440065,1.513530975208059,0.6005966189369699,0.3435481580871018,NORMAL
09:05:50,,,step_16,고농도_SD_주입,IDLE,0.2487129508440065,1.513530975208059,0.6005966189369699,0.3435481580871018,NORMAL
09:05:55,,,step_16,고농도_SD_주입,IDLE,0.2487129508440065,1.513530975208059,0.6005966189369699,0.3435481580871018,NORMAL
09:06:00,,,step_16,고농도_SD_주입,IDLE,0.2487129508440065,1.513530975208059,0.6005966189369699,0.3435481580871018,NORMAL
09:06:05,,,step_16,고농도_SD_주입,IDLE,0.2487129508440065,1.513530975208059,0.6005966189369699,0.3435481580871018,NORMAL
09:06:10,,,step_16,고농도_SD_주입,IDLE,0.2487129508440065,1.513530975208059,0.6005966189369699,0.3435481580871018,NORMAL
09:06:15,,,step_16,고농도_SD_주입,IDLE,0.2487129508440065,1.513530975208059,0.6005966189369699,0.3435481580871018,NORMAL
09:06:20,,,step_16,고농도_SD_주입,IDLE,0.2487129508440065,1.513530975208059,0.6005966189369699,0.3435481580871018,NORMAL
09:06:25,,,step_16,고농도_SD_주입,IDLE,0.2487129508440065,1.513530975208059,0.6005966189369699,0.3435481580871018,NORMAL
09:06:30,,,step_16,고농도_SD_주입,IDLE,0.2487129508440065,1.513530975208059,0.6005966189369699,0.3435481580871018,NORMAL
09:06:35,,,step_16,고농도_SD_주입,IDLE,0.2487129508440065,1.513530975208059,0.6005966189369699,0.3435481580871018,NORMAL
09:06:40,,,step_16,고농도_SD_주입,IDLE,0.2487129508440065,1.513530975208059,0.6005966189369699,0.3435481580871018,NORMAL
09:06:45,,,step_16,고농도_SD_주입,IDLE,0.2487129508440065,1.513530975208059,0.6005966189369699,0.3435481580871018,NORMAL
09:06:50,,,step_16,고농도_SD_주입,IDLE,0.2487129508440065,1.513530975208059,0.6005966189369699,0.3435481580871018,NORMAL
09:06:55,,,step_16,고농도_SD_주입,IDLE,0.2487129508440065,1.513530975208059,0.6005966189369699,0.3435481580871018,NORMAL
09:07:00,,,step_16,고농도_SD_주입,IDLE,0.2487129508440065,1.513530975208059,0.6005966189369699,0.3435481580871018,NORMAL
09:07:05,,,step_16,고농도_SD_주입,IDLE,0.2487129508440065,1.513530975208059,0.6005966189369699,0.3435481580871018,NORMAL
09:07:10,,,step_16,고농도_SD_주입,IDLE,0.2487129508440065,1.513530975208059,0.6005966189369699,0.3435481580871018,NORMAL
09:07:15,,,step_16,고농도_SD_주입,IDLE,0.2487129508440065,1.513530975208059,0.6005966189369699,0.3435481580871018,NORMAL
09:07:20,,,step_16,고농도_SD_주입,IDLE,0.2487129508440065,1.513530975208059,0.6005966189369699,0.3435481580871018,NORMAL
09:07:25,,,step_16,고농도_SD_주입,IDLE,0.2487129508440065,1.513530975208059,0.6005966189369699,0.3435481580871018,NORMAL
09:07:30,,,step_16,고농도_SD_주입,IDLE,0.2487129508440065,1.513530975208059,0.6005966189369699,0.3435481580871018,NORMAL
09:07:35,,,step_16,고농도_SD_주입,IDLE,0.2487129508440065,1.513530975208059,0.6005966189369699,0.3435481580871018,NORMAL
09:07:40,,,step_16,고농도_SD_주입,IDLE,0.2487129508440065,1.513530975208059,0.6005966189369699,0.3435481580871018,NORMAL
09:07:45,,,step_16,고농도_SD_주입,IDLE,0.2487129508440065,1.513530975208059,0.6005966189369699,0.3435481580871018,NORMAL
09:07:50,,,step_16,고농도_SD_주입,IDLE,0.2487129508440065,1.513530975208059,0.6005966189369699,0.3435481580871018,NORMAL
09:07:55,,,step_16,고농도_SD_주입,IDLE,0.2487129508440065,1.513530975208059,0.6005966189369699,0.3435481580871018,NORMAL
09:08:00,,,step_16,고농도_SD_주입,IDLE,0.2487129508440065,1.513530975208059,0.6005966189369699,0.3435481580871018,NORMAL
09:08:05,,,step_16,고농도_SD_주입,IDLE,0.2487129508440065,1.513530975208059,0.6005966189369699,0.3435481580871018,NORMAL
09:08:10,,,step_16,고농도_SD_주입,IDLE,0.2487129508440065,1.513530975208059,0.6005966189369699,0.3435481580871018,NORMAL
09:08:15,,,step_16,고농도_SD_주입,IDLE,0.2487129508440065,1.513530975208059,0.6005966189369699,0.3435481580871018,NORMAL
09:08:20,,,step_16,고농도_SD_주입,IDLE,0.2487129508440065,1.513530975208059,0.6005966189369699,0.3435481580871018,NORMAL
09:08:25,,,step_16,고농도_SD_주입,IDLE,0.2487129508440065,1.513530975208059,0.6005966189369699,0.3435481580871018,NORMAL
09:08:30,,,step_16,고농도_SD_주입,IDLE,0.2487129508440065,1.513530975208059,0.6005966189369699,0.3435481580871018,NORMAL
09:08:35,,,step_16,고농도_SD_주입,IDLE,0.2487129508440065,1.513530975208059,0.6005966189369699,0.3435481580871018,NORMAL
09:08:40,,,step_16,고농도_SD_주입,IDLE,0.2487129508440065,1.513530975208059,0.6005966189369699,0.3435481580871018,NORMAL
09:08:45,,,step_16,고농도_SD_주입,IDLE,0.2487129508440065,1.513530975208059,0.6005966189369699,0.3435481580871018,NORMAL
09:08:50,,,step_16,고농도_SD_주입,IDLE,0.2487129508440065,1.513530975208059,0.6005966189369699,0.3435481580871018,NORMAL
09:08:55,,,step_16,고농도_SD_주입,IDLE,0.2487129508440065,1.513530975208059,0.6005966189369699,0.3435481580871018,NORMAL
09:09:00,,,step_16,고농도_SD_주입,IDLE,0.2487129508440065,1.513530975208059,0.6005966189369699,0.3435481580871018,NORMAL
09:09:05,,,step_16,고농도_SD_주입,IDLE,0.2487129508440065,1.513530975208059,0.6005966189369699,0.3435481580871018,NORMAL
09:09:10,,,step_16,고농도_SD_주입,IDLE,0.2487129508440065,1.513530975208059,0.6005966189369699,0.3435481580871018,NORMAL
09:09:15,,,step_16,고농도_SD_주입,IDLE,0.2487129508440065,1.513530975208059,0.6005966189369699,0.3435481580871018,NORMAL
09:09:20,,,step_16,고농도_SD_주입,IDLE,0.2487129508440065,1.513530975208059,0.6005966189369699,0.3435481580871018,NORMAL
09:09:25,,,step_16,고농도_SD_주입,IDLE,0.2487129508440065,1.513530975208059,0.6005966189369699,0.3435481580871018,NORMAL
09:09:30,,,step_16,고농도_SD_주입,IDLE,0.2487129508440065,1.513530975208059,0.6005966189369699,0.3435481580871018,NORMAL
09:09:35,,,step_16,고농도_SD_주입,IDLE,0.2487129508440065,1.513530975208059,0.6005966189369699,0.3435481580871018,NORMAL
09:09:40,,,step_16,고농도_SD_주입,IDLE,0.2487129508440065,1.513530975208059,0.6005966189369699,0.3435481580871018,NORMAL
09:09:45,,,step_16,고농도_SD_주입,IDLE,0.2487129508440065,1.513530975208059,0.6005966189369699,0.3435481580871018,NORMAL
09:09:50,,,step_16,고농도_SD_주입,IDLE,0.2487129508440065,1.513530975208059,0.6005966189369699,0.3435481580871018,NORMAL
09:09:55,,,step_16,고농도_SD_주입,IDLE,0.2487129508440065,1.513530975208059,0.6005966189369699,0.3435481580871018,NORMAL
09:10:00,,,step_16,고농도_SD_주입,IDLE,0.2487129508440065,1.513530975208059,0.6005966189369699,0.3435481580871018,NORMAL
09:10:05,,,step_16,고농도_SD_주입,IDLE,0.2487129508440065,1.513530975208059,0.6005966189369699,0.3435481580871018,NORMAL
09:10:10,,,step_16,고농도_SD_주입,IDLE,0.2487129508440065,1.513530975208059,0.6005966189369699,0.3435481580871018,NORMAL
09:10:15,,,step_16,고농도_SD_주입,IDLE,0.2487129508440065,1.513530975208059,0.6005966189369699,0.3435481580871018,NORMAL
09:10:20,,,step_16,고농도_SD_주입,IDLE,0.2487129508440065,1.513530975208059,0.6005966189369699,0.3435481580871018,NORMAL
09:10:25,,,step_16,고농도_SD_주입,IDLE,0.2487129508440065,1.513530975208059,0.6005966189369699,0.3435481580871018,NORMAL
09:10:30,,,step_16,고농도_SD_주입,IDLE,0.2487129508440065,1.513530975208059,0.6005966189369699,0.3435481580871018,NORMAL
09:10:35,,,step_16,고농도_SD_주입,IDLE,0.2487129508440065,1.513530975208059,0.6005966189369699,0.3435481580871018,NORMAL
09:10:40,,,step_16,고농도_SD_주입,IDLE,0.2487129508440065,1.513530975208059,0.6005966189369699,0.3435481580871018,NORMAL
09:10:45,,,step_16,고농도_SD_주입,IDLE,0.2487129508440065,1.513530975208059,0.6005966189369699,0.3435481580871018,NORMAL
09:10:50,,,step_16,고농도_SD_주입,IDLE,0.2487129508440065,1.513530975208059,0.6005966189369699,0.3435481580871018,NORMAL
09:10:55,,,step_16,고농도_SD_주입,IDLE,0.2487129508440065,1.513530975208059,0.6005966189369699,0.3435481580871018,NORMAL
09:11:00,,,step_16,고농도_SD_주입,IDLE,0.2487129508440065,1.513530975208059,0.6005966189369699,0.3435481580871018,NORMAL
09:11:05,,,step_16,고농도_SD_주입,IDLE,0.2487129508440065,1.513530975208059,0.6005966189369699,0.3435481580871018,NORMAL
09:11:10,,,step_16,고농도_SD_주입,IDLE,0.2487129508440065,1.513530975208059,0.6005966189369699,0.3435481580871018,NORMAL
09:11:15,,,step_16,고농도_SD_주입,IDLE,0.2487129508440065,1.513530975208059,0.6005966189369699,0.3435481580871018,NORMAL
09:11:20,,,step_16,고농도_SD_주입,IDLE,0.2487129508440065,1.513530975208059,0.6005966189369699,0.3435481580871018,NORMAL
09:11:25,,,step_16,고농도_SD_주입,IDLE,0.2487129508440065,1.513530975208059,0.6005966189369699,0.3435481580871018,NORMAL
09:11:30,,,step_16,고농도_SD_주입,IDLE,0.2487129508440065,1.513530975208059,0.6005966189369699,0.3435481580871018,NORMAL
09:11:35,,,step_16,고농도_SD_주입,IDLE,0.2487129508440065,1.513530975208059,0.6005966189369699,0.3435481580871018,NORMAL
09:11:40,,,step_16,고농도_SD_주입,IDLE,0.2487129508440065,1.513530975208059,0.6005966189369699,0.3435481580871018,NORMAL
09:11:45,,,step_16,고농도_SD_주입,IDLE,0.2487129508440065,1.513530975208059,0.6005966189369699,0.3435481580871018,NORMAL
09:11:50,,,step_16,고농도_SD_주입,IDLE,0.2487129508440065,1.513530975208059,0.6005966189369699,0.3435481580871018,NORMAL
09:11:55,,,step_16,고농도_SD_주입,IDLE,0.2487129508440065,1.513530975208059,0.6005966189369699,0.3435481580871018,NORMAL
09:12:00,,,step_16,고농도_SD_주입,IDLE,0.2487129508440065,1.513530975208059,0.6005966189369699,0.3435481580871018,NORMAL
09:12:05,,,step_16,고농도_SD_주입,IDLE,0.2487129508440065,1.513530975208059,0.6005966189369699,0.3435481580871018,NORMAL
09:12:10,,,step_16,고농도_SD_주입,IDLE,0.2487129508440065,1.513530975208059,0.6005966189369699,0.3435481580871018,NORMAL
09:12:15,,,step_16,고농도_SD_주입,IDLE,0.2487129508440065,1.513530975208059,0.6005966189369699,0.3435481580871018,NORMAL
09:12:20,,,step_16,고농도_SD_주입,IDLE,0.2487129508440065,1.513530975208059,0.6005966189369699,0.3435481580871018,NORMAL
09:12:25,,,step_16,고농도_SD_주입,IDLE,0.2487129508440065,1.513530975208059,0.6005966189369699,0.3435481580871018,NORMAL
09:12:30,,,step_16,고농도_SD_주입,IDLE,0.2487129508440065,1.513530975208059,0.6005966189369699,0.3435481580871018,NORMAL
09:12:35,,,step_16,고농도_SD_주입,IDLE,0.2487129508440065,1.513530975208059,0.6005966189369699,0.3435481580871018,NORMAL
09:12:40,,,step_16,고농도_SD_주입,IDLE,0.2487129508440065,1.513530975208059,0.6005966189369699,0.3435481580871018,NORMAL
09:12:45,,,step_16,고농도_SD_주입,IDLE,0.2487129508440065,1.513530975208059,0.6005966189369699,0.3435481580871018,NORMAL
09:12:50,,,step_16,고농도_SD_주입,IDLE,0.2487129508440065,1.513530975208059,0.6005966189369699,0.3435481580871018,NORMAL
09:12:55,,,step_16,고농도_SD_주입,IDLE,0.2487129508440065,1.513530975208059,0.6005966189369699,0.3435481580871018,NORMAL
09:13:00,,,step_16,고농도_SD_주입,IDLE,0.2487129508440065,1.513530975208059,0.6005966189369699,0.3435481580871018,NORMAL
09:13:05,,,step_16,고농도_SD_주입,IDLE,0.2487129508440065,1.513530975208059,0.6005966189369699,0.3435481580871018,NORMAL
09:13:10,,,step_16,고농도_SD_주입,IDLE,0.2487129508440065,1.513530975208059,0.6005966189369699,0.3435481580871018,NORMAL
09:13:15,,,step_16,고농도_SD_주입,IDLE,0.2487129508440065,1.513530975208059,0.6005966189369699,0.3435481580871018,NORMAL
09:13:20,,,step_16,고농도_SD_주입,IDLE,0.2487129508440065,1.513530975208059,0.6005966189369699,0.3435481580871018,NORMAL
09:13:25,,,step_16,고농도_SD_주입,IDLE,0.2487129508440065,1.513530975208059,0.6005966189369699,0.3435481580871018,NORMAL
09:13:30,,,step_16,고농도_SD_주입,IDLE,0.2487129508440065,1.513530975208059,0.6005966189369699,0.3435481580871018,NORMAL
09:13:35,,,step_16,고농도_SD_주입,IDLE,0.2487129508440065,1.513530975208059,0.6005966189369699,0.3435481580871018,NORMAL
09:13:40,,,step_16,고농도_SD_주입,IDLE,0.2487129508440065,1.513530975208059,0.6005966189369699,0.3435481580871018,NORMAL
09:13:45,,,step_16,고농도_SD_주입,IDLE,0.2487129508440065,1.513530975208059,0.6005966189369699,0.3435481580871018,NORMAL
09:13:50,,,step_16,고농도_SD_주입,IDLE,0.2487129508440065,1.513530975208059,0.6005966189369699,0.3435481580871018,NORMAL
09:13:55,,,step_16,고농도_SD_주입,IDLE,0.2487129508440065,1.513530975208059,0.6005966189369699,0.3435481580871018,NORMAL
09:14:00,,,step_16,고농도_SD_주입,IDLE,0.2487129508440065,1.513530975208059,0.6005966189369699,0.3435481580871018,NORMAL
09:14:05,,,step_16,고농도_SD_주입,IDLE,0.2487129508440065,1.513530975208059,0.6005966189369699,0.3435481580871018,NORMAL
09:14:10,,,step_16,고농도_SD_주입,IDLE,0.2487129508440065,1.513530975208059,0.6005966189369699,0.3435481580871018,NORMAL
09:14:15,,,step_16,고농도_SD_주입,IDLE,0.2487129508440065,1.513530975208059,0.6005966189369699,0.3435481580871018,NORMAL
09:14:20,,,step_16,고농도_SD_주입,IDLE,0.2487129508440065,1.513530975208059,0.6005966189369699,0.3435481580871018,NORMAL
09:14:25,,,step_16,고농도_SD_주입,IDLE,0.2487129508440065,1.513530975208059,0.6005966189369699,0.3435481580871018,NORMAL
09:14:30,,,step_16,고농도_SD_주입,IDLE,0.2487129508440065,1.513530975208059,0.6005966189369699,0.3435481580871018,NORMAL
09:14:35,,,step_16,고농도_SD_주입,IDLE,0.2487129508440065,1.513530975208059,0.6005966189369699,0.3435481580871018,NORMAL
09:14:40,,,step_16,고농도_SD_주입,IDLE,0.2487129508440065,1.513530975208059,0.6005966189369699,0.3435481580871018,NORMAL
09:14:45,,,step_16,고농도_SD_주입,IDLE,0.2487129508440065,1.513530975208059,0.6005966189369699,0.3435481580871018,NORMAL
09:14:50,,,step_16,고농도_SD_주입,IDLE,0.2487129508440065,1.513530975208059,0.6005966189369699,0.3435481580871018,NORMAL
09:14:55,,,step_16,고농도_SD_주입,IDLE,0.2487129508440065,1.513530975208059,0.6005966189369699,0.3435481580871018,NORMAL
09:15:00,,,step_16,고농도_SD_주입,IDLE,0.2487129508440065,1.513530975208059,0.6005966189369699,0.3435481580871018,NORMAL
09:15:05,,,step_16,고농도_SD_주입,IDLE,0.2487129508440065,1.513530975208059,0.6005966189369699,0.3435481580871018,NORMAL
09:15:10,,,step_16,고농도_SD_주입,IDLE,0.2487129508440065,1.513530975208059,0.6005966189369699,0.3435481580871018,NORMAL
09:15:15,,,step_16,고농도_SD_주입,IDLE,0.2487129508440065,1.513530975208059,0.6005966189369699,0.3435481580871018,NORMAL
09:15:20,,,step_16,고농도_SD_주입,IDLE,0.2487129508440065,1.513530975208059,0.6005966189369699,0.3435481580871018,NORMAL
09:15:25,,,step_16,고농도_SD_주입,IDLE,0.2487129508440065,1.513530975208059,0.6005966189369699,0.3435481580871018,NORMAL
09:15:30,,,step_16,고농도_SD_주입,IDLE,0.2487129508440065,1.513530975208059,0.6005966189369699,0.3435481580871018,NORMAL
09:15:35,,,step_16,고농도_SD_주입,IDLE,0.2487129508440065,1.513530975208059,0.6005966189369699,0.3435481580871018,NORMAL
09:15:40,,,step_16,고농도_SD_주입,IDLE,0.2487129508440065,1.513530975208059,0.6005966189369699,0.3435481580871018,NORMAL
09:15:45,,,step_16,고농도_SD_주입,IDLE,0.2487129508440065,1.513530975208059,0.6005966189369699,0.3435481580871018,NORMAL
09:15:50,,,step_16,고농도_SD_주입,IDLE,0.2487129508440065,1.513530975208059,0.6005966189369699,0.3435481580871018,NORMAL
09:15:55,,,step_16,고농도_SD_주입,IDLE,0.2487129508440065,1.513530975208059,0.6005966189369699,0.3435481580871018,NORMAL
09:16:00,,,step_16,고농도_SD_주입,IDLE,0.2487129508440065,1.513530975208059,0.6005966189369699,0.3435481580871018,NORMAL
09:16:05,,,step_16,고농도_SD_주입,IDLE,0.2487129508440065,1.513530975208059,0.6005966189369699,0.3435481580871018,NORMAL
09:16:10,,,step_16,고농도_SD_주입,IDLE,0.2487129508440065,1.513530975208059,0.6005966189369699,0.3435481580871018,NORMAL
09:16:15,,,step_16,고농도_SD_주입,IDLE,0.2487129508440065,1.513530975208059,0.6005966189369699,0.3435481580871018,NORMAL
09:16:20,,,step_16,고농도_SD_주입,IDLE,0.2487129508440065,1.513530975208059,0.6005966189369699,0.3435481580871018,NORMAL
09:16:25,,,step_16,고농도_SD_주입,IDLE,0.2487129508440065,1.513530975208059,0.6005966189369699,0.3435481580871018,NORMAL
09:16:30,,,step_16,고농도_SD_주입,IDLE,0.2487129508440065,1.513530975208059,0.6005966189369699,0.3435481580871018,NORMAL
09:16:35,,,step_16,고농도_SD_주입,IDLE,0.2487129508440065,1.513530975208059,0.6005966189369699,0.3435481580871018,NORMAL
09:16:40,,,step_16,고농도_SD_주입,IDLE,0.2487129508440065,1.513530975208059,0.6005966189369699,0.3435481580871018,NORMAL
09:16:45,,,step_16,고농도_SD_주입,IDLE,0.2487129508440065,1.513530975208059,0.6005966189369699,0.3435481580871018,NORMAL
09:16:50,,,step_16,고농도_SD_주입,IDLE,0.2487129508440065,1.513530975208059,0.6005966189369699,0.3435481580871018,NORMAL
09:16:55,,,step_16,고농도_SD_주입,IDLE,0.2487129508440065,1.513530975208059,0.6005966189369699,0.3435481580871018,NORMAL
09:17:00,,,step_16,고농도_SD_주입,IDLE,0.2487129508440065,1.513530975208059,0.6005966189369699,0.3435481580871018,NORMAL
09:17:05,,,step_16,고농도_SD_주입,IDLE,0.2487129508440065,1.513530975208059,0.6005966189369699,0.3435481580871018,NORMAL
09:17:10,,,step_16,고농도_SD_주입,IDLE,0.2487129508440065,1.513530975208059,0.6005966189369699,0.3435481580871018,NORMAL
09:17:15,,,step_16,고농도_SD_주입,IDLE,0.2487129508440065,1.513530975208059,0.6005966189369699,0.3435481580871018,NORMAL
09:17:20,,,step_16,고농도_SD_주입,IDLE,0.2487129508440065,1.513530975208059,0.6005966189369699,0.3435481580871018,NORMAL
09:17:25,,,step_16,고농도_SD_주입,IDLE,0.2487129508440065,1.513530975208059,0.6005966189369699,0.3435481580871018,NORMAL
09:17:30,,,step_16,고농도_SD_주입,IDLE,0.2487129508440065,1.513530975208059,0.6005966189369699,0.3435481580871018,NORMAL
09:17:35,,,step_16,고농도_SD_주입,IDLE,0.2487129508440065,1.513530975208059,0.6005966189369699,0.3435481580871018,NORMAL
09:17:40,,,step_16,고농도_SD_주입,IDLE,0.2487129508440065,1.513530975208059,0.6005966189369699,0.3435481580871018,NORMAL
09:17:45,,,step_16,고농도_SD_주입,IDLE,0.2487129508440065,1.513530975208059,0.6005966189369699,0.3435481580871018,NORMAL
09:17:50,,,step_16,고농도_SD_주입,IDLE,0.2487129508440065,1.513530975208059,0.6005966189369699,0.3435481580871018,NORMAL
09:17:55,,,step_16,고농도_SD_주입,IDLE,0.2487129508440065,1.513530975208059,0.6005966189369699,0.3435481580871018,NORMAL
09:18:00,,,step_16,고농도_SD_주입,IDLE,0.2487129508440065,1.513530975208059,0.6005966189369699,0.3435481580871018,NORMAL
09:18:05,,,step_16,고농도_SD_주입,IDLE,0.2487129508440065,1.513530975208059,0.6005966189369699,0.3435481580871018,NORMAL
09:18:10,,,step_16,고농도_SD_주입,IDLE,0.2487129508440065,1.513530975208059,0.6005966189369699,0.3435481580871018,NORMAL
09:18:15,,,step_16,고농도_SD_주입,IDLE,0.2487129508440065,1.513530975208059,0.6005966189369699,0.3435481580871018,NORMAL
09:18:20,,,step_16,고농도_SD_주입,IDLE,0.2487129508440065,1.513530975208059,0.6005966189369699,0.3435481580871018,NORMAL
09:18:25,,,step_16,고농도_SD_주입,IDLE,0.2487129508440065,1.513530975208059,0.6005966189369699,0.3435481580871018,NORMAL
09:18:30,,,step_16,고농도_SD_주입,IDLE,0.2487129508440065,1.513530975208059,0.6005966189369699,0.3435481580871018,NORMAL
09:18:35,,,step_16,고농도_SD_주입,IDLE,0.2487129508440065,1.513530975208059,0.6005966189369699,0.3435481580871018,NORMAL
09:18:40,,,step_16,고농도_SD_주입,IDLE,0.2487129508440065,1.513530975208059,0.6005966189369699,0.3435481580871018,NORMAL
09:18:45,,,step_16,고농도_SD_주입,IDLE,0.2487129508440065,1.513530975208059,0.6005966189369699,0.3435481580871018,NORMAL
09:18:50,,,step_16,고농도_SD_주입,IDLE,0.2487129508440065,1.513530975208059,0.6005966189369699,0.3435481580871018,NORMAL
09:18:55,,,step_16,고농도_SD_주입,IDLE,0.2487129508440065,1.513530975208059,0.6005966189369699,0.3435481580871018,NORMAL
09:19:00,,,step_16,고농도_SD_주입,IDLE,0.2487129508440065,1.513530975208059,0.6005966189369699,0.3435481580871018,NORMAL
09:19:05,,,step_16,고농도_SD_주입,IDLE,0.2487129508440065,1.513530975208059,0.6005966189369699,0.3435481580871018,NORMAL
09:19:10,,,step_16,고농도_SD_주입,IDLE,0.2487129508440065,1.513530975208059,0.6005966189369699,0.3435481580871018,NORMAL
09:19:15,,,step_16,고농도_SD_주입,IDLE,0.2487129508440065,1.513530975208059,0.6005966189369699,0.3435481580871018,NORMAL
09:19:20,,,step_16,고농도_SD_주입,IDLE,0.2487129508440065,1.513530975208059,0.6005966189369699,0.3435481580871018,NORMAL
09:19:25,,,step_16,고농도_SD_주입,IDLE,0.2487129508440065,1.513530975208059,0.6005966189369699,0.3435481580871018,NORMAL
09:19:30,,,step_16,고농도_SD_주입,IDLE,0.2487129508440065,1.513530975208059,0.6005966189369699,0.3435481580871018,NORMAL
09:19:35,,,step_16,고농도_SD_주입,IDLE,0.2487129508440065,1.513530975208059,0.6005966189369699,0.3435481580871018,NORMAL
09:19:40,,,step_16,고농도_SD_주입,IDLE,0.2487129508440065,1.513530975208059,0.6005966189369699,0.3435481580871018,NORMAL
09:19:45,,,step_16,고농도_SD_주입,IDLE,0.2487129508440065,1.513530975208059,0.6005966189369699,0.3435481580871018,NORMAL
09:19:50,,,step_16,고농도_SD_주입,IDLE,0.2487129508440065,1.513530975208059,0.6005966189369699,0.3435481580871018,NORMAL
09:19:55,,,step_16,고농도_SD_주입,IDLE,0.2487129508440065,1.513530975208059,0.6005966189369699,0.3435481580871018,NORMAL
09:20:00,,,step_16,고농도_SD_주입,IDLE,0.2487129508440065,1.513530975208059,0.6005966189369699,0.3435481580871018,NORMAL
09:20:05,,,step_16,고농도_SD_주입,IDLE,0.2487129508440065,1.513530975208059,0.6005966189369699,0.3435481580871018,NORMAL
09:20:10,,,step_16,고농도_SD_주입,IDLE,0.2487129508440065,1.513530975208059,0.6005966189369699,0.3435481580871018,NORMAL
09:20:15,,,step_16,고농도_SD_주입,IDLE,0.2487129508440065,1.513530975208059,0.6005966189369699,0.3435481580871018,NORMAL
09:20:20,,,step_16,고농도_SD_주입,IDLE,0.2487129508440065,1.513530975208059,0.6005966189369699,0.3435481580871018,NORMAL
09:20:25,,,step_16,고농도_SD_주입,IDLE,0.2487129508440065,1.513530975208059,0.6005966189369699,0.3435481580871018,NORMAL
09:20:30,,,step_16,고농도_SD_주입,IDLE,0.2487129508440065,1.513530975208059,0.6005966189369699,0.3435481580871018,NORMAL
09:20:35,,,step_16,고농도_SD_주입,IDLE,0.2487129508440065,1.513530975208059,0.6005966189369699,0.3435481580871018,NORMAL
09:20:40,,,step_16,고농도_SD_주입,IDLE,0.2487129508440065,1.513530975208059,0.6005966189369699,0.3435481580871018,NORMAL
09:20:45,,,step_16,고농도_SD_주입,IDLE,0.2487129508440065,1.513530975208059,0.6005966189369699,0.3435481580871018,NORMAL
09:20:50,,,step_16,고농도_SD_주입,IDLE,0.2487129508440065,1.513530975208059,0.6005966189369699,0.3435481580871018,NORMAL
09:20:55,,,step_16,고농도_SD_주입,IDLE,0.2487129508440065,1.513530975208059,0.6005966189369699,0.3435481580871018,NORMAL
09:21:00,,,step_16,고농도_SD_주입,IDLE,0.2487129508440065,1.513530975208059,0.6005966189369699,0.3435481580871018,NORMAL
09:21:05,,,step_16,고농도_SD_주입,IDLE,0.2487129508440065,1.513530975208059,0.6005966189369699,0.3435481580871018,NORMAL
09:21:10,,,step_16,고농도_SD_주입,IDLE,0.2487129508440065,1.513530975208059,0.6005966189369699,0.3435481580871018,NORMAL
09:21:15,,,step_16,고농도_SD_주입,IDLE,0.2487129508440065,1.513530975208059,0.6005966189369699,0.3435481580871018,NORMAL
09:21:20,,,step_16,고농도_SD_주입,IDLE,0.2487129508440065,1.513530975208059,0.6005966189369699,0.3435481580871018,NORMAL
09:21:25,,,step_16,고농도_SD_주입,IDLE,0.2487129508440065,1.513530975208059,0.6005966189369699,0.3435481580871018,NORMAL
09:21:30,,,step_16,고농도_SD_주입,IDLE,0.2487129508440065,1.513530975208059,0.6005966189369699,0.3435481580871018,NORMAL
09:21:35,,,step_16,고농도_SD_주입,IDLE,0.2487129508440065,1.513530975208059,0.6005966189369699,0.3435481580871018,NORMAL
09:21:40,,,step_16,고농도_SD_주입,IDLE,0.2487129508440065,1.513530975208059,0.6005966189369699,0.3435481580871018,NORMAL
09:21:45,,,step_16,고농도_SD_주입,IDLE,0.2487129508440065,1.513530975208059,0.6005966189369699,0.3435481580871018,NORMAL
09:21:50,,,step_16,고농도_SD_주입,IDLE,0.2487129508440065,1.513530975208059,0.6005966189369699,0.3435481580871018,NORMAL
09:21:55,,,step_16,고농도_SD_주입,IDLE,0.2487129508440065,1.513530975208059,0.6005966189369699,0.3435481580871018,NORMAL
09:22:00,,,step_16,고농도_SD_주입,IDLE,0.2487129508440065,1.513530975208059,0.6005966189369699,0.3435481580871018,NORMAL
09:22:05,,,step_16,고농도_SD_주입,IDLE,0.2487129508440065,1.513530975208059,0.6005966189369699,0.3435481580871018,NORMAL
09:22:10,,,step_16,고농도_SD_주입,IDLE,0.2487129508440065,1.513530975208059,0.6005966189369699,0.3435481580871018,NORMAL
09:22:15,,,step_16,고농도_SD_주입,IDLE,0.2487129508440065,1.513530975208059,0.6005966189369699,0.3435481580871018,NORMAL
09:22:20,,,step_16,고농도_SD_주입,IDLE,0.2487129508440065,1.513530975208059,0.6005966189369699,0.3435481580871018,NORMAL
09:22:25,,,step_16,고농도_SD_주입,IDLE,0.2487129508440065,1.513530975208059,0.6005966189369699,0.3435481580871018,NORMAL
09:22:30,,,step_16,고농도_SD_주입,IDLE,0.2487129508440065,1.513530975208059,0.6005966189369699,0.3435481580871018,NORMAL
09:22:35,,,step_16,고농도_SD_주입,IDLE,0.2487129508440065,1.513530975208059,0.6005966189369699,0.3435481580871018,NORMAL
09:22:40,,,step_16,고농도_SD_주입,IDLE,0.2487129508440065,1.513530975208059,0.6005966189369699,0.3435481580871018,NORMAL
09:22:45,,,step_16,고농도_SD_주입,IDLE,0.2487129508440065,1.513530975208059,0.6005966189369699,0.3435481580871018,NORMAL
09:22:50,,,step_16,고농도_SD_주입,IDLE,0.2487129508440065,1.513530975208059,0.6005966189369699,0.3435481580871018,NORMAL
09:22:55,,,step_16,고농도_SD_주입,IDLE,0.2487129508440065,1.513530975208059,0.6005966189369699,0.3435481580871018,NORMAL
09:23:00,,,step_16,고농도_SD_주입,IDLE,0.2487129508440065,1.513530975208059,0.6005966189369699,0.3435481580871018,NORMAL
09:23:05,,,step_16,고농도_SD_주입,IDLE,0.2487129508440065,1.513530975208059,0.6005966189369699,0.3435481580871018,NORMAL
09:23:10,,,step_16,고농도_SD_주입,IDLE,0.2487129508440065,1.513530975208059,0.6005966189369699,0.3435481580871018,NORMAL
09:23:15,,,step_16,고농도_SD_주입,IDLE,0.2487129508440065,1.513530975208059,0.6005966189369699,0.3435481580871018,NORMAL
09:23:20,,,step_16,고농도_SD_주입,IDLE,0.2487129508440065,1.513530975208059,0.6005966189369699,0.3435481580871018,NORMAL
09:23:25,,,step_16,고농도_SD_주입,IDLE,0.2487129508440065,1.513530975208059,0.6005966189369699,0.3435481580871018,NORMAL
09:23:30,,,step_16,고농도_SD_주입,IDLE,0.2487129508440065,1.513530975208059,0.6005966189369699,0.3435481580871018,NORMAL
09:23:35,,,step_16,고농도_SD_주입,IDLE,0.2487129508440065,1.513530975208059,0.6005966189369699,0.3435481580871018,NORMAL
09:23:40,,,step_16,고농도_SD_주입,IDLE,0.2487129508440065,1.513530975208059,0.6005966189369699,0.3435481580871018,NORMAL
09:23:45,,,step_16,고농도_SD_주입,IDLE,0.2487129508440065,1.513530975208059,0.6005966189369699,0.3435481580871018,NORMAL
09:23:50,,,step_16,고농도_SD_주입,IDLE,0.2487129508440065,1.513530975208059,0.6005966189369699,0.3435481580871018,NORMAL
09:23:55,,,step_16,고농도_SD_주입,IDLE,0.2487129508440065,1.513530975208059,0.6005966189369699,0.3435481580871018,NORMAL
09:24:00,,,step_16,고농도_SD_주입,IDLE,0.2487129508440065,1.513530975208059,0.6005966189369699,0.3435481580871018,NORMAL
09:24:05,,,step_16,고농도_SD_주입,IDLE,0.2487129508440065,1.513530975208059,0.6005966189369699,0.3435481580871018,NORMAL
09:24:10,,,step_16,고농도_SD_주입,IDLE,0.2487129508440065,1.513530975208059,0.6005966189369699,0.3435481580871018,NORMAL
09:24:15,,,step_16,고농도_SD_주입,IDLE,0.2487129508440065,1.513530975208059,0.6005966189369699,0.3435481580871018,NORMAL
09:24:20,,,step_16,고농도_SD_주입,IDLE,0.2487129508440065,1.513530975208059,0.6005966189369699,0.3435481580871018,NORMAL
09:24:25,,,step_16,고농도_SD_주입,IDLE,0.2487129508440065,1.513530975208059,0.6005966189369699,0.3435481580871018,NORMAL
09:24:30,,,step_16,고농도_SD_주입,IDLE,0.2487129508440065,1.513530975208059,0.6005966189369699,0.3435481580871018,NORMAL
09:24:35,,,step_16,고농도_SD_주입,IDLE,0.2487129508440065,1.513530975208059,0.6005966189369699,0.3435481580871018,NORMAL
09:24:40,,,step_16,고농도_SD_주입,IDLE,0.2487129508440065,1.513530975208059,0.6005966189369699,0.3435481580871018,NORMAL
09:24:45,,,step_16,고농도_SD_주입,IDLE,0.2487129508440065,1.513530975208059,0.6005966189369699,0.3435481580871018,NORMAL
09:24:50,,,step_16,고농도_SD_주입,IDLE,0.2487129508440065,1.513530975208059,0.6005966189369699,0.3435481580871018,NORMAL
09:24:55,,,step_16,고농도_SD_주입,IDLE,0.2487129508440065,1.513530975208059,0.6005966189369699,0.3435481580871018,NORMAL
09:25:00,,,step_16,고농도_SD_주입,IDLE,0.2487129508440065,1.513530975208059,0.6005966189369699,0.3435481580871018,NORMAL
09:25:05,,,step_16,고농도_SD_주입,IDLE,0.2487129508440065,1.513530975208059,0.6005966189369699,0.3435481580871018,NORMAL
09:25:10,,,step_16,고농도_SD_주입,IDLE,0.2487129508440065,1.513530975208059,0.6005966189369699,0.3435481580871018,NORMAL
09:25:15,,,step_16,고농도_SD_주입,IDLE,0.2487129508440065,1.513530975208059,0.6005966189369699,0.3435481580871018,NORMAL
09:25:20,,,step_16,고농도_SD_주입,IDLE,0.2487129508440065,1.513530975208059,0.6005966189369699,0.3435481580871018,NORMAL
09:25:25,,,step_16,고농도_SD_주입,IDLE,0.2487129508440065,1.513530975208059,0.6005966189369699,0.3435481580871018,NORMAL
09:25:30,,,step_16,고농도_SD_주입,IDLE,0.2487129508440065,1.513530975208059,0.6005966189369699,0.3435481580871018,NORMAL
09:25:35,,,step_16,고농도_SD_주입,IDLE,0.2487129508440065,1.513530975208059,0.6005966189369699,0.3435481580871018,NORMAL
09:25:40,,,step_16,고농도_SD_주입,IDLE,0.2487129508440065,1.513530975208059,0.6005966189369699,0.3435481580871018,NORMAL
09:25:45,,,step_16,고농도_SD_주입,IDLE,0.2487129508440065,1.513530975208059,0.6005966189369699,0.3435481580871018,NORMAL
09:25:50,,,step_16,고농도_SD_주입,IDLE,0.2487129508440065,1.513530975208059,0.6005966189369699,0.3435481580871018,NORMAL
09:25:55,,,step_16,고농도_SD_주입,IDLE,0.2487129508440065,1.513530975208059,0.6005966189369699,0.3435481580871018,NORMAL
09:26:00,,,step_16,고농도_SD_주입,IDLE,0.2487129508440065,1.513530975208059,0.6005966189369699,0.3435481580871018,NORMAL
09:26:05,,,step_16,고농도_SD_주입,IDLE,0.2487129508440065,1.513530975208059,0.6005966189369699,0.3435481580871018,NORMAL
09:26:10,,,step_16,고농도_SD_주입,IDLE,0.2487129508440065,1.513530975208059,0.6005966189369699,0.3435481580871018,NORMAL
09:26:15,,,step_16,고농도_SD_주입,IDLE,0.2487129508440065,1.513530975208059,0.6005966189369699,0.3435481580871018,NORMAL
09:26:20,,,step_16,고농도_SD_주입,IDLE,0.2487129508440065,1.513530975208059,0.6005966189369699,0.3435481580871018,NORMAL
09:26:25,,,step_16,고농도_SD_주입,IDLE,0.2487129508440065,1.513530975208059,0.6005966189369699,0.3435481580871018,NORMAL
09:26:30,,,step_16,고농도_SD_주입,IDLE,0.2487129508440065,1.513530975208059,0.6005966189369699,0.3435481580871018,NORMAL
09:26:35,,,step_16,고농도_SD_주입,IDLE,0.2487129508440065,1.513530975208059,0.6005966189369699,0.3435481580871018,NORMAL
09:26:40,,,step_16,고농도_SD_주입,IDLE,0.2487129508440065,1.513530975208059,0.6005966189369699,0.3435481580871018,NORMAL
09:26:45,,,step_16,고농도_SD_주입,IDLE,0.2487129508440065,1.513530975208059,0.6005966189369699,0.3435481580871018,NORMAL
09:26:50,,,step_16,고농도_SD_주입,IDLE,0.2487129508440065,1.513530975208059,0.6005966189369699,0.3435481580871018,NORMAL
09:26:55,,,step_16,고농도_SD_주입,IDLE,0.2487129508440065,1.513530975208059,0.6005966189369699,0.3435481580871018,NORMAL
09:27:00,,,step_16,고농도_SD_주입,IDLE,0.2487129508440065,1.513530975208059,0.6005966189369699,0.3435481580871018,NORMAL
09:27:05,,,step_16,고농도_SD_주입,IDLE,0.2487129508440065,1.513530975208059,0.6005966189369699,0.3435481580871018,NORMAL
09:27:10,,,step_16,고농도_SD_주입,IDLE,0.2487129508440065,1.513530975208059,0.6005966189369699,0.3435481580871018,NORMAL
09:27:15,,,step_16,고농도_SD_주입,IDLE,0.2487129508440065,1.513530975208059,0.6005966189369699,0.3435481580871018,NORMAL
09:27:20,,,step_16,고농도_SD_주입,IDLE,0.2487129508440065,1.513530975208059,0.6005966189369699,0.3435481580871018,NORMAL
09:27:25,,,step_16,고농도_SD_주입,IDLE,0.2487129508440065,1.513530975208059,0.6005966189369699,0.3435481580871018,NORMAL
09:27:30,,,step_16,고농도_SD_주입,IDLE,0.2487129508440065,1.513530975208059,0.6005966189369699,0.3435481580871018,NORMAL
09:27:35,,,step_16,고농도_SD_주입,IDLE,0.2487129508440065,1.513530975208059,0.6005966189369699,0.3435481580871018,NORMAL
09:27:40,,,step_16,고농도_SD_주입,IDLE,0.2487129508440065,1.513530975208059,0.6005966189369699,0.3435481580871018,NORMAL
09:27:45,,,step_16,고농도_SD_주입,IDLE,0.2487129508440065,1.513530975208059,0.6005966189369699,0.3435481580871018,NORMAL
09:27:50,,,step_16,고농도_SD_주입,IDLE,0.2487129508440065,1.513530975208059,0.6005966189369699,0.3435481580871018,NORMAL
09:27:55,,,step_16,고농도_SD_주입,IDLE,0.2487129508440065,1.513530975208059,0.6005966189369699,0.3435481580871018,NORMAL
09:28:00,,,step_16,고농도_SD_주입,IDLE,0.2487129508440065,1.513530975208059,0.6005966189369699,0.3435481580871018,NORMAL
09:28:05,,,step_16,고농도_SD_주입,IDLE,0.2487129508440065,1.513530975208059,0.6005966189369699,0.3435481580871018,NORMAL
09:28:10,,,step_16,고농도_SD_주입,IDLE,0.2487129508440065,1.513530975208059,0.6005966189369699,0.3435481580871018,NORMAL
09:28:15,,,step_16,고농도_SD_주입,IDLE,0.2487129508440065,1.513530975208059,0.6005966189369699,0.3435481580871018,NORMAL
09:28:20,,,step_16,고농도_SD_주입,IDLE,0.2487129508440065,1.513530975208059,0.6005966189369699,0.3435481580871018,NORMAL
09:28:25,,,step_16,고농도_SD_주입,IDLE,0.2487129508440065,1.513530975208059,0.6005966189369699,0.3435481580871018,NORMAL
09:28:30,,,step_16,고농도_SD_주입,IDLE,0.2487129508440065,1.513530975208059,0.6005966189369699,0.3435481580871018,NORMAL
09:28:35,,,step_16,고농도_SD_주입,IDLE,0.2487129508440065,1.513530975208059,0.6005966189369699,0.3435481580871018,NORMAL
09:28:40,,,step_16,고농도_SD_주입,IDLE,0.2487129508440065,1.513530975208059,0.6005966189369699,0.3435481580871018,NORMAL
09:28:45,,,step_16,고농도_SD_주입,IDLE,0.2487129508440065,1.513530975208059,0.6005966189369699,0.3435481580871018,NORMAL
09:28:50,,,step_16,고농도_SD_주입,IDLE,0.2487129508440065,1.513530975208059,0.6005966189369699,0.3435481580871018,NORMAL
09:28:55,,,step_16,고농도_SD_주입,IDLE,0.2487129508440065,1.513530975208059,0.6005966189369699,0.3435481580871018,NORMAL
09:29:00,,,step_16,고농도_SD_주입,IDLE,0.2487129508440065,1.513530975208059,0.6005966189369699,0.3435481580871018,NORMAL
09:29:05,,,step_16,고농도_SD_주입,IDLE,0.2487129508440065,1.513530975208059,0.6005966189369699,0.3435481580871018,NORMAL
09:29:10,,,step_16,고농도_SD_주입,IDLE,0.2487129508440065,1.513530975208059,0.6005966189369699,0.3435481580871018,NORMAL
09:29:15,,,step_16,고농도_SD_주입,IDLE,0.2487129508440065,1.513530975208059,0.6005966189369699,0.3435481580871018,NORMAL
09:29:20,,,step_16,고농도_SD_주입,IDLE,0.2487129508440065,1.513530975208059,0.6005966189369699,0.3435481580871018,NORMAL
09:29:25,,,step_16,고농도_SD_주입,IDLE,0.2487129508440065,1.513530975208059,0.6005966189369699,0.3435481580871018,NORMAL
09:29:30,,,step_16,고농도_SD_주입,IDLE,0.2487129508440065,1.513530975208059,0.6005966189369699,0.3435481580871018,NORMAL
09:29:35,,,step_16,고농도_SD_주입,IDLE,0.2487129508440065,1.513530975208059,0.6005966189369699,0.3435481580871018,NORMAL
09:29:40,,,step_16,고농도_SD_주입,IDLE,0.2487129508440065,1.513530975208059,0.6005966189369699,0.3435481580871018,NORMAL
09:29:45,,,step_16,고농도_SD_주입,IDLE,0.2487129508440065,1.513530975208059,0.6005966189369699,0.3435481580871018,NORMAL
09:29:50,,,step_16,고농도_SD_주입,IDLE,0.2487129508440065,1.513530975208059,0.6005966189369699,0.3435481580871018,NORMAL
09:29:55,,,step_16,고농도_SD_주입,IDLE,0.2487129508440065,1.513530975208059,0.6005966189369699,0.3435481580871018,NORMAL
09:30:00,,,step_16,고농도_SD_주입,IDLE,0.2487129508440065,1.513530975208059,0.6005966189369699,0.3435481580871018,NORMAL
09:30:05,,,step_16,고농도_SD_주입,IDLE,0.2487129508440065,1.513530975208059,0.6005966189369699,0.3435481580871018,NORMAL
09:30:10,,,step_16,고농도_SD_주입,IDLE,0.2487129508440065,1.513530975208059,0.6005966189369699,0.3435481580871018,NORMAL
09:30:15,,,step_16,고농도_SD_주입,IDLE,0.2487129508440065,1.513530975208059,0.6005966189369699,0.3435481580871018,NORMAL
09:30:20,,,step_16,고농도_SD_주입,IDLE,0.2487129508440065,1.513530975208059,0.6005966189369699,0.3435481580871018,NORMAL
09:30:25,,,step_16,고농도_SD_주입,IDLE,0.2487129508440065,1.513530975208059,0.6005966189369699,0.3435481580871018,NORMAL
09:30:30,,,step_16,고농도_SD_주입,IDLE,0.2487129508440065,1.513530975208059,0.6005966189369699,0.3435481580871018,NORMAL
09:30:35,,,step_16,고농도_SD_주입,IDLE,0.2487129508440065,1.513530975208059,0.6005966189369699,0.3435481580871018,NORMAL
09:30:40,,,step_16,고농도_SD_주입,IDLE,0.2487129508440065,1.513530975208059,0.6005966189369699,0.3435481580871018,NORMAL
09:30:45,,,step_16,고농도_SD_주입,IDLE,0.2487129508440065,1.513530975208059,0.6005966189369699,0.3435481580871018,NORMAL
09:30:50,,,step_16,고농도_SD_주입,IDLE,0.2487129508440065,1.513530975208059,0.6005966189369699,0.3435481580871018,NORMAL
09:30:55,,,step_16,고농도_SD_주입,IDLE,0.2487129508440065,1.513530975208059,0.6005966189369699,0.3435481580871018,NORMAL
09:31:00,,,step_16,고농도_SD_주입,IDLE,0.2487129508440065,1.513530975208059,0.6005966189369699,0.3435481580871018,NORMAL
09:31:05,,,step_16,고농도_SD_주입,IDLE,0.2487129508440065,1.513530975208059,0.6005966189369699,0.3435481580871018,NORMAL
09:31:10,,,step_16,고농도_SD_주입,IDLE,0.2487129508440065,1.513530975208059,0.6005966189369699,0.3435481580871018,NORMAL
09:31:15,,,step_16,고농도_SD_주입,IDLE,0.2487129508440065,1.513530975208059,0.6005966189369699,0.3435481580871018,NORMAL
09:31:20,,,step_16,고농도_SD_주입,IDLE,0.2487129508440065,1.513530975208059,0.6005966189369699,0.3435481580871018,NORMAL
09:31:25,,,step_16,고농도_SD_주입,IDLE,0.2487129508440065,1.513530975208059,0.6005966189369699,0.3435481580871018,NORMAL
09:31:30,,,step_16,고농도_SD_주입,IDLE,0.2487129508440065,1.513530975208059,0.6005966189369699,0.3435481580871018,NORMAL
09:31:35,,,step_16,고농도_SD_주입,IDLE,0.2487129508440065,1.513530975208059,0.6005966189369699,0.3435481580871018,NORMAL
09:31:40,,,step_16,고농도_SD_주입,IDLE,0.2487129508440065,1.513530975208059,0.6005966189369699,0.3435481580871018,NORMAL
09:31:45,,,step_16,고농도_SD_주입,IDLE,0.2487129508440065,1.513530975208059,0.6005966189369699,0.3435481580871018,NORMAL
09:31:50,,,step_16,고농도_SD_주입,IDLE,0.2487129508440065,1.513530975208059,0.6005966189369699,0.3435481580871018,NORMAL
09:31:55,,,step_16,고농도_SD_주입,IDLE,0.2487129508440065,1.513530975208059,0.6005966189369699,0.3435481580871018,NORMAL
09:32:00,,,step_16,고농도_SD_주입,IDLE,0.2487129508440065,1.513530975208059,0.6005966189369699,0.3435481580871018,NORMAL
09:32:05,,,step_16,고농도_SD_주입,IDLE,0.2487129508440065,1.513530975208059,0.6005966189369699,0.3435481580871018,NORMAL
09:32:10,,,step_16,고농도_SD_주입,IDLE,0.2487129508440065,1.513530975208059,0.6005966189369699,0.3435481580871018,NORMAL
09:32:15,,,step_16,고농도_SD_주입,IDLE,0.2487129508440065,1.513530975208059,0.6005966189369699,0.3435481580871018,NORMAL
09:32:20,,,step_16,고농도_SD_주입,IDLE,0.2487129508440065,1.513530975208059,0.6005966189369699,0.3435481580871018,NORMAL
09:32:25,,,step_16,고농도_SD_주입,IDLE,0.2487129508440065,1.513530975208059,0.6005966189369699,0.3435481580871018,NORMAL
09:32:30,,,step_16,고농도_SD_주입,IDLE,0.2487129508440065,1.513530975208059,0.6005966189369699,0.3435481580871018,NORMAL
09:32:35,,,step_16,고농도_SD_주입,IDLE,0.2487129508440065,1.513530975208059,0.6005966189369699,0.3435481580871018,NORMAL
09:32:40,,,step_16,고농도_SD_주입,IDLE,0.2487129508440065,1.513530975208059,0.6005966189369699,0.3435481580871018,NORMAL
09:32:45,,,step_16,고농도_SD_주입,IDLE,0.2487129508440065,1.513530975208059,0.6005966189369699,0.3435481580871018,NORMAL
09:32:50,,,step_16,고농도_SD_주입,IDLE,0.2487129508440065,1.513530975208059,0.6005966189369699,0.3435481580871018,NORMAL
09:32:55,,,step_16,고농도_SD_주입,IDLE,0.2487129508440065,1.513530975208059,0.6005966189369699,0.3435481580871018,NORMAL
09:33:00,,,step_16,고농도_SD_주입,IDLE,0.2487129508440065,1.513530975208059,0.6005966189369699,0.3435481580871018,NORMAL
09:33:05,,,step_16,고농도_SD_주입,IDLE,0.2487129508440065,1.513530975208059,0.6005966189369699,0.3435481580871018,NORMAL
09:33:10,,,step_16,고농도_SD_주입,IDLE,0.2487129508440065,1.513530975208059,0.6005966189369699,0.3435481580871018,NORMAL
09:33:15,,,step_16,고농도_SD_주입,IDLE,0.2487129508440065,1.513530975208059,0.6005966189369699,0.3435481580871018,NORMAL
09:33:20,,,step_16,고농도_SD_주입,IDLE,0.2487129508440065,1.513530975208059,0.6005966189369699,0.3435481580871018,NORMAL
09:33:25,,,step_16,고농도_SD_주입,IDLE,0.2487129508440065,1.513530975208059,0.6005966189369699,0.3435481580871018,NORMAL
09:33:30,,,step_16,고농도_SD_주입,IDLE,0.2487129508440065,1.513530975208059,0.6005966189369699,0.3435481580871018,NORMAL
09:33:35,,,step_16,고농도_SD_주입,IDLE,0.2487129508440065,1.513530975208059,0.6005966189369699,0.3435481580871018,NORMAL
09:33:40,,,step_16,고농도_SD_주입,IDLE,0.2487129508440065,1.513530975208059,0.6005966189369699,0.3435481580871018,NORMAL
09:33:45,,,step_16,고농도_SD_주입,IDLE,0.2487129508440065,1.513530975208059,0.6005966189369699,0.3435481580871018,NORMAL
09:33:50,,,step_16,고농도_SD_주입,IDLE,0.2487129508440065,1.513530975208059,0.6005966189369699,0.3435481580871018,NORMAL
09:33:55,,,step_16,고농도_SD_주입,IDLE,0.2487129508440065,1.513530975208059,0.6005966189369699,0.3435481580871018,NORMAL
09:34:00,,,step_16,고농도_SD_주입,IDLE,0.2487129508440065,1.513530975208059,0.6005966189369699,0.3435481580871018,NORMAL
09:34:05,,,step_16,고농도_SD_주입,IDLE,0.2487129508440065,1.513530975208059,0.6005966189369699,0.3435481580871018,NORMAL
09:34:10,,,step_16,고농도_SD_주입,IDLE,0.2487129508440065,1.513530975208059,0.6005966189369699,0.3435481580871018,NORMAL
09:34:15,,,step_16,고농도_SD_주입,IDLE,0.2487129508440065,1.513530975208059,0.6005966189369699,0.3435481580871018,NORMAL
09:34:20,,,step_16,고농도_SD_주입,IDLE,0.2487129508440065,1.513530975208059,0.6005966189369699,0.3435481580871018,NORMAL
09:34:25,,,step_16,고농도_SD_주입,IDLE,0.2487129508440065,1.513530975208059,0.6005966189369699,0.3435481580871018,NORMAL
09:34:30,,,step_16,고농도_SD_주입,IDLE,0.2487129508440065,1.513530975208059,0.6005966189369699,0.3435481580871018,NORMAL
09:34:35,,,step_16,고농도_SD_주입,IDLE,0.2487129508440065,1.513530975208059,0.6005966189369699,0.3435481580871018,NORMAL
09:34:40,,,step_16,고농도_SD_주입,IDLE,0.2487129508440065,1.513530975208059,0.6005966189369699,0.3435481580871018,NORMAL
09:34:45,,,step_16,고농도_SD_주입,IDLE,0.2487129508440065,1.513530975208059,0.6005966189369699,0.3435481580871018,NORMAL
09:34:50,,,step_16,고농도_SD_주입,IDLE,0.2487129508440065,1.513530975208059,0.6005966189369699,0.3435481580871018,NORMAL
09:34:55,,,step_16,고농도_SD_주입,IDLE,0.2487129508440065,1.513530975208059,0.6005966189369699,0.3435481580871018,NORMAL
09:35:00,,,step_16,고농도_SD_주입,IDLE,0.2487129508440065,1.513530975208059,0.6005966189369699,0.3435481580871018,NORMAL
09:35:05,,,step_16,고농도_SD_주입,IDLE,0.2487129508440065,1.513530975208059,0.6005966189369699,0.3435481580871018,NORMAL
09:35:10,,,step_16,고농도_SD_주입,IDLE,0.2487129508440065,1.513530975208059,0.6005966189369699,0.3435481580871018,NORMAL
09:35:15,,,step_16,고농도_SD_주입,IDLE,0.2487129508440065,1.513530975208059,0.6005966189369699,0.3435481580871018,NORMAL
09:35:20,,,step_16,고농도_SD_주입,IDLE,0.2487129508440065,1.513530975208059,0.6005966189369699,0.3435481580871018,NORMAL
09:35:25,,,step_16,고농도_SD_주입,IDLE,0.2487129508440065,1.513530975208059,0.6005966189369699,0.3435481580871018,NORMAL
09:35:30,,,step_16,고농도_SD_주입,IDLE,0.2487129508440065,1.513530975208059,0.6005966189369699,0.3435481580871018,NORMAL
09:35:35,,,step_16,고농도_SD_주입,IDLE,0.2487129508440065,1.513530975208059,0.6005966189369699,0.3435481580871018,NORMAL
09:35:40,,,step_16,고농도_SD_주입,IDLE,0.2487129508440065,1.513530975208059,0.6005966189369699,0.3435481580871018,NORMAL
09:35:45,,,step_16,고농도_SD_주입,IDLE,0.2487129508440065,1.513530975208059,0.6005966189369699,0.3435481580871018,NORMAL
09:35:50,,,step_16,고농도_SD_주입,IDLE,0.2487129508440065,1.513530975208059,0.6005966189369699,0.3435481580871018,NORMAL
09:35:55,,,step_16,고농도_SD_주입,IDLE,0.2487129508440065,1.513530975208059,0.6005966189369699,0.3435481580871018,NORMAL
09:36:00,,,step_16,고농도_SD_주입,IDLE,0.2487129508440065,1.513530975208059,0.6005966189369699,0.3435481580871018,NORMAL
09:36:05,,,step_16,고농도_SD_주입,IDLE,0.2487129508440065,1.513530975208059,0.6005966189369699,0.3435481580871018,NORMAL
09:36:10,,,step_16,고농도_SD_주입,IDLE,0.2487129508440065,1.513530975208059,0.6005966189369699,0.3435481580871018,NORMAL
09:36:15,,,step_16,고농도_SD_주입,IDLE,0.2487129508440065,1.513530975208059,0.6005966189369699,0.3435481580871018,NORMAL
09:36:20,,,step_16,고농도_SD_주입,IDLE,0.2487129508440065,1.513530975208059,0.6005966189369699,0.3435481580871018,NORMAL
09:36:25,,,step_16,고농도_SD_주입,IDLE,0.2487129508440065,1.513530975208059,0.6005966189369699,0.3435481580871018,NORMAL
09:36:30,,,step_16,고농도_SD_주입,IDLE,0.2487129508440065,1.513530975208059,0.6005966189369699,0.3435481580871018,NORMAL
09:36:35,,,step_16,고농도_SD_주입,IDLE,0.2487129508440065,1.513530975208059,0.6005966189369699,0.3435481580871018,NORMAL
09:36:40,,,step_16,고농도_SD_주입,IDLE,0.2487129508440065,1.513530975208059,0.6005966189369699,0.3435481580871018,NORMAL
09:36:45,,,step_16,고농도_SD_주입,IDLE,0.2487129508440065,1.513530975208059,0.6005966189369699,0.3435481580871018,NORMAL
09:36:50,,,step_16,고농도_SD_주입,IDLE,0.2487129508440065,1.513530975208059,0.6005966189369699,0.3435481580871018,NORMAL
09:36:55,,,step_16,고농도_SD_주입,IDLE,0.2487129508440065,1.513530975208059,0.6005966189369699,0.3435481580871018,NORMAL
09:37:00,,,step_16,고농도_SD_주입,IDLE,0.2487129508440065,1.513530975208059,0.6005966189369699,0.3435481580871018,NORMAL
09:37:05,,,step_16,고농도_SD_주입,IDLE,0.2487129508440065,1.513530975208059,0.6005966189369699,0.3435481580871018,NORMAL
09:37:10,,,step_16,고농도_SD_주입,IDLE,0.2487129508440065,1.513530975208059,0.6005966189369699,0.3435481580871018,NORMAL
09:37:15,,,step_16,고농도_SD_주입,IDLE,0.2487129508440065,1.513530975208059,0.6005966189369699,0.3435481580871018,NORMAL
09:37:20,,,step_16,고농도_SD_주입,IDLE,0.2487129508440065,1.513530975208059,0.6005966189369699,0.3435481580871018,NORMAL
09:37:25,,,step_16,고농도_SD_주입,IDLE,0.2487129508440065,1.513530975208059,0.6005966189369699,0.3435481580871018,NORMAL
09:37:30,LOT-20260812-A01,W01,step_16,고농도_SD_주입,IDLE,0.2487129508440065,1.513530975208059,0.6005966189369699,0.3435481580871018,NORMAL
09:37:35,LOT-20260812-A01,W02,step_16,고농도_SD_주입,IDLE,0.2533459497594099,1.488382417236454,0.5852615354406853,0.356019373708968,NORMAL
09:37:40,LOT-20260812-A01,W03,step_16,고농도_SD_주입,IDLE,0.2494136926847975,1.5381196480599897,0.5957323717116144,0.3526584936699493,NORMAL
09:37:45,LOT-20260812-A01,W04,step_16,고농도_SD_주입,IDLE,0.2470065057842492,1.5003524262195371,0.6031139535741202,0.3500903673671183,NORMAL
09:37:50,LOT-20260812-A01,W05,step_16,고농도_SD_주입,IDLE,0.2517826830807163,1.4687731403380022,0.6051258315268857,0.3499876607534392,NORMAL
09:37:55,LOT-20260812-A01,W06,step_16,고농도_SD_주입,IDLE,0.2517263311553779,1.4943751418732667,0.6058902307964193,0.3424689256454675,NORMAL
09:38:00,LOT-20260812-A01,W07,step_16,고농도_SD_주입,IDLE,0.2484170341515869,1.501253122898716,0.6039740403288686,0.3451126233342365,NORMAL
09:38:05,LOT-20260812-A01,W08,step_16,고농도_SD_주입,IDLE,0.248687683698049,1.5089793511114042,0.6058042194009625,0.3516807658505702,NORMAL
09:38:10,LOT-20260812-A01,W09,step_16,고농도_SD_주입,IDLE,0.2489114775734547,1.494851389517783,0.6004573912900267,0.3473544366636275,NORMAL
09:38:15,LOT-20260812-A01,W10,step_16,고농도_SD_주입,IDLE,0.2494824400982849,1.4797685944859122,0.5895213369401103,0.3489114347939125,NORMAL
09:38:20,LOT-20260812-A01,W11,step_16,고농도_SD_주입,IDLE,0.2452675723076954,1.4781003876377543,0.5852615354406853,0.3494767196761045,NORMAL
09:38:25,LOT-20260812-A01,W12,step_16,고농도_SD_주입,IDLE,0.2495464403472047,1.4869280142963666,0.594533121782628,0.3465876561549145,NORMAL
09:38:30,LOT-20260812-A01,W13,step_16,고농도_SD_주입,IDLE,0.2544597854954579,1.4888444927496247,0.5986538456693677,0.3451604083998797,NORMAL
09:38:35,LOT-20260812-A01,W14,step_16,고농도_SD_주입,IDLE,0.2477600750819082,1.4773005167020148,0.6125393179717549,0.3419382118453731,NORMAL
09:38:40,LOT-20260812-A01,W15,step_16,고농도_SD_주입,IDLE,0.2485412660163256,1.485343736777926,0.5989939832484382,0.3492674086049423,NORMAL
09:38:45,LOT-20260812-A01,W16,step_16,고농도_SD_주입,IDLE,0.247040955842009,1.5131891704887872,0.5980343096578332,0.3530930427380515,NORMAL
09:38:50,LOT-20260812-A01,W17,step_16,고농도_SD_주입,IDLE,0.2515304048159884,1.5329682521538897,0.6038552712684179,0.3417818292889003,NORMAL
09:38:55,LOT-20260812-A01,W18,step_16,고농도_SD_주입,IDLE,0.2530079933953559,1.5151092342774193,0.5972998801254881,0.3498797608745009,NORMAL
09:39:00,LOT-20260812-A01,W19,step_16,고농도_SD_주입,IDLE,0.252950794597944,1.5261172217237362,0.6081054199894694,0.3514057162634578,NORMAL
09:39:05,LOT-20260812-A01,W20,step_16,고농도_SD_주입,IDLE,0.2468799735277658,1.519482369364674,0.6152749475145666,0.3450520979813543,NORMAL
09:39:10,LOT-20260812-A01,W21,step_16,고농도_SD_주입,RAMP,0.2549979173049696,1.5666504262718677,0.6876314205684282,0.3784428362309618,NORMAL
09:39:15,LOT-20260812-A01,W22,step_16,고농도_SD_주입,RAMP,0.5143375003421423,2.972976298955414,1.2038816250897797,0.6922856926192319,NORMAL
09:39:20,LOT-20260812-A01,W23,step_16,고농도_SD_주입,RAMP,0.7550966310771012,4.511272870270956,1.8134756945878177,1.0479748062308698,NORMAL
09:39:25,LOT-20260812-A01,W24,step_16,고농도_SD_주입,RAMP,1.0047840968334378,5.966350452603519,2.4631542448149397,1.3967746099880405,NORMAL
09:39:30,LOT-20260812-A01,W25,step_16,고농도_SD_주입,RAMP,1.2452835742136483,7.482471427013309,2.9940015190841494,1.714584511548179,NORMAL
09:39:35,LOT-20260812-A01,W01,step_16,고농도_SD_주입,RAMP,1.5022010982379366,9.005453368030928,3.6271676856769672,2.120175041433681,NORMAL
09:39:40,LOT-20260812-A01,W02,step_16,고농도_SD_주입,RAMP,1.762363181797064,10.557085292126322,4.154593594812567,2.4308896246316154,NORMAL
09:39:45,LOT-20260812-A01,W03,step_16,고농도_SD_주입,RAMP,2.003282089684288,12.03386587052121,4.787566434069001,2.7952695896918853,NORMAL
09:39:50,LOT-20260812-A01,W04,step_16,고농도_SD_주입,RAMP,2.237517252439703,13.487053658958851,5.446244584665813,3.1619532200255605,NORMAL
09:39:55,LOT-20260812-A01,W05,step_16,고농도_SD_주입,RAMP,2.49543958325714,15.004443099271333,5.971272174648495,3.529218068522891,NORMAL
09:40:00,LOT-20260812-B02,W01,step_16,고농도_SD_주입,RAMP,2.76209279538889,16.534677093935482,6.594877952850813,3.828401354362064,NORMAL
09:40:05,LOT-20260812-B02,W02,step_16,고농도_SD_주입,RAMP,3.003247433203511,18.053391555044627,7.137031614175915,4.191070328288111,NORMAL
09:40:10,LOT-20260812-B02,W03,step_16,고농도_SD_주입,RAMP,3.2511906207824306,19.378480386939422,7.880230731780385,4.577648372600143,NORMAL
09:40:15,LOT-20260812-B02,W04,step_16,고농도_SD_주입,RAMP,3.494459844667533,20.913808882888084,8.450521122792676,4.909274277585509,NORMAL
09:40:20,LOT-20260812-B02,W05,step_16,고농도_SD_주입,RAMP,3.761885991805344,22.588584842715147,9.00752398264611,5.263423427181032,NORMAL
09:40:25,LOT-20260812-B02,W06,step_16,고농도_SD_주입,RAMP,4.016624125978223,23.995130434405517,9.620300514883294,5.578977365284477,NORMAL
09:40:30,LOT-20260812-B02,W07,step_16,고농도_SD_주입,RAMP,4.26263189123018,25.466073872530643,10.215835924277734,5.942415809401469,NORMAL
09:40:35,LOT-20260812-B02,W08,step_16,고농도_SD_주입,RAMP,4.514425916214454,26.97892004216592,10.85537247012123,6.296643291352392,NORMAL
09:40:40,LOT-20260812-B02,W09,step_16,고농도_SD_주입,RAMP,4.746412937592338,28.47890357555388,11.379247998305145,6.6328421048531405,NORMAL
09:40:45,LOT-20260812-B02,W10,step_16,고농도_SD_주입,RAMP,4.994998309026261,30.04463502252195,12.029290704797129,6.966508607486522,NORMAL
09:40:50,LOT-20260812-B02,W11,step_16,고농도_SD_주입,ACTIVE,4.997654822397513,29.86703803272231,12.06464498993113,6.984685043237092,NORMAL
09:40:55,LOT-20260812-B02,W12,step_16,고농도_SD_주입,ACTIVE,5.000578598629644,30.00297332957961,12.072919558228588,7.040628645987533,NORMAL
09:41:00,LOT-20260812-B02,W13,step_16,고농도_SD_주입,ACTIVE,5.021465296701879,30.02953412753405,11.8644377469701,7.001775203966815,NORMAL
09:41:05,LOT-20260812-B02,W14,step_16,고농도_SD_주입,ACTIVE,5.017488301092026,30.04755214998786,11.96404353130409,7.041228727407201,NORMAL
09:41:10,LOT-20260812-B02,W15,step_16,고농도_SD_주입,ACTIVE,5.008077040808818,30.026743679545238,11.938849762721883,7.005370627426886,NORMAL
09:41:15,LOT-20260812-B02,W16,step_16,고농도_SD_주입,ACTIVE,4.978532198512297,30.061908747637684,12.00897529713424,6.977058768112361,NORMAL
09:41:20,LOT-20260812-B02,W17,step_16,고농도_SD_주입,ACTIVE,4.974679672331047,29.931276461873,11.879038186829144,7.038328570396952,NORMAL
09:41:25,LOT-20260812-B02,W18,step_16,고농도_SD_주입,ACTIVE,5.003606941172025,29.886983672121005,11.877262626543263,7.006369784220037,NORMAL
09:41:30,LOT-20260812-B02,W19,step_16,고농도_SD_주입,ACTIVE,5.013203948084011,30.29484053319006,12.130205699512576,7.028855164972822,NORMAL
09:41:35,LOT-20260812-B02,W20,step_16,고농도_SD_주입,ACTIVE,4.998806494265208,29.96384823785109,12.0370613632958,6.967950154866383,NORMAL
09:41:40,LOT-20260812-B02,W21,step_16,고농도_SD_주입,ACTIVE,5.028723567574676,29.97786546352145,12.007260554591928,7.031162688688435,NORMAL
09:41:45,LOT-20260812-B02,W22,step_16,고농도_SD_주입,ACTIVE,4.983763384343294,30.081340811726147,12.02182035887034,7.032066678266326,NORMAL
09:41:50,LOT-20260812-B02,W23,step_16,고농도_SD_주입,ACTIVE,4.981874720757566,30.19153071506331,12.00878045542495,7.008693014330696,NORMAL
09:41:55,LOT-20260812-B02,W24,step_16,고농도_SD_주입,ACTIVE,4.990035785382886,29.93465662596784,12.059841039393092,6.975792337425706,NORMAL
09:42:00,LOT-20260812-B02,W25,step_16,고농도_SD_주입,ACTIVE,4.989465541802131,29.880142167817255,11.96205334847616,6.998619735138622,NORMAL
09:42:05,LOT-20260812-B02,W01,step_16,고농도_SD_주입,ACTIVE,5.007894288030229,29.85094159790501,12.011196889564417,7.018338734417148,NORMAL
09:42:10,LOT-20260812-B02,W02,step_16,고농도_SD_주입,ACTIVE,4.993674322222348,30.19117274658035,12.013645276076264,7.007037100598096,NORMAL
09:42:15,LOT-20260812-B02,W03,step_16,고농도_SD_주입,ACTIVE,4.97678239308082,29.875427161624675,11.9371885224925,7.018032482143233,NORMAL
09:42:20,LOT-20260812-B02,W04,step_16,고농도_SD_주입,ACTIVE,5.013373676850427,29.99669328761813,12.076618983543783,7.030367377229587,NORMAL
09:42:25,LOT-20260812-B02,W05,step_16,고농도_SD_주입,ACTIVE,4.973600721108918,29.88272582015484,11.973259395605917,6.980546600398842,NORMAL
09:42:30,LOT-20260812-B02,W06,step_16,고농도_SD_주입,ACTIVE,4.98393172665484,29.826197289845,12.061045300188534,6.965347731371196,NORMAL
09:42:35,LOT-20260812-B02,W07,step_16,고농도_SD_주입,ACTIVE,4.9756594014388416,29.96491495762876,12.006894763582288,6.9988738359588325,NORMAL
09:42:40,LOT-20260812-B02,W08,step_16,고농도_SD_주입,ACTIVE,5.003106819156063,29.88746560003906,12.098015089944544,6.990107705233904,NORMAL
09:42:45,LOT-20260812-B02,W09,step_16,고농도_SD_주입,ACTIVE,5.002790715682268,29.9170045889492,11.937517254688707,7.023575392394685,NORMAL
09:42:50,LOT-20260812-B02,W10,step_16,고농도_SD_주입,ACTIVE,5.028746814815245,30.24073261169009,11.934914471909371,6.967765048310236,NORMAL
09:42:55,LOT-20260812-B02,W11,step_16,고농도_SD_주입,ACTIVE,5.013707399842184,30.050987532500688,11.94565826453974,7.030611456225331,NORMAL
09:43:00,LOT-20260812-C03,W01,step_16,고농도_SD_주입,ACTIVE,5.021624692750133,30.11177634234648,12.007997733030862,7.040608363286403,NORMAL
09:43:05,LOT-20260812-C03,W02,step_16,고농도_SD_주입,ACTIVE,5.0043291447694775,30.098959147541912,12.092488103746692,7.000009148927869,NORMAL
09:43:10,LOT-20260812-C03,W03,step_16,고농도_SD_주입,ACTIVE,4.9853460226836415,29.98789668923052,12.095585617089917,7.001822083767439,NORMAL
09:43:15,LOT-20260812-C03,W04,step_16,고농도_SD_주입,ACTIVE,5.001921614029903,29.947233796874684,11.861401883973691,6.976973604963096,NORMAL
09:43:20,LOT-20260812-C03,W05,step_16,고농도_SD_주입,ACTIVE,5.00888631511081,30.029872153423334,12.014982429673353,6.983720173030778,NORMAL
09:43:25,LOT-20260812-C03,W06,step_16,고농도_SD_주입,ACTIVE,5.010557110733774,30.0202140923919,11.8072227833691,6.9877498995806295,NORMAL
09:43:30,LOT-20260812-C03,W07,step_16,고농도_SD_주입,ACTIVE,4.992913817838375,29.931743349940163,12.047701907627102,7.0432882020351375,NORMAL
09:43:35,LOT-20260812-C03,W08,step_16,고농도_SD_주입,ACTIVE,5.007331797106736,30.015581739656024,12.067090164893711,6.9978438764256765,NORMAL
09:43:40,LOT-20260812-C03,W09,step_16,고농도_SD_주입,ACTIVE,4.986004580437381,29.915240435196445,11.99758534351847,6.9603348113008,NORMAL
09:43:45,LOT-20260812-C03,W10,step_16,고농도_SD_주입,ACTIVE,4.984350836088339,29.979425048323098,12.005038894649685,7.00766063026336,NORMAL
09:43:50,LOT-20260812-C03,W11,step_16,고농도_SD_주입,ACTIVE,4.983263229329218,29.95976598305792,12.004418333576414,7.024788703738668,NORMAL
09:43:55,LOT-20260812-C03,W12,step_16,고농도_SD_주입,ACTIVE,5.000369389828352,29.847735288887307,11.952933484875524,6.999237658920352,NORMAL
09:44:00,LOT-20260812-C03,W13,step_16,고농도_SD_주입,ACTIVE,4.982332454673855,29.71786101442654,12.025902347119288,7.044076403191809,NORMAL
09:44:05,LOT-20260812-C03,W14,step_16,고농도_SD_주입,ACTIVE,4.993628834151935,29.88731241000724,11.986115519900803,7.023325260017977,NORMAL
09:44:10,LOT-20260812-C03,W15,step_16,고농도_SD_주입,ACTIVE,5.01354374827121,30.21649255975036,12.055817502557376,6.968526138103364,NORMAL
09:44:15,LOT-20260812-C03,W16,step_16,고농도_SD_주입,ACTIVE,4.984563054828826,29.962838186155597,11.993182383928849,6.983457015628108,NORMAL
09:44:20,LOT-20260812-C03,W17,step_16,고농도_SD_주입,ACTIVE,4.992435319497435,30.093116179307568,11.948338613610703,7.006786788442739,NORMAL
09:44:25,LOT-20260812-C03,W18,step_16,고농도_SD_주입,ACTIVE,5.001074469151643,29.7450665828288,11.907848119748069,6.950014322859202,NORMAL
09:44:30,LOT-20260812-C03,W19,step_16,고농도_SD_주입,ACTIVE,5.003703303522984,29.87900567184428,11.888156110496658,7.010090702124119,NORMAL
09:44:35,LOT-20260812-C03,W20,step_16,고농도_SD_주입,ACTIVE,4.992510641137916,29.83746124591652,12.078750560637266,6.947152527182361,NORMAL
09:44:40,LOT-20260812-C03,W21,step_16,고농도_SD_주입,ACTIVE,5.011802901031027,29.975723998789547,11.97253263882846,7.030703003666935,NORMAL
09:44:45,LOT-20260812-C03,W22,step_16,고농도_SD_주입,ACTIVE,5.008856784511771,30.290634657664228,12.020314451404898,7.027218210543751,NORMAL
09:44:50,LOT-20260812-C03,W23,step_16,고농도_SD_주입,ACTIVE,5.017097849065426,30.05522867318735,12.106993793504673,7.015143440827452,NORMAL
09:44:55,LOT-20260812-C03,W24,step_16,고농도_SD_주입,ACTIVE,4.998775971134794,30.20347350399337,11.966231740122126,6.979723649069431,NORMAL
09:45:00,LOT-20260812-C03,W25,step_16,고농도_SD_주입,ACTIVE,4.9923077178581545,29.96946759267772,11.96235135093713,7.005106084738406,NORMAL
09:45:05,LOT-20260812-C03,W01,step_16,고농도_SD_주입,ACTIVE,4.989760519669818,30.163784324862608,11.99207029485868,6.984598675374561,NORMAL
09:45:10,LOT-20260812-C03,W02,step_16,고농도_SD_주입,ACTIVE,5.0046054127689406,30.248790804801946,12.0017659620252,6.9690755416764985,NORMAL
09:45:15,LOT-20260812-C03,W03,step_16,고농도_SD_주입,ACTIVE,4.994342663257831,29.986875712030745,12.113253081015351,6.989837709646857,NORMAL
09:45:20,LOT-20260812-C03,W04,step_16,고농도_SD_주입,ACTIVE,4.991462453334788,29.93528823465272,12.093949235645647,7.020947966094763,NORMAL
09:45:25,LOT-20260812-C03,W05,step_16,고농도_SD_주입,ACTIVE,4.99327569103632,29.841862687561186,12.037252524954404,7.001314425784953,NORMAL
09:45:30,LOT-20260812-C03,W06,step_16,고농도_SD_주입,ACTIVE,4.989744642723136,29.962912768970764,12.086964826139813,7.043521297724033,NORMAL
09:45:35,LOT-20260812-C03,W07,step_16,고농도_SD_주입,ACTIVE,5.002985316691441,30.009827601024096,11.989306859245929,7.022973416184408,NORMAL
09:45:40,LOT-20260812-C03,W08,step_16,고농도_SD_주입,ACTIVE,4.978811252261839,30.243714434081895,12.01794987403131,7.019760724417169,NORMAL
09:45:45,LOT-20260812-C03,W09,step_16,고농도_SD_주입,ACTIVE,5.004545244387124,29.84460312310847,11.981909181327678,6.951732203516632,NORMAL
09:45:50,,,step_16,고농도_SD_주입,IDLE,5.004545244387124,29.84460312310847,11.981909181327678,6.951732203516632,NORMAL
09:45:55,,,step_16,고농도_SD_주입,IDLE,5.004545244387124,29.84460312310847,11.981909181327678,6.951732203516632,NORMAL
09:46:00,,,step_16,고농도_SD_주입,IDLE,5.004545244387124,29.84460312310847,11.981909181327678,6.951732203516632,NORMAL
09:46:05,,,step_16,고농도_SD_주입,IDLE,5.004545244387124,29.84460312310847,11.981909181327678,6.951732203516632,NORMAL
09:46:10,,,step_16,고농도_SD_주입,IDLE,5.004545244387124,29.84460312310847,11.981909181327678,6.951732203516632,NORMAL
09:46:15,,,step_16,고농도_SD_주입,IDLE,5.004545244387124,29.84460312310847,11.981909181327678,6.951732203516632,NORMAL
09:46:20,,,step_16,고농도_SD_주입,IDLE,5.004545244387124,29.84460312310847,11.981909181327678,6.951732203516632,NORMAL
09:46:25,,,step_16,고농도_SD_주입,IDLE,5.004545244387124,29.84460312310847,11.981909181327678,6.951732203516632,NORMAL
09:46:30,,,step_16,고농도_SD_주입,IDLE,5.004545244387124,29.84460312310847,11.981909181327678,6.951732203516632,NORMAL
09:46:35,,,step_16,고농도_SD_주입,IDLE,5.004545244387124,29.84460312310847,11.981909181327678,6.951732203516632,NORMAL
09:46:40,,,step_16,고농도_SD_주입,IDLE,5.004545244387124,29.84460312310847,11.981909181327678,6.951732203516632,NORMAL
09:46:45,,,step_16,고농도_SD_주입,IDLE,5.004545244387124,29.84460312310847,11.981909181327678,6.951732203516632,NORMAL
09:46:50,,,step_16,고농도_SD_주입,IDLE,5.004545244387124,29.84460312310847,11.981909181327678,6.951732203516632,NORMAL
09:46:55,,,step_16,고농도_SD_주입,IDLE,5.004545244387124,29.84460312310847,11.981909181327678,6.951732203516632,NORMAL
09:47:00,,,step_16,고농도_SD_주입,IDLE,5.004545244387124,29.84460312310847,11.981909181327678,6.951732203516632,NORMAL
09:47:05,,,step_16,고농도_SD_주입,IDLE,5.004545244387124,29.84460312310847,11.981909181327678,6.951732203516632,NORMAL
09:47:10,,,step_16,고농도_SD_주입,IDLE,5.004545244387124,29.84460312310847,11.981909181327678,6.951732203516632,NORMAL
09:47:15,,,step_16,고농도_SD_주입,IDLE,5.004545244387124,29.84460312310847,11.981909181327678,6.951732203516632,NORMAL
09:47:20,,,step_16,고농도_SD_주입,IDLE,5.004545244387124,29.84460312310847,11.981909181327678,6.951732203516632,NORMAL
09:47:25,,,step_16,고농도_SD_주입,IDLE,5.004545244387124,29.84460312310847,11.981909181327678,6.951732203516632,NORMAL
09:47:30,,,step_16,고농도_SD_주입,IDLE,5.004545244387124,29.84460312310847,11.981909181327678,6.951732203516632,NORMAL
09:47:35,,,step_16,고농도_SD_주입,IDLE,5.004545244387124,29.84460312310847,11.981909181327678,6.951732203516632,NORMAL
09:47:40,,,step_16,고농도_SD_주입,IDLE,5.004545244387124,29.84460312310847,11.981909181327678,6.951732203516632,NORMAL
09:47:45,,,step_16,고농도_SD_주입,IDLE,5.004545244387124,29.84460312310847,11.981909181327678,6.951732203516632,NORMAL
09:47:50,,,step_16,고농도_SD_주입,IDLE,5.004545244387124,29.84460312310847,11.981909181327678,6.951732203516632,NORMAL
09:47:55,,,step_16,고농도_SD_주입,IDLE,5.004545244387124,29.84460312310847,11.981909181327678,6.951732203516632,NORMAL
09:48:00,,,step_16,고농도_SD_주입,IDLE,5.004545244387124,29.84460312310847,11.981909181327678,6.951732203516632,NORMAL
09:48:05,,,step_16,고농도_SD_주입,IDLE,5.004545244387124,29.84460312310847,11.981909181327678,6.951732203516632,NORMAL
09:48:10,,,step_16,고농도_SD_주입,IDLE,5.004545244387124,29.84460312310847,11.981909181327678,6.951732203516632,NORMAL
09:48:15,,,step_16,고농도_SD_주입,IDLE,5.004545244387124,29.84460312310847,11.981909181327678,6.951732203516632,NORMAL
09:48:20,,,step_16,고농도_SD_주입,IDLE,5.004545244387124,29.84460312310847,11.981909181327678,6.951732203516632,NORMAL
09:48:25,,,step_16,고농도_SD_주입,IDLE,5.004545244387124,29.84460312310847,11.981909181327678,6.951732203516632,NORMAL
09:48:30,,,step_16,고농도_SD_주입,IDLE,5.004545244387124,29.84460312310847,11.981909181327678,6.951732203516632,NORMAL
09:48:35,,,step_16,고농도_SD_주입,IDLE,5.004545244387124,29.84460312310847,11.981909181327678,6.951732203516632,NORMAL
09:48:40,,,step_16,고농도_SD_주입,IDLE,5.004545244387124,29.84460312310847,11.981909181327678,6.951732203516632,NORMAL
09:48:45,,,step_16,고농도_SD_주입,IDLE,5.004545244387124,29.84460312310847,11.981909181327678,6.951732203516632,NORMAL
09:48:50,,,step_16,고농도_SD_주입,IDLE,5.004545244387124,29.84460312310847,11.981909181327678,6.951732203516632,NORMAL
09:48:55,,,step_16,고농도_SD_주입,IDLE,5.004545244387124,29.84460312310847,11.981909181327678,6.951732203516632,NORMAL
09:49:00,,,step_16,고농도_SD_주입,IDLE,5.004545244387124,29.84460312310847,11.981909181327678,6.951732203516632,NORMAL
09:49:05,,,step_16,고농도_SD_주입,IDLE,5.004545244387124,29.84460312310847,11.981909181327678,6.951732203516632,NORMAL
09:49:10,,,step_16,고농도_SD_주입,IDLE,5.004545244387124,29.84460312310847,11.981909181327678,6.951732203516632,NORMAL
09:49:15,,,step_16,고농도_SD_주입,IDLE,5.004545244387124,29.84460312310847,11.981909181327678,6.951732203516632,NORMAL
09:49:20,,,step_16,고농도_SD_주입,IDLE,5.004545244387124,29.84460312310847,11.981909181327678,6.951732203516632,NORMAL
09:49:25,,,step_16,고농도_SD_주입,IDLE,5.004545244387124,29.84460312310847,11.981909181327678,6.951732203516632,NORMAL
09:49:30,,,step_16,고농도_SD_주입,IDLE,5.004545244387124,29.84460312310847,11.981909181327678,6.951732203516632,NORMAL
09:49:35,,,step_16,고농도_SD_주입,IDLE,5.004545244387124,29.84460312310847,11.981909181327678,6.951732203516632,NORMAL
09:49:40,,,step_16,고농도_SD_주입,IDLE,5.004545244387124,29.84460312310847,11.981909181327678,6.951732203516632,NORMAL
09:49:45,,,step_16,고농도_SD_주입,IDLE,5.004545244387124,29.84460312310847,11.981909181327678,6.951732203516632,NORMAL
09:49:50,,,step_16,고농도_SD_주입,IDLE,5.004545244387124,29.84460312310847,11.981909181327678,6.951732203516632,NORMAL
09:49:55,,,step_16,고농도_SD_주입,IDLE,5.004545244387124,29.84460312310847,11.981909181327678,6.951732203516632,NORMAL
09:50:00,,,step_16,고농도_SD_주입,IDLE,5.004545244387124,29.84460312310847,11.981909181327678,6.951732203516632,NORMAL
09:50:05,,,step_16,고농도_SD_주입,IDLE,5.004545244387124,29.84460312310847,11.981909181327678,6.951732203516632,NORMAL
09:50:10,,,step_16,고농도_SD_주입,IDLE,5.004545244387124,29.84460312310847,11.981909181327678,6.951732203516632,NORMAL
09:50:15,,,step_16,고농도_SD_주입,IDLE,5.004545244387124,29.84460312310847,11.981909181327678,6.951732203516632,NORMAL
09:50:20,,,step_16,고농도_SD_주입,IDLE,5.004545244387124,29.84460312310847,11.981909181327678,6.951732203516632,NORMAL
09:50:25,,,step_16,고농도_SD_주입,IDLE,5.004545244387124,29.84460312310847,11.981909181327678,6.951732203516632,NORMAL
09:50:30,,,step_16,고농도_SD_주입,IDLE,5.004545244387124,29.84460312310847,11.981909181327678,6.951732203516632,NORMAL
09:50:35,,,step_16,고농도_SD_주입,IDLE,5.004545244387124,29.84460312310847,11.981909181327678,6.951732203516632,NORMAL
09:50:40,,,step_16,고농도_SD_주입,IDLE,5.004545244387124,29.84460312310847,11.981909181327678,6.951732203516632,NORMAL
09:50:45,,,step_16,고농도_SD_주입,IDLE,5.004545244387124,29.84460312310847,11.981909181327678,6.951732203516632,NORMAL
09:50:50,,,step_16,고농도_SD_주입,IDLE,5.004545244387124,29.84460312310847,11.981909181327678,6.951732203516632,NORMAL
09:50:55,,,step_16,고농도_SD_주입,IDLE,5.004545244387124,29.84460312310847,11.981909181327678,6.951732203516632,NORMAL
09:51:00,,,step_16,고농도_SD_주입,IDLE,5.004545244387124,29.84460312310847,11.981909181327678,6.951732203516632,NORMAL
09:51:05,,,step_16,고농도_SD_주입,IDLE,5.004545244387124,29.84460312310847,11.981909181327678,6.951732203516632,NORMAL
09:51:10,,,step_16,고농도_SD_주입,IDLE,5.004545244387124,29.84460312310847,11.981909181327678,6.951732203516632,NORMAL
09:51:15,,,step_16,고농도_SD_주입,IDLE,5.004545244387124,29.84460312310847,11.981909181327678,6.951732203516632,NORMAL
09:51:20,,,step_16,고농도_SD_주입,IDLE,5.004545244387124,29.84460312310847,11.981909181327678,6.951732203516632,NORMAL
09:51:25,,,step_16,고농도_SD_주입,IDLE,5.004545244387124,29.84460312310847,11.981909181327678,6.951732203516632,NORMAL
09:51:30,,,step_16,고농도_SD_주입,IDLE,5.004545244387124,29.84460312310847,11.981909181327678,6.951732203516632,NORMAL
09:51:35,,,step_16,고농도_SD_주입,IDLE,5.004545244387124,29.84460312310847,11.981909181327678,6.951732203516632,NORMAL
09:51:40,,,step_16,고농도_SD_주입,IDLE,5.004545244387124,29.84460312310847,11.981909181327678,6.951732203516632,NORMAL
09:51:45,,,step_16,고농도_SD_주입,IDLE,5.004545244387124,29.84460312310847,11.981909181327678,6.951732203516632,NORMAL
09:51:50,,,step_16,고농도_SD_주입,IDLE,5.004545244387124,29.84460312310847,11.981909181327678,6.951732203516632,NORMAL
09:51:55,,,step_16,고농도_SD_주입,IDLE,5.004545244387124,29.84460312310847,11.981909181327678,6.951732203516632,NORMAL
09:52:00,,,step_16,고농도_SD_주입,IDLE,5.004545244387124,29.84460312310847,11.981909181327678,6.951732203516632,NORMAL
09:52:05,,,step_16,고농도_SD_주입,IDLE,5.004545244387124,29.84460312310847,11.981909181327678,6.951732203516632,NORMAL
09:52:10,,,step_16,고농도_SD_주입,IDLE,5.004545244387124,29.84460312310847,11.981909181327678,6.951732203516632,NORMAL
09:52:15,,,step_16,고농도_SD_주입,IDLE,5.004545244387124,29.84460312310847,11.981909181327678,6.951732203516632,NORMAL
09:52:20,,,step_16,고농도_SD_주입,IDLE,5.004545244387124,29.84460312310847,11.981909181327678,6.951732203516632,NORMAL
09:52:25,,,step_16,고농도_SD_주입,IDLE,5.004545244387124,29.84460312310847,11.981909181327678,6.951732203516632,NORMAL
09:52:30,,,step_16,고농도_SD_주입,IDLE,5.004545244387124,29.84460312310847,11.981909181327678,6.951732203516632,NORMAL
09:52:35,,,step_16,고농도_SD_주입,IDLE,5.004545244387124,29.84460312310847,11.981909181327678,6.951732203516632,NORMAL
09:52:40,,,step_16,고농도_SD_주입,IDLE,5.004545244387124,29.84460312310847,11.981909181327678,6.951732203516632,NORMAL
09:52:45,,,step_16,고농도_SD_주입,IDLE,5.004545244387124,29.84460312310847,11.981909181327678,6.951732203516632,NORMAL
09:52:50,,,step_16,고농도_SD_주입,IDLE,5.004545244387124,29.84460312310847,11.981909181327678,6.951732203516632,NORMAL
09:52:55,,,step_16,고농도_SD_주입,IDLE,5.004545244387124,29.84460312310847,11.981909181327678,6.951732203516632,NORMAL
09:53:00,,,step_16,고농도_SD_주입,IDLE,5.004545244387124,29.84460312310847,11.981909181327678,6.951732203516632,NORMAL
09:53:05,,,step_16,고농도_SD_주입,IDLE,5.004545244387124,29.84460312310847,11.981909181327678,6.951732203516632,NORMAL
09:53:10,,,step_16,고농도_SD_주입,IDLE,5.004545244387124,29.84460312310847,11.981909181327678,6.951732203516632,NORMAL
09:53:15,,,step_16,고농도_SD_주입,IDLE,5.004545244387124,29.84460312310847,11.981909181327678,6.951732203516632,NORMAL
09:53:20,,,step_16,고농도_SD_주입,IDLE,5.004545244387124,29.84460312310847,11.981909181327678,6.951732203516632,NORMAL
09:53:25,,,step_16,고농도_SD_주입,IDLE,5.004545244387124,29.84460312310847,11.981909181327678,6.951732203516632,NORMAL
09:53:30,,,step_16,고농도_SD_주입,IDLE,5.004545244387124,29.84460312310847,11.981909181327678,6.951732203516632,NORMAL
09:53:35,,,step_16,고농도_SD_주입,IDLE,5.004545244387124,29.84460312310847,11.981909181327678,6.951732203516632,NORMAL
09:53:40,,,step_16,고농도_SD_주입,IDLE,5.004545244387124,29.84460312310847,11.981909181327678,6.951732203516632,NORMAL
09:53:45,,,step_16,고농도_SD_주입,IDLE,5.004545244387124,29.84460312310847,11.981909181327678,6.951732203516632,NORMAL
09:53:50,,,step_16,고농도_SD_주입,IDLE,5.004545244387124,29.84460312310847,11.981909181327678,6.951732203516632,NORMAL
09:53:55,,,step_16,고농도_SD_주입,IDLE,5.004545244387124,29.84460312310847,11.981909181327678,6.951732203516632,NORMAL
09:54:00,,,step_16,고농도_SD_주입,IDLE,5.004545244387124,29.84460312310847,11.981909181327678,6.951732203516632,NORMAL
09:54:05,,,step_16,고농도_SD_주입,IDLE,5.004545244387124,29.84460312310847,11.981909181327678,6.951732203516632,NORMAL
09:54:10,,,step_16,고농도_SD_주입,IDLE,5.004545244387124,29.84460312310847,11.981909181327678,6.951732203516632,NORMAL
09:54:15,,,step_16,고농도_SD_주입,IDLE,5.004545244387124,29.84460312310847,11.981909181327678,6.951732203516632,NORMAL
09:54:20,,,step_16,고농도_SD_주입,IDLE,5.004545244387124,29.84460312310847,11.981909181327678,6.951732203516632,NORMAL
09:54:25,,,step_16,고농도_SD_주입,IDLE,5.004545244387124,29.84460312310847,11.981909181327678,6.951732203516632,NORMAL
09:54:30,,,step_16,고농도_SD_주입,IDLE,5.004545244387124,29.84460312310847,11.981909181327678,6.951732203516632,NORMAL
09:54:35,,,step_16,고농도_SD_주입,IDLE,5.004545244387124,29.84460312310847,11.981909181327678,6.951732203516632,NORMAL
09:54:40,,,step_16,고농도_SD_주입,IDLE,5.004545244387124,29.84460312310847,11.981909181327678,6.951732203516632,NORMAL
09:54:45,,,step_16,고농도_SD_주입,IDLE,5.004545244387124,29.84460312310847,11.981909181327678,6.951732203516632,NORMAL
09:54:50,,,step_16,고농도_SD_주입,IDLE,5.004545244387124,29.84460312310847,11.981909181327678,6.951732203516632,NORMAL
09:54:55,,,step_16,고농도_SD_주입,IDLE,5.004545244387124,29.84460312310847,11.981909181327678,6.951732203516632,NORMAL
09:55:00,,,step_16,고농도_SD_주입,IDLE,5.004545244387124,29.84460312310847,11.981909181327678,6.951732203516632,NORMAL
09:55:05,,,step_16,고농도_SD_주입,IDLE,5.004545244387124,29.84460312310847,11.981909181327678,6.951732203516632,NORMAL
09:55:10,,,step_16,고농도_SD_주입,IDLE,5.004545244387124,29.84460312310847,11.981909181327678,6.951732203516632,NORMAL
09:55:15,,,step_16,고농도_SD_주입,IDLE,5.004545244387124,29.84460312310847,11.981909181327678,6.951732203516632,NORMAL
09:55:20,,,step_16,고농도_SD_주입,IDLE,5.004545244387124,29.84460312310847,11.981909181327678,6.951732203516632,NORMAL
09:55:25,,,step_16,고농도_SD_주입,IDLE,5.004545244387124,29.84460312310847,11.981909181327678,6.951732203516632,NORMAL
09:55:30,,,step_16,고농도_SD_주입,IDLE,5.004545244387124,29.84460312310847,11.981909181327678,6.951732203516632,NORMAL
09:55:35,,,step_16,고농도_SD_주입,IDLE,5.004545244387124,29.84460312310847,11.981909181327678,6.951732203516632,NORMAL
09:55:40,,,step_16,고농도_SD_주입,IDLE,5.004545244387124,29.84460312310847,11.981909181327678,6.951732203516632,NORMAL
09:55:45,,,step_16,고농도_SD_주입,IDLE,5.004545244387124,29.84460312310847,11.981909181327678,6.951732203516632,NORMAL
09:55:50,,,step_16,고농도_SD_주입,IDLE,5.004545244387124,29.84460312310847,11.981909181327678,6.951732203516632,NORMAL
09:55:55,,,step_16,고농도_SD_주입,IDLE,5.004545244387124,29.84460312310847,11.981909181327678,6.951732203516632,NORMAL
09:56:00,,,step_16,고농도_SD_주입,IDLE,5.004545244387124,29.84460312310847,11.981909181327678,6.951732203516632,NORMAL
09:56:05,,,step_16,고농도_SD_주입,IDLE,5.004545244387124,29.84460312310847,11.981909181327678,6.951732203516632,NORMAL
09:56:10,,,step_16,고농도_SD_주입,IDLE,5.004545244387124,29.84460312310847,11.981909181327678,6.951732203516632,NORMAL
09:56:15,,,step_16,고농도_SD_주입,IDLE,5.004545244387124,29.84460312310847,11.981909181327678,6.951732203516632,NORMAL
09:56:20,,,step_16,고농도_SD_주입,IDLE,5.004545244387124,29.84460312310847,11.981909181327678,6.951732203516632,NORMAL
09:56:25,,,step_16,고농도_SD_주입,IDLE,5.004545244387124,29.84460312310847,11.981909181327678,6.951732203516632,NORMAL
09:56:30,,,step_16,고농도_SD_주입,IDLE,5.004545244387124,29.84460312310847,11.981909181327678,6.951732203516632,NORMAL
09:56:35,,,step_16,고농도_SD_주입,IDLE,5.004545244387124,29.84460312310847,11.981909181327678,6.951732203516632,NORMAL
09:56:40,,,step_16,고농도_SD_주입,IDLE,5.004545244387124,29.84460312310847,11.981909181327678,6.951732203516632,NORMAL
09:56:45,,,step_16,고농도_SD_주입,IDLE,5.004545244387124,29.84460312310847,11.981909181327678,6.951732203516632,NORMAL
09:56:50,,,step_16,고농도_SD_주입,IDLE,5.004545244387124,29.84460312310847,11.981909181327678,6.951732203516632,NORMAL
09:56:55,,,step_16,고농도_SD_주입,IDLE,5.004545244387124,29.84460312310847,11.981909181327678,6.951732203516632,NORMAL
09:57:00,,,step_16,고농도_SD_주입,IDLE,5.004545244387124,29.84460312310847,11.981909181327678,6.951732203516632,NORMAL
09:57:05,,,step_16,고농도_SD_주입,IDLE,5.004545244387124,29.84460312310847,11.981909181327678,6.951732203516632,NORMAL
09:57:10,,,step_16,고농도_SD_주입,IDLE,5.004545244387124,29.84460312310847,11.981909181327678,6.951732203516632,NORMAL
09:57:15,,,step_16,고농도_SD_주입,IDLE,5.004545244387124,29.84460312310847,11.981909181327678,6.951732203516632,NORMAL
09:57:20,,,step_16,고농도_SD_주입,IDLE,5.004545244387124,29.84460312310847,11.981909181327678,6.951732203516632,NORMAL
09:57:25,,,step_16,고농도_SD_주입,IDLE,5.004545244387124,29.84460312310847,11.981909181327678,6.951732203516632,NORMAL
09:57:30,,,step_16,고농도_SD_주입,IDLE,5.004545244387124,29.84460312310847,11.981909181327678,6.951732203516632,NORMAL
09:57:35,,,step_16,고농도_SD_주입,IDLE,5.004545244387124,29.84460312310847,11.981909181327678,6.951732203516632,NORMAL
09:57:40,,,step_16,고농도_SD_주입,IDLE,5.004545244387124,29.84460312310847,11.981909181327678,6.951732203516632,NORMAL
09:57:45,,,step_16,고농도_SD_주입,IDLE,5.004545244387124,29.84460312310847,11.981909181327678,6.951732203516632,NORMAL
09:57:50,,,step_16,고농도_SD_주입,IDLE,5.004545244387124,29.84460312310847,11.981909181327678,6.951732203516632,NORMAL
09:57:55,,,step_16,고농도_SD_주입,IDLE,5.004545244387124,29.84460312310847,11.981909181327678,6.951732203516632,NORMAL
09:58:00,,,step_16,고농도_SD_주입,IDLE,5.004545244387124,29.84460312310847,11.981909181327678,6.951732203516632,NORMAL
09:58:05,,,step_16,고농도_SD_주입,IDLE,5.004545244387124,29.84460312310847,11.981909181327678,6.951732203516632,NORMAL
09:58:10,,,step_16,고농도_SD_주입,IDLE,5.004545244387124,29.84460312310847,11.981909181327678,6.951732203516632,NORMAL
09:58:15,,,step_16,고농도_SD_주입,IDLE,5.004545244387124,29.84460312310847,11.981909181327678,6.951732203516632,NORMAL
09:58:20,,,step_16,고농도_SD_주입,IDLE,5.004545244387124,29.84460312310847,11.981909181327678,6.951732203516632,NORMAL
09:58:25,,,step_16,고농도_SD_주입,IDLE,5.004545244387124,29.84460312310847,11.981909181327678,6.951732203516632,NORMAL
09:58:30,,,step_16,고농도_SD_주입,IDLE,5.004545244387124,29.84460312310847,11.981909181327678,6.951732203516632,NORMAL
09:58:35,,,step_16,고농도_SD_주입,IDLE,5.004545244387124,29.84460312310847,11.981909181327678,6.951732203516632,NORMAL
09:58:40,,,step_16,고농도_SD_주입,IDLE,5.004545244387124,29.84460312310847,11.981909181327678,6.951732203516632,NORMAL
09:58:45,,,step_16,고농도_SD_주입,IDLE,5.004545244387124,29.84460312310847,11.981909181327678,6.951732203516632,NORMAL
09:58:50,,,step_16,고농도_SD_주입,IDLE,5.004545244387124,29.84460312310847,11.981909181327678,6.951732203516632,NORMAL
09:58:55,,,step_16,고농도_SD_주입,IDLE,5.004545244387124,29.84460312310847,11.981909181327678,6.951732203516632,NORMAL
09:59:00,,,step_16,고농도_SD_주입,IDLE,5.004545244387124,29.84460312310847,11.981909181327678,6.951732203516632,NORMAL
09:59:05,,,step_16,고농도_SD_주입,IDLE,5.004545244387124,29.84460312310847,11.981909181327678,6.951732203516632,NORMAL
09:59:10,,,step_16,고농도_SD_주입,IDLE,5.004545244387124,29.84460312310847,11.981909181327678,6.951732203516632,NORMAL
09:59:15,,,step_16,고농도_SD_주입,IDLE,5.004545244387124,29.84460312310847,11.981909181327678,6.951732203516632,NORMAL
09:59:20,,,step_16,고농도_SD_주입,IDLE,5.004545244387124,29.84460312310847,11.981909181327678,6.951732203516632,NORMAL
09:59:25,,,step_16,고농도_SD_주입,IDLE,5.004545244387124,29.84460312310847,11.981909181327678,6.951732203516632,NORMAL
09:59:30,,,step_16,고농도_SD_주입,IDLE,5.004545244387124,29.84460312310847,11.981909181327678,6.951732203516632,NORMAL
09:59:35,,,step_16,고농도_SD_주입,IDLE,5.004545244387124,29.84460312310847,11.981909181327678,6.951732203516632,NORMAL
09:59:40,,,step_16,고농도_SD_주입,IDLE,5.004545244387124,29.84460312310847,11.981909181327678,6.951732203516632,NORMAL
09:59:45,,,step_16,고농도_SD_주입,IDLE,5.004545244387124,29.84460312310847,11.981909181327678,6.951732203516632,NORMAL
09:59:50,,,step_16,고농도_SD_주입,IDLE,5.004545244387124,29.84460312310847,11.981909181327678,6.951732203516632,NORMAL
09:59:55,,,step_16,고농도_SD_주입,IDLE,5.004545244387124,29.84460312310847,11.981909181327678,6.951732203516632,NORMAL
10:00:00,,,step_16,고농도_SD_주입,IDLE,5.004545244387124,29.84460312310847,11.981909181327678,6.951732203516632,NORMAL
10:00:05,,,step_16,고농도_SD_주입,IDLE,5.004545244387124,29.84460312310847,11.981909181327678,6.951732203516632,NORMAL
10:00:10,,,step_16,고농도_SD_주입,IDLE,5.004545244387124,29.84460312310847,11.981909181327678,6.951732203516632,NORMAL
10:00:15,,,step_16,고농도_SD_주입,IDLE,5.004545244387124,29.84460312310847,11.981909181327678,6.951732203516632,NORMAL
10:00:20,,,step_16,고농도_SD_주입,IDLE,5.004545244387124,29.84460312310847,11.981909181327678,6.951732203516632,NORMAL
10:00:25,,,step_16,고농도_SD_주입,IDLE,5.004545244387124,29.84460312310847,11.981909181327678,6.951732203516632,NORMAL
10:00:30,,,step_16,고농도_SD_주입,IDLE,5.004545244387124,29.84460312310847,11.981909181327678,6.951732203516632,NORMAL
10:00:35,,,step_16,고농도_SD_주입,IDLE,5.004545244387124,29.84460312310847,11.981909181327678,6.951732203516632,NORMAL
10:00:40,,,step_16,고농도_SD_주입,IDLE,5.004545244387124,29.84460312310847,11.981909181327678,6.951732203516632,NORMAL
10:00:45,,,step_16,고농도_SD_주입,IDLE,5.004545244387124,29.84460312310847,11.981909181327678,6.951732203516632,NORMAL
10:00:50,,,step_16,고농도_SD_주입,IDLE,5.004545244387124,29.84460312310847,11.981909181327678,6.951732203516632,NORMAL
10:00:55,,,step_16,고농도_SD_주입,IDLE,5.004545244387124,29.84460312310847,11.981909181327678,6.951732203516632,NORMAL
10:01:00,,,step_16,고농도_SD_주입,IDLE,5.004545244387124,29.84460312310847,11.981909181327678,6.951732203516632,NORMAL
10:01:05,,,step_16,고농도_SD_주입,IDLE,5.004545244387124,29.84460312310847,11.981909181327678,6.951732203516632,NORMAL
10:01:10,,,step_16,고농도_SD_주입,IDLE,5.004545244387124,29.84460312310847,11.981909181327678,6.951732203516632,NORMAL
10:01:15,,,step_16,고농도_SD_주입,IDLE,5.004545244387124,29.84460312310847,11.981909181327678,6.951732203516632,NORMAL
10:01:20,,,step_16,고농도_SD_주입,IDLE,5.004545244387124,29.84460312310847,11.981909181327678,6.951732203516632,NORMAL
10:01:25,,,step_16,고농도_SD_주입,IDLE,5.004545244387124,29.84460312310847,11.981909181327678,6.951732203516632,NORMAL
10:01:30,,,step_16,고농도_SD_주입,IDLE,5.004545244387124,29.84460312310847,11.981909181327678,6.951732203516632,NORMAL
10:01:35,,,step_16,고농도_SD_주입,IDLE,5.004545244387124,29.84460312310847,11.981909181327678,6.951732203516632,NORMAL
10:01:40,,,step_16,고농도_SD_주입,IDLE,5.004545244387124,29.84460312310847,11.981909181327678,6.951732203516632,NORMAL
10:01:45,,,step_16,고농도_SD_주입,IDLE,5.004545244387124,29.84460312310847,11.981909181327678,6.951732203516632,NORMAL
10:01:50,,,step_16,고농도_SD_주입,IDLE,5.004545244387124,29.84460312310847,11.981909181327678,6.951732203516632,NORMAL
10:01:55,,,step_16,고농도_SD_주입,IDLE,5.004545244387124,29.84460312310847,11.981909181327678,6.951732203516632,NORMAL
10:02:00,,,step_16,고농도_SD_주입,IDLE,5.004545244387124,29.84460312310847,11.981909181327678,6.951732203516632,NORMAL
10:02:05,,,step_16,고농도_SD_주입,IDLE,5.004545244387124,29.84460312310847,11.981909181327678,6.951732203516632,NORMAL
10:02:10,,,step_16,고농도_SD_주입,IDLE,5.004545244387124,29.84460312310847,11.981909181327678,6.951732203516632,NORMAL
10:02:15,,,step_16,고농도_SD_주입,IDLE,5.004545244387124,29.84460312310847,11.981909181327678,6.951732203516632,NORMAL
10:02:20,,,step_16,고농도_SD_주입,IDLE,5.004545244387124,29.84460312310847,11.981909181327678,6.951732203516632,NORMAL
10:02:25,,,step_16,고농도_SD_주입,IDLE,5.004545244387124,29.84460312310847,11.981909181327678,6.951732203516632,NORMAL
10:02:30,,,step_16,고농도_SD_주입,IDLE,5.004545244387124,29.84460312310847,11.981909181327678,6.951732203516632,NORMAL
10:02:35,,,step_16,고농도_SD_주입,IDLE,5.004545244387124,29.84460312310847,11.981909181327678,6.951732203516632,NORMAL
10:02:40,,,step_16,고농도_SD_주입,IDLE,5.004545244387124,29.84460312310847,11.981909181327678,6.951732203516632,NORMAL
10:02:45,,,step_16,고농도_SD_주입,IDLE,5.004545244387124,29.84460312310847,11.981909181327678,6.951732203516632,NORMAL
10:02:50,,,step_16,고농도_SD_주입,IDLE,5.004545244387124,29.84460312310847,11.981909181327678,6.951732203516632,NORMAL
10:02:55,,,step_16,고농도_SD_주입,IDLE,5.004545244387124,29.84460312310847,11.981909181327678,6.951732203516632,NORMAL
10:03:00,,,step_16,고농도_SD_주입,IDLE,5.004545244387124,29.84460312310847,11.981909181327678,6.951732203516632,NORMAL
10:03:05,,,step_16,고농도_SD_주입,IDLE,5.004545244387124,29.84460312310847,11.981909181327678,6.951732203516632,NORMAL
10:03:10,,,step_16,고농도_SD_주입,IDLE,5.004545244387124,29.84460312310847,11.981909181327678,6.951732203516632,NORMAL
10:03:15,,,step_16,고농도_SD_주입,IDLE,5.004545244387124,29.84460312310847,11.981909181327678,6.951732203516632,NORMAL
10:03:20,,,step_16,고농도_SD_주입,IDLE,5.004545244387124,29.84460312310847,11.981909181327678,6.951732203516632,NORMAL
10:03:25,,,step_16,고농도_SD_주입,IDLE,5.004545244387124,29.84460312310847,11.981909181327678,6.951732203516632,NORMAL
10:03:30,,,step_16,고농도_SD_주입,IDLE,5.004545244387124,29.84460312310847,11.981909181327678,6.951732203516632,NORMAL
10:03:35,,,step_16,고농도_SD_주입,IDLE,5.004545244387124,29.84460312310847,11.981909181327678,6.951732203516632,NORMAL
10:03:40,,,step_16,고농도_SD_주입,IDLE,5.004545244387124,29.84460312310847,11.981909181327678,6.951732203516632,NORMAL
10:03:45,,,step_16,고농도_SD_주입,IDLE,5.004545244387124,29.84460312310847,11.981909181327678,6.951732203516632,NORMAL
10:03:50,,,step_16,고농도_SD_주입,IDLE,5.004545244387124,29.84460312310847,11.981909181327678,6.951732203516632,NORMAL
10:03:55,,,step_16,고농도_SD_주입,IDLE,5.004545244387124,29.84460312310847,11.981909181327678,6.951732203516632,NORMAL
10:04:00,,,step_16,고농도_SD_주입,IDLE,5.004545244387124,29.84460312310847,11.981909181327678,6.951732203516632,NORMAL
10:04:05,,,step_16,고농도_SD_주입,IDLE,5.004545244387124,29.84460312310847,11.981909181327678,6.951732203516632,NORMAL
10:04:10,,,step_16,고농도_SD_주입,IDLE,5.004545244387124,29.84460312310847,11.981909181327678,6.951732203516632,NORMAL
10:04:15,,,step_16,고농도_SD_주입,IDLE,5.004545244387124,29.84460312310847,11.981909181327678,6.951732203516632,NORMAL
10:04:20,,,step_16,고농도_SD_주입,IDLE,5.004545244387124,29.84460312310847,11.981909181327678,6.951732203516632,NORMAL
10:04:25,,,step_16,고농도_SD_주입,IDLE,5.004545244387124,29.84460312310847,11.981909181327678,6.951732203516632,NORMAL
10:04:30,,,step_16,고농도_SD_주입,IDLE,5.004545244387124,29.84460312310847,11.981909181327678,6.951732203516632,NORMAL
10:04:35,,,step_16,고농도_SD_주입,IDLE,5.004545244387124,29.84460312310847,11.981909181327678,6.951732203516632,NORMAL
10:04:40,,,step_16,고농도_SD_주입,IDLE,5.004545244387124,29.84460312310847,11.981909181327678,6.951732203516632,NORMAL
10:04:45,,,step_16,고농도_SD_주입,IDLE,5.004545244387124,29.84460312310847,11.981909181327678,6.951732203516632,NORMAL
10:04:50,,,step_16,고농도_SD_주입,IDLE,5.004545244387124,29.84460312310847,11.981909181327678,6.951732203516632,NORMAL
10:04:55,,,step_16,고농도_SD_주입,IDLE,5.004545244387124,29.84460312310847,11.981909181327678,6.951732203516632,NORMAL
10:05:00,,,step_16,고농도_SD_주입,IDLE,5.004545244387124,29.84460312310847,11.981909181327678,6.951732203516632,NORMAL
10:05:05,,,step_16,고농도_SD_주입,IDLE,5.004545244387124,29.84460312310847,11.981909181327678,6.951732203516632,NORMAL
10:05:10,,,step_16,고농도_SD_주입,IDLE,5.004545244387124,29.84460312310847,11.981909181327678,6.951732203516632,NORMAL
10:05:15,,,step_16,고농도_SD_주입,IDLE,5.004545244387124,29.84460312310847,11.981909181327678,6.951732203516632,NORMAL
10:05:20,,,step_16,고농도_SD_주입,IDLE,5.004545244387124,29.84460312310847,11.981909181327678,6.951732203516632,NORMAL
10:05:25,,,step_16,고농도_SD_주입,IDLE,5.004545244387124,29.84460312310847,11.981909181327678,6.951732203516632,NORMAL
10:05:30,,,step_16,고농도_SD_주입,IDLE,5.004545244387124,29.84460312310847,11.981909181327678,6.951732203516632,NORMAL
10:05:35,,,step_16,고농도_SD_주입,IDLE,5.004545244387124,29.84460312310847,11.981909181327678,6.951732203516632,NORMAL
10:05:40,,,step_16,고농도_SD_주입,IDLE,5.004545244387124,29.84460312310847,11.981909181327678,6.951732203516632,NORMAL
10:05:45,,,step_16,고농도_SD_주입,IDLE,5.004545244387124,29.84460312310847,11.981909181327678,6.951732203516632,NORMAL
10:05:50,,,step_16,고농도_SD_주입,IDLE,5.004545244387124,29.84460312310847,11.981909181327678,6.951732203516632,NORMAL
10:05:55,,,step_16,고농도_SD_주입,IDLE,5.004545244387124,29.84460312310847,11.981909181327678,6.951732203516632,NORMAL
10:06:00,,,step_16,고농도_SD_주입,IDLE,5.004545244387124,29.84460312310847,11.981909181327678,6.951732203516632,NORMAL
10:06:05,,,step_16,고농도_SD_주입,IDLE,5.004545244387124,29.84460312310847,11.981909181327678,6.951732203516632,NORMAL
10:06:10,,,step_16,고농도_SD_주입,IDLE,5.004545244387124,29.84460312310847,11.981909181327678,6.951732203516632,NORMAL
10:06:15,,,step_16,고농도_SD_주입,IDLE,5.004545244387124,29.84460312310847,11.981909181327678,6.951732203516632,NORMAL
10:06:20,,,step_16,고농도_SD_주입,IDLE,5.004545244387124,29.84460312310847,11.981909181327678,6.951732203516632,NORMAL
10:06:25,,,step_16,고농도_SD_주입,IDLE,5.004545244387124,29.84460312310847,11.981909181327678,6.951732203516632,NORMAL
10:06:30,,,step_16,고농도_SD_주입,IDLE,5.004545244387124,29.84460312310847,11.981909181327678,6.951732203516632,NORMAL
10:06:35,,,step_16,고농도_SD_주입,IDLE,5.004545244387124,29.84460312310847,11.981909181327678,6.951732203516632,NORMAL
10:06:40,,,step_16,고농도_SD_주입,IDLE,5.004545244387124,29.84460312310847,11.981909181327678,6.951732203516632,NORMAL
10:06:45,,,step_16,고농도_SD_주입,IDLE,5.004545244387124,29.84460312310847,11.981909181327678,6.951732203516632,NORMAL
10:06:50,,,step_16,고농도_SD_주입,IDLE,5.004545244387124,29.84460312310847,11.981909181327678,6.951732203516632,NORMAL
10:06:55,,,step_16,고농도_SD_주입,IDLE,5.004545244387124,29.84460312310847,11.981909181327678,6.951732203516632,NORMAL
10:07:00,,,step_16,고농도_SD_주입,IDLE,5.004545244387124,29.84460312310847,11.981909181327678,6.951732203516632,NORMAL
10:07:05,,,step_16,고농도_SD_주입,IDLE,5.004545244387124,29.84460312310847,11.981909181327678,6.951732203516632,NORMAL
10:07:10,,,step_16,고농도_SD_주입,IDLE,5.004545244387124,29.84460312310847,11.981909181327678,6.951732203516632,NORMAL
10:07:15,,,step_16,고농도_SD_주입,IDLE,5.004545244387124,29.84460312310847,11.981909181327678,6.951732203516632,NORMAL
10:07:20,,,step_16,고농도_SD_주입,IDLE,5.004545244387124,29.84460312310847,11.981909181327678,6.951732203516632,NORMAL
10:07:25,,,step_16,고농도_SD_주입,IDLE,5.004545244387124,29.84460312310847,11.981909181327678,6.951732203516632,NORMAL
10:07:30,,,step_16,고농도_SD_주입,IDLE,5.004545244387124,29.84460312310847,11.981909181327678,6.951732203516632,NORMAL
10:07:35,,,step_16,고농도_SD_주입,IDLE,5.004545244387124,29.84460312310847,11.981909181327678,6.951732203516632,NORMAL
10:07:40,,,step_16,고농도_SD_주입,IDLE,5.004545244387124,29.84460312310847,11.981909181327678,6.951732203516632,NORMAL
10:07:45,,,step_16,고농도_SD_주입,IDLE,5.004545244387124,29.84460312310847,11.981909181327678,6.951732203516632,NORMAL
10:07:50,,,step_16,고농도_SD_주입,IDLE,5.004545244387124,29.84460312310847,11.981909181327678,6.951732203516632,NORMAL
10:07:55,,,step_16,고농도_SD_주입,IDLE,5.004545244387124,29.84460312310847,11.981909181327678,6.951732203516632,NORMAL
10:08:00,,,step_16,고농도_SD_주입,IDLE,5.004545244387124,29.84460312310847,11.981909181327678,6.951732203516632,NORMAL
10:08:05,,,step_16,고농도_SD_주입,IDLE,5.004545244387124,29.84460312310847,11.981909181327678,6.951732203516632,NORMAL
10:08:10,,,step_16,고농도_SD_주입,IDLE,5.004545244387124,29.84460312310847,11.981909181327678,6.951732203516632,NORMAL
10:08:15,,,step_16,고농도_SD_주입,IDLE,5.004545244387124,29.84460312310847,11.981909181327678,6.951732203516632,NORMAL
10:08:20,,,step_16,고농도_SD_주입,IDLE,5.004545244387124,29.84460312310847,11.981909181327678,6.951732203516632,NORMAL
10:08:25,,,step_16,고농도_SD_주입,IDLE,5.004545244387124,29.84460312310847,11.981909181327678,6.951732203516632,NORMAL
10:08:30,,,step_16,고농도_SD_주입,IDLE,5.004545244387124,29.84460312310847,11.981909181327678,6.951732203516632,NORMAL
10:08:35,,,step_16,고농도_SD_주입,IDLE,5.004545244387124,29.84460312310847,11.981909181327678,6.951732203516632,NORMAL
10:08:40,,,step_16,고농도_SD_주입,IDLE,5.004545244387124,29.84460312310847,11.981909181327678,6.951732203516632,NORMAL
10:08:45,,,step_16,고농도_SD_주입,IDLE,5.004545244387124,29.84460312310847,11.981909181327678,6.951732203516632,NORMAL
10:08:50,,,step_16,고농도_SD_주입,IDLE,5.004545244387124,29.84460312310847,11.981909181327678,6.951732203516632,NORMAL
10:08:55,,,step_16,고농도_SD_주입,IDLE,5.004545244387124,29.84460312310847,11.981909181327678,6.951732203516632,NORMAL
10:09:00,,,step_16,고농도_SD_주입,IDLE,5.004545244387124,29.84460312310847,11.981909181327678,6.951732203516632,NORMAL
10:09:05,,,step_16,고농도_SD_주입,IDLE,5.004545244387124,29.84460312310847,11.981909181327678,6.951732203516632,NORMAL
10:09:10,,,step_16,고농도_SD_주입,IDLE,5.004545244387124,29.84460312310847,11.981909181327678,6.951732203516632,NORMAL
10:09:15,,,step_16,고농도_SD_주입,IDLE,5.004545244387124,29.84460312310847,11.981909181327678,6.951732203516632,NORMAL
10:09:20,,,step_16,고농도_SD_주입,IDLE,5.004545244387124,29.84460312310847,11.981909181327678,6.951732203516632,NORMAL
10:09:25,,,step_16,고농도_SD_주입,IDLE,5.004545244387124,29.84460312310847,11.981909181327678,6.951732203516632,NORMAL
10:09:30,,,step_16,고농도_SD_주입,IDLE,5.004545244387124,29.84460312310847,11.981909181327678,6.951732203516632,NORMAL
10:09:35,,,step_16,고농도_SD_주입,IDLE,5.004545244387124,29.84460312310847,11.981909181327678,6.951732203516632,NORMAL
10:09:40,,,step_16,고농도_SD_주입,IDLE,5.004545244387124,29.84460312310847,11.981909181327678,6.951732203516632,NORMAL
10:09:45,,,step_16,고농도_SD_주입,IDLE,5.004545244387124,29.84460312310847,11.981909181327678,6.951732203516632,NORMAL
10:09:50,,,step_16,고농도_SD_주입,IDLE,5.004545244387124,29.84460312310847,11.981909181327678,6.951732203516632,NORMAL
10:09:55,,,step_16,고농도_SD_주입,IDLE,5.004545244387124,29.84460312310847,11.981909181327678,6.951732203516632,NORMAL
10:10:00,,,step_16,고농도_SD_주입,IDLE,5.004545244387124,29.84460312310847,11.981909181327678,6.951732203516632,NORMAL
10:10:05,,,step_16,고농도_SD_주입,IDLE,5.004545244387124,29.84460312310847,11.981909181327678,6.951732203516632,NORMAL
10:10:10,,,step_16,고농도_SD_주입,IDLE,5.004545244387124,29.84460312310847,11.981909181327678,6.951732203516632,NORMAL
10:10:15,,,step_16,고농도_SD_주입,IDLE,5.004545244387124,29.84460312310847,11.981909181327678,6.951732203516632,NORMAL
10:10:20,,,step_16,고농도_SD_주입,IDLE,5.004545244387124,29.84460312310847,11.981909181327678,6.951732203516632,NORMAL
10:10:25,,,step_16,고농도_SD_주입,IDLE,5.004545244387124,29.84460312310847,11.981909181327678,6.951732203516632,NORMAL
10:10:30,,,step_16,고농도_SD_주입,IDLE,5.004545244387124,29.84460312310847,11.981909181327678,6.951732203516632,NORMAL
10:10:35,,,step_16,고농도_SD_주입,IDLE,5.004545244387124,29.84460312310847,11.981909181327678,6.951732203516632,NORMAL
10:10:40,,,step_16,고농도_SD_주입,IDLE,5.004545244387124,29.84460312310847,11.981909181327678,6.951732203516632,NORMAL
10:10:45,,,step_16,고농도_SD_주입,IDLE,5.004545244387124,29.84460312310847,11.981909181327678,6.951732203516632,NORMAL
10:10:50,,,step_16,고농도_SD_주입,IDLE,5.004545244387124,29.84460312310847,11.981909181327678,6.951732203516632,NORMAL
10:10:55,,,step_16,고농도_SD_주입,IDLE,5.004545244387124,29.84460312310847,11.981909181327678,6.951732203516632,NORMAL
10:11:00,,,step_16,고농도_SD_주입,IDLE,5.004545244387124,29.84460312310847,11.981909181327678,6.951732203516632,NORMAL
10:11:05,,,step_16,고농도_SD_주입,IDLE,5.004545244387124,29.84460312310847,11.981909181327678,6.951732203516632,NORMAL
10:11:10,,,step_16,고농도_SD_주입,IDLE,5.004545244387124,29.84460312310847,11.981909181327678,6.951732203516632,NORMAL
10:11:15,,,step_16,고농도_SD_주입,IDLE,5.004545244387124,29.84460312310847,11.981909181327678,6.951732203516632,NORMAL
10:11:20,,,step_16,고농도_SD_주입,IDLE,5.004545244387124,29.84460312310847,11.981909181327678,6.951732203516632,NORMAL
10:11:25,,,step_16,고농도_SD_주입,IDLE,5.004545244387124,29.84460312310847,11.981909181327678,6.951732203516632,NORMAL
10:11:30,,,step_16,고농도_SD_주입,IDLE,5.004545244387124,29.84460312310847,11.981909181327678,6.951732203516632,NORMAL
10:11:35,,,step_16,고농도_SD_주입,IDLE,5.004545244387124,29.84460312310847,11.981909181327678,6.951732203516632,NORMAL
10:11:40,,,step_16,고농도_SD_주입,IDLE,5.004545244387124,29.84460312310847,11.981909181327678,6.951732203516632,NORMAL
10:11:45,,,step_16,고농도_SD_주입,IDLE,5.004545244387124,29.84460312310847,11.981909181327678,6.951732203516632,NORMAL
10:11:50,,,step_16,고농도_SD_주입,IDLE,5.004545244387124,29.84460312310847,11.981909181327678,6.951732203516632,NORMAL
10:11:55,,,step_16,고농도_SD_주입,IDLE,5.004545244387124,29.84460312310847,11.981909181327678,6.951732203516632,NORMAL
10:12:00,,,step_16,고농도_SD_주입,IDLE,5.004545244387124,29.84460312310847,11.981909181327678,6.951732203516632,NORMAL
10:12:05,,,step_16,고농도_SD_주입,IDLE,5.004545244387124,29.84460312310847,11.981909181327678,6.951732203516632,NORMAL
10:12:10,,,step_16,고농도_SD_주입,IDLE,5.004545244387124,29.84460312310847,11.981909181327678,6.951732203516632,NORMAL
10:12:15,,,step_16,고농도_SD_주입,IDLE,5.004545244387124,29.84460312310847,11.981909181327678,6.951732203516632,NORMAL
10:12:20,,,step_16,고농도_SD_주입,IDLE,5.004545244387124,29.84460312310847,11.981909181327678,6.951732203516632,NORMAL
10:12:25,,,step_16,고농도_SD_주입,IDLE,5.004545244387124,29.84460312310847,11.981909181327678,6.951732203516632,NORMAL
10:12:30,,,step_16,고농도_SD_주입,IDLE,5.004545244387124,29.84460312310847,11.981909181327678,6.951732203516632,NORMAL
10:12:35,,,step_16,고농도_SD_주입,IDLE,5.004545244387124,29.84460312310847,11.981909181327678,6.951732203516632,NORMAL
10:12:40,,,step_16,고농도_SD_주입,IDLE,5.004545244387124,29.84460312310847,11.981909181327678,6.951732203516632,NORMAL
10:12:45,,,step_16,고농도_SD_주입,IDLE,5.004545244387124,29.84460312310847,11.981909181327678,6.951732203516632,NORMAL
10:12:50,,,step_16,고농도_SD_주입,IDLE,5.004545244387124,29.84460312310847,11.981909181327678,6.951732203516632,NORMAL
10:12:55,,,step_16,고농도_SD_주입,IDLE,5.004545244387124,29.84460312310847,11.981909181327678,6.951732203516632,NORMAL
10:13:00,,,step_16,고농도_SD_주입,IDLE,5.004545244387124,29.84460312310847,11.981909181327678,6.951732203516632,NORMAL
10:13:05,,,step_16,고농도_SD_주입,IDLE,5.004545244387124,29.84460312310847,11.981909181327678,6.951732203516632,NORMAL
10:13:10,,,step_16,고농도_SD_주입,IDLE,5.004545244387124,29.84460312310847,11.981909181327678,6.951732203516632,NORMAL
10:13:15,,,step_16,고농도_SD_주입,IDLE,5.004545244387124,29.84460312310847,11.981909181327678,6.951732203516632,NORMAL
10:13:20,,,step_16,고농도_SD_주입,IDLE,5.004545244387124,29.84460312310847,11.981909181327678,6.951732203516632,NORMAL
10:13:25,,,step_16,고농도_SD_주입,IDLE,5.004545244387124,29.84460312310847,11.981909181327678,6.951732203516632,NORMAL
10:13:30,,,step_16,고농도_SD_주입,IDLE,5.004545244387124,29.84460312310847,11.981909181327678,6.951732203516632,NORMAL
10:13:35,,,step_16,고농도_SD_주입,IDLE,5.004545244387124,29.84460312310847,11.981909181327678,6.951732203516632,NORMAL
10:13:40,,,step_16,고농도_SD_주입,IDLE,5.004545244387124,29.84460312310847,11.981909181327678,6.951732203516632,NORMAL
10:13:45,,,step_16,고농도_SD_주입,IDLE,5.004545244387124,29.84460312310847,11.981909181327678,6.951732203516632,NORMAL
10:13:50,,,step_16,고농도_SD_주입,IDLE,5.004545244387124,29.84460312310847,11.981909181327678,6.951732203516632,NORMAL
10:13:55,,,step_16,고농도_SD_주입,IDLE,5.004545244387124,29.84460312310847,11.981909181327678,6.951732203516632,NORMAL
10:14:00,,,step_16,고농도_SD_주입,IDLE,5.004545244387124,29.84460312310847,11.981909181327678,6.951732203516632,NORMAL
10:14:05,,,step_16,고농도_SD_주입,IDLE,5.004545244387124,29.84460312310847,11.981909181327678,6.951732203516632,NORMAL
10:14:10,,,step_16,고농도_SD_주입,IDLE,5.004545244387124,29.84460312310847,11.981909181327678,6.951732203516632,NORMAL
10:14:15,,,step_16,고농도_SD_주입,IDLE,5.004545244387124,29.84460312310847,11.981909181327678,6.951732203516632,NORMAL
10:14:20,,,step_16,고농도_SD_주입,IDLE,5.004545244387124,29.84460312310847,11.981909181327678,6.951732203516632,NORMAL
10:14:25,,,step_16,고농도_SD_주입,IDLE,5.004545244387124,29.84460312310847,11.981909181327678,6.951732203516632,NORMAL
10:14:30,,,step_16,고농도_SD_주입,IDLE,5.004545244387124,29.84460312310847,11.981909181327678,6.951732203516632,NORMAL
10:14:35,,,step_16,고농도_SD_주입,IDLE,5.004545244387124,29.84460312310847,11.981909181327678,6.951732203516632,NORMAL
10:14:40,,,step_16,고농도_SD_주입,IDLE,5.004545244387124,29.84460312310847,11.981909181327678,6.951732203516632,NORMAL
10:14:45,,,step_16,고농도_SD_주입,IDLE,5.004545244387124,29.84460312310847,11.981909181327678,6.951732203516632,NORMAL
10:14:50,,,step_16,고농도_SD_주입,IDLE,5.004545244387124,29.84460312310847,11.981909181327678,6.951732203516632,NORMAL
10:14:55,,,step_16,고농도_SD_주입,IDLE,5.004545244387124,29.84460312310847,11.981909181327678,6.951732203516632,NORMAL
10:15:00,,,step_16,고농도_SD_주입,IDLE,5.004545244387124,29.84460312310847,11.981909181327678,6.951732203516632,NORMAL
10:15:05,,,step_16,고농도_SD_주입,IDLE,5.004545244387124,29.84460312310847,11.981909181327678,6.951732203516632,NORMAL
10:15:10,,,step_16,고농도_SD_주입,IDLE,5.004545244387124,29.84460312310847,11.981909181327678,6.951732203516632,NORMAL
10:15:15,,,step_16,고농도_SD_주입,IDLE,5.004545244387124,29.84460312310847,11.981909181327678,6.951732203516632,NORMAL
10:15:20,,,step_16,고농도_SD_주입,IDLE,5.004545244387124,29.84460312310847,11.981909181327678,6.951732203516632,NORMAL
10:15:25,,,step_16,고농도_SD_주입,IDLE,5.004545244387124,29.84460312310847,11.981909181327678,6.951732203516632,NORMAL
10:15:30,,,step_16,고농도_SD_주입,IDLE,5.004545244387124,29.84460312310847,11.981909181327678,6.951732203516632,NORMAL
10:15:35,,,step_16,고농도_SD_주입,IDLE,5.004545244387124,29.84460312310847,11.981909181327678,6.951732203516632,NORMAL
10:15:40,,,step_16,고농도_SD_주입,IDLE,5.004545244387124,29.84460312310847,11.981909181327678,6.951732203516632,NORMAL
10:15:45,,,step_16,고농도_SD_주입,IDLE,5.004545244387124,29.84460312310847,11.981909181327678,6.951732203516632,NORMAL
10:15:50,,,step_16,고농도_SD_주입,IDLE,5.004545244387124,29.84460312310847,11.981909181327678,6.951732203516632,NORMAL
10:15:55,,,step_16,고농도_SD_주입,IDLE,5.004545244387124,29.84460312310847,11.981909181327678,6.951732203516632,NORMAL
10:16:00,,,step_16,고농도_SD_주입,IDLE,5.004545244387124,29.84460312310847,11.981909181327678,6.951732203516632,NORMAL
10:16:05,,,step_16,고농도_SD_주입,IDLE,5.004545244387124,29.84460312310847,11.981909181327678,6.951732203516632,NORMAL
10:16:10,,,step_16,고농도_SD_주입,IDLE,5.004545244387124,29.84460312310847,11.981909181327678,6.951732203516632,NORMAL
10:16:15,,,step_16,고농도_SD_주입,IDLE,5.004545244387124,29.84460312310847,11.981909181327678,6.951732203516632,NORMAL
10:16:20,,,step_16,고농도_SD_주입,IDLE,5.004545244387124,29.84460312310847,11.981909181327678,6.951732203516632,NORMAL
10:16:25,,,step_16,고농도_SD_주입,IDLE,5.004545244387124,29.84460312310847,11.981909181327678,6.951732203516632,NORMAL
10:16:30,,,step_16,고농도_SD_주입,IDLE,5.004545244387124,29.84460312310847,11.981909181327678,6.951732203516632,NORMAL
10:16:35,,,step_16,고농도_SD_주입,IDLE,5.004545244387124,29.84460312310847,11.981909181327678,6.951732203516632,NORMAL
10:16:40,,,step_16,고농도_SD_주입,IDLE,5.004545244387124,29.84460312310847,11.981909181327678,6.951732203516632,NORMAL
10:16:45,,,step_16,고농도_SD_주입,IDLE,5.004545244387124,29.84460312310847,11.981909181327678,6.951732203516632,NORMAL
10:16:50,,,step_16,고농도_SD_주입,IDLE,5.004545244387124,29.84460312310847,11.981909181327678,6.951732203516632,NORMAL
10:16:55,,,step_16,고농도_SD_주입,IDLE,5.004545244387124,29.84460312310847,11.981909181327678,6.951732203516632,NORMAL
10:17:00,,,step_16,고농도_SD_주입,IDLE,5.004545244387124,29.84460312310847,11.981909181327678,6.951732203516632,NORMAL
10:17:05,,,step_16,고농도_SD_주입,IDLE,5.004545244387124,29.84460312310847,11.981909181327678,6.951732203516632,NORMAL
10:17:10,,,step_16,고농도_SD_주입,IDLE,5.004545244387124,29.84460312310847,11.981909181327678,6.951732203516632,NORMAL
10:17:15,,,step_16,고농도_SD_주입,IDLE,5.004545244387124,29.84460312310847,11.981909181327678,6.951732203516632,NORMAL
10:17:20,,,step_16,고농도_SD_주입,IDLE,5.004545244387124,29.84460312310847,11.981909181327678,6.951732203516632,NORMAL
10:17:25,,,step_16,고농도_SD_주입,IDLE,5.004545244387124,29.84460312310847,11.981909181327678,6.951732203516632,NORMAL
10:17:30,,,step_16,고농도_SD_주입,IDLE,5.004545244387124,29.84460312310847,11.981909181327678,6.951732203516632,NORMAL
10:17:35,,,step_16,고농도_SD_주입,IDLE,5.004545244387124,29.84460312310847,11.981909181327678,6.951732203516632,NORMAL
10:17:40,,,step_16,고농도_SD_주입,IDLE,5.004545244387124,29.84460312310847,11.981909181327678,6.951732203516632,NORMAL
10:17:45,,,step_16,고농도_SD_주입,IDLE,5.004545244387124,29.84460312310847,11.981909181327678,6.951732203516632,NORMAL
10:17:50,,,step_16,고농도_SD_주입,IDLE,5.004545244387124,29.84460312310847,11.981909181327678,6.951732203516632,NORMAL
10:17:55,,,step_16,고농도_SD_주입,IDLE,5.004545244387124,29.84460312310847,11.981909181327678,6.951732203516632,NORMAL
10:18:00,,,step_16,고농도_SD_주입,IDLE,5.004545244387124,29.84460312310847,11.981909181327678,6.951732203516632,NORMAL
10:18:05,,,step_16,고농도_SD_주입,IDLE,5.004545244387124,29.84460312310847,11.981909181327678,6.951732203516632,NORMAL
10:18:10,,,step_16,고농도_SD_주입,IDLE,5.004545244387124,29.84460312310847,11.981909181327678,6.951732203516632,NORMAL
10:18:15,,,step_16,고농도_SD_주입,IDLE,5.004545244387124,29.84460312310847,11.981909181327678,6.951732203516632,NORMAL
10:18:20,,,step_16,고농도_SD_주입,IDLE,5.004545244387124,29.84460312310847,11.981909181327678,6.951732203516632,NORMAL
10:18:25,,,step_16,고농도_SD_주입,IDLE,5.004545244387124,29.84460312310847,11.981909181327678,6.951732203516632,NORMAL
10:18:30,,,step_16,고농도_SD_주입,IDLE,5.004545244387124,29.84460312310847,11.981909181327678,6.951732203516632,NORMAL
10:18:35,,,step_16,고농도_SD_주입,IDLE,5.004545244387124,29.84460312310847,11.981909181327678,6.951732203516632,NORMAL
10:18:40,,,step_16,고농도_SD_주입,IDLE,5.004545244387124,29.84460312310847,11.981909181327678,6.951732203516632,NORMAL
10:18:45,,,step_16,고농도_SD_주입,IDLE,5.004545244387124,29.84460312310847,11.981909181327678,6.951732203516632,NORMAL
10:18:50,,,step_16,고농도_SD_주입,IDLE,5.004545244387124,29.84460312310847,11.981909181327678,6.951732203516632,NORMAL
10:18:55,,,step_16,고농도_SD_주입,IDLE,5.004545244387124,29.84460312310847,11.981909181327678,6.951732203516632,NORMAL
10:19:00,,,step_16,고농도_SD_주입,IDLE,5.004545244387124,29.84460312310847,11.981909181327678,6.951732203516632,NORMAL
10:19:05,,,step_16,고농도_SD_주입,IDLE,5.004545244387124,29.84460312310847,11.981909181327678,6.951732203516632,NORMAL
10:19:10,,,step_16,고농도_SD_주입,IDLE,5.004545244387124,29.84460312310847,11.981909181327678,6.951732203516632,NORMAL
10:19:15,,,step_16,고농도_SD_주입,IDLE,5.004545244387124,29.84460312310847,11.981909181327678,6.951732203516632,NORMAL
10:19:20,,,step_16,고농도_SD_주입,IDLE,5.004545244387124,29.84460312310847,11.981909181327678,6.951732203516632,NORMAL
10:19:25,,,step_16,고농도_SD_주입,IDLE,5.004545244387124,29.84460312310847,11.981909181327678,6.951732203516632,NORMAL
10:19:30,,,step_16,고농도_SD_주입,IDLE,5.004545244387124,29.84460312310847,11.981909181327678,6.951732203516632,NORMAL
10:19:35,,,step_16,고농도_SD_주입,IDLE,5.004545244387124,29.84460312310847,11.981909181327678,6.951732203516632,NORMAL
10:19:40,,,step_16,고농도_SD_주입,IDLE,5.004545244387124,29.84460312310847,11.981909181327678,6.951732203516632,NORMAL
10:19:45,,,step_16,고농도_SD_주입,IDLE,5.004545244387124,29.84460312310847,11.981909181327678,6.951732203516632,NORMAL
10:19:50,,,step_16,고농도_SD_주입,IDLE,5.004545244387124,29.84460312310847,11.981909181327678,6.951732203516632,NORMAL
10:19:55,,,step_16,고농도_SD_주입,IDLE,5.004545244387124,29.84460312310847,11.981909181327678,6.951732203516632,NORMAL
10:20:00,,,step_16,고농도_SD_주입,IDLE,5.004545244387124,29.84460312310847,11.981909181327678,6.951732203516632,NORMAL
10:20:05,,,step_16,고농도_SD_주입,IDLE,5.004545244387124,29.84460312310847,11.981909181327678,6.951732203516632,NORMAL
10:20:10,,,step_16,고농도_SD_주입,IDLE,5.004545244387124,29.84460312310847,11.981909181327678,6.951732203516632,NORMAL
10:20:15,,,step_16,고농도_SD_주입,IDLE,5.004545244387124,29.84460312310847,11.981909181327678,6.951732203516632,NORMAL
10:20:20,,,step_16,고농도_SD_주입,IDLE,5.004545244387124,29.84460312310847,11.981909181327678,6.951732203516632,NORMAL
10:20:25,,,step_16,고농도_SD_주입,IDLE,5.004545244387124,29.84460312310847,11.981909181327678,6.951732203516632,NORMAL
10:20:30,,,step_16,고농도_SD_주입,IDLE,5.004545244387124,29.84460312310847,11.981909181327678,6.951732203516632,NORMAL
10:20:35,,,step_16,고농도_SD_주입,IDLE,5.004545244387124,29.84460312310847,11.981909181327678,6.951732203516632,NORMAL
10:20:40,,,step_16,고농도_SD_주입,IDLE,5.004545244387124,29.84460312310847,11.981909181327678,6.951732203516632,NORMAL
10:20:45,,,step_16,고농도_SD_주입,IDLE,5.004545244387124,29.84460312310847,11.981909181327678,6.951732203516632,NORMAL
10:20:50,,,step_16,고농도_SD_주입,IDLE,5.004545244387124,29.84460312310847,11.981909181327678,6.951732203516632,NORMAL
10:20:55,,,step_16,고농도_SD_주입,IDLE,5.004545244387124,29.84460312310847,11.981909181327678,6.951732203516632,NORMAL
10:21:00,,,step_16,고농도_SD_주입,IDLE,5.004545244387124,29.84460312310847,11.981909181327678,6.951732203516632,NORMAL
10:21:05,,,step_16,고농도_SD_주입,IDLE,5.004545244387124,29.84460312310847,11.981909181327678,6.951732203516632,NORMAL
10:21:10,,,step_16,고농도_SD_주입,IDLE,5.004545244387124,29.84460312310847,11.981909181327678,6.951732203516632,NORMAL
10:21:15,,,step_16,고농도_SD_주입,IDLE,5.004545244387124,29.84460312310847,11.981909181327678,6.951732203516632,NORMAL
10:21:20,,,step_16,고농도_SD_주입,IDLE,5.004545244387124,29.84460312310847,11.981909181327678,6.951732203516632,NORMAL
10:21:25,,,step_16,고농도_SD_주입,IDLE,5.004545244387124,29.84460312310847,11.981909181327678,6.951732203516632,NORMAL
10:21:30,,,step_16,고농도_SD_주입,IDLE,5.004545244387124,29.84460312310847,11.981909181327678,6.951732203516632,NORMAL
10:21:35,,,step_16,고농도_SD_주입,IDLE,5.004545244387124,29.84460312310847,11.981909181327678,6.951732203516632,NORMAL
10:21:40,,,step_16,고농도_SD_주입,IDLE,5.004545244387124,29.84460312310847,11.981909181327678,6.951732203516632,NORMAL
10:21:45,,,step_16,고농도_SD_주입,IDLE,5.004545244387124,29.84460312310847,11.981909181327678,6.951732203516632,NORMAL
10:21:50,,,step_16,고농도_SD_주입,IDLE,5.004545244387124,29.84460312310847,11.981909181327678,6.951732203516632,NORMAL
10:21:55,,,step_16,고농도_SD_주입,IDLE,5.004545244387124,29.84460312310847,11.981909181327678,6.951732203516632,NORMAL
10:22:00,,,step_16,고농도_SD_주입,IDLE,5.004545244387124,29.84460312310847,11.981909181327678,6.951732203516632,NORMAL
10:22:05,,,step_16,고농도_SD_주입,IDLE,5.004545244387124,29.84460312310847,11.981909181327678,6.951732203516632,NORMAL
10:22:10,,,step_16,고농도_SD_주입,IDLE,5.004545244387124,29.84460312310847,11.981909181327678,6.951732203516632,NORMAL
10:22:15,,,step_16,고농도_SD_주입,IDLE,5.004545244387124,29.84460312310847,11.981909181327678,6.951732203516632,NORMAL
10:22:20,,,step_16,고농도_SD_주입,IDLE,5.004545244387124,29.84460312310847,11.981909181327678,6.951732203516632,NORMAL
10:22:25,,,step_16,고농도_SD_주입,IDLE,5.004545244387124,29.84460312310847,11.981909181327678,6.951732203516632,NORMAL
10:22:30,,,step_16,고농도_SD_주입,IDLE,5.004545244387124,29.84460312310847,11.981909181327678,6.951732203516632,NORMAL
10:22:35,,,step_16,고농도_SD_주입,IDLE,5.004545244387124,29.84460312310847,11.981909181327678,6.951732203516632,NORMAL
10:22:40,,,step_16,고농도_SD_주입,IDLE,5.004545244387124,29.84460312310847,11.981909181327678,6.951732203516632,NORMAL
10:22:45,,,step_16,고농도_SD_주입,IDLE,5.004545244387124,29.84460312310847,11.981909181327678,6.951732203516632,NORMAL
10:22:50,,,step_16,고농도_SD_주입,IDLE,5.004545244387124,29.84460312310847,11.981909181327678,6.951732203516632,NORMAL
10:22:55,,,step_16,고농도_SD_주입,IDLE,5.004545244387124,29.84460312310847,11.981909181327678,6.951732203516632,NORMAL
10:23:00,,,step_16,고농도_SD_주입,IDLE,5.004545244387124,29.84460312310847,11.981909181327678,6.951732203516632,NORMAL
10:23:05,,,step_16,고농도_SD_주입,IDLE,5.004545244387124,29.84460312310847,11.981909181327678,6.951732203516632,NORMAL
10:23:10,,,step_16,고농도_SD_주입,IDLE,5.004545244387124,29.84460312310847,11.981909181327678,6.951732203516632,NORMAL
10:23:15,,,step_16,고농도_SD_주입,IDLE,5.004545244387124,29.84460312310847,11.981909181327678,6.951732203516632,NORMAL
10:23:20,,,step_16,고농도_SD_주입,IDLE,5.004545244387124,29.84460312310847,11.981909181327678,6.951732203516632,NORMAL
10:23:25,,,step_16,고농도_SD_주입,IDLE,5.004545244387124,29.84460312310847,11.981909181327678,6.951732203516632,NORMAL
10:23:30,,,step_16,고농도_SD_주입,IDLE,5.004545244387124,29.84460312310847,11.981909181327678,6.951732203516632,NORMAL
10:23:35,,,step_16,고농도_SD_주입,IDLE,5.004545244387124,29.84460312310847,11.981909181327678,6.951732203516632,NORMAL
10:23:40,,,step_16,고농도_SD_주입,IDLE,5.004545244387124,29.84460312310847,11.981909181327678,6.951732203516632,NORMAL
10:23:45,,,step_16,고농도_SD_주입,IDLE,5.004545244387124,29.84460312310847,11.981909181327678,6.951732203516632,NORMAL
10:23:50,,,step_16,고농도_SD_주입,IDLE,5.004545244387124,29.84460312310847,11.981909181327678,6.951732203516632,NORMAL
10:23:55,,,step_16,고농도_SD_주입,IDLE,5.004545244387124,29.84460312310847,11.981909181327678,6.951732203516632,NORMAL
10:24:00,,,step_16,고농도_SD_주입,IDLE,5.004545244387124,29.84460312310847,11.981909181327678,6.951732203516632,NORMAL
10:24:05,,,step_16,고농도_SD_주입,IDLE,5.004545244387124,29.84460312310847,11.981909181327678,6.951732203516632,NORMAL
10:24:10,,,step_16,고농도_SD_주입,IDLE,5.004545244387124,29.84460312310847,11.981909181327678,6.951732203516632,NORMAL
10:24:15,,,step_16,고농도_SD_주입,IDLE,5.004545244387124,29.84460312310847,11.981909181327678,6.951732203516632,NORMAL
10:24:20,,,step_16,고농도_SD_주입,IDLE,5.004545244387124,29.84460312310847,11.981909181327678,6.951732203516632,NORMAL
10:24:25,,,step_16,고농도_SD_주입,IDLE,5.004545244387124,29.84460312310847,11.981909181327678,6.951732203516632,NORMAL
10:24:30,,,step_16,고농도_SD_주입,IDLE,5.004545244387124,29.84460312310847,11.981909181327678,6.951732203516632,NORMAL
10:24:35,,,step_16,고농도_SD_주입,IDLE,5.004545244387124,29.84460312310847,11.981909181327678,6.951732203516632,NORMAL
10:24:40,,,step_16,고농도_SD_주입,IDLE,5.004545244387124,29.84460312310847,11.981909181327678,6.951732203516632,NORMAL
10:24:45,,,step_16,고농도_SD_주입,IDLE,5.004545244387124,29.84460312310847,11.981909181327678,6.951732203516632,NORMAL
10:24:50,,,step_16,고농도_SD_주입,IDLE,5.004545244387124,29.84460312310847,11.981909181327678,6.951732203516632,NORMAL
10:24:55,,,step_16,고농도_SD_주입,IDLE,5.004545244387124,29.84460312310847,11.981909181327678,6.951732203516632,NORMAL
10:25:00,,,step_16,고농도_SD_주입,IDLE,5.004545244387124,29.84460312310847,11.981909181327678,6.951732203516632,NORMAL
10:25:05,,,step_16,고농도_SD_주입,IDLE,5.004545244387124,29.84460312310847,11.981909181327678,6.951732203516632,NORMAL
10:25:10,,,step_16,고농도_SD_주입,IDLE,5.004545244387124,29.84460312310847,11.981909181327678,6.951732203516632,NORMAL
10:25:15,,,step_16,고농도_SD_주입,IDLE,5.004545244387124,29.84460312310847,11.981909181327678,6.951732203516632,NORMAL
10:25:20,,,step_16,고농도_SD_주입,IDLE,5.004545244387124,29.84460312310847,11.981909181327678,6.951732203516632,NORMAL
10:25:25,,,step_16,고농도_SD_주입,IDLE,5.004545244387124,29.84460312310847,11.981909181327678,6.951732203516632,NORMAL
10:25:30,,,step_16,고농도_SD_주입,IDLE,5.004545244387124,29.84460312310847,11.981909181327678,6.951732203516632,NORMAL
10:25:35,,,step_16,고농도_SD_주입,IDLE,5.004545244387124,29.84460312310847,11.981909181327678,6.951732203516632,NORMAL
10:25:40,,,step_16,고농도_SD_주입,IDLE,5.004545244387124,29.84460312310847,11.981909181327678,6.951732203516632,NORMAL
10:25:45,,,step_16,고농도_SD_주입,IDLE,5.004545244387124,29.84460312310847,11.981909181327678,6.951732203516632,NORMAL
10:25:50,,,step_16,고농도_SD_주입,IDLE,5.004545244387124,29.84460312310847,11.981909181327678,6.951732203516632,NORMAL
10:25:55,,,step_16,고농도_SD_주입,IDLE,5.004545244387124,29.84460312310847,11.981909181327678,6.951732203516632,NORMAL
10:26:00,,,step_16,고농도_SD_주입,IDLE,5.004545244387124,29.84460312310847,11.981909181327678,6.951732203516632,NORMAL
10:26:05,,,step_16,고농도_SD_주입,IDLE,5.004545244387124,29.84460312310847,11.981909181327678,6.951732203516632,NORMAL
10:26:10,,,step_16,고농도_SD_주입,IDLE,5.004545244387124,29.84460312310847,11.981909181327678,6.951732203516632,NORMAL
10:26:15,,,step_16,고농도_SD_주입,IDLE,5.004545244387124,29.84460312310847,11.981909181327678,6.951732203516632,NORMAL
10:26:20,,,step_16,고농도_SD_주입,IDLE,5.004545244387124,29.84460312310847,11.981909181327678,6.951732203516632,NORMAL
10:26:25,,,step_16,고농도_SD_주입,IDLE,5.004545244387124,29.84460312310847,11.981909181327678,6.951732203516632,NORMAL
10:26:30,,,step_16,고농도_SD_주입,IDLE,5.004545244387124,29.84460312310847,11.981909181327678,6.951732203516632,NORMAL
10:26:35,,,step_16,고농도_SD_주입,IDLE,5.004545244387124,29.84460312310847,11.981909181327678,6.951732203516632,NORMAL
10:26:40,,,step_16,고농도_SD_주입,IDLE,5.004545244387124,29.84460312310847,11.981909181327678,6.951732203516632,NORMAL
10:26:45,,,step_16,고농도_SD_주입,IDLE,5.004545244387124,29.84460312310847,11.981909181327678,6.951732203516632,NORMAL
10:26:50,,,step_16,고농도_SD_주입,IDLE,5.004545244387124,29.84460312310847,11.981909181327678,6.951732203516632,NORMAL
10:26:55,,,step_16,고농도_SD_주입,IDLE,5.004545244387124,29.84460312310847,11.981909181327678,6.951732203516632,NORMAL
10:27:00,,,step_16,고농도_SD_주입,IDLE,5.004545244387124,29.84460312310847,11.981909181327678,6.951732203516632,NORMAL
10:27:05,,,step_16,고농도_SD_주입,IDLE,5.004545244387124,29.84460312310847,11.981909181327678,6.951732203516632,NORMAL
10:27:10,,,step_16,고농도_SD_주입,IDLE,5.004545244387124,29.84460312310847,11.981909181327678,6.951732203516632,NORMAL
10:27:15,,,step_16,고농도_SD_주입,IDLE,5.004545244387124,29.84460312310847,11.981909181327678,6.951732203516632,NORMAL
10:27:20,,,step_16,고농도_SD_주입,IDLE,5.004545244387124,29.84460312310847,11.981909181327678,6.951732203516632,NORMAL
10:27:25,,,step_16,고농도_SD_주입,IDLE,5.004545244387124,29.84460312310847,11.981909181327678,6.951732203516632,NORMAL
10:27:30,,,step_16,고농도_SD_주입,IDLE,5.004545244387124,29.84460312310847,11.981909181327678,6.951732203516632,NORMAL
10:27:35,,,step_16,고농도_SD_주입,IDLE,5.004545244387124,29.84460312310847,11.981909181327678,6.951732203516632,NORMAL
10:27:40,,,step_16,고농도_SD_주입,IDLE,5.004545244387124,29.84460312310847,11.981909181327678,6.951732203516632,NORMAL
10:27:45,,,step_16,고농도_SD_주입,IDLE,5.004545244387124,29.84460312310847,11.981909181327678,6.951732203516632,NORMAL
10:27:50,,,step_16,고농도_SD_주입,IDLE,5.004545244387124,29.84460312310847,11.981909181327678,6.951732203516632,NORMAL
10:27:55,,,step_16,고농도_SD_주입,IDLE,5.004545244387124,29.84460312310847,11.981909181327678,6.951732203516632,NORMAL
10:28:00,,,step_16,고농도_SD_주입,IDLE,5.004545244387124,29.84460312310847,11.981909181327678,6.951732203516632,NORMAL
10:28:05,,,step_16,고농도_SD_주입,IDLE,5.004545244387124,29.84460312310847,11.981909181327678,6.951732203516632,NORMAL
10:28:10,,,step_16,고농도_SD_주입,IDLE,5.004545244387124,29.84460312310847,11.981909181327678,6.951732203516632,NORMAL
10:28:15,,,step_16,고농도_SD_주입,IDLE,5.004545244387124,29.84460312310847,11.981909181327678,6.951732203516632,NORMAL
10:28:20,,,step_16,고농도_SD_주입,IDLE,5.004545244387124,29.84460312310847,11.981909181327678,6.951732203516632,NORMAL
10:28:25,,,step_16,고농도_SD_주입,IDLE,5.004545244387124,29.84460312310847,11.981909181327678,6.951732203516632,NORMAL
10:28:30,,,step_16,고농도_SD_주입,IDLE,5.004545244387124,29.84460312310847,11.981909181327678,6.951732203516632,NORMAL
10:28:35,,,step_16,고농도_SD_주입,IDLE,5.004545244387124,29.84460312310847,11.981909181327678,6.951732203516632,NORMAL
10:28:40,,,step_16,고농도_SD_주입,IDLE,5.004545244387124,29.84460312310847,11.981909181327678,6.951732203516632,NORMAL
10:28:45,,,step_16,고농도_SD_주입,IDLE,5.004545244387124,29.84460312310847,11.981909181327678,6.951732203516632,NORMAL
10:28:50,,,step_16,고농도_SD_주입,IDLE,5.004545244387124,29.84460312310847,11.981909181327678,6.951732203516632,NORMAL
10:28:55,,,step_16,고농도_SD_주입,IDLE,5.004545244387124,29.84460312310847,11.981909181327678,6.951732203516632,NORMAL
10:29:00,,,step_16,고농도_SD_주입,IDLE,5.004545244387124,29.84460312310847,11.981909181327678,6.951732203516632,NORMAL
10:29:05,,,step_16,고농도_SD_주입,IDLE,5.004545244387124,29.84460312310847,11.981909181327678,6.951732203516632,NORMAL
10:29:10,,,step_16,고농도_SD_주입,IDLE,5.004545244387124,29.84460312310847,11.981909181327678,6.951732203516632,NORMAL
10:29:15,,,step_16,고농도_SD_주입,IDLE,5.004545244387124,29.84460312310847,11.981909181327678,6.951732203516632,NORMAL
10:29:20,,,step_16,고농도_SD_주입,IDLE,5.004545244387124,29.84460312310847,11.981909181327678,6.951732203516632,NORMAL
10:29:25,,,step_16,고농도_SD_주입,IDLE,5.004545244387124,29.84460312310847,11.981909181327678,6.951732203516632,NORMAL
10:29:30,,,step_16,고농도_SD_주입,IDLE,5.004545244387124,29.84460312310847,11.981909181327678,6.951732203516632,NORMAL
10:29:35,,,step_16,고농도_SD_주입,IDLE,5.004545244387124,29.84460312310847,11.981909181327678,6.951732203516632,NORMAL
10:29:40,,,step_16,고농도_SD_주입,IDLE,5.004545244387124,29.84460312310847,11.981909181327678,6.951732203516632,NORMAL
10:29:45,,,step_16,고농도_SD_주입,IDLE,5.004545244387124,29.84460312310847,11.981909181327678,6.951732203516632,NORMAL
10:29:50,,,step_16,고농도_SD_주입,IDLE,5.004545244387124,29.84460312310847,11.981909181327678,6.951732203516632,NORMAL
10:29:55,,,step_16,고농도_SD_주입,IDLE,5.004545244387124,29.84460312310847,11.981909181327678,6.951732203516632,NORMAL
10:30:00,,,step_16,고농도_SD_주입,IDLE,5.004545244387124,29.84460312310847,11.981909181327678,6.951732203516632,NORMAL
10:30:05,,,step_16,고농도_SD_주입,IDLE,5.004545244387124,29.84460312310847,11.981909181327678,6.951732203516632,NORMAL
10:30:10,,,step_16,고농도_SD_주입,IDLE,5.004545244387124,29.84460312310847,11.981909181327678,6.951732203516632,NORMAL
10:30:15,,,step_16,고농도_SD_주입,IDLE,5.004545244387124,29.84460312310847,11.981909181327678,6.951732203516632,NORMAL
10:30:20,,,step_16,고농도_SD_주입,IDLE,5.004545244387124,29.84460312310847,11.981909181327678,6.951732203516632,NORMAL
10:30:25,,,step_16,고농도_SD_주입,IDLE,5.004545244387124,29.84460312310847,11.981909181327678,6.951732203516632,NORMAL
10:30:30,,,step_16,고농도_SD_주입,IDLE,5.004545244387124,29.84460312310847,11.981909181327678,6.951732203516632,NORMAL
10:30:35,,,step_16,고농도_SD_주입,IDLE,5.004545244387124,29.84460312310847,11.981909181327678,6.951732203516632,NORMAL
10:30:40,,,step_16,고농도_SD_주입,IDLE,5.004545244387124,29.84460312310847,11.981909181327678,6.951732203516632,NORMAL
10:30:45,,,step_16,고농도_SD_주입,IDLE,5.004545244387124,29.84460312310847,11.981909181327678,6.951732203516632,NORMAL
10:30:50,,,step_16,고농도_SD_주입,IDLE,5.004545244387124,29.84460312310847,11.981909181327678,6.951732203516632,NORMAL
10:30:55,,,step_16,고농도_SD_주입,IDLE,5.004545244387124,29.84460312310847,11.981909181327678,6.951732203516632,NORMAL
10:31:00,,,step_16,고농도_SD_주입,IDLE,5.004545244387124,29.84460312310847,11.981909181327678,6.951732203516632,NORMAL
10:31:05,,,step_16,고농도_SD_주입,IDLE,5.004545244387124,29.84460312310847,11.981909181327678,6.951732203516632,NORMAL
10:31:10,,,step_16,고농도_SD_주입,IDLE,5.004545244387124,29.84460312310847,11.981909181327678,6.951732203516632,NORMAL
10:31:15,,,step_16,고농도_SD_주입,IDLE,5.004545244387124,29.84460312310847,11.981909181327678,6.951732203516632,NORMAL
10:31:20,,,step_16,고농도_SD_주입,IDLE,5.004545244387124,29.84460312310847,11.981909181327678,6.951732203516632,NORMAL
10:31:25,,,step_16,고농도_SD_주입,IDLE,5.004545244387124,29.84460312310847,11.981909181327678,6.951732203516632,NORMAL
10:31:30,,,step_16,고농도_SD_주입,IDLE,5.004545244387124,29.84460312310847,11.981909181327678,6.951732203516632,NORMAL
10:31:35,,,step_16,고농도_SD_주입,IDLE,5.004545244387124,29.84460312310847,11.981909181327678,6.951732203516632,NORMAL
10:31:40,,,step_16,고농도_SD_주입,IDLE,5.004545244387124,29.84460312310847,11.981909181327678,6.951732203516632,NORMAL
10:31:45,,,step_16,고농도_SD_주입,IDLE,5.004545244387124,29.84460312310847,11.981909181327678,6.951732203516632,NORMAL
10:31:50,,,step_16,고농도_SD_주입,IDLE,5.004545244387124,29.84460312310847,11.981909181327678,6.951732203516632,NORMAL
10:31:55,,,step_16,고농도_SD_주입,IDLE,5.004545244387124,29.84460312310847,11.981909181327678,6.951732203516632,NORMAL
10:32:00,,,step_16,고농도_SD_주입,IDLE,5.004545244387124,29.84460312310847,11.981909181327678,6.951732203516632,NORMAL
10:32:05,,,step_16,고농도_SD_주입,IDLE,5.004545244387124,29.84460312310847,11.981909181327678,6.951732203516632,NORMAL
10:32:10,,,step_16,고농도_SD_주입,IDLE,5.004545244387124,29.84460312310847,11.981909181327678,6.951732203516632,NORMAL
10:32:15,,,step_16,고농도_SD_주입,IDLE,5.004545244387124,29.84460312310847,11.981909181327678,6.951732203516632,NORMAL
10:32:20,,,step_16,고농도_SD_주입,IDLE,5.004545244387124,29.84460312310847,11.981909181327678,6.951732203516632,NORMAL
10:32:25,,,step_16,고농도_SD_주입,IDLE,5.004545244387124,29.84460312310847,11.981909181327678,6.951732203516632,NORMAL
10:32:30,,,step_16,고농도_SD_주입,IDLE,5.004545244387124,29.84460312310847,11.981909181327678,6.951732203516632,NORMAL
10:32:35,,,step_16,고농도_SD_주입,IDLE,5.004545244387124,29.84460312310847,11.981909181327678,6.951732203516632,NORMAL
10:32:40,,,step_16,고농도_SD_주입,IDLE,5.004545244387124,29.84460312310847,11.981909181327678,6.951732203516632,NORMAL
10:32:45,,,step_16,고농도_SD_주입,IDLE,5.004545244387124,29.84460312310847,11.981909181327678,6.951732203516632,NORMAL
10:32:50,,,step_16,고농도_SD_주입,IDLE,5.004545244387124,29.84460312310847,11.981909181327678,6.951732203516632,NORMAL
10:32:55,,,step_16,고농도_SD_주입,IDLE,5.004545244387124,29.84460312310847,11.981909181327678,6.951732203516632,NORMAL
10:33:00,,,step_16,고농도_SD_주입,IDLE,5.004545244387124,29.84460312310847,11.981909181327678,6.951732203516632,NORMAL
10:33:05,,,step_16,고농도_SD_주입,IDLE,5.004545244387124,29.84460312310847,11.981909181327678,6.951732203516632,NORMAL
10:33:10,,,step_16,고농도_SD_주입,IDLE,5.004545244387124,29.84460312310847,11.981909181327678,6.951732203516632,NORMAL
10:33:15,,,step_16,고농도_SD_주입,IDLE,5.004545244387124,29.84460312310847,11.981909181327678,6.951732203516632,NORMAL
