Timestamp,Lot_ID,Wafer_ID,Address,Step_Name,Phase,Head_Downforce_psi,Platen_RPM,Slurry_Flow_ml_min,Brush_Pressure_psi,Status
09:00:00,,,step_25,컨택_갭필,IDLE,0.1750158632745016,4.5821017010493,10.137114667511677,0.0600363389402775,NORMAL
09:00:05,,,step_25,컨택_갭필,IDLE,0.1750158632745016,4.5821017010493,10.137114667511677,0.0600363389402775,NORMAL
09:00:10,,,step_25,컨택_갭필,IDLE,0.1750158632745016,4.5821017010493,10.137114667511677,0.0600363389402775,NORMAL
09:00:15,,,step_25,컨택_갭필,IDLE,0.1750158632745016,4.5821017010493,10.137114667511677,0.0600363389402775,NORMAL
09:00:20,,,step_25,컨택_갭필,IDLE,0.1750158632745016,4.5821017010493,10.137114667511677,0.0600363389402775,NORMAL
09:00:25,,,step_25,컨택_갭필,IDLE,0.1750158632745016,4.5821017010493,10.137114667511677,0.0600363389402775,NORMAL
09:00:30,,,step_25,컨택_갭필,IDLE,0.1750158632745016,4.5821017010493,10.137114667511677,0.0600363389402775,NORMAL
09:00:35,,,step_25,컨택_갭필,IDLE,0.1750158632745016,4.5821017010493,10.137114667511677,0.0600363389402775,NORMAL
09:00:40,,,step_25,컨택_갭필,IDLE,0.1750158632745016,4.5821017010493,10.137114667511677,0.0600363389402775,NORMAL
09:00:45,,,step_25,컨택_갭필,IDLE,0.1750158632745016,4.5821017010493,10.137114667511677,0.0600363389402775,NORMAL
09:00:50,,,step_25,컨택_갭필,IDLE,0.1750158632745016,4.5821017010493,10.137114667511677,0.0600363389402775,NORMAL
09:00:55,,,step_25,컨택_갭필,IDLE,0.1750158632745016,4.5821017010493,10.137114667511677,0.0600363389402775,NORMAL
09:01:00,,,step_25,컨택_갭필,IDLE,0.1750158632745016,4.5821017010493,10.137114667511677,0.0600363389402775,NORMAL
09:01:05,,,step_25,컨택_갭필,IDLE,0.1750158632745016,4.5821017010493,10.137114667511677,0.0600363389402775,NORMAL
09:01:10,,,step_25,컨택_갭필,IDLE,0.1750158632745016,4.5821017010493,10.137114667511677,0.0600363389402775,NORMAL
09:01:15,,,step_25,컨택_갭필,IDLE,0.1750158632745016,4.5821017010493,10.137114667511677,0.0600363389402775,NORMAL
09:01:20,,,step_25,컨택_갭필,IDLE,0.1750158632745016,4.5821017010493,10.137114667511677,0.0600363389402775,NORMAL
09:01:25,,,step_25,컨택_갭필,IDLE,0.1750158632745016,4.5821017010493,10.137114667511677,0.0600363389402775,NORMAL
09:01:30,,,step_25,컨택_갭필,IDLE,0.1750158632745016,4.5821017010493,10.137114667511677,0.0600363389402775,NORMAL
09:01:35,,,step_25,컨택_갭필,IDLE,0.1750158632745016,4.5821017010493,10.137114667511677,0.0600363389402775,NORMAL
09:01:40,,,step_25,컨택_갭필,IDLE,0.1750158632745016,4.5821017010493,10.137114667511677,0.0600363389402775,NORMAL
09:01:45,,,step_25,컨택_갭필,IDLE,0.1750158632745016,4.5821017010493,10.137114667511677,0.0600363389402775,NORMAL
09:01:50,,,step_25,컨택_갭필,IDLE,0.1750158632745016,4.5821017010493,10.137114667511677,0.0600363389402775,NORMAL
09:01:55,,,step_25,컨택_갭필,IDLE,0.1750158632745016,4.5821017010493,10.137114667511677,0.0600363389402775,NORMAL
09:02:00,,,step_25,컨택_갭필,IDLE,0.1750158632745016,4.5821017010493,10.137114667511677,0.0600363389402775,NORMAL
09:02:05,,,step_25,컨택_갭필,IDLE,0.1750158632745016,4.5821017010493,10.137114667511677,0.0600363389402775,NORMAL
09:02:10,,,step_25,컨택_갭필,IDLE,0.1750158632745016,4.5821017010493,10.137114667511677,0.0600363389402775,NORMAL
09:02:15,,,step_25,컨택_갭필,IDLE,0.1750158632745016,4.5821017010493,10.137114667511677,0.0600363389402775,NORMAL
09:02:20,,,step_25,컨택_갭필,IDLE,0.1750158632745016,4.5821017010493,10.137114667511677,0.0600363389402775,NORMAL
09:02:25,,,step_25,컨택_갭필,IDLE,0.1750158632745016,4.5821017010493,10.137114667511677,0.0600363389402775,NORMAL
09:02:30,,,step_25,컨택_갭필,IDLE,0.1750158632745016,4.5821017010493,10.137114667511677,0.0600363389402775,NORMAL
09:02:35,,,step_25,컨택_갭필,IDLE,0.1750158632745016,4.5821017010493,10.137114667511677,0.0600363389402775,NORMAL
09:02:40,,,step_25,컨택_갭필,IDLE,0.1750158632745016,4.5821017010493,10.137114667511677,0.0600363389402775,NORMAL
09:02:45,,,step_25,컨택_갭필,IDLE,0.1750158632745016,4.5821017010493,10.137114667511677,0.0600363389402775,NORMAL
09:02:50,,,step_25,컨택_갭필,IDLE,0.1750158632745016,4.5821017010493,10.137114667511677,0.0600363389402775,NORMAL
09:02:55,,,step_25,컨택_갭필,IDLE,0.1750158632745016,4.5821017010493,10.137114667511677,0.0600363389402775,NORMAL
09:03:00,,,step_25,컨택_갭필,IDLE,0.1750158632745016,4.5821017010493,10.137114667511677,0.0600363389402775,NORMAL
09:03:05,,,step_25,컨택_갭필,IDLE,0.1750158632745016,4.5821017010493,10.137114667511677,0.0600363389402775,NORMAL
09:03:10,,,step_25,컨택_갭필,IDLE,0.1750158632745016,4.5821017010493,10.137114667511677,0.0600363389402775,NORMAL
09:03:15,,,step_25,컨택_갭필,IDLE,0.1750158632745016,4.5821017010493,10.137114667511677,0.0600363389402775,NORMAL
09:03:20,,,step_25,컨택_갭필,IDLE,0.1750158632745016,4.5821017010493,10.137114667511677,0.0600363389402775,NORMAL
09:03:25,,,step_25,컨택_갭필,IDLE,0.1750158632745016,4.5821017010493,10.137114667511677,0.0600363389402775,NORMAL
09:03:30,,,step_25,컨택_갭필,IDLE,0.1750158632745016,4.5821017010493,10.137114667511677,0.0600363389402775,NORMAL
09:03:35,,,step_25,컨택_갭필,IDLE,0.1750158632745016,4.5821017010493,10.137114667511677,0.0600363389402775,NORMAL
09:03:40,,,step_25,컨택_갭필,IDLE,0.1750158632745016,4.5821017010493,10.137114667511677,0.0600363389402775,NORMAL
09:03:45,,,step_25,컨택_갭필,IDLE,0.1750158632745016,4.5821017010493,10.137114667511677,0.0600363389402775,NORMAL
09:03:50,,,step_25,컨택_갭필,IDLE,0.1750158632745016,4.5821017010493,10.137114667511677,0.0600363389402775,NORMAL
09:03:55,,,step_25,컨택_갭필,IDLE,0.1750158632745016,4.5821017010493,10.137114667511677,0.0600363389402775,NORMAL
09:04:00,,,step_25,컨택_갭필,IDLE,0.1750158632745016,4.5821017010493,10.137114667511677,0.0600363389402775,NORMAL
09:04:05,,,step_25,컨택_갭필,IDLE,0.1750158632745016,4.5821017010493,10.137114667511677,0.0600363389402775,NORMAL
09:04:10,,,step_25,컨택_갭필,IDLE,0.1750158632745016,4.5821017010493,10.137114667511677,0.0600363389402775,NORMAL
09:04:15,,,step_25,컨택_갭필,IDLE,0.1750158632745016,4.5821017010493,10.137114667511677,0.0600363389402775,NORMAL
09:04:20,,,step_25,컨택_갭필,IDLE,0.1750158632745016,4.5821017010493,10.137114667511677,0.0600363389402775,NORMAL
09:04:25,,,step_25,컨택_갭필,IDLE,0.1750158632745016,4.5821017010493,10.137114667511677,0.0600363389402775,NORMAL
09:04:30,,,step_25,컨택_갭필,IDLE,0.1750158632745016,4.5821017010493,10.137114667511677,0.0600363389402775,NORMAL
09:04:35,,,step_25,컨택_갭필,IDLE,0.1750158632745016,4.5821017010493,10.137114667511677,0.0600363389402775,NORMAL
09:04:40,,,step_25,컨택_갭필,IDLE,0.1750158632745016,4.5821017010493,10.137114667511677,0.0600363389402775,NORMAL
09:04:45,,,step_25,컨택_갭필,IDLE,0.1750158632745016,4.5821017010493,10.137114667511677,0.0600363389402775,NORMAL
09:04:50,,,step_25,컨택_갭필,IDLE,0.1750158632745016,4.5821017010493,10.137114667511677,0.0600363389402775,NORMAL
09:04:55,,,step_25,컨택_갭필,IDLE,0.1750158632745016,4.5821017010493,10.137114667511677,0.0600363389402775,NORMAL
09:05:00,,,step_25,컨택_갭필,IDLE,0.1750158632745016,4.5821017010493,10.137114667511677,0.0600363389402775,NORMAL
09:05:05,,,step_25,컨택_갭필,IDLE,0.1750158632745016,4.5821017010493,10.137114667511677,0.0600363389402775,NORMAL
09:05:10,,,step_25,컨택_갭필,IDLE,0.1750158632745016,4.5821017010493,10.137114667511677,0.0600363389402775,NORMAL
09:05:15,,,step_25,컨택_갭필,IDLE,0.1750158632745016,4.5821017010493,10.137114667511677,0.0600363389402775,NORMAL
09:05:20,,,step_25,컨택_갭필,IDLE,0.1750158632745016,4.5821017010493,10.137114667511677,0.0600363389402775,NORMAL
09:05:25,,,step_25,컨택_갭필,IDLE,0.1750158632745016,4.5821017010493,10.137114667511677,0.0600363389402775,NORMAL
09:05:30,,,step_25,컨택_갭필,IDLE,0.1750158632745016,4.5821017010493,10.137114667511677,0.0600363389402775,NORMAL
09:05:35,,,step_25,컨택_갭필,IDLE,0.1750158632745016,4.5821017010493,10.137114667511677,0.0600363389402775,NORMAL
09:05:40,,,step_25,컨택_갭필,IDLE,0.1750158632745016,4.5821017010493,10.137114667511677,0.0600363389402775,NORMAL
09:05:45,,,step_25,컨택_갭필,IDLE,0.1750158632745016,4.5821017010493,10.137114667511677,0.0600363389402775,NORMAL
09:05:50,,,step_25,컨택_갭필,IDLE,0.1750158632745016,4.5821017010493,10.137114667511677,0.0600363389402775,NORMAL
09:05:55,,,step_25,컨택_갭필,IDLE,0.1750158632745016,4.5821017010493,10.137114667511677,0.0600363389402775,NORMAL
09:06:00,,,step_25,컨택_갭필,IDLE,0.1750158632745016,4.5821017010493,10.137114667511677,0.0600363389402775,NORMAL
09:06:05,,,step_25,컨택_갭필,IDLE,0.1750158632745016,4.5821017010493,10.137114667511677,0.0600363389402775,NORMAL
09:06:10,,,step_25,컨택_갭필,IDLE,0.1750158632745016,4.5821017010493,10.137114667511677,0.0600363389402775,NORMAL
09:06:15,,,step_25,컨택_갭필,IDLE,0.1750158632745016,4.5821017010493,10.137114667511677,0.0600363389402775,NORMAL
09:06:20,,,step_25,컨택_갭필,IDLE,0.1750158632745016,4.5821017010493,10.137114667511677,0.0600363389402775,NORMAL
09:06:25,,,step_25,컨택_갭필,IDLE,0.1750158632745016,4.5821017010493,10.137114667511677,0.0600363389402775,NORMAL
09:06:30,,,step_25,컨택_갭필,IDLE,0.1750158632745016,4.5821017010493,10.137114667511677,0.0600363389402775,NORMAL
09:06:35,,,step_25,컨택_갭필,IDLE,0.1750158632745016,4.5821017010493,10.137114667511677,0.0600363389402775,NORMAL
09:06:40,,,step_25,컨택_갭필,IDLE,0.1750158632745016,4.5821017010493,10.137114667511677,0.0600363389402775,NORMAL
09:06:45,,,step_25,컨택_갭필,IDLE,0.1750158632745016,4.5821017010493,10.137114667511677,0.0600363389402775,NORMAL
09:06:50,,,step_25,컨택_갭필,IDLE,0.1750158632745016,4.5821017010493,10.137114667511677,0.0600363389402775,NORMAL
09:06:55,,,step_25,컨택_갭필,IDLE,0.1750158632745016,4.5821017010493,10.137114667511677,0.0600363389402775,NORMAL
09:07:00,,,step_25,컨택_갭필,IDLE,0.1750158632745016,4.5821017010493,10.137114667511677,0.0600363389402775,NORMAL
09:07:05,,,step_25,컨택_갭필,IDLE,0.1750158632745016,4.5821017010493,10.137114667511677,0.0600363389402775,NORMAL
09:07:10,,,step_25,컨택_갭필,IDLE,0.1750158632745016,4.5821017010493,10.137114667511677,0.0600363389402775,NORMAL
09:07:15,,,step_25,컨택_갭필,IDLE,0.1750158632745016,4.5821017010493,10.137114667511677,0.0600363389402775,NORMAL
09:07:20,,,step_25,컨택_갭필,IDLE,0.1750158632745016,4.5821017010493,10.137114667511677,0.0600363389402775,NORMAL
09:07:25,,,step_25,컨택_갭필,IDLE,0.1750158632745016,4.5821017010493,10.137114667511677,0.0600363389402775,NORMAL
09:07:30,,,step_25,컨택_갭필,IDLE,0.1750158632745016,4.5821017010493,10.137114667511677,0.0600363389402775,NORMAL
09:07:35,,,step_25,컨택_갭필,IDLE,0.1750158632745016,4.5821017010493,10.137114667511677,0.0600363389402775,NORMAL
09:07:40,,,step_25,컨택_갭필,IDLE,0.1750158632745016,4.5821017010493,10.137114667511677,0.0600363389402775,NORMAL
09:07:45,,,step_25,컨택_갭필,IDLE,0.1750158632745016,4.5821017010493,10.137114667511677,0.0600363389402775,NORMAL
09:07:50,,,step_25,컨택_갭필,IDLE,0.1750158632745016,4.5821017010493,10.137114667511677,0.0600363389402775,NORMAL
09:07:55,,,step_25,컨택_갭필,IDLE,0.1750158632745016,4.5821017010493,10.137114667511677,0.0600363389402775,NORMAL
09:08:00,,,step_25,컨택_갭필,IDLE,0.1750158632745016,4.5821017010493,10.137114667511677,0.0600363389402775,NORMAL
09:08:05,,,step_25,컨택_갭필,IDLE,0.1750158632745016,4.5821017010493,10.137114667511677,0.0600363389402775,NORMAL
09:08:10,,,step_25,컨택_갭필,IDLE,0.1750158632745016,4.5821017010493,10.137114667511677,0.0600363389402775,NORMAL
09:08:15,,,step_25,컨택_갭필,IDLE,0.1750158632745016,4.5821017010493,10.137114667511677,0.0600363389402775,NORMAL
09:08:20,,,step_25,컨택_갭필,IDLE,0.1750158632745016,4.5821017010493,10.137114667511677,0.0600363389402775,NORMAL
09:08:25,,,step_25,컨택_갭필,IDLE,0.1750158632745016,4.5821017010493,10.137114667511677,0.0600363389402775,NORMAL
09:08:30,,,step_25,컨택_갭필,IDLE,0.1750158632745016,4.5821017010493,10.137114667511677,0.0600363389402775,NORMAL
09:08:35,,,step_25,컨택_갭필,IDLE,0.1750158632745016,4.5821017010493,10.137114667511677,0.0600363389402775,NORMAL
09:08:40,,,step_25,컨택_갭필,IDLE,0.1750158632745016,4.5821017010493,10.137114667511677,0.0600363389402775,NORMAL
09:08:45,,,step_25,컨택_갭필,IDLE,0.1750158632745016,4.5821017010493,10.137114667511677,0.0600363389402775,NORMAL
09:08:50,,,step_25,컨택_갭필,IDLE,0.1750158632745016,4.5821017010493,10.137114667511677,0.0600363389402775,NORMAL
09:08:55,,,step_25,컨택_갭필,IDLE,0.1750158632745016,4.5821017010493,10.137114667511677,0.0600363389402775,NORMAL
09:09:00,,,step_25,컨택_갭필,IDLE,0.1750158632745016,4.5821017010493,10.137114667511677,0.0600363389402775,NORMAL
09:09:05,,,step_25,컨택_갭필,IDLE,0.1750158632745016,4.5821017010493,10.137114667511677,0.0600363389402775,NORMAL
09:09:10,,,step_25,컨택_갭필,IDLE,0.1750158632745016,4.5821017010493,10.137114667511677,0.0600363389402775,NORMAL
09:09:15,,,step_25,컨택_갭필,IDLE,0.1750158632745016,4.5821017010493,10.137114667511677,0.0600363389402775,NORMAL
09:09:20,,,step_25,컨택_갭필,IDLE,0.1750158632745016,4.5821017010493,10.137114667511677,0.0600363389402775,NORMAL
09:09:25,,,step_25,컨택_갭필,IDLE,0.1750158632745016,4.5821017010493,10.137114667511677,0.0600363389402775,NORMAL
09:09:30,,,step_25,컨택_갭필,IDLE,0.1750158632745016,4.5821017010493,10.137114667511677,0.0600363389402775,NORMAL
09:09:35,,,step_25,컨택_갭필,IDLE,0.1750158632745016,4.5821017010493,10.137114667511677,0.0600363389402775,NORMAL
09:09:40,,,step_25,컨택_갭필,IDLE,0.1750158632745016,4.5821017010493,10.137114667511677,0.0600363389402775,NORMAL
09:09:45,,,step_25,컨택_갭필,IDLE,0.1750158632745016,4.5821017010493,10.137114667511677,0.0600363389402775,NORMAL
09:09:50,,,step_25,컨택_갭필,IDLE,0.1750158632745016,4.5821017010493,10.137114667511677,0.0600363389402775,NORMAL
09:09:55,,,step_25,컨택_갭필,IDLE,0.1750158632745016,4.5821017010493,10.137114667511677,0.0600363389402775,NORMAL
09:10:00,,,step_25,컨택_갭필,IDLE,0.1750158632745016,4.5821017010493,10.137114667511677,0.0600363389402775,NORMAL
09:10:05,,,step_25,컨택_갭필,IDLE,0.1750158632745016,4.5821017010493,10.137114667511677,0.0600363389402775,NORMAL
09:10:10,,,step_25,컨택_갭필,IDLE,0.1750158632745016,4.5821017010493,10.137114667511677,0.0600363389402775,NORMAL
09:10:15,,,step_25,컨택_갭필,IDLE,0.1750158632745016,4.5821017010493,10.137114667511677,0.0600363389402775,NORMAL
09:10:20,,,step_25,컨택_갭필,IDLE,0.1750158632745016,4.5821017010493,10.137114667511677,0.0600363389402775,NORMAL
09:10:25,,,step_25,컨택_갭필,IDLE,0.1750158632745016,4.5821017010493,10.137114667511677,0.0600363389402775,NORMAL
09:10:30,,,step_25,컨택_갭필,IDLE,0.1750158632745016,4.5821017010493,10.137114667511677,0.0600363389402775,NORMAL
09:10:35,,,step_25,컨택_갭필,IDLE,0.1750158632745016,4.5821017010493,10.137114667511677,0.0600363389402775,NORMAL
09:10:40,,,step_25,컨택_갭필,IDLE,0.1750158632745016,4.5821017010493,10.137114667511677,0.0600363389402775,NORMAL
09:10:45,,,step_25,컨택_갭필,IDLE,0.1750158632745016,4.5821017010493,10.137114667511677,0.0600363389402775,NORMAL
09:10:50,,,step_25,컨택_갭필,IDLE,0.1750158632745016,4.5821017010493,10.137114667511677,0.0600363389402775,NORMAL
09:10:55,,,step_25,컨택_갭필,IDLE,0.1750158632745016,4.5821017010493,10.137114667511677,0.0600363389402775,NORMAL
09:11:00,,,step_25,컨택_갭필,IDLE,0.1750158632745016,4.5821017010493,10.137114667511677,0.0600363389402775,NORMAL
09:11:05,,,step_25,컨택_갭필,IDLE,0.1750158632745016,4.5821017010493,10.137114667511677,0.0600363389402775,NORMAL
09:11:10,,,step_25,컨택_갭필,IDLE,0.1750158632745016,4.5821017010493,10.137114667511677,0.0600363389402775,NORMAL
09:11:15,,,step_25,컨택_갭필,IDLE,0.1750158632745016,4.5821017010493,10.137114667511677,0.0600363389402775,NORMAL
09:11:20,,,step_25,컨택_갭필,IDLE,0.1750158632745016,4.5821017010493,10.137114667511677,0.0600363389402775,NORMAL
09:11:25,,,step_25,컨택_갭필,IDLE,0.1750158632745016,4.5821017010493,10.137114667511677,0.0600363389402775,NORMAL
09:11:30,,,step_25,컨택_갭필,IDLE,0.1750158632745016,4.5821017010493,10.137114667511677,0.0600363389402775,NORMAL
09:11:35,,,step_25,컨택_갭필,IDLE,0.1750158632745016,4.5821017010493,10.137114667511677,0.0600363389402775,NORMAL
09:11:40,,,step_25,컨택_갭필,IDLE,0.1750158632745016,4.5821017010493,10.137114667511677,0.0600363389402775,NORMAL
09:11:45,,,step_25,컨택_갭필,IDLE,0.1750158632745016,4.5821017010493,10.137114667511677,0.0600363389402775,NORMAL
09:11:50,,,step_25,컨택_갭필,IDLE,0.1750158632745016,4.5821017010493,10.137114667511677,0.0600363389402775,NORMAL
09:11:55,,,step_25,컨택_갭필,IDLE,0.1750158632745016,4.5821017010493,10.137114667511677,0.0600363389402775,NORMAL
09:12:00,,,step_25,컨택_갭필,IDLE,0.1750158632745016,4.5821017010493,10.137114667511677,0.0600363389402775,NORMAL
09:12:05,,,step_25,컨택_갭필,IDLE,0.1750158632745016,4.5821017010493,10.137114667511677,0.0600363389402775,NORMAL
09:12:10,,,step_25,컨택_갭필,IDLE,0.1750158632745016,4.5821017010493,10.137114667511677,0.0600363389402775,NORMAL
09:12:15,,,step_25,컨택_갭필,IDLE,0.1750158632745016,4.5821017010493,10.137114667511677,0.0600363389402775,NORMAL
09:12:20,,,step_25,컨택_갭필,IDLE,0.1750158632745016,4.5821017010493,10.137114667511677,0.0600363389402775,NORMAL
09:12:25,,,step_25,컨택_갭필,IDLE,0.1750158632745016,4.5821017010493,10.137114667511677,0.0600363389402775,NORMAL
09:12:30,,,step_25,컨택_갭필,IDLE,0.1750158632745016,4.5821017010493,10.137114667511677,0.0600363389402775,NORMAL
09:12:35,,,step_25,컨택_갭필,IDLE,0.1750158632745016,4.5821017010493,10.137114667511677,0.0600363389402775,NORMAL
09:12:40,,,step_25,컨택_갭필,IDLE,0.1750158632745016,4.5821017010493,10.137114667511677,0.0600363389402775,NORMAL
09:12:45,,,step_25,컨택_갭필,IDLE,0.1750158632745016,4.5821017010493,10.137114667511677,0.0600363389402775,NORMAL
09:12:50,,,step_25,컨택_갭필,IDLE,0.1750158632745016,4.5821017010493,10.137114667511677,0.0600363389402775,NORMAL
09:12:55,,,step_25,컨택_갭필,IDLE,0.1750158632745016,4.5821017010493,10.137114667511677,0.0600363389402775,NORMAL
09:13:00,,,step_25,컨택_갭필,IDLE,0.1750158632745016,4.5821017010493,10.137114667511677,0.0600363389402775,NORMAL
09:13:05,,,step_25,컨택_갭필,IDLE,0.1750158632745016,4.5821017010493,10.137114667511677,0.0600363389402775,NORMAL
09:13:10,,,step_25,컨택_갭필,IDLE,0.1750158632745016,4.5821017010493,10.137114667511677,0.0600363389402775,NORMAL
09:13:15,,,step_25,컨택_갭필,IDLE,0.1750158632745016,4.5821017010493,10.137114667511677,0.0600363389402775,NORMAL
09:13:20,,,step_25,컨택_갭필,IDLE,0.1750158632745016,4.5821017010493,10.137114667511677,0.0600363389402775,NORMAL
09:13:25,,,step_25,컨택_갭필,IDLE,0.1750158632745016,4.5821017010493,10.137114667511677,0.0600363389402775,NORMAL
09:13:30,,,step_25,컨택_갭필,IDLE,0.1750158632745016,4.5821017010493,10.137114667511677,0.0600363389402775,NORMAL
09:13:35,,,step_25,컨택_갭필,IDLE,0.1750158632745016,4.5821017010493,10.137114667511677,0.0600363389402775,NORMAL
09:13:40,,,step_25,컨택_갭필,IDLE,0.1750158632745016,4.5821017010493,10.137114667511677,0.0600363389402775,NORMAL
09:13:45,,,step_25,컨택_갭필,IDLE,0.1750158632745016,4.5821017010493,10.137114667511677,0.0600363389402775,NORMAL
09:13:50,,,step_25,컨택_갭필,IDLE,0.1750158632745016,4.5821017010493,10.137114667511677,0.0600363389402775,NORMAL
09:13:55,,,step_25,컨택_갭필,IDLE,0.1750158632745016,4.5821017010493,10.137114667511677,0.0600363389402775,NORMAL
09:14:00,,,step_25,컨택_갭필,IDLE,0.1750158632745016,4.5821017010493,10.137114667511677,0.0600363389402775,NORMAL
09:14:05,,,step_25,컨택_갭필,IDLE,0.1750158632745016,4.5821017010493,10.137114667511677,0.0600363389402775,NORMAL
09:14:10,,,step_25,컨택_갭필,IDLE,0.1750158632745016,4.5821017010493,10.137114667511677,0.0600363389402775,NORMAL
09:14:15,,,step_25,컨택_갭필,IDLE,0.1750158632745016,4.5821017010493,10.137114667511677,0.0600363389402775,NORMAL
09:14:20,,,step_25,컨택_갭필,IDLE,0.1750158632745016,4.5821017010493,10.137114667511677,0.0600363389402775,NORMAL
09:14:25,,,step_25,컨택_갭필,IDLE,0.1750158632745016,4.5821017010493,10.137114667511677,0.0600363389402775,NORMAL
09:14:30,,,step_25,컨택_갭필,IDLE,0.1750158632745016,4.5821017010493,10.137114667511677,0.0600363389402775,NORMAL
09:14:35,,,step_25,컨택_갭필,IDLE,0.1750158632745016,4.5821017010493,10.137114667511677,0.0600363389402775,NORMAL
09:14:40,,,step_25,컨택_갭필,IDLE,0.1750158632745016,4.5821017010493,10.137114667511677,0.0600363389402775,NORMAL
09:14:45,,,step_25,컨택_갭필,IDLE,0.1750158632745016,4.5821017010493,10.137114667511677,0.0600363389402775,NORMAL
09:14:50,,,step_25,컨택_갭필,IDLE,0.1750158632745016,4.5821017010493,10.137114667511677,0.0600363389402775,NORMAL
09:14:55,,,step_25,컨택_갭필,IDLE,0.1750158632745016,4.5821017010493,10.137114667511677,0.0600363389402775,NORMAL
09:15:00,,,step_25,컨택_갭필,IDLE,0.1750158632745016,4.5821017010493,10.137114667511677,0.0600363389402775,NORMAL
09:15:05,,,step_25,컨택_갭필,IDLE,0.1750158632745016,4.5821017010493,10.137114667511677,0.0600363389402775,NORMAL
09:15:10,,,step_25,컨택_갭필,IDLE,0.1750158632745016,4.5821017010493,10.137114667511677,0.0600363389402775,NORMAL
09:15:15,,,step_25,컨택_갭필,IDLE,0.1750158632745016,4.5821017010493,10.137114667511677,0.0600363389402775,NORMAL
09:15:20,,,step_25,컨택_갭필,IDLE,0.1750158632745016,4.5821017010493,10.137114667511677,0.0600363389402775,NORMAL
09:15:25,,,step_25,컨택_갭필,IDLE,0.1750158632745016,4.5821017010493,10.137114667511677,0.0600363389402775,NORMAL
09:15:30,,,step_25,컨택_갭필,IDLE,0.1750158632745016,4.5821017010493,10.137114667511677,0.0600363389402775,NORMAL
09:15:35,,,step_25,컨택_갭필,IDLE,0.1750158632745016,4.5821017010493,10.137114667511677,0.0600363389402775,NORMAL
09:15:40,,,step_25,컨택_갭필,IDLE,0.1750158632745016,4.5821017010493,10.137114667511677,0.0600363389402775,NORMAL
09:15:45,,,step_25,컨택_갭필,IDLE,0.1750158632745016,4.5821017010493,10.137114667511677,0.0600363389402775,NORMAL
09:15:50,,,step_25,컨택_갭필,IDLE,0.1750158632745016,4.5821017010493,10.137114667511677,0.0600363389402775,NORMAL
09:15:55,,,step_25,컨택_갭필,IDLE,0.1750158632745016,4.5821017010493,10.137114667511677,0.0600363389402775,NORMAL
09:16:00,,,step_25,컨택_갭필,IDLE,0.1750158632745016,4.5821017010493,10.137114667511677,0.0600363389402775,NORMAL
09:16:05,,,step_25,컨택_갭필,IDLE,0.1750158632745016,4.5821017010493,10.137114667511677,0.0600363389402775,NORMAL
09:16:10,,,step_25,컨택_갭필,IDLE,0.1750158632745016,4.5821017010493,10.137114667511677,0.0600363389402775,NORMAL
09:16:15,,,step_25,컨택_갭필,IDLE,0.1750158632745016,4.5821017010493,10.137114667511677,0.0600363389402775,NORMAL
09:16:20,,,step_25,컨택_갭필,IDLE,0.1750158632745016,4.5821017010493,10.137114667511677,0.0600363389402775,NORMAL
09:16:25,,,step_25,컨택_갭필,IDLE,0.1750158632745016,4.5821017010493,10.137114667511677,0.0600363389402775,NORMAL
09:16:30,,,step_25,컨택_갭필,IDLE,0.1750158632745016,4.5821017010493,10.137114667511677,0.0600363389402775,NORMAL
09:16:35,,,step_25,컨택_갭필,IDLE,0.1750158632745016,4.5821017010493,10.137114667511677,0.0600363389402775,NORMAL
09:16:40,,,step_25,컨택_갭필,IDLE,0.1750158632745016,4.5821017010493,10.137114667511677,0.0600363389402775,NORMAL
09:16:45,,,step_25,컨택_갭필,IDLE,0.1750158632745016,4.5821017010493,10.137114667511677,0.0600363389402775,NORMAL
09:16:50,,,step_25,컨택_갭필,IDLE,0.1750158632745016,4.5821017010493,10.137114667511677,0.0600363389402775,NORMAL
09:16:55,,,step_25,컨택_갭필,IDLE,0.1750158632745016,4.5821017010493,10.137114667511677,0.0600363389402775,NORMAL
09:17:00,,,step_25,컨택_갭필,IDLE,0.1750158632745016,4.5821017010493,10.137114667511677,0.0600363389402775,NORMAL
09:17:05,,,step_25,컨택_갭필,IDLE,0.1750158632745016,4.5821017010493,10.137114667511677,0.0600363389402775,NORMAL
09:17:10,,,step_25,컨택_갭필,IDLE,0.1750158632745016,4.5821017010493,10.137114667511677,0.0600363389402775,NORMAL
09:17:15,,,step_25,컨택_갭필,IDLE,0.1750158632745016,4.5821017010493,10.137114667511677,0.0600363389402775,NORMAL
09:17:20,,,step_25,컨택_갭필,IDLE,0.1750158632745016,4.5821017010493,10.137114667511677,0.0600363389402775,NORMAL
09:17:25,,,step_25,컨택_갭필,IDLE,0.1750158632745016,4.5821017010493,10.137114667511677,0.0600363389402775,NORMAL
09:17:30,,,step_25,컨택_갭필,IDLE,0.1750158632745016,4.5821017010493,10.137114667511677,0.0600363389402775,NORMAL
09:17:35,,,step_25,컨택_갭필,IDLE,0.1750158632745016,4.5821017010493,10.137114667511677,0.0600363389402775,NORMAL
09:17:40,,,step_25,컨택_갭필,IDLE,0.1750158632745016,4.5821017010493,10.137114667511677,0.0600363389402775,NORMAL
09:17:45,,,step_25,컨택_갭필,IDLE,0.1750158632745016,4.5821017010493,10.137114667511677,0.0600363389402775,NORMAL
09:17:50,,,step_25,컨택_갭필,IDLE,0.1750158632745016,4.5821017010493,10.137114667511677,0.0600363389402775,NORMAL
09:17:55,,,step_25,컨택_갭필,IDLE,0.1750158632745016,4.5821017010493,10.137114667511677,0.0600363389402775,NORMAL
09:18:00,,,step_25,컨택_갭필,IDLE,0.1750158632745016,4.5821017010493,10.137114667511677,0.0600363389402775,NORMAL
09:18:05,,,step_25,컨택_갭필,IDLE,0.1750158632745016,4.5821017010493,10.137114667511677,0.0600363389402775,NORMAL
09:18:10,,,step_25,컨택_갭필,IDLE,0.1750158632745016,4.5821017010493,10.137114667511677,0.0600363389402775,NORMAL
09:18:15,,,step_25,컨택_갭필,IDLE,0.1750158632745016,4.5821017010493,10.137114667511677,0.0600363389402775,NORMAL
09:18:20,,,step_25,컨택_갭필,IDLE,0.1750158632745016,4.5821017010493,10.137114667511677,0.0600363389402775,NORMAL
09:18:25,,,step_25,컨택_갭필,IDLE,0.1750158632745016,4.5821017010493,10.137114667511677,0.0600363389402775,NORMAL
09:18:30,,,step_25,컨택_갭필,IDLE,0.1750158632745016,4.5821017010493,10.137114667511677,0.0600363389402775,NORMAL
09:18:35,,,step_25,컨택_갭필,IDLE,0.1750158632745016,4.5821017010493,10.137114667511677,0.0600363389402775,NORMAL
09:18:40,,,step_25,컨택_갭필,IDLE,0.1750158632745016,4.5821017010493,10.137114667511677,0.0600363389402775,NORMAL
09:18:45,,,step_25,컨택_갭필,IDLE,0.1750158632745016,4.5821017010493,10.137114667511677,0.0600363389402775,NORMAL
09:18:50,,,step_25,컨택_갭필,IDLE,0.1750158632745016,4.5821017010493,10.137114667511677,0.0600363389402775,NORMAL
09:18:55,,,step_25,컨택_갭필,IDLE,0.1750158632745016,4.5821017010493,10.137114667511677,0.0600363389402775,NORMAL
09:19:00,,,step_25,컨택_갭필,IDLE,0.1750158632745016,4.5821017010493,10.137114667511677,0.0600363389402775,NORMAL
09:19:05,,,step_25,컨택_갭필,IDLE,0.1750158632745016,4.5821017010493,10.137114667511677,0.0600363389402775,NORMAL
09:19:10,,,step_25,컨택_갭필,IDLE,0.1750158632745016,4.5821017010493,10.137114667511677,0.0600363389402775,NORMAL
09:19:15,,,step_25,컨택_갭필,IDLE,0.1750158632745016,4.5821017010493,10.137114667511677,0.0600363389402775,NORMAL
09:19:20,,,step_25,컨택_갭필,IDLE,0.1750158632745016,4.5821017010493,10.137114667511677,0.0600363389402775,NORMAL
09:19:25,,,step_25,컨택_갭필,IDLE,0.1750158632745016,4.5821017010493,10.137114667511677,0.0600363389402775,NORMAL
09:19:30,,,step_25,컨택_갭필,IDLE,0.1750158632745016,4.5821017010493,10.137114667511677,0.0600363389402775,NORMAL
09:19:35,,,step_25,컨택_갭필,IDLE,0.1750158632745016,4.5821017010493,10.137114667511677,0.0600363389402775,NORMAL
09:19:40,,,step_25,컨택_갭필,IDLE,0.1750158632745016,4.5821017010493,10.137114667511677,0.0600363389402775,NORMAL
09:19:45,,,step_25,컨택_갭필,IDLE,0.1750158632745016,4.5821017010493,10.137114667511677,0.0600363389402775,NORMAL
09:19:50,,,step_25,컨택_갭필,IDLE,0.1750158632745016,4.5821017010493,10.137114667511677,0.0600363389402775,NORMAL
09:19:55,,,step_25,컨택_갭필,IDLE,0.1750158632745016,4.5821017010493,10.137114667511677,0.0600363389402775,NORMAL
09:20:00,,,step_25,컨택_갭필,IDLE,0.1750158632745016,4.5821017010493,10.137114667511677,0.0600363389402775,NORMAL
09:20:05,,,step_25,컨택_갭필,IDLE,0.1750158632745016,4.5821017010493,10.137114667511677,0.0600363389402775,NORMAL
09:20:10,,,step_25,컨택_갭필,IDLE,0.1750158632745016,4.5821017010493,10.137114667511677,0.0600363389402775,NORMAL
09:20:15,,,step_25,컨택_갭필,IDLE,0.1750158632745016,4.5821017010493,10.137114667511677,0.0600363389402775,NORMAL
09:20:20,,,step_25,컨택_갭필,IDLE,0.1750158632745016,4.5821017010493,10.137114667511677,0.0600363389402775,NORMAL
09:20:25,,,step_25,컨택_갭필,IDLE,0.1750158632745016,4.5821017010493,10.137114667511677,0.0600363389402775,NORMAL
09:20:30,,,step_25,컨택_갭필,IDLE,0.1750158632745016,4.5821017010493,10.137114667511677,0.0600363389402775,NORMAL
09:20:35,,,step_25,컨택_갭필,IDLE,0.1750158632745016,4.5821017010493,10.137114667511677,0.0600363389402775,NORMAL
09:20:40,,,step_25,컨택_갭필,IDLE,0.1750158632745016,4.5821017010493,10.137114667511677,0.0600363389402775,NORMAL
09:20:45,,,step_25,컨택_갭필,IDLE,0.1750158632745016,4.5821017010493,10.137114667511677,0.0600363389402775,NORMAL
09:20:50,,,step_25,컨택_갭필,IDLE,0.1750158632745016,4.5821017010493,10.137114667511677,0.0600363389402775,NORMAL
09:20:55,,,step_25,컨택_갭필,IDLE,0.1750158632745016,4.5821017010493,10.137114667511677,0.0600363389402775,NORMAL
09:21:00,,,step_25,컨택_갭필,IDLE,0.1750158632745016,4.5821017010493,10.137114667511677,0.0600363389402775,NORMAL
09:21:05,,,step_25,컨택_갭필,IDLE,0.1750158632745016,4.5821017010493,10.137114667511677,0.0600363389402775,NORMAL
09:21:10,,,step_25,컨택_갭필,IDLE,0.1750158632745016,4.5821017010493,10.137114667511677,0.0600363389402775,NORMAL
09:21:15,,,step_25,컨택_갭필,IDLE,0.1750158632745016,4.5821017010493,10.137114667511677,0.0600363389402775,NORMAL
09:21:20,,,step_25,컨택_갭필,IDLE,0.1750158632745016,4.5821017010493,10.137114667511677,0.0600363389402775,NORMAL
09:21:25,,,step_25,컨택_갭필,IDLE,0.1750158632745016,4.5821017010493,10.137114667511677,0.0600363389402775,NORMAL
09:21:30,,,step_25,컨택_갭필,IDLE,0.1750158632745016,4.5821017010493,10.137114667511677,0.0600363389402775,NORMAL
09:21:35,,,step_25,컨택_갭필,IDLE,0.1750158632745016,4.5821017010493,10.137114667511677,0.0600363389402775,NORMAL
09:21:40,,,step_25,컨택_갭필,IDLE,0.1750158632745016,4.5821017010493,10.137114667511677,0.0600363389402775,NORMAL
09:21:45,,,step_25,컨택_갭필,IDLE,0.1750158632745016,4.5821017010493,10.137114667511677,0.0600363389402775,NORMAL
09:21:50,,,step_25,컨택_갭필,IDLE,0.1750158632745016,4.5821017010493,10.137114667511677,0.0600363389402775,NORMAL
09:21:55,,,step_25,컨택_갭필,IDLE,0.1750158632745016,4.5821017010493,10.137114667511677,0.0600363389402775,NORMAL
09:22:00,,,step_25,컨택_갭필,IDLE,0.1750158632745016,4.5821017010493,10.137114667511677,0.0600363389402775,NORMAL
09:22:05,,,step_25,컨택_갭필,IDLE,0.1750158632745016,4.5821017010493,10.137114667511677,0.0600363389402775,NORMAL
09:22:10,,,step_25,컨택_갭필,IDLE,0.1750158632745016,4.5821017010493,10.137114667511677,0.0600363389402775,NORMAL
09:22:15,,,step_25,컨택_갭필,IDLE,0.1750158632745016,4.5821017010493,10.137114667511677,0.0600363389402775,NORMAL
09:22:20,,,step_25,컨택_갭필,IDLE,0.1750158632745016,4.5821017010493,10.137114667511677,0.0600363389402775,NORMAL
09:22:25,,,step_25,컨택_갭필,IDLE,0.1750158632745016,4.5821017010493,10.137114667511677,0.0600363389402775,NORMAL
09:22:30,,,step_25,컨택_갭필,IDLE,0.1750158632745016,4.5821017010493,10.137114667511677,0.0600363389402775,NORMAL
09:22:35,,,step_25,컨택_갭필,IDLE,0.1750158632745016,4.5821017010493,10.137114667511677,0.0600363389402775,NORMAL
09:22:40,,,step_25,컨택_갭필,IDLE,0.1750158632745016,4.5821017010493,10.137114667511677,0.0600363389402775,NORMAL
09:22:45,,,step_25,컨택_갭필,IDLE,0.1750158632745016,4.5821017010493,10.137114667511677,0.0600363389402775,NORMAL
09:22:50,,,step_25,컨택_갭필,IDLE,0.1750158632745016,4.5821017010493,10.137114667511677,0.0600363389402775,NORMAL
09:22:55,,,step_25,컨택_갭필,IDLE,0.1750158632745016,4.5821017010493,10.137114667511677,0.0600363389402775,NORMAL
09:23:00,,,step_25,컨택_갭필,IDLE,0.1750158632745016,4.5821017010493,10.137114667511677,0.0600363389402775,NORMAL
09:23:05,,,step_25,컨택_갭필,IDLE,0.1750158632745016,4.5821017010493,10.137114667511677,0.0600363389402775,NORMAL
09:23:10,,,step_25,컨택_갭필,IDLE,0.1750158632745016,4.5821017010493,10.137114667511677,0.0600363389402775,NORMAL
09:23:15,,,step_25,컨택_갭필,IDLE,0.1750158632745016,4.5821017010493,10.137114667511677,0.0600363389402775,NORMAL
09:23:20,,,step_25,컨택_갭필,IDLE,0.1750158632745016,4.5821017010493,10.137114667511677,0.0600363389402775,NORMAL
09:23:25,,,step_25,컨택_갭필,IDLE,0.1750158632745016,4.5821017010493,10.137114667511677,0.0600363389402775,NORMAL
09:23:30,,,step_25,컨택_갭필,IDLE,0.1750158632745016,4.5821017010493,10.137114667511677,0.0600363389402775,NORMAL
09:23:35,,,step_25,컨택_갭필,IDLE,0.1750158632745016,4.5821017010493,10.137114667511677,0.0600363389402775,NORMAL
09:23:40,,,step_25,컨택_갭필,IDLE,0.1750158632745016,4.5821017010493,10.137114667511677,0.0600363389402775,NORMAL
09:23:45,,,step_25,컨택_갭필,IDLE,0.1750158632745016,4.5821017010493,10.137114667511677,0.0600363389402775,NORMAL
09:23:50,,,step_25,컨택_갭필,IDLE,0.1750158632745016,4.5821017010493,10.137114667511677,0.0600363389402775,NORMAL
09:23:55,,,step_25,컨택_갭필,IDLE,0.1750158632745016,4.5821017010493,10.137114667511677,0.0600363389402775,NORMAL
09:24:00,,,step_25,컨택_갭필,IDLE,0.1750158632745016,4.5821017010493,10.137114667511677,0.0600363389402775,NORMAL
09:24:05,,,step_25,컨택_갭필,IDLE,0.1750158632745016,4.5821017010493,10.137114667511677,0.0600363389402775,NORMAL
09:24:10,,,step_25,컨택_갭필,IDLE,0.1750158632745016,4.5821017010493,10.137114667511677,0.0600363389402775,NORMAL
09:24:15,,,step_25,컨택_갭필,IDLE,0.1750158632745016,4.5821017010493,10.137114667511677,0.0600363389402775,NORMAL
09:24:20,,,step_25,컨택_갭필,IDLE,0.1750158632745016,4.5821017010493,10.137114667511677,0.0600363389402775,NORMAL
09:24:25,,,step_25,컨택_갭필,IDLE,0.1750158632745016,4.5821017010493,10.137114667511677,0.0600363389402775,NORMAL
09:24:30,,,step_25,컨택_갭필,IDLE,0.1750158632745016,4.5821017010493,10.137114667511677,0.0600363389402775,NORMAL
09:24:35,,,step_25,컨택_갭필,IDLE,0.1750158632745016,4.5821017010493,10.137114667511677,0.0600363389402775,NORMAL
09:24:40,,,step_25,컨택_갭필,IDLE,0.1750158632745016,4.5821017010493,10.137114667511677,0.0600363389402775,NORMAL
09:24:45,,,step_25,컨택_갭필,IDLE,0.1750158632745016,4.5821017010493,10.137114667511677,0.0600363389402775,NORMAL
09:24:50,,,step_25,컨택_갭필,IDLE,0.1750158632745016,4.5821017010493,10.137114667511677,0.0600363389402775,NORMAL
09:24:55,,,step_25,컨택_갭필,IDLE,0.1750158632745016,4.5821017010493,10.137114667511677,0.0600363389402775,NORMAL
09:25:00,,,step_25,컨택_갭필,IDLE,0.1750158632745016,4.5821017010493,10.137114667511677,0.0600363389402775,NORMAL
09:25:05,,,step_25,컨택_갭필,IDLE,0.1750158632745016,4.5821017010493,10.137114667511677,0.0600363389402775,NORMAL
09:25:10,,,step_25,컨택_갭필,IDLE,0.1750158632745016,4.5821017010493,10.137114667511677,0.0600363389402775,NORMAL
09:25:15,,,step_25,컨택_갭필,IDLE,0.1750158632745016,4.5821017010493,10.137114667511677,0.0600363389402775,NORMAL
09:25:20,,,step_25,컨택_갭필,IDLE,0.1750158632745016,4.5821017010493,10.137114667511677,0.0600363389402775,NORMAL
09:25:25,,,step_25,컨택_갭필,IDLE,0.1750158632745016,4.5821017010493,10.137114667511677,0.0600363389402775,NORMAL
09:25:30,,,step_25,컨택_갭필,IDLE,0.1750158632745016,4.5821017010493,10.137114667511677,0.0600363389402775,NORMAL
09:25:35,,,step_25,컨택_갭필,IDLE,0.1750158632745016,4.5821017010493,10.137114667511677,0.0600363389402775,NORMAL
09:25:40,,,step_25,컨택_갭필,IDLE,0.1750158632745016,4.5821017010493,10.137114667511677,0.0600363389402775,NORMAL
09:25:45,,,step_25,컨택_갭필,IDLE,0.1750158632745016,4.5821017010493,10.137114667511677,0.0600363389402775,NORMAL
09:25:50,,,step_25,컨택_갭필,IDLE,0.1750158632745016,4.5821017010493,10.137114667511677,0.0600363389402775,NORMAL
09:25:55,,,step_25,컨택_갭필,IDLE,0.1750158632745016,4.5821017010493,10.137114667511677,0.0600363389402775,NORMAL
09:26:00,,,step_25,컨택_갭필,IDLE,0.1750158632745016,4.5821017010493,10.137114667511677,0.0600363389402775,NORMAL
09:26:05,,,step_25,컨택_갭필,IDLE,0.1750158632745016,4.5821017010493,10.137114667511677,0.0600363389402775,NORMAL
09:26:10,,,step_25,컨택_갭필,IDLE,0.1750158632745016,4.5821017010493,10.137114667511677,0.0600363389402775,NORMAL
09:26:15,,,step_25,컨택_갭필,IDLE,0.1750158632745016,4.5821017010493,10.137114667511677,0.0600363389402775,NORMAL
09:26:20,,,step_25,컨택_갭필,IDLE,0.1750158632745016,4.5821017010493,10.137114667511677,0.0600363389402775,NORMAL
09:26:25,,,step_25,컨택_갭필,IDLE,0.1750158632745016,4.5821017010493,10.137114667511677,0.0600363389402775,NORMAL
09:26:30,,,step_25,컨택_갭필,IDLE,0.1750158632745016,4.5821017010493,10.137114667511677,0.0600363389402775,NORMAL
09:26:35,,,step_25,컨택_갭필,IDLE,0.1750158632745016,4.5821017010493,10.137114667511677,0.0600363389402775,NORMAL
09:26:40,,,step_25,컨택_갭필,IDLE,0.1750158632745016,4.5821017010493,10.137114667511677,0.0600363389402775,NORMAL
09:26:45,,,step_25,컨택_갭필,IDLE,0.1750158632745016,4.5821017010493,10.137114667511677,0.0600363389402775,NORMAL
09:26:50,,,step_25,컨택_갭필,IDLE,0.1750158632745016,4.5821017010493,10.137114667511677,0.0600363389402775,NORMAL
09:26:55,,,step_25,컨택_갭필,IDLE,0.1750158632745016,4.5821017010493,10.137114667511677,0.0600363389402775,NORMAL
09:27:00,,,step_25,컨택_갭필,IDLE,0.1750158632745016,4.5821017010493,10.137114667511677,0.0600363389402775,NORMAL
09:27:05,,,step_25,컨택_갭필,IDLE,0.1750158632745016,4.5821017010493,10.137114667511677,0.0600363389402775,NORMAL
09:27:10,,,step_25,컨택_갭필,IDLE,0.1750158632745016,4.5821017010493,10.137114667511677,0.0600363389402775,NORMAL
09:27:15,,,step_25,컨택_갭필,IDLE,0.1750158632745016,4.5821017010493,10.137114667511677,0.0600363389402775,NORMAL
09:27:20,,,step_25,컨택_갭필,IDLE,0.1750158632745016,4.5821017010493,10.137114667511677,0.0600363389402775,NORMAL
09:27:25,,,step_25,컨택_갭필,IDLE,0.1750158632745016,4.5821017010493,10.137114667511677,0.0600363389402775,NORMAL
09:27:30,,,step_25,컨택_갭필,IDLE,0.1750158632745016,4.5821017010493,10.137114667511677,0.0600363389402775,NORMAL
09:27:35,,,step_25,컨택_갭필,IDLE,0.1750158632745016,4.5821017010493,10.137114667511677,0.0600363389402775,NORMAL
09:27:40,,,step_25,컨택_갭필,IDLE,0.1750158632745016,4.5821017010493,10.137114667511677,0.0600363389402775,NORMAL
09:27:45,,,step_25,컨택_갭필,IDLE,0.1750158632745016,4.5821017010493,10.137114667511677,0.0600363389402775,NORMAL
09:27:50,,,step_25,컨택_갭필,IDLE,0.1750158632745016,4.5821017010493,10.137114667511677,0.0600363389402775,NORMAL
09:27:55,,,step_25,컨택_갭필,IDLE,0.1750158632745016,4.5821017010493,10.137114667511677,0.0600363389402775,NORMAL
09:28:00,,,step_25,컨택_갭필,IDLE,0.1750158632745016,4.5821017010493,10.137114667511677,0.0600363389402775,NORMAL
09:28:05,,,step_25,컨택_갭필,IDLE,0.1750158632745016,4.5821017010493,10.137114667511677,0.0600363389402775,NORMAL
09:28:10,,,step_25,컨택_갭필,IDLE,0.1750158632745016,4.5821017010493,10.137114667511677,0.0600363389402775,NORMAL
09:28:15,,,step_25,컨택_갭필,IDLE,0.1750158632745016,4.5821017010493,10.137114667511677,0.0600363389402775,NORMAL
09:28:20,,,step_25,컨택_갭필,IDLE,0.1750158632745016,4.5821017010493,10.137114667511677,0.0600363389402775,NORMAL
09:28:25,,,step_25,컨택_갭필,IDLE,0.1750158632745016,4.5821017010493,10.137114667511677,0.0600363389402775,NORMAL
09:28:30,,,step_25,컨택_갭필,IDLE,0.1750158632745016,4.5821017010493,10.137114667511677,0.0600363389402775,NORMAL
09:28:35,,,step_25,컨택_갭필,IDLE,0.1750158632745016,4.5821017010493,10.137114667511677,0.0600363389402775,NORMAL
09:28:40,,,step_25,컨택_갭필,IDLE,0.1750158632745016,4.5821017010493,10.137114667511677,0.0600363389402775,NORMAL
09:28:45,,,step_25,컨택_갭필,IDLE,0.1750158632745016,4.5821017010493,10.137114667511677,0.0600363389402775,NORMAL
09:28:50,,,step_25,컨택_갭필,IDLE,0.1750158632745016,4.5821017010493,10.137114667511677,0.0600363389402775,NORMAL
09:28:55,,,step_25,컨택_갭필,IDLE,0.1750158632745016,4.5821017010493,10.137114667511677,0.0600363389402775,NORMAL
09:29:00,,,step_25,컨택_갭필,IDLE,0.1750158632745016,4.5821017010493,10.137114667511677,0.0600363389402775,NORMAL
09:29:05,,,step_25,컨택_갭필,IDLE,0.1750158632745016,4.5821017010493,10.137114667511677,0.0600363389402775,NORMAL
09:29:10,,,step_25,컨택_갭필,IDLE,0.1750158632745016,4.5821017010493,10.137114667511677,0.0600363389402775,NORMAL
09:29:15,,,step_25,컨택_갭필,IDLE,0.1750158632745016,4.5821017010493,10.137114667511677,0.0600363389402775,NORMAL
09:29:20,,,step_25,컨택_갭필,IDLE,0.1750158632745016,4.5821017010493,10.137114667511677,0.0600363389402775,NORMAL
09:29:25,,,step_25,컨택_갭필,IDLE,0.1750158632745016,4.5821017010493,10.137114667511677,0.0600363389402775,NORMAL
09:29:30,,,step_25,컨택_갭필,IDLE,0.1750158632745016,4.5821017010493,10.137114667511677,0.0600363389402775,NORMAL
09:29:35,,,step_25,컨택_갭필,IDLE,0.1750158632745016,4.5821017010493,10.137114667511677,0.0600363389402775,NORMAL
09:29:40,,,step_25,컨택_갭필,IDLE,0.1750158632745016,4.5821017010493,10.137114667511677,0.0600363389402775,NORMAL
09:29:45,,,step_25,컨택_갭필,IDLE,0.1750158632745016,4.5821017010493,10.137114667511677,0.0600363389402775,NORMAL
09:29:50,,,step_25,컨택_갭필,IDLE,0.1750158632745016,4.5821017010493,10.137114667511677,0.0600363389402775,NORMAL
09:29:55,,,step_25,컨택_갭필,IDLE,0.1750158632745016,4.5821017010493,10.137114667511677,0.0600363389402775,NORMAL
09:30:00,,,step_25,컨택_갭필,IDLE,0.1750158632745016,4.5821017010493,10.137114667511677,0.0600363389402775,NORMAL
09:30:05,,,step_25,컨택_갭필,IDLE,0.1750158632745016,4.5821017010493,10.137114667511677,0.0600363389402775,NORMAL
09:30:10,,,step_25,컨택_갭필,IDLE,0.1750158632745016,4.5821017010493,10.137114667511677,0.0600363389402775,NORMAL
09:30:15,,,step_25,컨택_갭필,IDLE,0.1750158632745016,4.5821017010493,10.137114667511677,0.0600363389402775,NORMAL
09:30:20,,,step_25,컨택_갭필,IDLE,0.1750158632745016,4.5821017010493,10.137114667511677,0.0600363389402775,NORMAL
09:30:25,,,step_25,컨택_갭필,IDLE,0.1750158632745016,4.5821017010493,10.137114667511677,0.0600363389402775,NORMAL
09:30:30,,,step_25,컨택_갭필,IDLE,0.1750158632745016,4.5821017010493,10.137114667511677,0.0600363389402775,NORMAL
09:30:35,,,step_25,컨택_갭필,IDLE,0.1750158632745016,4.5821017010493,10.137114667511677,0.0600363389402775,NORMAL
09:30:40,,,step_25,컨택_갭필,IDLE,0.1750158632745016,4.5821017010493,10.137114667511677,0.0600363389402775,NORMAL
09:30:45,,,step_25,컨택_갭필,IDLE,0.1750158632745016,4.5821017010493,10.137114667511677,0.0600363389402775,NORMAL
09:30:50,,,step_25,컨택_갭필,IDLE,0.1750158632745016,4.5821017010493,10.137114667511677,0.0600363389402775,NORMAL
09:30:55,,,step_25,컨택_갭필,IDLE,0.1750158632745016,4.5821017010493,10.137114667511677,0.0600363389402775,NORMAL
09:31:00,,,step_25,컨택_갭필,IDLE,0.1750158632745016,4.5821017010493,10.137114667511677,0.0600363389402775,NORMAL
09:31:05,,,step_25,컨택_갭필,IDLE,0.1750158632745016,4.5821017010493,10.137114667511677,0.0600363389402775,NORMAL
09:31:10,,,step_25,컨택_갭필,IDLE,0.1750158632745016,4.5821017010493,10.137114667511677,0.0600363389402775,NORMAL
09:31:15,,,step_25,컨택_갭필,IDLE,0.1750158632745016,4.5821017010493,10.137114667511677,0.0600363389402775,NORMAL
09:31:20,,,step_25,컨택_갭필,IDLE,0.1750158632745016,4.5821017010493,10.137114667511677,0.0600363389402775,NORMAL
09:31:25,,,step_25,컨택_갭필,IDLE,0.1750158632745016,4.5821017010493,10.137114667511677,0.0600363389402775,NORMAL
09:31:30,,,step_25,컨택_갭필,IDLE,0.1750158632745016,4.5821017010493,10.137114667511677,0.0600363389402775,NORMAL
09:31:35,,,step_25,컨택_갭필,IDLE,0.1750158632745016,4.5821017010493,10.137114667511677,0.0600363389402775,NORMAL
09:31:40,,,step_25,컨택_갭필,IDLE,0.1750158632745016,4.5821017010493,10.137114667511677,0.0600363389402775,NORMAL
09:31:45,,,step_25,컨택_갭필,IDLE,0.1750158632745016,4.5821017010493,10.137114667511677,0.0600363389402775,NORMAL
09:31:50,,,step_25,컨택_갭필,IDLE,0.1750158632745016,4.5821017010493,10.137114667511677,0.0600363389402775,NORMAL
09:31:55,,,step_25,컨택_갭필,IDLE,0.1750158632745016,4.5821017010493,10.137114667511677,0.0600363389402775,NORMAL
09:32:00,,,step_25,컨택_갭필,IDLE,0.1750158632745016,4.5821017010493,10.137114667511677,0.0600363389402775,NORMAL
09:32:05,,,step_25,컨택_갭필,IDLE,0.1750158632745016,4.5821017010493,10.137114667511677,0.0600363389402775,NORMAL
09:32:10,,,step_25,컨택_갭필,IDLE,0.1750158632745016,4.5821017010493,10.137114667511677,0.0600363389402775,NORMAL
09:32:15,,,step_25,컨택_갭필,IDLE,0.1750158632745016,4.5821017010493,10.137114667511677,0.0600363389402775,NORMAL
09:32:20,,,step_25,컨택_갭필,IDLE,0.1750158632745016,4.5821017010493,10.137114667511677,0.0600363389402775,NORMAL
09:32:25,,,step_25,컨택_갭필,IDLE,0.1750158632745016,4.5821017010493,10.137114667511677,0.0600363389402775,NORMAL
09:32:30,,,step_25,컨택_갭필,IDLE,0.1750158632745016,4.5821017010493,10.137114667511677,0.0600363389402775,NORMAL
09:32:35,,,step_25,컨택_갭필,IDLE,0.1750158632745016,4.5821017010493,10.137114667511677,0.0600363389402775,NORMAL
09:32:40,,,step_25,컨택_갭필,IDLE,0.1750158632745016,4.5821017010493,10.137114667511677,0.0600363389402775,NORMAL
09:32:45,,,step_25,컨택_갭필,IDLE,0.1750158632745016,4.5821017010493,10.137114667511677,0.0600363389402775,NORMAL
09:32:50,,,step_25,컨택_갭필,IDLE,0.1750158632745016,4.5821017010493,10.137114667511677,0.0600363389402775,NORMAL
09:32:55,,,step_25,컨택_갭필,IDLE,0.1750158632745016,4.5821017010493,10.137114667511677,0.0600363389402775,NORMAL
09:33:00,,,step_25,컨택_갭필,IDLE,0.1750158632745016,4.5821017010493,10.137114667511677,0.0600363389402775,NORMAL
09:33:05,,,step_25,컨택_갭필,IDLE,0.1750158632745016,4.5821017010493,10.137114667511677,0.0600363389402775,NORMAL
09:33:10,,,step_25,컨택_갭필,IDLE,0.1750158632745016,4.5821017010493,10.137114667511677,0.0600363389402775,NORMAL
09:33:15,,,step_25,컨택_갭필,IDLE,0.1750158632745016,4.5821017010493,10.137114667511677,0.0600363389402775,NORMAL
09:33:20,,,step_25,컨택_갭필,IDLE,0.1750158632745016,4.5821017010493,10.137114667511677,0.0600363389402775,NORMAL
09:33:25,,,step_25,컨택_갭필,IDLE,0.1750158632745016,4.5821017010493,10.137114667511677,0.0600363389402775,NORMAL
09:33:30,,,step_25,컨택_갭필,IDLE,0.1750158632745016,4.5821017010493,10.137114667511677,0.0600363389402775,NORMAL
09:33:35,,,step_25,컨택_갭필,IDLE,0.1750158632745016,4.5821017010493,10.137114667511677,0.0600363389402775,NORMAL
09:33:40,,,step_25,컨택_갭필,IDLE,0.1750158632745016,4.5821017010493,10.137114667511677,0.0600363389402775,NORMAL
09:33:45,,,step_25,컨택_갭필,IDLE,0.1750158632745016,4.5821017010493,10.137114667511677,0.0600363389402775,NORMAL
09:33:50,,,step_25,컨택_갭필,IDLE,0.1750158632745016,4.5821017010493,10.137114667511677,0.0600363389402775,NORMAL
09:33:55,,,step_25,컨택_갭필,IDLE,0.1750158632745016,4.5821017010493,10.137114667511677,0.0600363389402775,NORMAL
09:34:00,,,step_25,컨택_갭필,IDLE,0.1750158632745016,4.5821017010493,10.137114667511677,0.0600363389402775,NORMAL
09:34:05,,,step_25,컨택_갭필,IDLE,0.1750158632745016,4.5821017010493,10.137114667511677,0.0600363389402775,NORMAL
09:34:10,,,step_25,컨택_갭필,IDLE,0.1750158632745016,4.5821017010493,10.137114667511677,0.0600363389402775,NORMAL
09:34:15,,,step_25,컨택_갭필,IDLE,0.1750158632745016,4.5821017010493,10.137114667511677,0.0600363389402775,NORMAL
09:34:20,,,step_25,컨택_갭필,IDLE,0.1750158632745016,4.5821017010493,10.137114667511677,0.0600363389402775,NORMAL
09:34:25,,,step_25,컨택_갭필,IDLE,0.1750158632745016,4.5821017010493,10.137114667511677,0.0600363389402775,NORMAL
09:34:30,,,step_25,컨택_갭필,IDLE,0.1750158632745016,4.5821017010493,10.137114667511677,0.0600363389402775,NORMAL
09:34:35,,,step_25,컨택_갭필,IDLE,0.1750158632745016,4.5821017010493,10.137114667511677,0.0600363389402775,NORMAL
09:34:40,,,step_25,컨택_갭필,IDLE,0.1750158632745016,4.5821017010493,10.137114667511677,0.0600363389402775,NORMAL
09:34:45,,,step_25,컨택_갭필,IDLE,0.1750158632745016,4.5821017010493,10.137114667511677,0.0600363389402775,NORMAL
09:34:50,,,step_25,컨택_갭필,IDLE,0.1750158632745016,4.5821017010493,10.137114667511677,0.0600363389402775,NORMAL
09:34:55,,,step_25,컨택_갭필,IDLE,0.1750158632745016,4.5821017010493,10.137114667511677,0.0600363389402775,NORMAL
09:35:00,,,step_25,컨택_갭필,IDLE,0.1750158632745016,4.5821017010493,10.137114667511677,0.0600363389402775,NORMAL
09:35:05,,,step_25,컨택_갭필,IDLE,0.1750158632745016,4.5821017010493,10.137114667511677,0.0600363389402775,NORMAL
09:35:10,,,step_25,컨택_갭필,IDLE,0.1750158632745016,4.5821017010493,10.137114667511677,0.0600363389402775,NORMAL
09:35:15,,,step_25,컨택_갭필,IDLE,0.1750158632745016,4.5821017010493,10.137114667511677,0.0600363389402775,NORMAL
09:35:20,,,step_25,컨택_갭필,IDLE,0.1750158632745016,4.5821017010493,10.137114667511677,0.0600363389402775,NORMAL
09:35:25,,,step_25,컨택_갭필,IDLE,0.1750158632745016,4.5821017010493,10.137114667511677,0.0600363389402775,NORMAL
09:35:30,,,step_25,컨택_갭필,IDLE,0.1750158632745016,4.5821017010493,10.137114667511677,0.0600363389402775,NORMAL
09:35:35,,,step_25,컨택_갭필,IDLE,0.1750158632745016,4.5821017010493,10.137114667511677,0.0600363389402775,NORMAL
09:35:40,,,step_25,컨택_갭필,IDLE,0.1750158632745016,4.5821017010493,10.137114667511677,0.0600363389402775,NORMAL
09:35:45,,,step_25,컨택_갭필,IDLE,0.1750158632745016,4.5821017010493,10.137114667511677,0.0600363389402775,NORMAL
09:35:50,,,step_25,컨택_갭필,IDLE,0.1750158632745016,4.5821017010493,10.137114667511677,0.0600363389402775,NORMAL
09:35:55,,,step_25,컨택_갭필,IDLE,0.1750158632745016,4.5821017010493,10.137114667511677,0.0600363389402775,NORMAL
09:36:00,,,step_25,컨택_갭필,IDLE,0.1750158632745016,4.5821017010493,10.137114667511677,0.0600363389402775,NORMAL
09:36:05,,,step_25,컨택_갭필,IDLE,0.1750158632745016,4.5821017010493,10.137114667511677,0.0600363389402775,NORMAL
09:36:10,,,step_25,컨택_갭필,IDLE,0.1750158632745016,4.5821017010493,10.137114667511677,0.0600363389402775,NORMAL
09:36:15,,,step_25,컨택_갭필,IDLE,0.1750158632745016,4.5821017010493,10.137114667511677,0.0600363389402775,NORMAL
09:36:20,,,step_25,컨택_갭필,IDLE,0.1750158632745016,4.5821017010493,10.137114667511677,0.0600363389402775,NORMAL
09:36:25,,,step_25,컨택_갭필,IDLE,0.1750158632745016,4.5821017010493,10.137114667511677,0.0600363389402775,NORMAL
09:36:30,,,step_25,컨택_갭필,IDLE,0.1750158632745016,4.5821017010493,10.137114667511677,0.0600363389402775,NORMAL
09:36:35,,,step_25,컨택_갭필,IDLE,0.1750158632745016,4.5821017010493,10.137114667511677,0.0600363389402775,NORMAL
09:36:40,,,step_25,컨택_갭필,IDLE,0.1750158632745016,4.5821017010493,10.137114667511677,0.0600363389402775,NORMAL
09:36:45,,,step_25,컨택_갭필,IDLE,0.1750158632745016,4.5821017010493,10.137114667511677,0.0600363389402775,NORMAL
09:36:50,,,step_25,컨택_갭필,IDLE,0.1750158632745016,4.5821017010493,10.137114667511677,0.0600363389402775,NORMAL
09:36:55,,,step_25,컨택_갭필,IDLE,0.1750158632745016,4.5821017010493,10.137114667511677,0.0600363389402775,NORMAL
09:37:00,,,step_25,컨택_갭필,IDLE,0.1750158632745016,4.5821017010493,10.137114667511677,0.0600363389402775,NORMAL
09:37:05,,,step_25,컨택_갭필,IDLE,0.1750158632745016,4.5821017010493,10.137114667511677,0.0600363389402775,NORMAL
09:37:10,,,step_25,컨택_갭필,IDLE,0.1750158632745016,4.5821017010493,10.137114667511677,0.0600363389402775,NORMAL
09:37:15,,,step_25,컨택_갭필,IDLE,0.1750158632745016,4.5821017010493,10.137114667511677,0.0600363389402775,NORMAL
09:37:20,,,step_25,컨택_갭필,IDLE,0.1750158632745016,4.5821017010493,10.137114667511677,0.0600363389402775,NORMAL
09:37:25,,,step_25,컨택_갭필,IDLE,0.1750158632745016,4.5821017010493,10.137114667511677,0.0600363389402775,NORMAL
09:37:30,,,step_25,컨택_갭필,IDLE,0.1750158632745016,4.5821017010493,10.137114667511677,0.0600363389402775,NORMAL
09:37:35,,,step_25,컨택_갭필,IDLE,0.1750158632745016,4.5821017010493,10.137114667511677,0.0600363389402775,NORMAL
09:37:40,,,step_25,컨택_갭필,IDLE,0.1750158632745016,4.5821017010493,10.137114667511677,0.0600363389402775,NORMAL
09:37:45,,,step_25,컨택_갭필,IDLE,0.1750158632745016,4.5821017010493,10.137114667511677,0.0600363389402775,NORMAL
09:37:50,,,step_25,컨택_갭필,IDLE,0.1750158632745016,4.5821017010493,10.137114667511677,0.0600363389402775,NORMAL
09:37:55,,,step_25,컨택_갭필,IDLE,0.1750158632745016,4.5821017010493,10.137114667511677,0.0600363389402775,NORMAL
09:38:00,,,step_25,컨택_갭필,IDLE,0.1750158632745016,4.5821017010493,10.137114667511677,0.0600363389402775,NORMAL
09:38:05,,,step_25,컨택_갭필,IDLE,0.1750158632745016,4.5821017010493,10.137114667511677,0.0600363389402775,NORMAL
09:38:10,,,step_25,컨택_갭필,IDLE,0.1750158632745016,4.5821017010493,10.137114667511677,0.0600363389402775,NORMAL
09:38:15,,,step_25,컨택_갭필,IDLE,0.1750158632745016,4.5821017010493,10.137114667511677,0.0600363389402775,NORMAL
09:38:20,,,step_25,컨택_갭필,IDLE,0.1750158632745016,4.5821017010493,10.137114667511677,0.0600363389402775,NORMAL
09:38:25,,,step_25,컨택_갭필,IDLE,0.1750158632745016,4.5821017010493,10.137114667511677,0.0600363389402775,NORMAL
09:38:30,,,step_25,컨택_갭필,IDLE,0.1750158632745016,4.5821017010493,10.137114667511677,0.0600363389402775,NORMAL
09:38:35,,,step_25,컨택_갭필,IDLE,0.1750158632745016,4.5821017010493,10.137114667511677,0.0600363389402775,NORMAL
09:38:40,,,step_25,컨택_갭필,IDLE,0.1750158632745016,4.5821017010493,10.137114667511677,0.0600363389402775,NORMAL
09:38:45,,,step_25,컨택_갭필,IDLE,0.1750158632745016,4.5821017010493,10.137114667511677,0.0600363389402775,NORMAL
09:38:50,,,step_25,컨택_갭필,IDLE,0.1750158632745016,4.5821017010493,10.137114667511677,0.0600363389402775,NORMAL
09:38:55,,,step_25,컨택_갭필,IDLE,0.1750158632745016,4.5821017010493,10.137114667511677,0.0600363389402775,NORMAL
09:39:00,,,step_25,컨택_갭필,IDLE,0.1750158632745016,4.5821017010493,10.137114667511677,0.0600363389402775,NORMAL
09:39:05,,,step_25,컨택_갭필,IDLE,0.1750158632745016,4.5821017010493,10.137114667511677,0.0600363389402775,NORMAL
09:39:10,,,step_25,컨택_갭필,IDLE,0.1750158632745016,4.5821017010493,10.137114667511677,0.0600363389402775,NORMAL
09:39:15,,,step_25,컨택_갭필,IDLE,0.1750158632745016,4.5821017010493,10.137114667511677,0.0600363389402775,NORMAL
09:39:20,,,step_25,컨택_갭필,IDLE,0.1750158632745016,4.5821017010493,10.137114667511677,0.0600363389402775,NORMAL
09:39:25,,,step_25,컨택_갭필,IDLE,0.1750158632745016,4.5821017010493,10.137114667511677,0.0600363389402775,NORMAL
09:39:30,,,step_25,컨택_갭필,IDLE,0.1750158632745016,4.5821017010493,10.137114667511677,0.0600363389402775,NORMAL
09:39:35,,,step_25,컨택_갭필,IDLE,0.1750158632745016,4.5821017010493,10.137114667511677,0.0600363389402775,NORMAL
09:39:40,,,step_25,컨택_갭필,IDLE,0.1750158632745016,4.5821017010493,10.137114667511677,0.0600363389402775,NORMAL
09:39:45,,,step_25,컨택_갭필,IDLE,0.1750158632745016,4.5821017010493,10.137114667511677,0.0600363389402775,NORMAL
09:39:50,,,step_25,컨택_갭필,IDLE,0.1750158632745016,4.5821017010493,10.137114667511677,0.0600363389402775,NORMAL
09:39:55,,,step_25,컨택_갭필,IDLE,0.1750158632745016,4.5821017010493,10.137114667511677,0.0600363389402775,NORMAL
09:40:00,,,step_25,컨택_갭필,IDLE,0.1750158632745016,4.5821017010493,10.137114667511677,0.0600363389402775,NORMAL
09:40:05,,,step_25,컨택_갭필,IDLE,0.1750158632745016,4.5821017010493,10.137114667511677,0.0600363389402775,NORMAL
09:40:10,,,step_25,컨택_갭필,IDLE,0.1750158632745016,4.5821017010493,10.137114667511677,0.0600363389402775,NORMAL
09:40:15,,,step_25,컨택_갭필,IDLE,0.1750158632745016,4.5821017010493,10.137114667511677,0.0600363389402775,NORMAL
09:40:20,,,step_25,컨택_갭필,IDLE,0.1750158632745016,4.5821017010493,10.137114667511677,0.0600363389402775,NORMAL
09:40:25,,,step_25,컨택_갭필,IDLE,0.1750158632745016,4.5821017010493,10.137114667511677,0.0600363389402775,NORMAL
09:40:30,,,step_25,컨택_갭필,IDLE,0.1750158632745016,4.5821017010493,10.137114667511677,0.0600363389402775,NORMAL
09:40:35,,,step_25,컨택_갭필,IDLE,0.1750158632745016,4.5821017010493,10.137114667511677,0.0600363389402775,NORMAL
09:40:40,,,step_25,컨택_갭필,IDLE,0.1750158632745016,4.5821017010493,10.137114667511677,0.0600363389402775,NORMAL
09:40:45,,,step_25,컨택_갭필,IDLE,0.1750158632745016,4.5821017010493,10.137114667511677,0.0600363389402775,NORMAL
09:40:50,,,step_25,컨택_갭필,IDLE,0.1750158632745016,4.5821017010493,10.137114667511677,0.0600363389402775,NORMAL
09:40:55,,,step_25,컨택_갭필,IDLE,0.1750158632745016,4.5821017010493,10.137114667511677,0.0600363389402775,NORMAL
09:41:00,,,step_25,컨택_갭필,IDLE,0.1750158632745016,4.5821017010493,10.137114667511677,0.0600363389402775,NORMAL
09:41:05,,,step_25,컨택_갭필,IDLE,0.1750158632745016,4.5821017010493,10.137114667511677,0.0600363389402775,NORMAL
09:41:10,,,step_25,컨택_갭필,IDLE,0.1750158632745016,4.5821017010493,10.137114667511677,0.0600363389402775,NORMAL
09:41:15,,,step_25,컨택_갭필,IDLE,0.1750158632745016,4.5821017010493,10.137114667511677,0.0600363389402775,NORMAL
09:41:20,,,step_25,컨택_갭필,IDLE,0.1750158632745016,4.5821017010493,10.137114667511677,0.0600363389402775,NORMAL
09:41:25,,,step_25,컨택_갭필,IDLE,0.1750158632745016,4.5821017010493,10.137114667511677,0.0600363389402775,NORMAL
09:41:30,,,step_25,컨택_갭필,IDLE,0.1750158632745016,4.5821017010493,10.137114667511677,0.0600363389402775,NORMAL
09:41:35,,,step_25,컨택_갭필,IDLE,0.1750158632745016,4.5821017010493,10.137114667511677,0.0600363389402775,NORMAL
09:41:40,,,step_25,컨택_갭필,IDLE,0.1750158632745016,4.5821017010493,10.137114667511677,0.0600363389402775,NORMAL
09:41:45,,,step_25,컨택_갭필,IDLE,0.1750158632745016,4.5821017010493,10.137114667511677,0.0600363389402775,NORMAL
09:41:50,,,step_25,컨택_갭필,IDLE,0.1750158632745016,4.5821017010493,10.137114667511677,0.0600363389402775,NORMAL
09:41:55,,,step_25,컨택_갭필,IDLE,0.1750158632745016,4.5821017010493,10.137114667511677,0.0600363389402775,NORMAL
09:42:00,,,step_25,컨택_갭필,IDLE,0.1750158632745016,4.5821017010493,10.137114667511677,0.0600363389402775,NORMAL
09:42:05,,,step_25,컨택_갭필,IDLE,0.1750158632745016,4.5821017010493,10.137114667511677,0.0600363389402775,NORMAL
09:42:10,,,step_25,컨택_갭필,IDLE,0.1750158632745016,4.5821017010493,10.137114667511677,0.0600363389402775,NORMAL
09:42:15,,,step_25,컨택_갭필,IDLE,0.1750158632745016,4.5821017010493,10.137114667511677,0.0600363389402775,NORMAL
09:42:20,,,step_25,컨택_갭필,IDLE,0.1750158632745016,4.5821017010493,10.137114667511677,0.0600363389402775,NORMAL
09:42:25,,,step_25,컨택_갭필,IDLE,0.1750158632745016,4.5821017010493,10.137114667511677,0.0600363389402775,NORMAL
09:42:30,,,step_25,컨택_갭필,IDLE,0.1750158632745016,4.5821017010493,10.137114667511677,0.0600363389402775,NORMAL
09:42:35,,,step_25,컨택_갭필,IDLE,0.1750158632745016,4.5821017010493,10.137114667511677,0.0600363389402775,NORMAL
09:42:40,,,step_25,컨택_갭필,IDLE,0.1750158632745016,4.5821017010493,10.137114667511677,0.0600363389402775,NORMAL
09:42:45,,,step_25,컨택_갭필,IDLE,0.1750158632745016,4.5821017010493,10.137114667511677,0.0600363389402775,NORMAL
09:42:50,,,step_25,컨택_갭필,IDLE,0.1750158632745016,4.5821017010493,10.137114667511677,0.0600363389402775,NORMAL
09:42:55,,,step_25,컨택_갭필,IDLE,0.1750158632745016,4.5821017010493,10.137114667511677,0.0600363389402775,NORMAL
09:43:00,,,step_25,컨택_갭필,IDLE,0.1750158632745016,4.5821017010493,10.137114667511677,0.0600363389402775,NORMAL
09:43:05,,,step_25,컨택_갭필,IDLE,0.1750158632745016,4.5821017010493,10.137114667511677,0.0600363389402775,NORMAL
09:43:10,,,step_25,컨택_갭필,IDLE,0.1750158632745016,4.5821017010493,10.137114667511677,0.0600363389402775,NORMAL
09:43:15,,,step_25,컨택_갭필,IDLE,0.1750158632745016,4.5821017010493,10.137114667511677,0.0600363389402775,NORMAL
09:43:20,,,step_25,컨택_갭필,IDLE,0.1750158632745016,4.5821017010493,10.137114667511677,0.0600363389402775,NORMAL
09:43:25,,,step_25,컨택_갭필,IDLE,0.1750158632745016,4.5821017010493,10.137114667511677,0.0600363389402775,NORMAL
09:43:30,,,step_25,컨택_갭필,IDLE,0.1750158632745016,4.5821017010493,10.137114667511677,0.0600363389402775,NORMAL
09:43:35,,,step_25,컨택_갭필,IDLE,0.1750158632745016,4.5821017010493,10.137114667511677,0.0600363389402775,NORMAL
09:43:40,,,step_25,컨택_갭필,IDLE,0.1750158632745016,4.5821017010493,10.137114667511677,0.0600363389402775,NORMAL
09:43:45,,,step_25,컨택_갭필,IDLE,0.1750158632745016,4.5821017010493,10.137114667511677,0.0600363389402775,NORMAL
09:43:50,,,step_25,컨택_갭필,IDLE,0.1750158632745016,4.5821017010493,10.137114667511677,0.0600363389402775,NORMAL
09:43:55,,,step_25,컨택_갭필,IDLE,0.1750158632745016,4.5821017010493,10.137114667511677,0.0600363389402775,NORMAL
09:44:00,,,step_25,컨택_갭필,IDLE,0.1750158632745016,4.5821017010493,10.137114667511677,0.0600363389402775,NORMAL
09:44:05,,,step_25,컨택_갭필,IDLE,0.1750158632745016,4.5821017010493,10.137114667511677,0.0600363389402775,NORMAL
09:44:10,,,step_25,컨택_갭필,IDLE,0.1750158632745016,4.5821017010493,10.137114667511677,0.0600363389402775,NORMAL
09:44:15,,,step_25,컨택_갭필,IDLE,0.1750158632745016,4.5821017010493,10.137114667511677,0.0600363389402775,NORMAL
09:44:20,,,step_25,컨택_갭필,IDLE,0.1750158632745016,4.5821017010493,10.137114667511677,0.0600363389402775,NORMAL
09:44:25,,,step_25,컨택_갭필,IDLE,0.1750158632745016,4.5821017010493,10.137114667511677,0.0600363389402775,NORMAL
09:44:30,,,step_25,컨택_갭필,IDLE,0.1750158632745016,4.5821017010493,10.137114667511677,0.0600363389402775,NORMAL
09:44:35,,,step_25,컨택_갭필,IDLE,0.1750158632745016,4.5821017010493,10.137114667511677,0.0600363389402775,NORMAL
09:44:40,,,step_25,컨택_갭필,IDLE,0.1750158632745016,4.5821017010493,10.137114667511677,0.0600363389402775,NORMAL
09:44:45,,,step_25,컨택_갭필,IDLE,0.1750158632745016,4.5821017010493,10.137114667511677,0.0600363389402775,NORMAL
09:44:50,,,step_25,컨택_갭필,IDLE,0.1750158632745016,4.5821017010493,10.137114667511677,0.0600363389402775,NORMAL
09:44:55,,,step_25,컨택_갭필,IDLE,0.1750158632745016,4.5821017010493,10.137114667511677,0.0600363389402775,NORMAL
09:45:00,,,step_25,컨택_갭필,IDLE,0.1750158632745016,4.5821017010493,10.137114667511677,0.0600363389402775,NORMAL
09:45:05,,,step_25,컨택_갭필,IDLE,0.1750158632745016,4.5821017010493,10.137114667511677,0.0600363389402775,NORMAL
09:45:10,,,step_25,컨택_갭필,IDLE,0.1750158632745016,4.5821017010493,10.137114667511677,0.0600363389402775,NORMAL
09:45:15,,,step_25,컨택_갭필,IDLE,0.1750158632745016,4.5821017010493,10.137114667511677,0.0600363389402775,NORMAL
09:45:20,,,step_25,컨택_갭필,IDLE,0.1750158632745016,4.5821017010493,10.137114667511677,0.0600363389402775,NORMAL
09:45:25,,,step_25,컨택_갭필,IDLE,0.1750158632745016,4.5821017010493,10.137114667511677,0.0600363389402775,NORMAL
09:45:30,,,step_25,컨택_갭필,IDLE,0.1750158632745016,4.5821017010493,10.137114667511677,0.0600363389402775,NORMAL
09:45:35,,,step_25,컨택_갭필,IDLE,0.1750158632745016,4.5821017010493,10.137114667511677,0.0600363389402775,NORMAL
09:45:40,,,step_25,컨택_갭필,IDLE,0.1750158632745016,4.5821017010493,10.137114667511677,0.0600363389402775,NORMAL
09:45:45,,,step_25,컨택_갭필,IDLE,0.1750158632745016,4.5821017010493,10.137114667511677,0.0600363389402775,NORMAL
09:45:50,,,step_25,컨택_갭필,IDLE,0.1750158632745016,4.5821017010493,10.137114667511677,0.0600363389402775,NORMAL
09:45:55,,,step_25,컨택_갭필,IDLE,0.1750158632745016,4.5821017010493,10.137114667511677,0.0600363389402775,NORMAL
09:46:00,,,step_25,컨택_갭필,IDLE,0.1750158632745016,4.5821017010493,10.137114667511677,0.0600363389402775,NORMAL
09:46:05,,,step_25,컨택_갭필,IDLE,0.1750158632745016,4.5821017010493,10.137114667511677,0.0600363389402775,NORMAL
09:46:10,,,step_25,컨택_갭필,IDLE,0.1750158632745016,4.5821017010493,10.137114667511677,0.0600363389402775,NORMAL
09:46:15,,,step_25,컨택_갭필,IDLE,0.1750158632745016,4.5821017010493,10.137114667511677,0.0600363389402775,NORMAL
09:46:20,,,step_25,컨택_갭필,IDLE,0.1750158632745016,4.5821017010493,10.137114667511677,0.0600363389402775,NORMAL
09:46:25,,,step_25,컨택_갭필,IDLE,0.1750158632745016,4.5821017010493,10.137114667511677,0.0600363389402775,NORMAL
09:46:30,,,step_25,컨택_갭필,IDLE,0.1750158632745016,4.5821017010493,10.137114667511677,0.0600363389402775,NORMAL
09:46:35,,,step_25,컨택_갭필,IDLE,0.1750158632745016,4.5821017010493,10.137114667511677,0.0600363389402775,NORMAL
09:46:40,,,step_25,컨택_갭필,IDLE,0.1750158632745016,4.5821017010493,10.137114667511677,0.0600363389402775,NORMAL
09:46:45,,,step_25,컨택_갭필,IDLE,0.1750158632745016,4.5821017010493,10.137114667511677,0.0600363389402775,NORMAL
09:46:50,,,step_25,컨택_갭필,IDLE,0.1750158632745016,4.5821017010493,10.137114667511677,0.0600363389402775,NORMAL
09:46:55,,,step_25,컨택_갭필,IDLE,0.1750158632745016,4.5821017010493,10.137114667511677,0.0600363389402775,NORMAL
09:47:00,,,step_25,컨택_갭필,IDLE,0.1750158632745016,4.5821017010493,10.137114667511677,0.0600363389402775,NORMAL
09:47:05,,,step_25,컨택_갭필,IDLE,0.1750158632745016,4.5821017010493,10.137114667511677,0.0600363389402775,NORMAL
09:47:10,,,step_25,컨택_갭필,IDLE,0.1750158632745016,4.5821017010493,10.137114667511677,0.0600363389402775,NORMAL
09:47:15,,,step_25,컨택_갭필,IDLE,0.1750158632745016,4.5821017010493,10.137114667511677,0.0600363389402775,NORMAL
09:47:20,,,step_25,컨택_갭필,IDLE,0.1750158632745016,4.5821017010493,10.137114667511677,0.0600363389402775,NORMAL
09:47:25,,,step_25,컨택_갭필,IDLE,0.1750158632745016,4.5821017010493,10.137114667511677,0.0600363389402775,NORMAL
09:47:30,,,step_25,컨택_갭필,IDLE,0.1750158632745016,4.5821017010493,10.137114667511677,0.0600363389402775,NORMAL
09:47:35,,,step_25,컨택_갭필,IDLE,0.1750158632745016,4.5821017010493,10.137114667511677,0.0600363389402775,NORMAL
09:47:40,,,step_25,컨택_갭필,IDLE,0.1750158632745016,4.5821017010493,10.137114667511677,0.0600363389402775,NORMAL
09:47:45,,,step_25,컨택_갭필,IDLE,0.1750158632745016,4.5821017010493,10.137114667511677,0.0600363389402775,NORMAL
09:47:50,,,step_25,컨택_갭필,IDLE,0.1750158632745016,4.5821017010493,10.137114667511677,0.0600363389402775,NORMAL
09:47:55,,,step_25,컨택_갭필,IDLE,0.1750158632745016,4.5821017010493,10.137114667511677,0.0600363389402775,NORMAL
09:48:00,,,step_25,컨택_갭필,IDLE,0.1750158632745016,4.5821017010493,10.137114667511677,0.0600363389402775,NORMAL
09:48:05,,,step_25,컨택_갭필,IDLE,0.1750158632745016,4.5821017010493,10.137114667511677,0.0600363389402775,NORMAL
09:48:10,,,step_25,컨택_갭필,IDLE,0.1750158632745016,4.5821017010493,10.137114667511677,0.0600363389402775,NORMAL
09:48:15,,,step_25,컨택_갭필,IDLE,0.1750158632745016,4.5821017010493,10.137114667511677,0.0600363389402775,NORMAL
09:48:20,,,step_25,컨택_갭필,IDLE,0.1750158632745016,4.5821017010493,10.137114667511677,0.0600363389402775,NORMAL
09:48:25,,,step_25,컨택_갭필,IDLE,0.1750158632745016,4.5821017010493,10.137114667511677,0.0600363389402775,NORMAL
09:48:30,,,step_25,컨택_갭필,IDLE,0.1750158632745016,4.5821017010493,10.137114667511677,0.0600363389402775,NORMAL
09:48:35,,,step_25,컨택_갭필,IDLE,0.1750158632745016,4.5821017010493,10.137114667511677,0.0600363389402775,NORMAL
09:48:40,,,step_25,컨택_갭필,IDLE,0.1750158632745016,4.5821017010493,10.137114667511677,0.0600363389402775,NORMAL
09:48:45,,,step_25,컨택_갭필,IDLE,0.1750158632745016,4.5821017010493,10.137114667511677,0.0600363389402775,NORMAL
09:48:50,,,step_25,컨택_갭필,IDLE,0.1750158632745016,4.5821017010493,10.137114667511677,0.0600363389402775,NORMAL
09:48:55,,,step_25,컨택_갭필,IDLE,0.1750158632745016,4.5821017010493,10.137114667511677,0.0600363389402775,NORMAL
09:49:00,,,step_25,컨택_갭필,IDLE,0.1750158632745016,4.5821017010493,10.137114667511677,0.0600363389402775,NORMAL
09:49:05,,,step_25,컨택_갭필,IDLE,0.1750158632745016,4.5821017010493,10.137114667511677,0.0600363389402775,NORMAL
09:49:10,,,step_25,컨택_갭필,IDLE,0.1750158632745016,4.5821017010493,10.137114667511677,0.0600363389402775,NORMAL
09:49:15,,,step_25,컨택_갭필,IDLE,0.1750158632745016,4.5821017010493,10.137114667511677,0.0600363389402775,NORMAL
09:49:20,,,step_25,컨택_갭필,IDLE,0.1750158632745016,4.5821017010493,10.137114667511677,0.0600363389402775,NORMAL
09:49:25,,,step_25,컨택_갭필,IDLE,0.1750158632745016,4.5821017010493,10.137114667511677,0.0600363389402775,NORMAL
09:49:30,,,step_25,컨택_갭필,IDLE,0.1750158632745016,4.5821017010493,10.137114667511677,0.0600363389402775,NORMAL
09:49:35,,,step_25,컨택_갭필,IDLE,0.1750158632745016,4.5821017010493,10.137114667511677,0.0600363389402775,NORMAL
09:49:40,,,step_25,컨택_갭필,IDLE,0.1750158632745016,4.5821017010493,10.137114667511677,0.0600363389402775,NORMAL
09:49:45,,,step_25,컨택_갭필,IDLE,0.1750158632745016,4.5821017010493,10.137114667511677,0.0600363389402775,NORMAL
09:49:50,,,step_25,컨택_갭필,IDLE,0.1750158632745016,4.5821017010493,10.137114667511677,0.0600363389402775,NORMAL
09:49:55,,,step_25,컨택_갭필,IDLE,0.1750158632745016,4.5821017010493,10.137114667511677,0.0600363389402775,NORMAL
09:50:00,,,step_25,컨택_갭필,IDLE,0.1750158632745016,4.5821017010493,10.137114667511677,0.0600363389402775,NORMAL
09:50:05,,,step_25,컨택_갭필,IDLE,0.1750158632745016,4.5821017010493,10.137114667511677,0.0600363389402775,NORMAL
09:50:10,,,step_25,컨택_갭필,IDLE,0.1750158632745016,4.5821017010493,10.137114667511677,0.0600363389402775,NORMAL
09:50:15,,,step_25,컨택_갭필,IDLE,0.1750158632745016,4.5821017010493,10.137114667511677,0.0600363389402775,NORMAL
09:50:20,,,step_25,컨택_갭필,IDLE,0.1750158632745016,4.5821017010493,10.137114667511677,0.0600363389402775,NORMAL
09:50:25,,,step_25,컨택_갭필,IDLE,0.1750158632745016,4.5821017010493,10.137114667511677,0.0600363389402775,NORMAL
09:50:30,,,step_25,컨택_갭필,IDLE,0.1750158632745016,4.5821017010493,10.137114667511677,0.0600363389402775,NORMAL
09:50:35,,,step_25,컨택_갭필,IDLE,0.1750158632745016,4.5821017010493,10.137114667511677,0.0600363389402775,NORMAL
09:50:40,,,step_25,컨택_갭필,IDLE,0.1750158632745016,4.5821017010493,10.137114667511677,0.0600363389402775,NORMAL
09:50:45,,,step_25,컨택_갭필,IDLE,0.1750158632745016,4.5821017010493,10.137114667511677,0.0600363389402775,NORMAL
09:50:50,,,step_25,컨택_갭필,IDLE,0.1750158632745016,4.5821017010493,10.137114667511677,0.0600363389402775,NORMAL
09:50:55,,,step_25,컨택_갭필,IDLE,0.1750158632745016,4.5821017010493,10.137114667511677,0.0600363389402775,NORMAL
09:51:00,,,step_25,컨택_갭필,IDLE,0.1750158632745016,4.5821017010493,10.137114667511677,0.0600363389402775,NORMAL
09:51:05,,,step_25,컨택_갭필,IDLE,0.1750158632745016,4.5821017010493,10.137114667511677,0.0600363389402775,NORMAL
09:51:10,,,step_25,컨택_갭필,IDLE,0.1750158632745016,4.5821017010493,10.137114667511677,0.0600363389402775,NORMAL
09:51:15,,,step_25,컨택_갭필,IDLE,0.1750158632745016,4.5821017010493,10.137114667511677,0.0600363389402775,NORMAL
09:51:20,,,step_25,컨택_갭필,IDLE,0.1750158632745016,4.5821017010493,10.137114667511677,0.0600363389402775,NORMAL
09:51:25,,,step_25,컨택_갭필,IDLE,0.1750158632745016,4.5821017010493,10.137114667511677,0.0600363389402775,NORMAL
09:51:30,,,step_25,컨택_갭필,IDLE,0.1750158632745016,4.5821017010493,10.137114667511677,0.0600363389402775,NORMAL
09:51:35,,,step_25,컨택_갭필,IDLE,0.1750158632745016,4.5821017010493,10.137114667511677,0.0600363389402775,NORMAL
09:51:40,,,step_25,컨택_갭필,IDLE,0.1750158632745016,4.5821017010493,10.137114667511677,0.0600363389402775,NORMAL
09:51:45,,,step_25,컨택_갭필,IDLE,0.1750158632745016,4.5821017010493,10.137114667511677,0.0600363389402775,NORMAL
09:51:50,,,step_25,컨택_갭필,IDLE,0.1750158632745016,4.5821017010493,10.137114667511677,0.0600363389402775,NORMAL
09:51:55,,,step_25,컨택_갭필,IDLE,0.1750158632745016,4.5821017010493,10.137114667511677,0.0600363389402775,NORMAL
09:52:00,,,step_25,컨택_갭필,IDLE,0.1750158632745016,4.5821017010493,10.137114667511677,0.0600363389402775,NORMAL
09:52:05,,,step_25,컨택_갭필,IDLE,0.1750158632745016,4.5821017010493,10.137114667511677,0.0600363389402775,NORMAL
09:52:10,,,step_25,컨택_갭필,IDLE,0.1750158632745016,4.5821017010493,10.137114667511677,0.0600363389402775,NORMAL
09:52:15,,,step_25,컨택_갭필,IDLE,0.1750158632745016,4.5821017010493,10.137114667511677,0.0600363389402775,NORMAL
09:52:20,,,step_25,컨택_갭필,IDLE,0.1750158632745016,4.5821017010493,10.137114667511677,0.0600363389402775,NORMAL
09:52:25,,,step_25,컨택_갭필,IDLE,0.1750158632745016,4.5821017010493,10.137114667511677,0.0600363389402775,NORMAL
09:52:30,,,step_25,컨택_갭필,IDLE,0.1750158632745016,4.5821017010493,10.137114667511677,0.0600363389402775,NORMAL
09:52:35,,,step_25,컨택_갭필,IDLE,0.1750158632745016,4.5821017010493,10.137114667511677,0.0600363389402775,NORMAL
09:52:40,,,step_25,컨택_갭필,IDLE,0.1750158632745016,4.5821017010493,10.137114667511677,0.0600363389402775,NORMAL
09:52:45,,,step_25,컨택_갭필,IDLE,0.1750158632745016,4.5821017010493,10.137114667511677,0.0600363389402775,NORMAL
09:52:50,,,step_25,컨택_갭필,IDLE,0.1750158632745016,4.5821017010493,10.137114667511677,0.0600363389402775,NORMAL
09:52:55,,,step_25,컨택_갭필,IDLE,0.1750158632745016,4.5821017010493,10.137114667511677,0.0600363389402775,NORMAL
09:53:00,,,step_25,컨택_갭필,IDLE,0.1750158632745016,4.5821017010493,10.137114667511677,0.0600363389402775,NORMAL
09:53:05,,,step_25,컨택_갭필,IDLE,0.1750158632745016,4.5821017010493,10.137114667511677,0.0600363389402775,NORMAL
09:53:10,,,step_25,컨택_갭필,IDLE,0.1750158632745016,4.5821017010493,10.137114667511677,0.0600363389402775,NORMAL
09:53:15,,,step_25,컨택_갭필,IDLE,0.1750158632745016,4.5821017010493,10.137114667511677,0.0600363389402775,NORMAL
09:53:20,,,step_25,컨택_갭필,IDLE,0.1750158632745016,4.5821017010493,10.137114667511677,0.0600363389402775,NORMAL
09:53:25,,,step_25,컨택_갭필,IDLE,0.1750158632745016,4.5821017010493,10.137114667511677,0.0600363389402775,NORMAL
09:53:30,,,step_25,컨택_갭필,IDLE,0.1750158632745016,4.5821017010493,10.137114667511677,0.0600363389402775,NORMAL
09:53:35,,,step_25,컨택_갭필,IDLE,0.1750158632745016,4.5821017010493,10.137114667511677,0.0600363389402775,NORMAL
09:53:40,,,step_25,컨택_갭필,IDLE,0.1750158632745016,4.5821017010493,10.137114667511677,0.0600363389402775,NORMAL
09:53:45,,,step_25,컨택_갭필,IDLE,0.1750158632745016,4.5821017010493,10.137114667511677,0.0600363389402775,NORMAL
09:53:50,,,step_25,컨택_갭필,IDLE,0.1750158632745016,4.5821017010493,10.137114667511677,0.0600363389402775,NORMAL
09:53:55,,,step_25,컨택_갭필,IDLE,0.1750158632745016,4.5821017010493,10.137114667511677,0.0600363389402775,NORMAL
09:54:00,,,step_25,컨택_갭필,IDLE,0.1750158632745016,4.5821017010493,10.137114667511677,0.0600363389402775,NORMAL
09:54:05,,,step_25,컨택_갭필,IDLE,0.1750158632745016,4.5821017010493,10.137114667511677,0.0600363389402775,NORMAL
09:54:10,,,step_25,컨택_갭필,IDLE,0.1750158632745016,4.5821017010493,10.137114667511677,0.0600363389402775,NORMAL
09:54:15,,,step_25,컨택_갭필,IDLE,0.1750158632745016,4.5821017010493,10.137114667511677,0.0600363389402775,NORMAL
09:54:20,,,step_25,컨택_갭필,IDLE,0.1750158632745016,4.5821017010493,10.137114667511677,0.0600363389402775,NORMAL
09:54:25,,,step_25,컨택_갭필,IDLE,0.1750158632745016,4.5821017010493,10.137114667511677,0.0600363389402775,NORMAL
09:54:30,,,step_25,컨택_갭필,IDLE,0.1750158632745016,4.5821017010493,10.137114667511677,0.0600363389402775,NORMAL
09:54:35,,,step_25,컨택_갭필,IDLE,0.1750158632745016,4.5821017010493,10.137114667511677,0.0600363389402775,NORMAL
09:54:40,,,step_25,컨택_갭필,IDLE,0.1750158632745016,4.5821017010493,10.137114667511677,0.0600363389402775,NORMAL
09:54:45,,,step_25,컨택_갭필,IDLE,0.1750158632745016,4.5821017010493,10.137114667511677,0.0600363389402775,NORMAL
09:54:50,,,step_25,컨택_갭필,IDLE,0.1750158632745016,4.5821017010493,10.137114667511677,0.0600363389402775,NORMAL
09:54:55,,,step_25,컨택_갭필,IDLE,0.1750158632745016,4.5821017010493,10.137114667511677,0.0600363389402775,NORMAL
09:55:00,,,step_25,컨택_갭필,IDLE,0.1750158632745016,4.5821017010493,10.137114667511677,0.0600363389402775,NORMAL
09:55:05,,,step_25,컨택_갭필,IDLE,0.1750158632745016,4.5821017010493,10.137114667511677,0.0600363389402775,NORMAL
09:55:10,,,step_25,컨택_갭필,IDLE,0.1750158632745016,4.5821017010493,10.137114667511677,0.0600363389402775,NORMAL
09:55:15,,,step_25,컨택_갭필,IDLE,0.1750158632745016,4.5821017010493,10.137114667511677,0.0600363389402775,NORMAL
09:55:20,,,step_25,컨택_갭필,IDLE,0.1750158632745016,4.5821017010493,10.137114667511677,0.0600363389402775,NORMAL
09:55:25,,,step_25,컨택_갭필,IDLE,0.1750158632745016,4.5821017010493,10.137114667511677,0.0600363389402775,NORMAL
09:55:30,,,step_25,컨택_갭필,IDLE,0.1750158632745016,4.5821017010493,10.137114667511677,0.0600363389402775,NORMAL
09:55:35,,,step_25,컨택_갭필,IDLE,0.1750158632745016,4.5821017010493,10.137114667511677,0.0600363389402775,NORMAL
09:55:40,,,step_25,컨택_갭필,IDLE,0.1750158632745016,4.5821017010493,10.137114667511677,0.0600363389402775,NORMAL
09:55:45,,,step_25,컨택_갭필,IDLE,0.1750158632745016,4.5821017010493,10.137114667511677,0.0600363389402775,NORMAL
09:55:50,,,step_25,컨택_갭필,IDLE,0.1750158632745016,4.5821017010493,10.137114667511677,0.0600363389402775,NORMAL
09:55:55,,,step_25,컨택_갭필,IDLE,0.1750158632745016,4.5821017010493,10.137114667511677,0.0600363389402775,NORMAL
09:56:00,,,step_25,컨택_갭필,IDLE,0.1750158632745016,4.5821017010493,10.137114667511677,0.0600363389402775,NORMAL
09:56:05,,,step_25,컨택_갭필,IDLE,0.1750158632745016,4.5821017010493,10.137114667511677,0.0600363389402775,NORMAL
09:56:10,,,step_25,컨택_갭필,IDLE,0.1750158632745016,4.5821017010493,10.137114667511677,0.0600363389402775,NORMAL
09:56:15,,,step_25,컨택_갭필,IDLE,0.1750158632745016,4.5821017010493,10.137114667511677,0.0600363389402775,NORMAL
09:56:20,,,step_25,컨택_갭필,IDLE,0.1750158632745016,4.5821017010493,10.137114667511677,0.0600363389402775,NORMAL
09:56:25,,,step_25,컨택_갭필,IDLE,0.1750158632745016,4.5821017010493,10.137114667511677,0.0600363389402775,NORMAL
09:56:30,,,step_25,컨택_갭필,IDLE,0.1750158632745016,4.5821017010493,10.137114667511677,0.0600363389402775,NORMAL
09:56:35,,,step_25,컨택_갭필,IDLE,0.1750158632745016,4.5821017010493,10.137114667511677,0.0600363389402775,NORMAL
09:56:40,,,step_25,컨택_갭필,IDLE,0.1750158632745016,4.5821017010493,10.137114667511677,0.0600363389402775,NORMAL
09:56:45,,,step_25,컨택_갭필,IDLE,0.1750158632745016,4.5821017010493,10.137114667511677,0.0600363389402775,NORMAL
09:56:50,,,step_25,컨택_갭필,IDLE,0.1750158632745016,4.5821017010493,10.137114667511677,0.0600363389402775,NORMAL
09:56:55,,,step_25,컨택_갭필,IDLE,0.1750158632745016,4.5821017010493,10.137114667511677,0.0600363389402775,NORMAL
09:57:00,,,step_25,컨택_갭필,IDLE,0.1750158632745016,4.5821017010493,10.137114667511677,0.0600363389402775,NORMAL
09:57:05,,,step_25,컨택_갭필,IDLE,0.1750158632745016,4.5821017010493,10.137114667511677,0.0600363389402775,NORMAL
09:57:10,,,step_25,컨택_갭필,IDLE,0.1750158632745016,4.5821017010493,10.137114667511677,0.0600363389402775,NORMAL
09:57:15,,,step_25,컨택_갭필,IDLE,0.1750158632745016,4.5821017010493,10.137114667511677,0.0600363389402775,NORMAL
09:57:20,,,step_25,컨택_갭필,IDLE,0.1750158632745016,4.5821017010493,10.137114667511677,0.0600363389402775,NORMAL
09:57:25,,,step_25,컨택_갭필,IDLE,0.1750158632745016,4.5821017010493,10.137114667511677,0.0600363389402775,NORMAL
09:57:30,,,step_25,컨택_갭필,IDLE,0.1750158632745016,4.5821017010493,10.137114667511677,0.0600363389402775,NORMAL
09:57:35,,,step_25,컨택_갭필,IDLE,0.1750158632745016,4.5821017010493,10.137114667511677,0.0600363389402775,NORMAL
09:57:40,,,step_25,컨택_갭필,IDLE,0.1750158632745016,4.5821017010493,10.137114667511677,0.0600363389402775,NORMAL
09:57:45,,,step_25,컨택_갭필,IDLE,0.1750158632745016,4.5821017010493,10.137114667511677,0.0600363389402775,NORMAL
09:57:50,,,step_25,컨택_갭필,IDLE,0.1750158632745016,4.5821017010493,10.137114667511677,0.0600363389402775,NORMAL
09:57:55,,,step_25,컨택_갭필,IDLE,0.1750158632745016,4.5821017010493,10.137114667511677,0.0600363389402775,NORMAL
09:58:00,,,step_25,컨택_갭필,IDLE,0.1750158632745016,4.5821017010493,10.137114667511677,0.0600363389402775,NORMAL
09:58:05,,,step_25,컨택_갭필,IDLE,0.1750158632745016,4.5821017010493,10.137114667511677,0.0600363389402775,NORMAL
09:58:10,,,step_25,컨택_갭필,IDLE,0.1750158632745016,4.5821017010493,10.137114667511677,0.0600363389402775,NORMAL
09:58:15,,,step_25,컨택_갭필,IDLE,0.1750158632745016,4.5821017010493,10.137114667511677,0.0600363389402775,NORMAL
09:58:20,,,step_25,컨택_갭필,IDLE,0.1750158632745016,4.5821017010493,10.137114667511677,0.0600363389402775,NORMAL
09:58:25,,,step_25,컨택_갭필,IDLE,0.1750158632745016,4.5821017010493,10.137114667511677,0.0600363389402775,NORMAL
09:58:30,,,step_25,컨택_갭필,IDLE,0.1750158632745016,4.5821017010493,10.137114667511677,0.0600363389402775,NORMAL
09:58:35,,,step_25,컨택_갭필,IDLE,0.1750158632745016,4.5821017010493,10.137114667511677,0.0600363389402775,NORMAL
09:58:40,,,step_25,컨택_갭필,IDLE,0.1750158632745016,4.5821017010493,10.137114667511677,0.0600363389402775,NORMAL
09:58:45,,,step_25,컨택_갭필,IDLE,0.1750158632745016,4.5821017010493,10.137114667511677,0.0600363389402775,NORMAL
09:58:50,,,step_25,컨택_갭필,IDLE,0.1750158632745016,4.5821017010493,10.137114667511677,0.0600363389402775,NORMAL
09:58:55,,,step_25,컨택_갭필,IDLE,0.1750158632745016,4.5821017010493,10.137114667511677,0.0600363389402775,NORMAL
09:59:00,,,step_25,컨택_갭필,IDLE,0.1750158632745016,4.5821017010493,10.137114667511677,0.0600363389402775,NORMAL
09:59:05,,,step_25,컨택_갭필,IDLE,0.1750158632745016,4.5821017010493,10.137114667511677,0.0600363389402775,NORMAL
09:59:10,,,step_25,컨택_갭필,IDLE,0.1750158632745016,4.5821017010493,10.137114667511677,0.0600363389402775,NORMAL
09:59:15,,,step_25,컨택_갭필,IDLE,0.1750158632745016,4.5821017010493,10.137114667511677,0.0600363389402775,NORMAL
09:59:20,,,step_25,컨택_갭필,IDLE,0.1750158632745016,4.5821017010493,10.137114667511677,0.0600363389402775,NORMAL
09:59:25,,,step_25,컨택_갭필,IDLE,0.1750158632745016,4.5821017010493,10.137114667511677,0.0600363389402775,NORMAL
09:59:30,,,step_25,컨택_갭필,IDLE,0.1750158632745016,4.5821017010493,10.137114667511677,0.0600363389402775,NORMAL
09:59:35,,,step_25,컨택_갭필,IDLE,0.1750158632745016,4.5821017010493,10.137114667511677,0.0600363389402775,NORMAL
09:59:40,,,step_25,컨택_갭필,IDLE,0.1750158632745016,4.5821017010493,10.137114667511677,0.0600363389402775,NORMAL
09:59:45,,,step_25,컨택_갭필,IDLE,0.1750158632745016,4.5821017010493,10.137114667511677,0.0600363389402775,NORMAL
09:59:50,,,step_25,컨택_갭필,IDLE,0.1750158632745016,4.5821017010493,10.137114667511677,0.0600363389402775,NORMAL
09:59:55,,,step_25,컨택_갭필,IDLE,0.1750158632745016,4.5821017010493,10.137114667511677,0.0600363389402775,NORMAL
10:00:00,LOT-20260812-A01,W01,step_25,컨택_갭필,IDLE,0.1750158632745016,4.5821017010493,10.137114667511677,0.0600363389402775,NORMAL
10:00:05,LOT-20260812-A01,W02,step_25,컨택_갭필,IDLE,0.178888899844888,4.514044871853765,10.24367307804024,0.059101250575443,NORMAL
10:00:10,LOT-20260812-A01,W03,step_25,컨택_갭필,IDLE,0.1766885033198775,4.479784509725081,10.05182759069243,0.0602181068680342,NORMAL
10:00:15,LOT-20260812-A01,W04,step_25,컨택_갭필,IDLE,0.1774516799892196,4.485154870966468,9.961731855998512,0.0588557927712067,NORMAL
10:00:20,LOT-20260812-A01,W05,step_25,컨택_갭필,IDLE,0.1758493338065749,4.481495620859888,9.839991277348986,0.060268650809835,NORMAL
10:00:25,LOT-20260812-A01,W06,step_25,컨택_갭필,IDLE,0.1708461648252483,4.512400276916456,9.983122726598006,0.0612573101649885,NORMAL
10:00:30,LOT-20260812-A01,W07,step_25,컨택_갭필,IDLE,0.1754163229327562,4.52183036277943,10.030468949147584,0.0587433343613826,NORMAL
10:00:35,LOT-20260812-A01,W08,step_25,컨택_갭필,IDLE,0.17602122340016,4.561578218300845,9.78053918908402,0.059977439883724,NORMAL
10:00:40,LOT-20260812-A01,W09,step_25,컨택_갭필,IDLE,0.172304438639523,4.501006170779801,10.13822093927602,0.0583820389419548,NORMAL
10:00:45,LOT-20260812-A01,W10,step_25,컨택_갭필,IDLE,0.1746836153916016,4.429838633473322,9.936412900553702,0.0591670459819095,NORMAL
10:00:50,LOT-20260812-A01,W11,step_25,컨택_갭필,IDLE,0.1701626120475764,4.4796289536769045,10.12921237616518,0.0607019491717394,NORMAL
10:00:55,LOT-20260812-A01,W12,step_25,컨택_갭필,IDLE,0.1741647545601455,4.577792589002826,9.998362005692352,0.0595693713982098,NORMAL
10:01:00,LOT-20260812-A01,W13,step_25,컨택_갭필,IDLE,0.1739090601429592,4.4221710714764,10.044582503933096,0.0607424101387684,NORMAL
10:01:05,LOT-20260812-A01,W14,step_25,컨택_갭필,IDLE,0.1785055983890333,4.536957498020069,9.894707618487804,0.0603558833586767,NORMAL
10:01:10,LOT-20260812-A01,W15,step_25,컨택_갭필,IDLE,0.1734919422434283,4.480471344320828,9.948307707127682,0.05993548172866,NORMAL
10:01:15,LOT-20260812-A01,W16,step_25,컨택_갭필,IDLE,0.1743341073535113,4.455826784480024,10.096306318504292,0.0589705874052765,NORMAL
10:01:20,LOT-20260812-A01,W17,step_25,컨택_갭필,IDLE,0.174801928056808,4.519780552455607,9.980275264789244,0.0606854882184975,NORMAL
10:01:25,LOT-20260812-A01,W18,step_25,컨택_갭필,IDLE,0.173524199940174,4.578047651281138,9.834253897645423,0.0603041337284514,NORMAL
10:01:30,LOT-20260812-A01,W19,step_25,컨택_갭필,IDLE,0.1767994785545804,4.517022208839158,10.016736108257842,0.0584719595919906,NORMAL
10:01:35,LOT-20260812-A01,W20,step_25,컨택_갭필,IDLE,0.1701626120475764,4.486872789497938,10.05785125252576,0.0590354744067166,NORMAL
10:01:40,LOT-20260812-A01,W21,step_25,컨택_갭필,RAMP,0.1863657670414413,4.240790152078726,10.823733115403218,0.0489238844737945,NORMAL
10:01:45,LOT-20260812-A01,W22,step_25,컨택_갭필,RAMP,0.3498812188168413,8.980230167779453,20.69153196119568,0.1145374927748649,NORMAL
10:01:50,LOT-20260812-A01,W23,step_25,컨택_갭필,RAMP,0.5380164713479543,13.233570035942112,29.96121867218768,0.1787464949559185,NORMAL
10:01:55,LOT-20260812-A01,W24,step_25,컨택_갭필,RAMP,0.6725276785788573,17.938015155715956,39.671598901201456,0.2357765774386092,NORMAL
10:02:00,LOT-20260812-A01,W25,step_25,컨택_갭필,RAMP,0.8506377067938891,22.48738847032168,49.86301916038298,0.2966733336157852,NORMAL
10:02:05,LOT-20260812-A01,W01,step_25,컨택_갭필,RAMP,1.0470802144041451,26.527891701857904,59.68575989557325,0.3655622806303031,NORMAL
10:02:10,LOT-20260812-A01,W02,step_25,컨택_갭필,RAMP,1.2300591538800056,31.777664440917576,70.30369673542236,0.4241152532961522,NORMAL
10:02:15,LOT-20260812-A01,W03,step_25,컨택_갭필,RAMP,1.3944506728399684,35.752295705375914,80.62499907356938,0.4772213272489575,NORMAL
10:02:20,LOT-20260812-A01,W04,step_25,컨택_갭필,RAMP,1.5808384583008253,40.46280815976586,90.74390061557644,0.5431741505376101,NORMAL
10:02:25,LOT-20260812-A01,W05,step_25,컨택_갭필,RAMP,1.75981309757443,45.1067666491625,99.7526761285014,0.6048594914116168,NORMAL
10:02:30,LOT-20260812-B02,W01,step_25,컨택_갭필,RAMP,1.931659995470214,49.76170994363584,109.69278416035152,0.662474193966343,NORMAL
10:02:35,LOT-20260812-B02,W02,step_25,컨택_갭필,RAMP,2.101032685043801,53.84156939872543,119.7477633452648,0.7211957099321675,NORMAL
10:02:40,LOT-20260812-B02,W03,step_25,컨택_갭필,RAMP,2.275956028496541,57.99816294780542,128.8407778299483,0.7843932923108736,NORMAL
10:02:45,LOT-20260812-B02,W04,step_25,컨택_갭필,RAMP,2.443852049136116,63.21573274320226,139.27831258487186,0.8430780719198298,NORMAL
10:02:50,LOT-20260812-B02,W05,step_25,컨택_갭필,RAMP,2.6244462567579623,67.25010102271476,149.97926819643678,0.8951476229457702,NORMAL
10:02:55,LOT-20260812-B02,W06,step_25,컨택_갭필,RAMP,2.789757691127653,72.07188864871675,160.2275630442664,0.959244270984244,NORMAL
10:03:00,LOT-20260812-B02,W07,step_25,컨택_갭필,RAMP,2.9671527053263893,76.58431794002713,170.29470383472952,1.017791723675762,NORMAL
10:03:05,LOT-20260812-B02,W08,step_25,컨택_갭필,RAMP,3.1551436419954677,80.34959411346568,179.5317033468777,1.0846098939357085,NORMAL
10:03:10,LOT-20260812-B02,W09,step_25,컨택_갭필,RAMP,3.3203711886846867,85.17703264569111,189.7053339113084,1.1376783117968583,NORMAL
10:03:15,LOT-20260812-B02,W10,step_25,컨택_갭필,RAMP,3.492624381058307,89.90783775865657,199.8382977160163,1.1969912601147603,NORMAL
10:03:20,LOT-20260812-B02,W11,step_25,컨택_갭필,ACTIVE,3.506738465197775,89.22476162431823,199.656986691048,1.20616009244683,NORMAL
10:03:25,LOT-20260812-B02,W12,step_25,컨택_갭필,ACTIVE,3.505698494853956,89.59858461712278,200.6192159485982,1.2015580260955905,NORMAL
10:03:30,LOT-20260812-B02,W13,step_25,컨택_갭필,ACTIVE,3.496770506218271,90.036863568038,198.82264330103428,1.2126706941037897,NORMAL
10:03:35,LOT-20260812-B02,W14,step_25,컨택_갭필,ACTIVE,3.4977659685391758,89.97345490437262,198.96563395546136,1.1948265508631613,NORMAL
10:03:40,LOT-20260812-B02,W15,step_25,컨택_갭필,ACTIVE,3.5062392183481985,90.09079632919328,199.7314082339173,1.196886984423204,NORMAL
10:03:45,LOT-20260812-B02,W16,step_25,컨택_갭필,ACTIVE,3.5145343567457585,90.13476629361864,198.77095666699609,1.206731806424567,NORMAL
10:03:50,LOT-20260812-B02,W17,step_25,컨택_갭필,ACTIVE,3.5030162848873063,89.49545112990612,198.289576748939,1.1923253977724335,NORMAL
10:03:55,LOT-20260812-B02,W18,step_25,컨택_갭필,ACTIVE,3.4821194913443434,89.61454552097621,198.65587055634225,1.2079181541475552,NORMAL
10:04:00,LOT-20260812-B02,W19,step_25,컨택_갭필,ACTIVE,3.496678587608548,90.22840985685362,199.7815568703961,1.1927552677068924,NORMAL
10:04:05,LOT-20260812-B02,W20,step_25,컨택_갭필,ACTIVE,3.4938927524330987,90.4572990723008,200.5674777346929,1.203661341379266,NORMAL
10:04:10,LOT-20260812-B02,W21,step_25,컨택_갭필,ACTIVE,3.4842052084043837,89.70977758534134,200.58622988095357,1.1889416938412083,NORMAL
10:04:15,LOT-20260812-B02,W22,step_25,컨택_갭필,ACTIVE,3.507468991484032,90.07767167822908,201.4291238892852,1.2002707790399298,NORMAL
10:04:20,LOT-20260812-B02,W23,step_25,컨택_갭필,ACTIVE,3.50862278869093,90.24212486799416,200.09149860581377,1.191782817063691,NORMAL
10:04:25,LOT-20260812-B02,W24,step_25,컨택_갭필,ACTIVE,3.5108931263255894,90.07126668515679,200.21258046109597,1.211557651422069,NORMAL
10:04:30,LOT-20260812-B02,W25,step_25,컨택_갭필,ACTIVE,3.4851363056887688,89.92537010837371,199.7746336666745,1.193570216923227,NORMAL
10:04:35,LOT-20260812-B02,W01,step_25,컨택_갭필,ACTIVE,3.502361764056188,89.8078050016653,199.8183561808376,1.195026857946115,NORMAL
10:04:40,LOT-20260812-B02,W02,step_25,컨택_갭필,ACTIVE,3.499905871507338,90.59558076142966,201.87249079843568,1.2032125557378173,NORMAL
10:04:45,LOT-20260812-B02,W03,step_25,컨택_갭필,ACTIVE,3.5046110464001283,90.02886271245809,200.23521629352956,1.1963942542266195,NORMAL
10:04:50,LOT-20260812-B02,W04,step_25,컨택_갭필,ACTIVE,3.501945897372473,90.11668260936518,200.3134468421847,1.204199720142115,NORMAL
10:04:55,LOT-20260812-B02,W05,step_25,컨택_갭필,ACTIVE,3.4998118108262557,90.09729602422408,198.96939712737472,1.1957346589280051,NORMAL
10:05:00,LOT-20260812-B02,W06,step_25,컨택_갭필,ACTIVE,3.4980091436078817,89.75627447789975,200.36938004741452,1.1952722942603846,NORMAL
10:05:05,LOT-20260812-B02,W07,step_25,컨택_갭필,ACTIVE,3.516602609150383,90.01524630699429,200.59249878139116,1.199834647763517,NORMAL
10:05:10,LOT-20260812-B02,W08,step_25,컨택_갭필,ACTIVE,3.4870727898872107,89.90332719363657,200.99927911514408,1.192698416958239,NORMAL
10:05:15,LOT-20260812-B02,W09,step_25,컨택_갭필,ACTIVE,3.497402436938524,89.89795572264933,200.5670760724113,1.2023781981880048,NORMAL
10:05:20,LOT-20260812-B02,W10,step_25,컨택_갭필,ACTIVE,3.5162205600020893,90.09508774230562,199.8859355947244,1.2052637911192186,NORMAL
10:05:25,LOT-20260812-B02,W11,step_25,컨택_갭필,ACTIVE,3.4878341611395287,89.7253071080294,199.8475190184231,1.2033179798399545,NORMAL
10:05:30,LOT-20260812-C03,W01,step_25,컨택_갭필,ACTIVE,3.48859868108384,89.63856347375888,199.935127389108,1.2038596852282697,NORMAL
10:05:35,LOT-20260812-C03,W02,step_25,컨택_갭필,ACTIVE,3.511009114166777,90.15081751812164,200.0964683392048,1.188450868680208,NORMAL
10:05:40,LOT-20260812-C03,W03,step_25,컨택_갭필,ACTIVE,3.4786412923902943,89.8405168222114,201.1408853967256,1.1972301135248455,NORMAL
10:05:45,LOT-20260812-C03,W04,step_25,컨택_갭필,ACTIVE,3.5099094668453974,89.89649528391698,200.96537559428108,1.1986376090061377,NORMAL
10:05:50,LOT-20260812-C03,W05,step_25,컨택_갭필,ACTIVE,3.4926554813112958,89.421361034197,200.6776198583532,1.2087267160307735,NORMAL
10:05:55,LOT-20260812-C03,W06,step_25,컨택_갭필,ACTIVE,3.5061500092328064,90.288924834653,201.82628898242328,1.1965121556699605,NORMAL
10:06:00,LOT-20260812-C03,W07,step_25,컨택_갭필,ACTIVE,3.4816889814941656,90.1572048635747,197.60938546225088,1.1861895930432589,NORMAL
10:06:05,LOT-20260812-C03,W08,step_25,컨택_갭필,ACTIVE,3.5177761439983755,90.21242063559356,199.58594728310655,1.193976182958019,NORMAL
10:06:10,LOT-20260812-C03,W09,step_25,컨택_갭필,ACTIVE,3.481741420251657,90.11619768611932,199.98985464279704,1.1960328406956733,NORMAL
10:06:15,LOT-20260812-C03,W10,step_25,컨택_갭필,ACTIVE,3.5108742553032,89.54521291389293,199.39499347343516,1.187061107196434,NORMAL
10:06:20,LOT-20260812-C03,W11,step_25,컨택_갭필,ACTIVE,3.48236806424336,90.06869968940374,199.16322434781284,1.2058122151242352,NORMAL
10:06:25,LOT-20260812-C03,W12,step_25,컨택_갭필,ACTIVE,3.527124513066336,89.81725994929651,198.4545563236731,1.1905825198068896,NORMAL
10:06:30,LOT-20260812-C03,W13,step_25,컨택_갭필,ACTIVE,3.498929273272173,89.71114286842993,199.71980424912417,1.2026761292893924,NORMAL
10:06:35,LOT-20260812-C03,W14,step_25,컨택_갭필,ACTIVE,3.529262856424954,90.15001447243372,200.80462434845765,1.1934456196458207,NORMAL
10:06:40,LOT-20260812-C03,W15,step_25,컨택_갭필,ACTIVE,3.48771668768884,90.4975526750258,200.69654270807385,1.2090419062038305,NORMAL
10:06:45,LOT-20260812-C03,W16,step_25,컨택_갭필,ACTIVE,3.493360239559268,90.4480018256869,199.32308310238335,1.198343077813331,NORMAL
10:06:50,LOT-20260812-C03,W17,step_25,컨택_갭필,ACTIVE,3.518160788055982,90.18664350555318,200.19822057067853,1.1971253300724871,NORMAL
10:06:55,LOT-20260812-C03,W18,step_25,컨택_갭필,ACTIVE,3.478607059673373,89.99093155216224,201.22183983369447,1.2031695266799398,NORMAL
10:07:00,LOT-20260812-C03,W19,step_25,컨택_갭필,ACTIVE,3.4895110001619507,89.93533730372432,198.6319396591893,1.1939561970928756,NORMAL
10:07:05,LOT-20260812-C03,W20,step_25,컨택_갭필,ACTIVE,3.50742602644534,89.72864892406703,199.85704761766476,1.2034532788433652,NORMAL
10:07:10,LOT-20260812-C03,W21,step_25,컨택_갭필,ACTIVE,3.484718291349555,89.91908004488799,200.25784666172805,1.197109988250981,NORMAL
10:07:15,LOT-20260812-C03,W22,step_25,컨택_갭필,ACTIVE,3.5078272613302857,90.27255718787644,200.00901380603312,1.1964323889203397,NORMAL
10:07:20,LOT-20260812-C03,W23,step_25,컨택_갭필,ACTIVE,3.502556065775326,90.54694173960748,200.7655700546157,1.1994745877382962,NORMAL
10:07:25,LOT-20260812-C03,W24,step_25,컨택_갭필,ACTIVE,3.4772953156438677,89.75505560791079,198.65195657330432,1.19346197738408,NORMAL
10:07:30,LOT-20260812-C03,W25,step_25,컨택_갭필,ACTIVE,3.514516531819752,89.40149595459849,199.09476320528236,1.19885464989248,NORMAL
10:07:35,LOT-20260812-C03,W01,step_25,컨택_갭필,ACTIVE,3.4810635036020816,89.84073780116631,200.6138372084264,1.2020369102827355,NORMAL
10:07:40,LOT-20260812-C03,W02,step_25,컨택_갭필,ACTIVE,3.511569186454594,90.27118623386134,198.46799834501448,1.1861475516076934,NORMAL
10:07:45,LOT-20260812-C03,W03,step_25,컨택_갭필,ACTIVE,3.501927130973664,90.62168318719772,200.73059105692997,1.2065478451772256,NORMAL
10:07:50,LOT-20260812-C03,W04,step_25,컨택_갭필,ACTIVE,3.493174813029414,90.39301236199704,200.4048363406087,1.2048958687807674,NORMAL
10:07:55,LOT-20260812-C03,W05,step_25,컨택_갭필,ACTIVE,3.4834189621255867,90.38558556371352,200.66772776573484,1.1888725369526016,NORMAL
10:08:00,LOT-20260812-C03,W06,step_25,컨택_갭필,ACTIVE,3.504939039881122,89.74513189389758,199.57763931251623,1.187937406225868,NORMAL
10:08:05,LOT-20260812-C03,W07,step_25,컨택_갭필,ACTIVE,3.486912128097837,89.75358318793529,200.4588545930421,1.2050514397536072,NORMAL
10:08:10,LOT-20260812-C03,W08,step_25,컨택_갭필,ACTIVE,3.518119302140789,89.60285710882013,198.9449411868643,1.2045871134510964,NORMAL
10:08:15,LOT-20260812-C03,W09,step_25,컨택_갭필,ACTIVE,3.518666759139551,89.80035607916237,199.62694555178032,1.2037382085239483,NORMAL
10:08:20,,,step_25,컨택_갭필,IDLE,3.518666759139551,89.80035607916237,199.62694555178032,1.2037382085239483,NORMAL
10:08:25,,,step_25,컨택_갭필,IDLE,3.518666759139551,89.80035607916237,199.62694555178032,1.2037382085239483,NORMAL
10:08:30,,,step_25,컨택_갭필,IDLE,3.518666759139551,89.80035607916237,199.62694555178032,1.2037382085239483,NORMAL
10:08:35,,,step_25,컨택_갭필,IDLE,3.518666759139551,89.80035607916237,199.62694555178032,1.2037382085239483,NORMAL
10:08:40,,,step_25,컨택_갭필,IDLE,3.518666759139551,89.80035607916237,199.62694555178032,1.2037382085239483,NORMAL
10:08:45,,,step_25,컨택_갭필,IDLE,3.518666759139551,89.80035607916237,199.62694555178032,1.2037382085239483,NORMAL
10:08:50,,,step_25,컨택_갭필,IDLE,3.518666759139551,89.80035607916237,199.62694555178032,1.2037382085239483,NORMAL
10:08:55,,,step_25,컨택_갭필,IDLE,3.518666759139551,89.80035607916237,199.62694555178032,1.2037382085239483,NORMAL
10:09:00,,,step_25,컨택_갭필,IDLE,3.518666759139551,89.80035607916237,199.62694555178032,1.2037382085239483,NORMAL
10:09:05,,,step_25,컨택_갭필,IDLE,3.518666759139551,89.80035607916237,199.62694555178032,1.2037382085239483,NORMAL
10:09:10,,,step_25,컨택_갭필,IDLE,3.518666759139551,89.80035607916237,199.62694555178032,1.2037382085239483,NORMAL
10:09:15,,,step_25,컨택_갭필,IDLE,3.518666759139551,89.80035607916237,199.62694555178032,1.2037382085239483,NORMAL
10:09:20,,,step_25,컨택_갭필,IDLE,3.518666759139551,89.80035607916237,199.62694555178032,1.2037382085239483,NORMAL
10:09:25,,,step_25,컨택_갭필,IDLE,3.518666759139551,89.80035607916237,199.62694555178032,1.2037382085239483,NORMAL
10:09:30,,,step_25,컨택_갭필,IDLE,3.518666759139551,89.80035607916237,199.62694555178032,1.2037382085239483,NORMAL
10:09:35,,,step_25,컨택_갭필,IDLE,3.518666759139551,89.80035607916237,199.62694555178032,1.2037382085239483,NORMAL
10:09:40,,,step_25,컨택_갭필,IDLE,3.518666759139551,89.80035607916237,199.62694555178032,1.2037382085239483,NORMAL
10:09:45,,,step_25,컨택_갭필,IDLE,3.518666759139551,89.80035607916237,199.62694555178032,1.2037382085239483,NORMAL
10:09:50,,,step_25,컨택_갭필,IDLE,3.518666759139551,89.80035607916237,199.62694555178032,1.2037382085239483,NORMAL
10:09:55,,,step_25,컨택_갭필,IDLE,3.518666759139551,89.80035607916237,199.62694555178032,1.2037382085239483,NORMAL
10:10:00,,,step_25,컨택_갭필,IDLE,3.518666759139551,89.80035607916237,199.62694555178032,1.2037382085239483,NORMAL
10:10:05,,,step_25,컨택_갭필,IDLE,3.518666759139551,89.80035607916237,199.62694555178032,1.2037382085239483,NORMAL
10:10:10,,,step_25,컨택_갭필,IDLE,3.518666759139551,89.80035607916237,199.62694555178032,1.2037382085239483,NORMAL
10:10:15,,,step_25,컨택_갭필,IDLE,3.518666759139551,89.80035607916237,199.62694555178032,1.2037382085239483,NORMAL
10:10:20,,,step_25,컨택_갭필,IDLE,3.518666759139551,89.80035607916237,199.62694555178032,1.2037382085239483,NORMAL
10:10:25,,,step_25,컨택_갭필,IDLE,3.518666759139551,89.80035607916237,199.62694555178032,1.2037382085239483,NORMAL
10:10:30,,,step_25,컨택_갭필,IDLE,3.518666759139551,89.80035607916237,199.62694555178032,1.2037382085239483,NORMAL
10:10:35,,,step_25,컨택_갭필,IDLE,3.518666759139551,89.80035607916237,199.62694555178032,1.2037382085239483,NORMAL
10:10:40,,,step_25,컨택_갭필,IDLE,3.518666759139551,89.80035607916237,199.62694555178032,1.2037382085239483,NORMAL
10:10:45,,,step_25,컨택_갭필,IDLE,3.518666759139551,89.80035607916237,199.62694555178032,1.2037382085239483,NORMAL
10:10:50,,,step_25,컨택_갭필,IDLE,3.518666759139551,89.80035607916237,199.62694555178032,1.2037382085239483,NORMAL
10:10:55,,,step_25,컨택_갭필,IDLE,3.518666759139551,89.80035607916237,199.62694555178032,1.2037382085239483,NORMAL
10:11:00,,,step_25,컨택_갭필,IDLE,3.518666759139551,89.80035607916237,199.62694555178032,1.2037382085239483,NORMAL
10:11:05,,,step_25,컨택_갭필,IDLE,3.518666759139551,89.80035607916237,199.62694555178032,1.2037382085239483,NORMAL
10:11:10,,,step_25,컨택_갭필,IDLE,3.518666759139551,89.80035607916237,199.62694555178032,1.2037382085239483,NORMAL
10:11:15,,,step_25,컨택_갭필,IDLE,3.518666759139551,89.80035607916237,199.62694555178032,1.2037382085239483,NORMAL
10:11:20,,,step_25,컨택_갭필,IDLE,3.518666759139551,89.80035607916237,199.62694555178032,1.2037382085239483,NORMAL
10:11:25,,,step_25,컨택_갭필,IDLE,3.518666759139551,89.80035607916237,199.62694555178032,1.2037382085239483,NORMAL
10:11:30,,,step_25,컨택_갭필,IDLE,3.518666759139551,89.80035607916237,199.62694555178032,1.2037382085239483,NORMAL
10:11:35,,,step_25,컨택_갭필,IDLE,3.518666759139551,89.80035607916237,199.62694555178032,1.2037382085239483,NORMAL
10:11:40,,,step_25,컨택_갭필,IDLE,3.518666759139551,89.80035607916237,199.62694555178032,1.2037382085239483,NORMAL
10:11:45,,,step_25,컨택_갭필,IDLE,3.518666759139551,89.80035607916237,199.62694555178032,1.2037382085239483,NORMAL
10:11:50,,,step_25,컨택_갭필,IDLE,3.518666759139551,89.80035607916237,199.62694555178032,1.2037382085239483,NORMAL
10:11:55,,,step_25,컨택_갭필,IDLE,3.518666759139551,89.80035607916237,199.62694555178032,1.2037382085239483,NORMAL
10:12:00,,,step_25,컨택_갭필,IDLE,3.518666759139551,89.80035607916237,199.62694555178032,1.2037382085239483,NORMAL
10:12:05,,,step_25,컨택_갭필,IDLE,3.518666759139551,89.80035607916237,199.62694555178032,1.2037382085239483,NORMAL
10:12:10,,,step_25,컨택_갭필,IDLE,3.518666759139551,89.80035607916237,199.62694555178032,1.2037382085239483,NORMAL
10:12:15,,,step_25,컨택_갭필,IDLE,3.518666759139551,89.80035607916237,199.62694555178032,1.2037382085239483,NORMAL
10:12:20,,,step_25,컨택_갭필,IDLE,3.518666759139551,89.80035607916237,199.62694555178032,1.2037382085239483,NORMAL
10:12:25,,,step_25,컨택_갭필,IDLE,3.518666759139551,89.80035607916237,199.62694555178032,1.2037382085239483,NORMAL
10:12:30,,,step_25,컨택_갭필,IDLE,3.518666759139551,89.80035607916237,199.62694555178032,1.2037382085239483,NORMAL
10:12:35,,,step_25,컨택_갭필,IDLE,3.518666759139551,89.80035607916237,199.62694555178032,1.2037382085239483,NORMAL
10:12:40,,,step_25,컨택_갭필,IDLE,3.518666759139551,89.80035607916237,199.62694555178032,1.2037382085239483,NORMAL
10:12:45,,,step_25,컨택_갭필,IDLE,3.518666759139551,89.80035607916237,199.62694555178032,1.2037382085239483,NORMAL
10:12:50,,,step_25,컨택_갭필,IDLE,3.518666759139551,89.80035607916237,199.62694555178032,1.2037382085239483,NORMAL
10:12:55,,,step_25,컨택_갭필,IDLE,3.518666759139551,89.80035607916237,199.62694555178032,1.2037382085239483,NORMAL
10:13:00,,,step_25,컨택_갭필,IDLE,3.518666759139551,89.80035607916237,199.62694555178032,1.2037382085239483,NORMAL
10:13:05,,,step_25,컨택_갭필,IDLE,3.518666759139551,89.80035607916237,199.62694555178032,1.2037382085239483,NORMAL
10:13:10,,,step_25,컨택_갭필,IDLE,3.518666759139551,89.80035607916237,199.62694555178032,1.2037382085239483,NORMAL
10:13:15,,,step_25,컨택_갭필,IDLE,3.518666759139551,89.80035607916237,199.62694555178032,1.2037382085239483,NORMAL
10:13:20,,,step_25,컨택_갭필,IDLE,3.518666759139551,89.80035607916237,199.62694555178032,1.2037382085239483,NORMAL
10:13:25,,,step_25,컨택_갭필,IDLE,3.518666759139551,89.80035607916237,199.62694555178032,1.2037382085239483,NORMAL
10:13:30,,,step_25,컨택_갭필,IDLE,3.518666759139551,89.80035607916237,199.62694555178032,1.2037382085239483,NORMAL
10:13:35,,,step_25,컨택_갭필,IDLE,3.518666759139551,89.80035607916237,199.62694555178032,1.2037382085239483,NORMAL
10:13:40,,,step_25,컨택_갭필,IDLE,3.518666759139551,89.80035607916237,199.62694555178032,1.2037382085239483,NORMAL
10:13:45,,,step_25,컨택_갭필,IDLE,3.518666759139551,89.80035607916237,199.62694555178032,1.2037382085239483,NORMAL
10:13:50,,,step_25,컨택_갭필,IDLE,3.518666759139551,89.80035607916237,199.62694555178032,1.2037382085239483,NORMAL
10:13:55,,,step_25,컨택_갭필,IDLE,3.518666759139551,89.80035607916237,199.62694555178032,1.2037382085239483,NORMAL
10:14:00,,,step_25,컨택_갭필,IDLE,3.518666759139551,89.80035607916237,199.62694555178032,1.2037382085239483,NORMAL
10:14:05,,,step_25,컨택_갭필,IDLE,3.518666759139551,89.80035607916237,199.62694555178032,1.2037382085239483,NORMAL
10:14:10,,,step_25,컨택_갭필,IDLE,3.518666759139551,89.80035607916237,199.62694555178032,1.2037382085239483,NORMAL
10:14:15,,,step_25,컨택_갭필,IDLE,3.518666759139551,89.80035607916237,199.62694555178032,1.2037382085239483,NORMAL
10:14:20,,,step_25,컨택_갭필,IDLE,3.518666759139551,89.80035607916237,199.62694555178032,1.2037382085239483,NORMAL
10:14:25,,,step_25,컨택_갭필,IDLE,3.518666759139551,89.80035607916237,199.62694555178032,1.2037382085239483,NORMAL
10:14:30,,,step_25,컨택_갭필,IDLE,3.518666759139551,89.80035607916237,199.62694555178032,1.2037382085239483,NORMAL
10:14:35,,,step_25,컨택_갭필,IDLE,3.518666759139551,89.80035607916237,199.62694555178032,1.2037382085239483,NORMAL
10:14:40,,,step_25,컨택_갭필,IDLE,3.518666759139551,89.80035607916237,199.62694555178032,1.2037382085239483,NORMAL
10:14:45,,,step_25,컨택_갭필,IDLE,3.518666759139551,89.80035607916237,199.62694555178032,1.2037382085239483,NORMAL
10:14:50,,,step_25,컨택_갭필,IDLE,3.518666759139551,89.80035607916237,199.62694555178032,1.2037382085239483,NORMAL
10:14:55,,,step_25,컨택_갭필,IDLE,3.518666759139551,89.80035607916237,199.62694555178032,1.2037382085239483,NORMAL
10:15:00,,,step_25,컨택_갭필,IDLE,3.518666759139551,89.80035607916237,199.62694555178032,1.2037382085239483,NORMAL
10:15:05,,,step_25,컨택_갭필,IDLE,3.518666759139551,89.80035607916237,199.62694555178032,1.2037382085239483,NORMAL
10:15:10,,,step_25,컨택_갭필,IDLE,3.518666759139551,89.80035607916237,199.62694555178032,1.2037382085239483,NORMAL
10:15:15,,,step_25,컨택_갭필,IDLE,3.518666759139551,89.80035607916237,199.62694555178032,1.2037382085239483,NORMAL
10:15:20,,,step_25,컨택_갭필,IDLE,3.518666759139551,89.80035607916237,199.62694555178032,1.2037382085239483,NORMAL
10:15:25,,,step_25,컨택_갭필,IDLE,3.518666759139551,89.80035607916237,199.62694555178032,1.2037382085239483,NORMAL
10:15:30,,,step_25,컨택_갭필,IDLE,3.518666759139551,89.80035607916237,199.62694555178032,1.2037382085239483,NORMAL
10:15:35,,,step_25,컨택_갭필,IDLE,3.518666759139551,89.80035607916237,199.62694555178032,1.2037382085239483,NORMAL
10:15:40,,,step_25,컨택_갭필,IDLE,3.518666759139551,89.80035607916237,199.62694555178032,1.2037382085239483,NORMAL
10:15:45,,,step_25,컨택_갭필,IDLE,3.518666759139551,89.80035607916237,199.62694555178032,1.2037382085239483,NORMAL
10:15:50,,,step_25,컨택_갭필,IDLE,3.518666759139551,89.80035607916237,199.62694555178032,1.2037382085239483,NORMAL
10:15:55,,,step_25,컨택_갭필,IDLE,3.518666759139551,89.80035607916237,199.62694555178032,1.2037382085239483,NORMAL
10:16:00,,,step_25,컨택_갭필,IDLE,3.518666759139551,89.80035607916237,199.62694555178032,1.2037382085239483,NORMAL
10:16:05,,,step_25,컨택_갭필,IDLE,3.518666759139551,89.80035607916237,199.62694555178032,1.2037382085239483,NORMAL
10:16:10,,,step_25,컨택_갭필,IDLE,3.518666759139551,89.80035607916237,199.62694555178032,1.2037382085239483,NORMAL
10:16:15,,,step_25,컨택_갭필,IDLE,3.518666759139551,89.80035607916237,199.62694555178032,1.2037382085239483,NORMAL
10:16:20,,,step_25,컨택_갭필,IDLE,3.518666759139551,89.80035607916237,199.62694555178032,1.2037382085239483,NORMAL
10:16:25,,,step_25,컨택_갭필,IDLE,3.518666759139551,89.80035607916237,199.62694555178032,1.2037382085239483,NORMAL
10:16:30,,,step_25,컨택_갭필,IDLE,3.518666759139551,89.80035607916237,199.62694555178032,1.2037382085239483,NORMAL
10:16:35,,,step_25,컨택_갭필,IDLE,3.518666759139551,89.80035607916237,199.62694555178032,1.2037382085239483,NORMAL
10:16:40,,,step_25,컨택_갭필,IDLE,3.518666759139551,89.80035607916237,199.62694555178032,1.2037382085239483,NORMAL
10:16:45,,,step_25,컨택_갭필,IDLE,3.518666759139551,89.80035607916237,199.62694555178032,1.2037382085239483,NORMAL
10:16:50,,,step_25,컨택_갭필,IDLE,3.518666759139551,89.80035607916237,199.62694555178032,1.2037382085239483,NORMAL
10:16:55,,,step_25,컨택_갭필,IDLE,3.518666759139551,89.80035607916237,199.62694555178032,1.2037382085239483,NORMAL
10:17:00,,,step_25,컨택_갭필,IDLE,3.518666759139551,89.80035607916237,199.62694555178032,1.2037382085239483,NORMAL
10:17:05,,,step_25,컨택_갭필,IDLE,3.518666759139551,89.80035607916237,199.62694555178032,1.2037382085239483,NORMAL
10:17:10,,,step_25,컨택_갭필,IDLE,3.518666759139551,89.80035607916237,199.62694555178032,1.2037382085239483,NORMAL
10:17:15,,,step_25,컨택_갭필,IDLE,3.518666759139551,89.80035607916237,199.62694555178032,1.2037382085239483,NORMAL
10:17:20,,,step_25,컨택_갭필,IDLE,3.518666759139551,89.80035607916237,199.62694555178032,1.2037382085239483,NORMAL
10:17:25,,,step_25,컨택_갭필,IDLE,3.518666759139551,89.80035607916237,199.62694555178032,1.2037382085239483,NORMAL
10:17:30,,,step_25,컨택_갭필,IDLE,3.518666759139551,89.80035607916237,199.62694555178032,1.2037382085239483,NORMAL
10:17:35,,,step_25,컨택_갭필,IDLE,3.518666759139551,89.80035607916237,199.62694555178032,1.2037382085239483,NORMAL
10:17:40,,,step_25,컨택_갭필,IDLE,3.518666759139551,89.80035607916237,199.62694555178032,1.2037382085239483,NORMAL
10:17:45,,,step_25,컨택_갭필,IDLE,3.518666759139551,89.80035607916237,199.62694555178032,1.2037382085239483,NORMAL
10:17:50,,,step_25,컨택_갭필,IDLE,3.518666759139551,89.80035607916237,199.62694555178032,1.2037382085239483,NORMAL
10:17:55,,,step_25,컨택_갭필,IDLE,3.518666759139551,89.80035607916237,199.62694555178032,1.2037382085239483,NORMAL
10:18:00,,,step_25,컨택_갭필,IDLE,3.518666759139551,89.80035607916237,199.62694555178032,1.2037382085239483,NORMAL
10:18:05,,,step_25,컨택_갭필,IDLE,3.518666759139551,89.80035607916237,199.62694555178032,1.2037382085239483,NORMAL
10:18:10,,,step_25,컨택_갭필,IDLE,3.518666759139551,89.80035607916237,199.62694555178032,1.2037382085239483,NORMAL
10:18:15,,,step_25,컨택_갭필,IDLE,3.518666759139551,89.80035607916237,199.62694555178032,1.2037382085239483,NORMAL
10:18:20,,,step_25,컨택_갭필,IDLE,3.518666759139551,89.80035607916237,199.62694555178032,1.2037382085239483,NORMAL
10:18:25,,,step_25,컨택_갭필,IDLE,3.518666759139551,89.80035607916237,199.62694555178032,1.2037382085239483,NORMAL
10:18:30,,,step_25,컨택_갭필,IDLE,3.518666759139551,89.80035607916237,199.62694555178032,1.2037382085239483,NORMAL
10:18:35,,,step_25,컨택_갭필,IDLE,3.518666759139551,89.80035607916237,199.62694555178032,1.2037382085239483,NORMAL
10:18:40,,,step_25,컨택_갭필,IDLE,3.518666759139551,89.80035607916237,199.62694555178032,1.2037382085239483,NORMAL
10:18:45,,,step_25,컨택_갭필,IDLE,3.518666759139551,89.80035607916237,199.62694555178032,1.2037382085239483,NORMAL
10:18:50,,,step_25,컨택_갭필,IDLE,3.518666759139551,89.80035607916237,199.62694555178032,1.2037382085239483,NORMAL
10:18:55,,,step_25,컨택_갭필,IDLE,3.518666759139551,89.80035607916237,199.62694555178032,1.2037382085239483,NORMAL
10:19:00,,,step_25,컨택_갭필,IDLE,3.518666759139551,89.80035607916237,199.62694555178032,1.2037382085239483,NORMAL
10:19:05,,,step_25,컨택_갭필,IDLE,3.518666759139551,89.80035607916237,199.62694555178032,1.2037382085239483,NORMAL
10:19:10,,,step_25,컨택_갭필,IDLE,3.518666759139551,89.80035607916237,199.62694555178032,1.2037382085239483,NORMAL
10:19:15,,,step_25,컨택_갭필,IDLE,3.518666759139551,89.80035607916237,199.62694555178032,1.2037382085239483,NORMAL
10:19:20,,,step_25,컨택_갭필,IDLE,3.518666759139551,89.80035607916237,199.62694555178032,1.2037382085239483,NORMAL
10:19:25,,,step_25,컨택_갭필,IDLE,3.518666759139551,89.80035607916237,199.62694555178032,1.2037382085239483,NORMAL
10:19:30,,,step_25,컨택_갭필,IDLE,3.518666759139551,89.80035607916237,199.62694555178032,1.2037382085239483,NORMAL
10:19:35,,,step_25,컨택_갭필,IDLE,3.518666759139551,89.80035607916237,199.62694555178032,1.2037382085239483,NORMAL
10:19:40,,,step_25,컨택_갭필,IDLE,3.518666759139551,89.80035607916237,199.62694555178032,1.2037382085239483,NORMAL
10:19:45,,,step_25,컨택_갭필,IDLE,3.518666759139551,89.80035607916237,199.62694555178032,1.2037382085239483,NORMAL
10:19:50,,,step_25,컨택_갭필,IDLE,3.518666759139551,89.80035607916237,199.62694555178032,1.2037382085239483,NORMAL
10:19:55,,,step_25,컨택_갭필,IDLE,3.518666759139551,89.80035607916237,199.62694555178032,1.2037382085239483,NORMAL
10:20:00,,,step_25,컨택_갭필,IDLE,3.518666759139551,89.80035607916237,199.62694555178032,1.2037382085239483,NORMAL
10:20:05,,,step_25,컨택_갭필,IDLE,3.518666759139551,89.80035607916237,199.62694555178032,1.2037382085239483,NORMAL
10:20:10,,,step_25,컨택_갭필,IDLE,3.518666759139551,89.80035607916237,199.62694555178032,1.2037382085239483,NORMAL
10:20:15,,,step_25,컨택_갭필,IDLE,3.518666759139551,89.80035607916237,199.62694555178032,1.2037382085239483,NORMAL
10:20:20,,,step_25,컨택_갭필,IDLE,3.518666759139551,89.80035607916237,199.62694555178032,1.2037382085239483,NORMAL
10:20:25,,,step_25,컨택_갭필,IDLE,3.518666759139551,89.80035607916237,199.62694555178032,1.2037382085239483,NORMAL
10:20:30,,,step_25,컨택_갭필,IDLE,3.518666759139551,89.80035607916237,199.62694555178032,1.2037382085239483,NORMAL
10:20:35,,,step_25,컨택_갭필,IDLE,3.518666759139551,89.80035607916237,199.62694555178032,1.2037382085239483,NORMAL
10:20:40,,,step_25,컨택_갭필,IDLE,3.518666759139551,89.80035607916237,199.62694555178032,1.2037382085239483,NORMAL
10:20:45,,,step_25,컨택_갭필,IDLE,3.518666759139551,89.80035607916237,199.62694555178032,1.2037382085239483,NORMAL
10:20:50,,,step_25,컨택_갭필,IDLE,3.518666759139551,89.80035607916237,199.62694555178032,1.2037382085239483,NORMAL
10:20:55,,,step_25,컨택_갭필,IDLE,3.518666759139551,89.80035607916237,199.62694555178032,1.2037382085239483,NORMAL
10:21:00,,,step_25,컨택_갭필,IDLE,3.518666759139551,89.80035607916237,199.62694555178032,1.2037382085239483,NORMAL
10:21:05,,,step_25,컨택_갭필,IDLE,3.518666759139551,89.80035607916237,199.62694555178032,1.2037382085239483,NORMAL
10:21:10,,,step_25,컨택_갭필,IDLE,3.518666759139551,89.80035607916237,199.62694555178032,1.2037382085239483,NORMAL
10:21:15,,,step_25,컨택_갭필,IDLE,3.518666759139551,89.80035607916237,199.62694555178032,1.2037382085239483,NORMAL
10:21:20,,,step_25,컨택_갭필,IDLE,3.518666759139551,89.80035607916237,199.62694555178032,1.2037382085239483,NORMAL
10:21:25,,,step_25,컨택_갭필,IDLE,3.518666759139551,89.80035607916237,199.62694555178032,1.2037382085239483,NORMAL
10:21:30,,,step_25,컨택_갭필,IDLE,3.518666759139551,89.80035607916237,199.62694555178032,1.2037382085239483,NORMAL
10:21:35,,,step_25,컨택_갭필,IDLE,3.518666759139551,89.80035607916237,199.62694555178032,1.2037382085239483,NORMAL
10:21:40,,,step_25,컨택_갭필,IDLE,3.518666759139551,89.80035607916237,199.62694555178032,1.2037382085239483,NORMAL
10:21:45,,,step_25,컨택_갭필,IDLE,3.518666759139551,89.80035607916237,199.62694555178032,1.2037382085239483,NORMAL
10:21:50,,,step_25,컨택_갭필,IDLE,3.518666759139551,89.80035607916237,199.62694555178032,1.2037382085239483,NORMAL
10:21:55,,,step_25,컨택_갭필,IDLE,3.518666759139551,89.80035607916237,199.62694555178032,1.2037382085239483,NORMAL
10:22:00,,,step_25,컨택_갭필,IDLE,3.518666759139551,89.80035607916237,199.62694555178032,1.2037382085239483,NORMAL
10:22:05,,,step_25,컨택_갭필,IDLE,3.518666759139551,89.80035607916237,199.62694555178032,1.2037382085239483,NORMAL
10:22:10,,,step_25,컨택_갭필,IDLE,3.518666759139551,89.80035607916237,199.62694555178032,1.2037382085239483,NORMAL
10:22:15,,,step_25,컨택_갭필,IDLE,3.518666759139551,89.80035607916237,199.62694555178032,1.2037382085239483,NORMAL
10:22:20,,,step_25,컨택_갭필,IDLE,3.518666759139551,89.80035607916237,199.62694555178032,1.2037382085239483,NORMAL
10:22:25,,,step_25,컨택_갭필,IDLE,3.518666759139551,89.80035607916237,199.62694555178032,1.2037382085239483,NORMAL
10:22:30,,,step_25,컨택_갭필,IDLE,3.518666759139551,89.80035607916237,199.62694555178032,1.2037382085239483,NORMAL
10:22:35,,,step_25,컨택_갭필,IDLE,3.518666759139551,89.80035607916237,199.62694555178032,1.2037382085239483,NORMAL
10:22:40,,,step_25,컨택_갭필,IDLE,3.518666759139551,89.80035607916237,199.62694555178032,1.2037382085239483,NORMAL
10:22:45,,,step_25,컨택_갭필,IDLE,3.518666759139551,89.80035607916237,199.62694555178032,1.2037382085239483,NORMAL
10:22:50,,,step_25,컨택_갭필,IDLE,3.518666759139551,89.80035607916237,199.62694555178032,1.2037382085239483,NORMAL
10:22:55,,,step_25,컨택_갭필,IDLE,3.518666759139551,89.80035607916237,199.62694555178032,1.2037382085239483,NORMAL
10:23:00,,,step_25,컨택_갭필,IDLE,3.518666759139551,89.80035607916237,199.62694555178032,1.2037382085239483,NORMAL
10:23:05,,,step_25,컨택_갭필,IDLE,3.518666759139551,89.80035607916237,199.62694555178032,1.2037382085239483,NORMAL
10:23:10,,,step_25,컨택_갭필,IDLE,3.518666759139551,89.80035607916237,199.62694555178032,1.2037382085239483,NORMAL
10:23:15,,,step_25,컨택_갭필,IDLE,3.518666759139551,89.80035607916237,199.62694555178032,1.2037382085239483,NORMAL
10:23:20,,,step_25,컨택_갭필,IDLE,3.518666759139551,89.80035607916237,199.62694555178032,1.2037382085239483,NORMAL
10:23:25,,,step_25,컨택_갭필,IDLE,3.518666759139551,89.80035607916237,199.62694555178032,1.2037382085239483,NORMAL
10:23:30,,,step_25,컨택_갭필,IDLE,3.518666759139551,89.80035607916237,199.62694555178032,1.2037382085239483,NORMAL
10:23:35,,,step_25,컨택_갭필,IDLE,3.518666759139551,89.80035607916237,199.62694555178032,1.2037382085239483,NORMAL
10:23:40,,,step_25,컨택_갭필,IDLE,3.518666759139551,89.80035607916237,199.62694555178032,1.2037382085239483,NORMAL
10:23:45,,,step_25,컨택_갭필,IDLE,3.518666759139551,89.80035607916237,199.62694555178032,1.2037382085239483,NORMAL
10:23:50,,,step_25,컨택_갭필,IDLE,3.518666759139551,89.80035607916237,199.62694555178032,1.2037382085239483,NORMAL
10:23:55,,,step_25,컨택_갭필,IDLE,3.518666759139551,89.80035607916237,199.62694555178032,1.2037382085239483,NORMAL
10:24:00,,,step_25,컨택_갭필,IDLE,3.518666759139551,89.80035607916237,199.62694555178032,1.2037382085239483,NORMAL
10:24:05,,,step_25,컨택_갭필,IDLE,3.518666759139551,89.80035607916237,199.62694555178032,1.2037382085239483,NORMAL
10:24:10,,,step_25,컨택_갭필,IDLE,3.518666759139551,89.80035607916237,199.62694555178032,1.2037382085239483,NORMAL
10:24:15,,,step_25,컨택_갭필,IDLE,3.518666759139551,89.80035607916237,199.62694555178032,1.2037382085239483,NORMAL
10:24:20,,,step_25,컨택_갭필,IDLE,3.518666759139551,89.80035607916237,199.62694555178032,1.2037382085239483,NORMAL
10:24:25,,,step_25,컨택_갭필,IDLE,3.518666759139551,89.80035607916237,199.62694555178032,1.2037382085239483,NORMAL
10:24:30,,,step_25,컨택_갭필,IDLE,3.518666759139551,89.80035607916237,199.62694555178032,1.2037382085239483,NORMAL
10:24:35,,,step_25,컨택_갭필,IDLE,3.518666759139551,89.80035607916237,199.62694555178032,1.2037382085239483,NORMAL
10:24:40,,,step_25,컨택_갭필,IDLE,3.518666759139551,89.80035607916237,199.62694555178032,1.2037382085239483,NORMAL
10:24:45,,,step_25,컨택_갭필,IDLE,3.518666759139551,89.80035607916237,199.62694555178032,1.2037382085239483,NORMAL
10:24:50,,,step_25,컨택_갭필,IDLE,3.518666759139551,89.80035607916237,199.62694555178032,1.2037382085239483,NORMAL
10:24:55,,,step_25,컨택_갭필,IDLE,3.518666759139551,89.80035607916237,199.62694555178032,1.2037382085239483,NORMAL
10:25:00,,,step_25,컨택_갭필,IDLE,3.518666759139551,89.80035607916237,199.62694555178032,1.2037382085239483,NORMAL
10:25:05,,,step_25,컨택_갭필,IDLE,3.518666759139551,89.80035607916237,199.62694555178032,1.2037382085239483,NORMAL
10:25:10,,,step_25,컨택_갭필,IDLE,3.518666759139551,89.80035607916237,199.62694555178032,1.2037382085239483,NORMAL
10:25:15,,,step_25,컨택_갭필,IDLE,3.518666759139551,89.80035607916237,199.62694555178032,1.2037382085239483,NORMAL
10:25:20,,,step_25,컨택_갭필,IDLE,3.518666759139551,89.80035607916237,199.62694555178032,1.2037382085239483,NORMAL
10:25:25,,,step_25,컨택_갭필,IDLE,3.518666759139551,89.80035607916237,199.62694555178032,1.2037382085239483,NORMAL
10:25:30,,,step_25,컨택_갭필,IDLE,3.518666759139551,89.80035607916237,199.62694555178032,1.2037382085239483,NORMAL
10:25:35,,,step_25,컨택_갭필,IDLE,3.518666759139551,89.80035607916237,199.62694555178032,1.2037382085239483,NORMAL
10:25:40,,,step_25,컨택_갭필,IDLE,3.518666759139551,89.80035607916237,199.62694555178032,1.2037382085239483,NORMAL
10:25:45,,,step_25,컨택_갭필,IDLE,3.518666759139551,89.80035607916237,199.62694555178032,1.2037382085239483,NORMAL
10:25:50,,,step_25,컨택_갭필,IDLE,3.518666759139551,89.80035607916237,199.62694555178032,1.2037382085239483,NORMAL
10:25:55,,,step_25,컨택_갭필,IDLE,3.518666759139551,89.80035607916237,199.62694555178032,1.2037382085239483,NORMAL
10:26:00,,,step_25,컨택_갭필,IDLE,3.518666759139551,89.80035607916237,199.62694555178032,1.2037382085239483,NORMAL
10:26:05,,,step_25,컨택_갭필,IDLE,3.518666759139551,89.80035607916237,199.62694555178032,1.2037382085239483,NORMAL
10:26:10,,,step_25,컨택_갭필,IDLE,3.518666759139551,89.80035607916237,199.62694555178032,1.2037382085239483,NORMAL
10:26:15,,,step_25,컨택_갭필,IDLE,3.518666759139551,89.80035607916237,199.62694555178032,1.2037382085239483,NORMAL
10:26:20,,,step_25,컨택_갭필,IDLE,3.518666759139551,89.80035607916237,199.62694555178032,1.2037382085239483,NORMAL
10:26:25,,,step_25,컨택_갭필,IDLE,3.518666759139551,89.80035607916237,199.62694555178032,1.2037382085239483,NORMAL
10:26:30,,,step_25,컨택_갭필,IDLE,3.518666759139551,89.80035607916237,199.62694555178032,1.2037382085239483,NORMAL
10:26:35,,,step_25,컨택_갭필,IDLE,3.518666759139551,89.80035607916237,199.62694555178032,1.2037382085239483,NORMAL
10:26:40,,,step_25,컨택_갭필,IDLE,3.518666759139551,89.80035607916237,199.62694555178032,1.2037382085239483,NORMAL
10:26:45,,,step_25,컨택_갭필,IDLE,3.518666759139551,89.80035607916237,199.62694555178032,1.2037382085239483,NORMAL
10:26:50,,,step_25,컨택_갭필,IDLE,3.518666759139551,89.80035607916237,199.62694555178032,1.2037382085239483,NORMAL
10:26:55,,,step_25,컨택_갭필,IDLE,3.518666759139551,89.80035607916237,199.62694555178032,1.2037382085239483,NORMAL
10:27:00,,,step_25,컨택_갭필,IDLE,3.518666759139551,89.80035607916237,199.62694555178032,1.2037382085239483,NORMAL
10:27:05,,,step_25,컨택_갭필,IDLE,3.518666759139551,89.80035607916237,199.62694555178032,1.2037382085239483,NORMAL
10:27:10,,,step_25,컨택_갭필,IDLE,3.518666759139551,89.80035607916237,199.62694555178032,1.2037382085239483,NORMAL
10:27:15,,,step_25,컨택_갭필,IDLE,3.518666759139551,89.80035607916237,199.62694555178032,1.2037382085239483,NORMAL
10:27:20,,,step_25,컨택_갭필,IDLE,3.518666759139551,89.80035607916237,199.62694555178032,1.2037382085239483,NORMAL
10:27:25,,,step_25,컨택_갭필,IDLE,3.518666759139551,89.80035607916237,199.62694555178032,1.2037382085239483,NORMAL
10:27:30,,,step_25,컨택_갭필,IDLE,3.518666759139551,89.80035607916237,199.62694555178032,1.2037382085239483,NORMAL
10:27:35,,,step_25,컨택_갭필,IDLE,3.518666759139551,89.80035607916237,199.62694555178032,1.2037382085239483,NORMAL
10:27:40,,,step_25,컨택_갭필,IDLE,3.518666759139551,89.80035607916237,199.62694555178032,1.2037382085239483,NORMAL
10:27:45,,,step_25,컨택_갭필,IDLE,3.518666759139551,89.80035607916237,199.62694555178032,1.2037382085239483,NORMAL
10:27:50,,,step_25,컨택_갭필,IDLE,3.518666759139551,89.80035607916237,199.62694555178032,1.2037382085239483,NORMAL
10:27:55,,,step_25,컨택_갭필,IDLE,3.518666759139551,89.80035607916237,199.62694555178032,1.2037382085239483,NORMAL
10:28:00,,,step_25,컨택_갭필,IDLE,3.518666759139551,89.80035607916237,199.62694555178032,1.2037382085239483,NORMAL
10:28:05,,,step_25,컨택_갭필,IDLE,3.518666759139551,89.80035607916237,199.62694555178032,1.2037382085239483,NORMAL
10:28:10,,,step_25,컨택_갭필,IDLE,3.518666759139551,89.80035607916237,199.62694555178032,1.2037382085239483,NORMAL
10:28:15,,,step_25,컨택_갭필,IDLE,3.518666759139551,89.80035607916237,199.62694555178032,1.2037382085239483,NORMAL
10:28:20,,,step_25,컨택_갭필,IDLE,3.518666759139551,89.80035607916237,199.62694555178032,1.2037382085239483,NORMAL
10:28:25,,,step_25,컨택_갭필,IDLE,3.518666759139551,89.80035607916237,199.62694555178032,1.2037382085239483,NORMAL
10:28:30,,,step_25,컨택_갭필,IDLE,3.518666759139551,89.80035607916237,199.62694555178032,1.2037382085239483,NORMAL
10:28:35,,,step_25,컨택_갭필,IDLE,3.518666759139551,89.80035607916237,199.62694555178032,1.2037382085239483,NORMAL
10:28:40,,,step_25,컨택_갭필,IDLE,3.518666759139551,89.80035607916237,199.62694555178032,1.2037382085239483,NORMAL
10:28:45,,,step_25,컨택_갭필,IDLE,3.518666759139551,89.80035607916237,199.62694555178032,1.2037382085239483,NORMAL
10:28:50,,,step_25,컨택_갭필,IDLE,3.518666759139551,89.80035607916237,199.62694555178032,1.2037382085239483,NORMAL
10:28:55,,,step_25,컨택_갭필,IDLE,3.518666759139551,89.80035607916237,199.62694555178032,1.2037382085239483,NORMAL
10:29:00,,,step_25,컨택_갭필,IDLE,3.518666759139551,89.80035607916237,199.62694555178032,1.2037382085239483,NORMAL
10:29:05,,,step_25,컨택_갭필,IDLE,3.518666759139551,89.80035607916237,199.62694555178032,1.2037382085239483,NORMAL
10:29:10,,,step_25,컨택_갭필,IDLE,3.518666759139551,89.80035607916237,199.62694555178032,1.2037382085239483,NORMAL
10:29:15,,,step_25,컨택_갭필,IDLE,3.518666759139551,89.80035607916237,199.62694555178032,1.2037382085239483,NORMAL
10:29:20,,,step_25,컨택_갭필,IDLE,3.518666759139551,89.80035607916237,199.62694555178032,1.2037382085239483,NORMAL
10:29:25,,,step_25,컨택_갭필,IDLE,3.518666759139551,89.80035607916237,199.62694555178032,1.2037382085239483,NORMAL
10:29:30,,,step_25,컨택_갭필,IDLE,3.518666759139551,89.80035607916237,199.62694555178032,1.2037382085239483,NORMAL
10:29:35,,,step_25,컨택_갭필,IDLE,3.518666759139551,89.80035607916237,199.62694555178032,1.2037382085239483,NORMAL
10:29:40,,,step_25,컨택_갭필,IDLE,3.518666759139551,89.80035607916237,199.62694555178032,1.2037382085239483,NORMAL
10:29:45,,,step_25,컨택_갭필,IDLE,3.518666759139551,89.80035607916237,199.62694555178032,1.2037382085239483,NORMAL
10:29:50,,,step_25,컨택_갭필,IDLE,3.518666759139551,89.80035607916237,199.62694555178032,1.2037382085239483,NORMAL
10:29:55,,,step_25,컨택_갭필,IDLE,3.518666759139551,89.80035607916237,199.62694555178032,1.2037382085239483,NORMAL
10:30:00,,,step_25,컨택_갭필,IDLE,3.518666759139551,89.80035607916237,199.62694555178032,1.2037382085239483,NORMAL
10:30:05,,,step_25,컨택_갭필,IDLE,3.518666759139551,89.80035607916237,199.62694555178032,1.2037382085239483,NORMAL
10:30:10,,,step_25,컨택_갭필,IDLE,3.518666759139551,89.80035607916237,199.62694555178032,1.2037382085239483,NORMAL
10:30:15,,,step_25,컨택_갭필,IDLE,3.518666759139551,89.80035607916237,199.62694555178032,1.2037382085239483,NORMAL
10:30:20,,,step_25,컨택_갭필,IDLE,3.518666759139551,89.80035607916237,199.62694555178032,1.2037382085239483,NORMAL
10:30:25,,,step_25,컨택_갭필,IDLE,3.518666759139551,89.80035607916237,199.62694555178032,1.2037382085239483,NORMAL
10:30:30,,,step_25,컨택_갭필,IDLE,3.518666759139551,89.80035607916237,199.62694555178032,1.2037382085239483,NORMAL
10:30:35,,,step_25,컨택_갭필,IDLE,3.518666759139551,89.80035607916237,199.62694555178032,1.2037382085239483,NORMAL
10:30:40,,,step_25,컨택_갭필,IDLE,3.518666759139551,89.80035607916237,199.62694555178032,1.2037382085239483,NORMAL
10:30:45,,,step_25,컨택_갭필,IDLE,3.518666759139551,89.80035607916237,199.62694555178032,1.2037382085239483,NORMAL
10:30:50,,,step_25,컨택_갭필,IDLE,3.518666759139551,89.80035607916237,199.62694555178032,1.2037382085239483,NORMAL
10:30:55,,,step_25,컨택_갭필,IDLE,3.518666759139551,89.80035607916237,199.62694555178032,1.2037382085239483,NORMAL
10:31:00,,,step_25,컨택_갭필,IDLE,3.518666759139551,89.80035607916237,199.62694555178032,1.2037382085239483,NORMAL
10:31:05,,,step_25,컨택_갭필,IDLE,3.518666759139551,89.80035607916237,199.62694555178032,1.2037382085239483,NORMAL
10:31:10,,,step_25,컨택_갭필,IDLE,3.518666759139551,89.80035607916237,199.62694555178032,1.2037382085239483,NORMAL
10:31:15,,,step_25,컨택_갭필,IDLE,3.518666759139551,89.80035607916237,199.62694555178032,1.2037382085239483,NORMAL
10:31:20,,,step_25,컨택_갭필,IDLE,3.518666759139551,89.80035607916237,199.62694555178032,1.2037382085239483,NORMAL
10:31:25,,,step_25,컨택_갭필,IDLE,3.518666759139551,89.80035607916237,199.62694555178032,1.2037382085239483,NORMAL
10:31:30,,,step_25,컨택_갭필,IDLE,3.518666759139551,89.80035607916237,199.62694555178032,1.2037382085239483,NORMAL
10:31:35,,,step_25,컨택_갭필,IDLE,3.518666759139551,89.80035607916237,199.62694555178032,1.2037382085239483,NORMAL
10:31:40,,,step_25,컨택_갭필,IDLE,3.518666759139551,89.80035607916237,199.62694555178032,1.2037382085239483,NORMAL
10:31:45,,,step_25,컨택_갭필,IDLE,3.518666759139551,89.80035607916237,199.62694555178032,1.2037382085239483,NORMAL
10:31:50,,,step_25,컨택_갭필,IDLE,3.518666759139551,89.80035607916237,199.62694555178032,1.2037382085239483,NORMAL
10:31:55,,,step_25,컨택_갭필,IDLE,3.518666759139551,89.80035607916237,199.62694555178032,1.2037382085239483,NORMAL
10:32:00,,,step_25,컨택_갭필,IDLE,3.518666759139551,89.80035607916237,199.62694555178032,1.2037382085239483,NORMAL
10:32:05,,,step_25,컨택_갭필,IDLE,3.518666759139551,89.80035607916237,199.62694555178032,1.2037382085239483,NORMAL
10:32:10,,,step_25,컨택_갭필,IDLE,3.518666759139551,89.80035607916237,199.62694555178032,1.2037382085239483,NORMAL
10:32:15,,,step_25,컨택_갭필,IDLE,3.518666759139551,89.80035607916237,199.62694555178032,1.2037382085239483,NORMAL
10:32:20,,,step_25,컨택_갭필,IDLE,3.518666759139551,89.80035607916237,199.62694555178032,1.2037382085239483,NORMAL
10:32:25,,,step_25,컨택_갭필,IDLE,3.518666759139551,89.80035607916237,199.62694555178032,1.2037382085239483,NORMAL
10:32:30,,,step_25,컨택_갭필,IDLE,3.518666759139551,89.80035607916237,199.62694555178032,1.2037382085239483,NORMAL
10:32:35,,,step_25,컨택_갭필,IDLE,3.518666759139551,89.80035607916237,199.62694555178032,1.2037382085239483,NORMAL
10:32:40,,,step_25,컨택_갭필,IDLE,3.518666759139551,89.80035607916237,199.62694555178032,1.2037382085239483,NORMAL
10:32:45,,,step_25,컨택_갭필,IDLE,3.518666759139551,89.80035607916237,199.62694555178032,1.2037382085239483,NORMAL
10:32:50,,,step_25,컨택_갭필,IDLE,3.518666759139551,89.80035607916237,199.62694555178032,1.2037382085239483,NORMAL
10:32:55,,,step_25,컨택_갭필,IDLE,3.518666759139551,89.80035607916237,199.62694555178032,1.2037382085239483,NORMAL
10:33:00,,,step_25,컨택_갭필,IDLE,3.518666759139551,89.80035607916237,199.62694555178032,1.2037382085239483,NORMAL
10:33:05,,,step_25,컨택_갭필,IDLE,3.518666759139551,89.80035607916237,199.62694555178032,1.2037382085239483,NORMAL
10:33:10,,,step_25,컨택_갭필,IDLE,3.518666759139551,89.80035607916237,199.62694555178032,1.2037382085239483,NORMAL
10:33:15,,,step_25,컨택_갭필,IDLE,3.518666759139551,89.80035607916237,199.62694555178032,1.2037382085239483,NORMAL
