Timestamp,Lot_ID,Wafer_ID,Address,Step_Name,Phase,Dose_mJ_cm2,Focus_Offset_um,Overlay_Error_nm,PR_Thickness_nm,Bake_Temp_C,Status
09:00:00,,,step_27,다마신_포토,IDLE,1.2586712676348426,-0.0004753249285259,0.0933183636375245,6.079565908678729,5.456991507248713,NORMAL
09:00:05,,,step_27,다마신_포토,IDLE,1.2586712676348426,-0.0004753249285259,0.0933183636375245,6.079565908678729,5.456991507248713,NORMAL
09:00:10,,,step_27,다마신_포토,IDLE,1.2586712676348426,-0.0004753249285259,0.0933183636375245,6.079565908678729,5.456991507248713,NORMAL
09:00:15,,,step_27,다마신_포토,IDLE,1.2586712676348426,-0.0004753249285259,0.0933183636375245,6.079565908678729,5.456991507248713,NORMAL
09:00:20,,,step_27,다마신_포토,IDLE,1.2586712676348426,-0.0004753249285259,0.0933183636375245,6.079565908678729,5.456991507248713,NORMAL
09:00:25,,,step_27,다마신_포토,IDLE,1.2586712676348426,-0.0004753249285259,0.0933183636375245,6.079565908678729,5.456991507248713,NORMAL
09:00:30,,,step_27,다마신_포토,IDLE,1.2586712676348426,-0.0004753249285259,0.0933183636375245,6.079565908678729,5.456991507248713,NORMAL
09:00:35,,,step_27,다마신_포토,IDLE,1.2586712676348426,-0.0004753249285259,0.0933183636375245,6.079565908678729,5.456991507248713,NORMAL
09:00:40,,,step_27,다마신_포토,IDLE,1.2586712676348426,-0.0004753249285259,0.0933183636375245,6.079565908678729,5.456991507248713,NORMAL
09:00:45,,,step_27,다마신_포토,IDLE,1.2586712676348426,-0.0004753249285259,0.0933183636375245,6.079565908678729,5.456991507248713,NORMAL
09:00:50,,,step_27,다마신_포토,IDLE,1.2586712676348426,-0.0004753249285259,0.0933183636375245,6.079565908678729,5.456991507248713,NORMAL
09:00:55,,,step_27,다마신_포토,IDLE,1.2586712676348426,-0.0004753249285259,0.0933183636375245,6.079565908678729,5.456991507248713,NORMAL
09:01:00,,,step_27,다마신_포토,IDLE,1.2586712676348426,-0.0004753249285259,0.0933183636375245,6.079565908678729,5.456991507248713,NORMAL
09:01:05,,,step_27,다마신_포토,IDLE,1.2586712676348426,-0.0004753249285259,0.0933183636375245,6.079565908678729,5.456991507248713,NORMAL
09:01:10,,,step_27,다마신_포토,IDLE,1.2586712676348426,-0.0004753249285259,0.0933183636375245,6.079565908678729,5.456991507248713,NORMAL
09:01:15,,,step_27,다마신_포토,IDLE,1.2586712676348426,-0.0004753249285259,0.0933183636375245,6.079565908678729,5.456991507248713,NORMAL
09:01:20,,,step_27,다마신_포토,IDLE,1.2586712676348426,-0.0004753249285259,0.0933183636375245,6.079565908678729,5.456991507248713,NORMAL
09:01:25,,,step_27,다마신_포토,IDLE,1.2586712676348426,-0.0004753249285259,0.0933183636375245,6.079565908678729,5.456991507248713,NORMAL
09:01:30,,,step_27,다마신_포토,IDLE,1.2586712676348426,-0.0004753249285259,0.0933183636375245,6.079565908678729,5.456991507248713,NORMAL
09:01:35,,,step_27,다마신_포토,IDLE,1.2586712676348426,-0.0004753249285259,0.0933183636375245,6.079565908678729,5.456991507248713,NORMAL
09:01:40,,,step_27,다마신_포토,IDLE,1.2586712676348426,-0.0004753249285259,0.0933183636375245,6.079565908678729,5.456991507248713,NORMAL
09:01:45,,,step_27,다마신_포토,IDLE,1.2586712676348426,-0.0004753249285259,0.0933183636375245,6.079565908678729,5.456991507248713,NORMAL
09:01:50,,,step_27,다마신_포토,IDLE,1.2586712676348426,-0.0004753249285259,0.0933183636375245,6.079565908678729,5.456991507248713,NORMAL
09:01:55,,,step_27,다마신_포토,IDLE,1.2586712676348426,-0.0004753249285259,0.0933183636375245,6.079565908678729,5.456991507248713,NORMAL
09:02:00,,,step_27,다마신_포토,IDLE,1.2586712676348426,-0.0004753249285259,0.0933183636375245,6.079565908678729,5.456991507248713,NORMAL
09:02:05,,,step_27,다마신_포토,IDLE,1.2586712676348426,-0.0004753249285259,0.0933183636375245,6.079565908678729,5.456991507248713,NORMAL
09:02:10,,,step_27,다마신_포토,IDLE,1.2586712676348426,-0.0004753249285259,0.0933183636375245,6.079565908678729,5.456991507248713,NORMAL
09:02:15,,,step_27,다마신_포토,IDLE,1.2586712676348426,-0.0004753249285259,0.0933183636375245,6.079565908678729,5.456991507248713,NORMAL
09:02:20,,,step_27,다마신_포토,IDLE,1.2586712676348426,-0.0004753249285259,0.0933183636375245,6.079565908678729,5.456991507248713,NORMAL
09:02:25,,,step_27,다마신_포토,IDLE,1.2586712676348426,-0.0004753249285259,0.0933183636375245,6.079565908678729,5.456991507248713,NORMAL
09:02:30,,,step_27,다마신_포토,IDLE,1.2586712676348426,-0.0004753249285259,0.0933183636375245,6.079565908678729,5.456991507248713,NORMAL
09:02:35,,,step_27,다마신_포토,IDLE,1.2586712676348426,-0.0004753249285259,0.0933183636375245,6.079565908678729,5.456991507248713,NORMAL
09:02:40,,,step_27,다마신_포토,IDLE,1.2586712676348426,-0.0004753249285259,0.0933183636375245,6.079565908678729,5.456991507248713,NORMAL
09:02:45,,,step_27,다마신_포토,IDLE,1.2586712676348426,-0.0004753249285259,0.0933183636375245,6.079565908678729,5.456991507248713,NORMAL
09:02:50,,,step_27,다마신_포토,IDLE,1.2586712676348426,-0.0004753249285259,0.0933183636375245,6.079565908678729,5.456991507248713,NORMAL
09:02:55,,,step_27,다마신_포토,IDLE,1.2586712676348426,-0.0004753249285259,0.0933183636375245,6.079565908678729,5.456991507248713,NORMAL
09:03:00,,,step_27,다마신_포토,IDLE,1.2586712676348426,-0.0004753249285259,0.0933183636375245,6.079565908678729,5.456991507248713,NORMAL
09:03:05,,,step_27,다마신_포토,IDLE,1.2586712676348426,-0.0004753249285259,0.0933183636375245,6.079565908678729,5.456991507248713,NORMAL
09:03:10,,,step_27,다마신_포토,IDLE,1.2586712676348426,-0.0004753249285259,0.0933183636375245,6.079565908678729,5.456991507248713,NORMAL
09:03:15,,,step_27,다마신_포토,IDLE,1.2586712676348426,-0.0004753249285259,0.0933183636375245,6.079565908678729,5.456991507248713,NORMAL
09:03:20,,,step_27,다마신_포토,IDLE,1.2586712676348426,-0.0004753249285259,0.0933183636375245,6.079565908678729,5.456991507248713,NORMAL
09:03:25,,,step_27,다마신_포토,IDLE,1.2586712676348426,-0.0004753249285259,0.0933183636375245,6.079565908678729,5.456991507248713,NORMAL
09:03:30,,,step_27,다마신_포토,IDLE,1.2586712676348426,-0.0004753249285259,0.0933183636375245,6.079565908678729,5.456991507248713,NORMAL
09:03:35,,,step_27,다마신_포토,IDLE,1.2586712676348426,-0.0004753249285259,0.0933183636375245,6.079565908678729,5.456991507248713,NORMAL
09:03:40,,,step_27,다마신_포토,IDLE,1.2586712676348426,-0.0004753249285259,0.0933183636375245,6.079565908678729,5.456991507248713,NORMAL
09:03:45,,,step_27,다마신_포토,IDLE,1.2586712676348426,-0.0004753249285259,0.0933183636375245,6.079565908678729,5.456991507248713,NORMAL
09:03:50,,,step_27,다마신_포토,IDLE,1.2586712676348426,-0.0004753249285259,0.0933183636375245,6.079565908678729,5.456991507248713,NORMAL
09:03:55,,,step_27,다마신_포토,IDLE,1.2586712676348426,-0.0004753249285259,0.0933183636375245,6.079565908678729,5.456991507248713,NORMAL
09:04:00,,,step_27,다마신_포토,IDLE,1.2586712676348426,-0.0004753249285259,0.0933183636375245,6.079565908678729,5.456991507248713,NORMAL
09:04:05,,,step_27,다마신_포토,IDLE,1.2586712676348426,-0.0004753249285259,0.0933183636375245,6.079565908678729,5.456991507248713,NORMAL
09:04:10,,,step_27,다마신_포토,IDLE,1.2586712676348426,-0.0004753249285259,0.0933183636375245,6.079565908678729,5.456991507248713,NORMAL
09:04:15,,,step_27,다마신_포토,IDLE,1.2586712676348426,-0.0004753249285259,0.0933183636375245,6.079565908678729,5.456991507248713,NORMAL
09:04:20,,,step_27,다마신_포토,IDLE,1.2586712676348426,-0.0004753249285259,0.0933183636375245,6.079565908678729,5.456991507248713,NORMAL
09:04:25,,,step_27,다마신_포토,IDLE,1.2586712676348426,-0.0004753249285259,0.0933183636375245,6.079565908678729,5.456991507248713,NORMAL
09:04:30,,,step_27,다마신_포토,IDLE,1.2586712676348426,-0.0004753249285259,0.0933183636375245,6.079565908678729,5.456991507248713,NORMAL
09:04:35,,,step_27,다마신_포토,IDLE,1.2586712676348426,-0.0004753249285259,0.0933183636375245,6.079565908678729,5.456991507248713,NORMAL
09:04:40,,,step_27,다마신_포토,IDLE,1.2586712676348426,-0.0004753249285259,0.0933183636375245,6.079565908678729,5.456991507248713,NORMAL
09:04:45,,,step_27,다마신_포토,IDLE,1.2586712676348426,-0.0004753249285259,0.0933183636375245,6.079565908678729,5.456991507248713,NORMAL
09:04:50,,,step_27,다마신_포토,IDLE,1.2586712676348426,-0.0004753249285259,0.0933183636375245,6.079565908678729,5.456991507248713,NORMAL
09:04:55,,,step_27,다마신_포토,IDLE,1.2586712676348426,-0.0004753249285259,0.0933183636375245,6.079565908678729,5.456991507248713,NORMAL
09:05:00,,,step_27,다마신_포토,IDLE,1.2586712676348426,-0.0004753249285259,0.0933183636375245,6.079565908678729,5.456991507248713,NORMAL
09:05:05,,,step_27,다마신_포토,IDLE,1.2586712676348426,-0.0004753249285259,0.0933183636375245,6.079565908678729,5.456991507248713,NORMAL
09:05:10,,,step_27,다마신_포토,IDLE,1.2586712676348426,-0.0004753249285259,0.0933183636375245,6.079565908678729,5.456991507248713,NORMAL
09:05:15,,,step_27,다마신_포토,IDLE,1.2586712676348426,-0.0004753249285259,0.0933183636375245,6.079565908678729,5.456991507248713,NORMAL
09:05:20,,,step_27,다마신_포토,IDLE,1.2586712676348426,-0.0004753249285259,0.0933183636375245,6.079565908678729,5.456991507248713,NORMAL
09:05:25,,,step_27,다마신_포토,IDLE,1.2586712676348426,-0.0004753249285259,0.0933183636375245,6.079565908678729,5.456991507248713,NORMAL
09:05:30,,,step_27,다마신_포토,IDLE,1.2586712676348426,-0.0004753249285259,0.0933183636375245,6.079565908678729,5.456991507248713,NORMAL
09:05:35,,,step_27,다마신_포토,IDLE,1.2586712676348426,-0.0004753249285259,0.0933183636375245,6.079565908678729,5.456991507248713,NORMAL
09:05:40,,,step_27,다마신_포토,IDLE,1.2586712676348426,-0.0004753249285259,0.0933183636375245,6.079565908678729,5.456991507248713,NORMAL
09:05:45,,,step_27,다마신_포토,IDLE,1.2586712676348426,-0.0004753249285259,0.0933183636375245,6.079565908678729,5.456991507248713,NORMAL
09:05:50,,,step_27,다마신_포토,IDLE,1.2586712676348426,-0.0004753249285259,0.0933183636375245,6.079565908678729,5.456991507248713,NORMAL
09:05:55,,,step_27,다마신_포토,IDLE,1.2586712676348426,-0.0004753249285259,0.0933183636375245,6.079565908678729,5.456991507248713,NORMAL
09:06:00,,,step_27,다마신_포토,IDLE,1.2586712676348426,-0.0004753249285259,0.0933183636375245,6.079565908678729,5.456991507248713,NORMAL
09:06:05,,,step_27,다마신_포토,IDLE,1.2586712676348426,-0.0004753249285259,0.0933183636375245,6.079565908678729,5.456991507248713,NORMAL
09:06:10,,,step_27,다마신_포토,IDLE,1.2586712676348426,-0.0004753249285259,0.0933183636375245,6.079565908678729,5.456991507248713,NORMAL
09:06:15,,,step_27,다마신_포토,IDLE,1.2586712676348426,-0.0004753249285259,0.0933183636375245,6.079565908678729,5.456991507248713,NORMAL
09:06:20,,,step_27,다마신_포토,IDLE,1.2586712676348426,-0.0004753249285259,0.0933183636375245,6.079565908678729,5.456991507248713,NORMAL
09:06:25,,,step_27,다마신_포토,IDLE,1.2586712676348426,-0.0004753249285259,0.0933183636375245,6.079565908678729,5.456991507248713,NORMAL
09:06:30,,,step_27,다마신_포토,IDLE,1.2586712676348426,-0.0004753249285259,0.0933183636375245,6.079565908678729,5.456991507248713,NORMAL
09:06:35,,,step_27,다마신_포토,IDLE,1.2586712676348426,-0.0004753249285259,0.0933183636375245,6.079565908678729,5.456991507248713,NORMAL
09:06:40,,,step_27,다마신_포토,IDLE,1.2586712676348426,-0.0004753249285259,0.0933183636375245,6.079565908678729,5.456991507248713,NORMAL
09:06:45,,,step_27,다마신_포토,IDLE,1.2586712676348426,-0.0004753249285259,0.0933183636375245,6.079565908678729,5.456991507248713,NORMAL
09:06:50,,,step_27,다마신_포토,IDLE,1.2586712676348426,-0.0004753249285259,0.0933183636375245,6.079565908678729,5.456991507248713,NORMAL
09:06:55,,,step_27,다마신_포토,IDLE,1.2586712676348426,-0.0004753249285259,0.0933183636375245,6.079565908678729,5.456991507248713,NORMAL
09:07:00,,,step_27,다마신_포토,IDLE,1.2586712676348426,-0.0004753249285259,0.0933183636375245,6.079565908678729,5.456991507248713,NORMAL
09:07:05,,,step_27,다마신_포토,IDLE,1.2586712676348426,-0.0004753249285259,0.0933183636375245,6.079565908678729,5.456991507248713,NORMAL
09:07:10,,,step_27,다마신_포토,IDLE,1.2586712676348426,-0.0004753249285259,0.0933183636375245,6.079565908678729,5.456991507248713,NORMAL
09:07:15,,,step_27,다마신_포토,IDLE,1.2586712676348426,-0.0004753249285259,0.0933183636375245,6.079565908678729,5.456991507248713,NORMAL
09:07:20,,,step_27,다마신_포토,IDLE,1.2586712676348426,-0.0004753249285259,0.0933183636375245,6.079565908678729,5.456991507248713,NORMAL
09:07:25,,,step_27,다마신_포토,IDLE,1.2586712676348426,-0.0004753249285259,0.0933183636375245,6.079565908678729,5.456991507248713,NORMAL
09:07:30,,,step_27,다마신_포토,IDLE,1.2586712676348426,-0.0004753249285259,0.0933183636375245,6.079565908678729,5.456991507248713,NORMAL
09:07:35,,,step_27,다마신_포토,IDLE,1.2586712676348426,-0.0004753249285259,0.0933183636375245,6.079565908678729,5.456991507248713,NORMAL
09:07:40,,,step_27,다마신_포토,IDLE,1.2586712676348426,-0.0004753249285259,0.0933183636375245,6.079565908678729,5.456991507248713,NORMAL
09:07:45,,,step_27,다마신_포토,IDLE,1.2586712676348426,-0.0004753249285259,0.0933183636375245,6.079565908678729,5.456991507248713,NORMAL
09:07:50,,,step_27,다마신_포토,IDLE,1.2586712676348426,-0.0004753249285259,0.0933183636375245,6.079565908678729,5.456991507248713,NORMAL
09:07:55,,,step_27,다마신_포토,IDLE,1.2586712676348426,-0.0004753249285259,0.0933183636375245,6.079565908678729,5.456991507248713,NORMAL
09:08:00,,,step_27,다마신_포토,IDLE,1.2586712676348426,-0.0004753249285259,0.0933183636375245,6.079565908678729,5.456991507248713,NORMAL
09:08:05,,,step_27,다마신_포토,IDLE,1.2586712676348426,-0.0004753249285259,0.0933183636375245,6.079565908678729,5.456991507248713,NORMAL
09:08:10,,,step_27,다마신_포토,IDLE,1.2586712676348426,-0.0004753249285259,0.0933183636375245,6.079565908678729,5.456991507248713,NORMAL
09:08:15,,,step_27,다마신_포토,IDLE,1.2586712676348426,-0.0004753249285259,0.0933183636375245,6.079565908678729,5.456991507248713,NORMAL
09:08:20,,,step_27,다마신_포토,IDLE,1.2586712676348426,-0.0004753249285259,0.0933183636375245,6.079565908678729,5.456991507248713,NORMAL
09:08:25,,,step_27,다마신_포토,IDLE,1.2586712676348426,-0.0004753249285259,0.0933183636375245,6.079565908678729,5.456991507248713,NORMAL
09:08:30,,,step_27,다마신_포토,IDLE,1.2586712676348426,-0.0004753249285259,0.0933183636375245,6.079565908678729,5.456991507248713,NORMAL
09:08:35,,,step_27,다마신_포토,IDLE,1.2586712676348426,-0.0004753249285259,0.0933183636375245,6.079565908678729,5.456991507248713,NORMAL
09:08:40,,,step_27,다마신_포토,IDLE,1.2586712676348426,-0.0004753249285259,0.0933183636375245,6.079565908678729,5.456991507248713,NORMAL
09:08:45,,,step_27,다마신_포토,IDLE,1.2586712676348426,-0.0004753249285259,0.0933183636375245,6.079565908678729,5.456991507248713,NORMAL
09:08:50,,,step_27,다마신_포토,IDLE,1.2586712676348426,-0.0004753249285259,0.0933183636375245,6.079565908678729,5.456991507248713,NORMAL
09:08:55,,,step_27,다마신_포토,IDLE,1.2586712676348426,-0.0004753249285259,0.0933183636375245,6.079565908678729,5.456991507248713,NORMAL
09:09:00,,,step_27,다마신_포토,IDLE,1.2586712676348426,-0.0004753249285259,0.0933183636375245,6.079565908678729,5.456991507248713,NORMAL
09:09:05,,,step_27,다마신_포토,IDLE,1.2586712676348426,-0.0004753249285259,0.0933183636375245,6.079565908678729,5.456991507248713,NORMAL
09:09:10,,,step_27,다마신_포토,IDLE,1.2586712676348426,-0.0004753249285259,0.0933183636375245,6.079565908678729,5.456991507248713,NORMAL
09:09:15,,,step_27,다마신_포토,IDLE,1.2586712676348426,-0.0004753249285259,0.0933183636375245,6.079565908678729,5.456991507248713,NORMAL
09:09:20,,,step_27,다마신_포토,IDLE,1.2586712676348426,-0.0004753249285259,0.0933183636375245,6.079565908678729,5.456991507248713,NORMAL
09:09:25,,,step_27,다마신_포토,IDLE,1.2586712676348426,-0.0004753249285259,0.0933183636375245,6.079565908678729,5.456991507248713,NORMAL
09:09:30,,,step_27,다마신_포토,IDLE,1.2586712676348426,-0.0004753249285259,0.0933183636375245,6.079565908678729,5.456991507248713,NORMAL
09:09:35,,,step_27,다마신_포토,IDLE,1.2586712676348426,-0.0004753249285259,0.0933183636375245,6.079565908678729,5.456991507248713,NORMAL
09:09:40,,,step_27,다마신_포토,IDLE,1.2586712676348426,-0.0004753249285259,0.0933183636375245,6.079565908678729,5.456991507248713,NORMAL
09:09:45,,,step_27,다마신_포토,IDLE,1.2586712676348426,-0.0004753249285259,0.0933183636375245,6.079565908678729,5.456991507248713,NORMAL
09:09:50,,,step_27,다마신_포토,IDLE,1.2586712676348426,-0.0004753249285259,0.0933183636375245,6.079565908678729,5.456991507248713,NORMAL
09:09:55,,,step_27,다마신_포토,IDLE,1.2586712676348426,-0.0004753249285259,0.0933183636375245,6.079565908678729,5.456991507248713,NORMAL
09:10:00,,,step_27,다마신_포토,IDLE,1.2586712676348426,-0.0004753249285259,0.0933183636375245,6.079565908678729,5.456991507248713,NORMAL
09:10:05,,,step_27,다마신_포토,IDLE,1.2586712676348426,-0.0004753249285259,0.0933183636375245,6.079565908678729,5.456991507248713,NORMAL
09:10:10,,,step_27,다마신_포토,IDLE,1.2586712676348426,-0.0004753249285259,0.0933183636375245,6.079565908678729,5.456991507248713,NORMAL
09:10:15,,,step_27,다마신_포토,IDLE,1.2586712676348426,-0.0004753249285259,0.0933183636375245,6.079565908678729,5.456991507248713,NORMAL
09:10:20,,,step_27,다마신_포토,IDLE,1.2586712676348426,-0.0004753249285259,0.0933183636375245,6.079565908678729,5.456991507248713,NORMAL
09:10:25,,,step_27,다마신_포토,IDLE,1.2586712676348426,-0.0004753249285259,0.0933183636375245,6.079565908678729,5.456991507248713,NORMAL
09:10:30,,,step_27,다마신_포토,IDLE,1.2586712676348426,-0.0004753249285259,0.0933183636375245,6.079565908678729,5.456991507248713,NORMAL
09:10:35,,,step_27,다마신_포토,IDLE,1.2586712676348426,-0.0004753249285259,0.0933183636375245,6.079565908678729,5.456991507248713,NORMAL
09:10:40,,,step_27,다마신_포토,IDLE,1.2586712676348426,-0.0004753249285259,0.0933183636375245,6.079565908678729,5.456991507248713,NORMAL
09:10:45,,,step_27,다마신_포토,IDLE,1.2586712676348426,-0.0004753249285259,0.0933183636375245,6.079565908678729,5.456991507248713,NORMAL
09:10:50,,,step_27,다마신_포토,IDLE,1.2586712676348426,-0.0004753249285259,0.0933183636375245,6.079565908678729,5.456991507248713,NORMAL
09:10:55,,,step_27,다마신_포토,IDLE,1.2586712676348426,-0.0004753249285259,0.0933183636375245,6.079565908678729,5.456991507248713,NORMAL
09:11:00,,,step_27,다마신_포토,IDLE,1.2586712676348426,-0.0004753249285259,0.0933183636375245,6.079565908678729,5.456991507248713,NORMAL
09:11:05,,,step_27,다마신_포토,IDLE,1.2586712676348426,-0.0004753249285259,0.0933183636375245,6.079565908678729,5.456991507248713,NORMAL
09:11:10,,,step_27,다마신_포토,IDLE,1.2586712676348426,-0.0004753249285259,0.0933183636375245,6.079565908678729,5.456991507248713,NORMAL
09:11:15,,,step_27,다마신_포토,IDLE,1.2586712676348426,-0.0004753249285259,0.0933183636375245,6.079565908678729,5.456991507248713,NORMAL
09:11:20,,,step_27,다마신_포토,IDLE,1.2586712676348426,-0.0004753249285259,0.0933183636375245,6.079565908678729,5.456991507248713,NORMAL
09:11:25,,,step_27,다마신_포토,IDLE,1.2586712676348426,-0.0004753249285259,0.0933183636375245,6.079565908678729,5.456991507248713,NORMAL
09:11:30,,,step_27,다마신_포토,IDLE,1.2586712676348426,-0.0004753249285259,0.0933183636375245,6.079565908678729,5.456991507248713,NORMAL
09:11:35,,,step_27,다마신_포토,IDLE,1.2586712676348426,-0.0004753249285259,0.0933183636375245,6.079565908678729,5.456991507248713,NORMAL
09:11:40,,,step_27,다마신_포토,IDLE,1.2586712676348426,-0.0004753249285259,0.0933183636375245,6.079565908678729,5.456991507248713,NORMAL
09:11:45,,,step_27,다마신_포토,IDLE,1.2586712676348426,-0.0004753249285259,0.0933183636375245,6.079565908678729,5.456991507248713,NORMAL
09:11:50,,,step_27,다마신_포토,IDLE,1.2586712676348426,-0.0004753249285259,0.0933183636375245,6.079565908678729,5.456991507248713,NORMAL
09:11:55,,,step_27,다마신_포토,IDLE,1.2586712676348426,-0.0004753249285259,0.0933183636375245,6.079565908678729,5.456991507248713,NORMAL
09:12:00,,,step_27,다마신_포토,IDLE,1.2586712676348426,-0.0004753249285259,0.0933183636375245,6.079565908678729,5.456991507248713,NORMAL
09:12:05,,,step_27,다마신_포토,IDLE,1.2586712676348426,-0.0004753249285259,0.0933183636375245,6.079565908678729,5.456991507248713,NORMAL
09:12:10,,,step_27,다마신_포토,IDLE,1.2586712676348426,-0.0004753249285259,0.0933183636375245,6.079565908678729,5.456991507248713,NORMAL
09:12:15,,,step_27,다마신_포토,IDLE,1.2586712676348426,-0.0004753249285259,0.0933183636375245,6.079565908678729,5.456991507248713,NORMAL
09:12:20,,,step_27,다마신_포토,IDLE,1.2586712676348426,-0.0004753249285259,0.0933183636375245,6.079565908678729,5.456991507248713,NORMAL
09:12:25,,,step_27,다마신_포토,IDLE,1.2586712676348426,-0.0004753249285259,0.0933183636375245,6.079565908678729,5.456991507248713,NORMAL
09:12:30,,,step_27,다마신_포토,IDLE,1.2586712676348426,-0.0004753249285259,0.0933183636375245,6.079565908678729,5.456991507248713,NORMAL
09:12:35,,,step_27,다마신_포토,IDLE,1.2586712676348426,-0.0004753249285259,0.0933183636375245,6.079565908678729,5.456991507248713,NORMAL
09:12:40,,,step_27,다마신_포토,IDLE,1.2586712676348426,-0.0004753249285259,0.0933183636375245,6.079565908678729,5.456991507248713,NORMAL
09:12:45,,,step_27,다마신_포토,IDLE,1.2586712676348426,-0.0004753249285259,0.0933183636375245,6.079565908678729,5.456991507248713,NORMAL
09:12:50,,,step_27,다마신_포토,IDLE,1.2586712676348426,-0.0004753249285259,0.0933183636375245,6.079565908678729,5.456991507248713,NORMAL
09:12:55,,,step_27,다마신_포토,IDLE,1.2586712676348426,-0.0004753249285259,0.0933183636375245,6.079565908678729,5.456991507248713,NORMAL
09:13:00,,,step_27,다마신_포토,IDLE,1.2586712676348426,-0.0004753249285259,0.0933183636375245,6.079565908678729,5.456991507248713,NORMAL
09:13:05,,,step_27,다마신_포토,IDLE,1.2586712676348426,-0.0004753249285259,0.0933183636375245,6.079565908678729,5.456991507248713,NORMAL
09:13:10,,,step_27,다마신_포토,IDLE,1.2586712676348426,-0.0004753249285259,0.0933183636375245,6.079565908678729,5.456991507248713,NORMAL
09:13:15,,,step_27,다마신_포토,IDLE,1.2586712676348426,-0.0004753249285259,0.0933183636375245,6.079565908678729,5.456991507248713,NORMAL
09:13:20,,,step_27,다마신_포토,IDLE,1.2586712676348426,-0.0004753249285259,0.0933183636375245,6.079565908678729,5.456991507248713,NORMAL
09:13:25,,,step_27,다마신_포토,IDLE,1.2586712676348426,-0.0004753249285259,0.0933183636375245,6.079565908678729,5.456991507248713,NORMAL
09:13:30,,,step_27,다마신_포토,IDLE,1.2586712676348426,-0.0004753249285259,0.0933183636375245,6.079565908678729,5.456991507248713,NORMAL
09:13:35,,,step_27,다마신_포토,IDLE,1.2586712676348426,-0.0004753249285259,0.0933183636375245,6.079565908678729,5.456991507248713,NORMAL
09:13:40,,,step_27,다마신_포토,IDLE,1.2586712676348426,-0.0004753249285259,0.0933183636375245,6.079565908678729,5.456991507248713,NORMAL
09:13:45,,,step_27,다마신_포토,IDLE,1.2586712676348426,-0.0004753249285259,0.0933183636375245,6.079565908678729,5.456991507248713,NORMAL
09:13:50,,,step_27,다마신_포토,IDLE,1.2586712676348426,-0.0004753249285259,0.0933183636375245,6.079565908678729,5.456991507248713,NORMAL
09:13:55,,,step_27,다마신_포토,IDLE,1.2586712676348426,-0.0004753249285259,0.0933183636375245,6.079565908678729,5.456991507248713,NORMAL
09:14:00,,,step_27,다마신_포토,IDLE,1.2586712676348426,-0.0004753249285259,0.0933183636375245,6.079565908678729,5.456991507248713,NORMAL
09:14:05,,,step_27,다마신_포토,IDLE,1.2586712676348426,-0.0004753249285259,0.0933183636375245,6.079565908678729,5.456991507248713,NORMAL
09:14:10,,,step_27,다마신_포토,IDLE,1.2586712676348426,-0.0004753249285259,0.0933183636375245,6.079565908678729,5.456991507248713,NORMAL
09:14:15,,,step_27,다마신_포토,IDLE,1.2586712676348426,-0.0004753249285259,0.0933183636375245,6.079565908678729,5.456991507248713,NORMAL
09:14:20,,,step_27,다마신_포토,IDLE,1.2586712676348426,-0.0004753249285259,0.0933183636375245,6.079565908678729,5.456991507248713,NORMAL
09:14:25,,,step_27,다마신_포토,IDLE,1.2586712676348426,-0.0004753249285259,0.0933183636375245,6.079565908678729,5.456991507248713,NORMAL
09:14:30,,,step_27,다마신_포토,IDLE,1.2586712676348426,-0.0004753249285259,0.0933183636375245,6.079565908678729,5.456991507248713,NORMAL
09:14:35,,,step_27,다마신_포토,IDLE,1.2586712676348426,-0.0004753249285259,0.0933183636375245,6.079565908678729,5.456991507248713,NORMAL
09:14:40,,,step_27,다마신_포토,IDLE,1.2586712676348426,-0.0004753249285259,0.0933183636375245,6.079565908678729,5.456991507248713,NORMAL
09:14:45,,,step_27,다마신_포토,IDLE,1.2586712676348426,-0.0004753249285259,0.0933183636375245,6.079565908678729,5.456991507248713,NORMAL
09:14:50,,,step_27,다마신_포토,IDLE,1.2586712676348426,-0.0004753249285259,0.0933183636375245,6.079565908678729,5.456991507248713,NORMAL
09:14:55,,,step_27,다마신_포토,IDLE,1.2586712676348426,-0.0004753249285259,0.0933183636375245,6.079565908678729,5.456991507248713,NORMAL
09:15:00,,,step_27,다마신_포토,IDLE,1.2586712676348426,-0.0004753249285259,0.0933183636375245,6.079565908678729,5.456991507248713,NORMAL
09:15:05,,,step_27,다마신_포토,IDLE,1.2586712676348426,-0.0004753249285259,0.0933183636375245,6.079565908678729,5.456991507248713,NORMAL
09:15:10,,,step_27,다마신_포토,IDLE,1.2586712676348426,-0.0004753249285259,0.0933183636375245,6.079565908678729,5.456991507248713,NORMAL
09:15:15,,,step_27,다마신_포토,IDLE,1.2586712676348426,-0.0004753249285259,0.0933183636375245,6.079565908678729,5.456991507248713,NORMAL
09:15:20,,,step_27,다마신_포토,IDLE,1.2586712676348426,-0.0004753249285259,0.0933183636375245,6.079565908678729,5.456991507248713,NORMAL
09:15:25,,,step_27,다마신_포토,IDLE,1.2586712676348426,-0.0004753249285259,0.0933183636375245,6.079565908678729,5.456991507248713,NORMAL
09:15:30,,,step_27,다마신_포토,IDLE,1.2586712676348426,-0.0004753249285259,0.0933183636375245,6.079565908678729,5.456991507248713,NORMAL
09:15:35,,,step_27,다마신_포토,IDLE,1.2586712676348426,-0.0004753249285259,0.0933183636375245,6.079565908678729,5.456991507248713,NORMAL
09:15:40,,,step_27,다마신_포토,IDLE,1.2586712676348426,-0.0004753249285259,0.0933183636375245,6.079565908678729,5.456991507248713,NORMAL
09:15:45,,,step_27,다마신_포토,IDLE,1.2586712676348426,-0.0004753249285259,0.0933183636375245,6.079565908678729,5.456991507248713,NORMAL
09:15:50,,,step_27,다마신_포토,IDLE,1.2586712676348426,-0.0004753249285259,0.0933183636375245,6.079565908678729,5.456991507248713,NORMAL
09:15:55,,,step_27,다마신_포토,IDLE,1.2586712676348426,-0.0004753249285259,0.0933183636375245,6.079565908678729,5.456991507248713,NORMAL
09:16:00,,,step_27,다마신_포토,IDLE,1.2586712676348426,-0.0004753249285259,0.0933183636375245,6.079565908678729,5.456991507248713,NORMAL
09:16:05,,,step_27,다마신_포토,IDLE,1.2586712676348426,-0.0004753249285259,0.0933183636375245,6.079565908678729,5.456991507248713,NORMAL
09:16:10,,,step_27,다마신_포토,IDLE,1.2586712676348426,-0.0004753249285259,0.0933183636375245,6.079565908678729,5.456991507248713,NORMAL
09:16:15,,,step_27,다마신_포토,IDLE,1.2586712676348426,-0.0004753249285259,0.0933183636375245,6.079565908678729,5.456991507248713,NORMAL
09:16:20,,,step_27,다마신_포토,IDLE,1.2586712676348426,-0.0004753249285259,0.0933183636375245,6.079565908678729,5.456991507248713,NORMAL
09:16:25,,,step_27,다마신_포토,IDLE,1.2586712676348426,-0.0004753249285259,0.0933183636375245,6.079565908678729,5.456991507248713,NORMAL
09:16:30,,,step_27,다마신_포토,IDLE,1.2586712676348426,-0.0004753249285259,0.0933183636375245,6.079565908678729,5.456991507248713,NORMAL
09:16:35,,,step_27,다마신_포토,IDLE,1.2586712676348426,-0.0004753249285259,0.0933183636375245,6.079565908678729,5.456991507248713,NORMAL
09:16:40,,,step_27,다마신_포토,IDLE,1.2586712676348426,-0.0004753249285259,0.0933183636375245,6.079565908678729,5.456991507248713,NORMAL
09:16:45,,,step_27,다마신_포토,IDLE,1.2586712676348426,-0.0004753249285259,0.0933183636375245,6.079565908678729,5.456991507248713,NORMAL
09:16:50,,,step_27,다마신_포토,IDLE,1.2586712676348426,-0.0004753249285259,0.0933183636375245,6.079565908678729,5.456991507248713,NORMAL
09:16:55,,,step_27,다마신_포토,IDLE,1.2586712676348426,-0.0004753249285259,0.0933183636375245,6.079565908678729,5.456991507248713,NORMAL
09:17:00,,,step_27,다마신_포토,IDLE,1.2586712676348426,-0.0004753249285259,0.0933183636375245,6.079565908678729,5.456991507248713,NORMAL
09:17:05,,,step_27,다마신_포토,IDLE,1.2586712676348426,-0.0004753249285259,0.0933183636375245,6.079565908678729,5.456991507248713,NORMAL
09:17:10,,,step_27,다마신_포토,IDLE,1.2586712676348426,-0.0004753249285259,0.0933183636375245,6.079565908678729,5.456991507248713,NORMAL
09:17:15,,,step_27,다마신_포토,IDLE,1.2586712676348426,-0.0004753249285259,0.0933183636375245,6.079565908678729,5.456991507248713,NORMAL
09:17:20,,,step_27,다마신_포토,IDLE,1.2586712676348426,-0.0004753249285259,0.0933183636375245,6.079565908678729,5.456991507248713,NORMAL
09:17:25,,,step_27,다마신_포토,IDLE,1.2586712676348426,-0.0004753249285259,0.0933183636375245,6.079565908678729,5.456991507248713,NORMAL
09:17:30,,,step_27,다마신_포토,IDLE,1.2586712676348426,-0.0004753249285259,0.0933183636375245,6.079565908678729,5.456991507248713,NORMAL
09:17:35,,,step_27,다마신_포토,IDLE,1.2586712676348426,-0.0004753249285259,0.0933183636375245,6.079565908678729,5.456991507248713,NORMAL
09:17:40,,,step_27,다마신_포토,IDLE,1.2586712676348426,-0.0004753249285259,0.0933183636375245,6.079565908678729,5.456991507248713,NORMAL
09:17:45,,,step_27,다마신_포토,IDLE,1.2586712676348426,-0.0004753249285259,0.0933183636375245,6.079565908678729,5.456991507248713,NORMAL
09:17:50,,,step_27,다마신_포토,IDLE,1.2586712676348426,-0.0004753249285259,0.0933183636375245,6.079565908678729,5.456991507248713,NORMAL
09:17:55,,,step_27,다마신_포토,IDLE,1.2586712676348426,-0.0004753249285259,0.0933183636375245,6.079565908678729,5.456991507248713,NORMAL
09:18:00,,,step_27,다마신_포토,IDLE,1.2586712676348426,-0.0004753249285259,0.0933183636375245,6.079565908678729,5.456991507248713,NORMAL
09:18:05,,,step_27,다마신_포토,IDLE,1.2586712676348426,-0.0004753249285259,0.0933183636375245,6.079565908678729,5.456991507248713,NORMAL
09:18:10,,,step_27,다마신_포토,IDLE,1.2586712676348426,-0.0004753249285259,0.0933183636375245,6.079565908678729,5.456991507248713,NORMAL
09:18:15,,,step_27,다마신_포토,IDLE,1.2586712676348426,-0.0004753249285259,0.0933183636375245,6.079565908678729,5.456991507248713,NORMAL
09:18:20,,,step_27,다마신_포토,IDLE,1.2586712676348426,-0.0004753249285259,0.0933183636375245,6.079565908678729,5.456991507248713,NORMAL
09:18:25,,,step_27,다마신_포토,IDLE,1.2586712676348426,-0.0004753249285259,0.0933183636375245,6.079565908678729,5.456991507248713,NORMAL
09:18:30,,,step_27,다마신_포토,IDLE,1.2586712676348426,-0.0004753249285259,0.0933183636375245,6.079565908678729,5.456991507248713,NORMAL
09:18:35,,,step_27,다마신_포토,IDLE,1.2586712676348426,-0.0004753249285259,0.0933183636375245,6.079565908678729,5.456991507248713,NORMAL
09:18:40,,,step_27,다마신_포토,IDLE,1.2586712676348426,-0.0004753249285259,0.0933183636375245,6.079565908678729,5.456991507248713,NORMAL
09:18:45,,,step_27,다마신_포토,IDLE,1.2586712676348426,-0.0004753249285259,0.0933183636375245,6.079565908678729,5.456991507248713,NORMAL
09:18:50,,,step_27,다마신_포토,IDLE,1.2586712676348426,-0.0004753249285259,0.0933183636375245,6.079565908678729,5.456991507248713,NORMAL
09:18:55,,,step_27,다마신_포토,IDLE,1.2586712676348426,-0.0004753249285259,0.0933183636375245,6.079565908678729,5.456991507248713,NORMAL
09:19:00,,,step_27,다마신_포토,IDLE,1.2586712676348426,-0.0004753249285259,0.0933183636375245,6.079565908678729,5.456991507248713,NORMAL
09:19:05,,,step_27,다마신_포토,IDLE,1.2586712676348426,-0.0004753249285259,0.0933183636375245,6.079565908678729,5.456991507248713,NORMAL
09:19:10,,,step_27,다마신_포토,IDLE,1.2586712676348426,-0.0004753249285259,0.0933183636375245,6.079565908678729,5.456991507248713,NORMAL
09:19:15,,,step_27,다마신_포토,IDLE,1.2586712676348426,-0.0004753249285259,0.0933183636375245,6.079565908678729,5.456991507248713,NORMAL
09:19:20,,,step_27,다마신_포토,IDLE,1.2586712676348426,-0.0004753249285259,0.0933183636375245,6.079565908678729,5.456991507248713,NORMAL
09:19:25,,,step_27,다마신_포토,IDLE,1.2586712676348426,-0.0004753249285259,0.0933183636375245,6.079565908678729,5.456991507248713,NORMAL
09:19:30,,,step_27,다마신_포토,IDLE,1.2586712676348426,-0.0004753249285259,0.0933183636375245,6.079565908678729,5.456991507248713,NORMAL
09:19:35,,,step_27,다마신_포토,IDLE,1.2586712676348426,-0.0004753249285259,0.0933183636375245,6.079565908678729,5.456991507248713,NORMAL
09:19:40,,,step_27,다마신_포토,IDLE,1.2586712676348426,-0.0004753249285259,0.0933183636375245,6.079565908678729,5.456991507248713,NORMAL
09:19:45,,,step_27,다마신_포토,IDLE,1.2586712676348426,-0.0004753249285259,0.0933183636375245,6.079565908678729,5.456991507248713,NORMAL
09:19:50,,,step_27,다마신_포토,IDLE,1.2586712676348426,-0.0004753249285259,0.0933183636375245,6.079565908678729,5.456991507248713,NORMAL
09:19:55,,,step_27,다마신_포토,IDLE,1.2586712676348426,-0.0004753249285259,0.0933183636375245,6.079565908678729,5.456991507248713,NORMAL
09:20:00,,,step_27,다마신_포토,IDLE,1.2586712676348426,-0.0004753249285259,0.0933183636375245,6.079565908678729,5.456991507248713,NORMAL
09:20:05,,,step_27,다마신_포토,IDLE,1.2586712676348426,-0.0004753249285259,0.0933183636375245,6.079565908678729,5.456991507248713,NORMAL
09:20:10,,,step_27,다마신_포토,IDLE,1.2586712676348426,-0.0004753249285259,0.0933183636375245,6.079565908678729,5.456991507248713,NORMAL
09:20:15,,,step_27,다마신_포토,IDLE,1.2586712676348426,-0.0004753249285259,0.0933183636375245,6.079565908678729,5.456991507248713,NORMAL
09:20:20,,,step_27,다마신_포토,IDLE,1.2586712676348426,-0.0004753249285259,0.0933183636375245,6.079565908678729,5.456991507248713,NORMAL
09:20:25,,,step_27,다마신_포토,IDLE,1.2586712676348426,-0.0004753249285259,0.0933183636375245,6.079565908678729,5.456991507248713,NORMAL
09:20:30,,,step_27,다마신_포토,IDLE,1.2586712676348426,-0.0004753249285259,0.0933183636375245,6.079565908678729,5.456991507248713,NORMAL
09:20:35,,,step_27,다마신_포토,IDLE,1.2586712676348426,-0.0004753249285259,0.0933183636375245,6.079565908678729,5.456991507248713,NORMAL
09:20:40,,,step_27,다마신_포토,IDLE,1.2586712676348426,-0.0004753249285259,0.0933183636375245,6.079565908678729,5.456991507248713,NORMAL
09:20:45,,,step_27,다마신_포토,IDLE,1.2586712676348426,-0.0004753249285259,0.0933183636375245,6.079565908678729,5.456991507248713,NORMAL
09:20:50,,,step_27,다마신_포토,IDLE,1.2586712676348426,-0.0004753249285259,0.0933183636375245,6.079565908678729,5.456991507248713,NORMAL
09:20:55,,,step_27,다마신_포토,IDLE,1.2586712676348426,-0.0004753249285259,0.0933183636375245,6.079565908678729,5.456991507248713,NORMAL
09:21:00,,,step_27,다마신_포토,IDLE,1.2586712676348426,-0.0004753249285259,0.0933183636375245,6.079565908678729,5.456991507248713,NORMAL
09:21:05,,,step_27,다마신_포토,IDLE,1.2586712676348426,-0.0004753249285259,0.0933183636375245,6.079565908678729,5.456991507248713,NORMAL
09:21:10,,,step_27,다마신_포토,IDLE,1.2586712676348426,-0.0004753249285259,0.0933183636375245,6.079565908678729,5.456991507248713,NORMAL
09:21:15,,,step_27,다마신_포토,IDLE,1.2586712676348426,-0.0004753249285259,0.0933183636375245,6.079565908678729,5.456991507248713,NORMAL
09:21:20,,,step_27,다마신_포토,IDLE,1.2586712676348426,-0.0004753249285259,0.0933183636375245,6.079565908678729,5.456991507248713,NORMAL
09:21:25,,,step_27,다마신_포토,IDLE,1.2586712676348426,-0.0004753249285259,0.0933183636375245,6.079565908678729,5.456991507248713,NORMAL
09:21:30,,,step_27,다마신_포토,IDLE,1.2586712676348426,-0.0004753249285259,0.0933183636375245,6.079565908678729,5.456991507248713,NORMAL
09:21:35,,,step_27,다마신_포토,IDLE,1.2586712676348426,-0.0004753249285259,0.0933183636375245,6.079565908678729,5.456991507248713,NORMAL
09:21:40,,,step_27,다마신_포토,IDLE,1.2586712676348426,-0.0004753249285259,0.0933183636375245,6.079565908678729,5.456991507248713,NORMAL
09:21:45,,,step_27,다마신_포토,IDLE,1.2586712676348426,-0.0004753249285259,0.0933183636375245,6.079565908678729,5.456991507248713,NORMAL
09:21:50,,,step_27,다마신_포토,IDLE,1.2586712676348426,-0.0004753249285259,0.0933183636375245,6.079565908678729,5.456991507248713,NORMAL
09:21:55,,,step_27,다마신_포토,IDLE,1.2586712676348426,-0.0004753249285259,0.0933183636375245,6.079565908678729,5.456991507248713,NORMAL
09:22:00,,,step_27,다마신_포토,IDLE,1.2586712676348426,-0.0004753249285259,0.0933183636375245,6.079565908678729,5.456991507248713,NORMAL
09:22:05,,,step_27,다마신_포토,IDLE,1.2586712676348426,-0.0004753249285259,0.0933183636375245,6.079565908678729,5.456991507248713,NORMAL
09:22:10,,,step_27,다마신_포토,IDLE,1.2586712676348426,-0.0004753249285259,0.0933183636375245,6.079565908678729,5.456991507248713,NORMAL
09:22:15,,,step_27,다마신_포토,IDLE,1.2586712676348426,-0.0004753249285259,0.0933183636375245,6.079565908678729,5.456991507248713,NORMAL
09:22:20,,,step_27,다마신_포토,IDLE,1.2586712676348426,-0.0004753249285259,0.0933183636375245,6.079565908678729,5.456991507248713,NORMAL
09:22:25,,,step_27,다마신_포토,IDLE,1.2586712676348426,-0.0004753249285259,0.0933183636375245,6.079565908678729,5.456991507248713,NORMAL
09:22:30,,,step_27,다마신_포토,IDLE,1.2586712676348426,-0.0004753249285259,0.0933183636375245,6.079565908678729,5.456991507248713,NORMAL
09:22:35,,,step_27,다마신_포토,IDLE,1.2586712676348426,-0.0004753249285259,0.0933183636375245,6.079565908678729,5.456991507248713,NORMAL
09:22:40,,,step_27,다마신_포토,IDLE,1.2586712676348426,-0.0004753249285259,0.0933183636375245,6.079565908678729,5.456991507248713,NORMAL
09:22:45,,,step_27,다마신_포토,IDLE,1.2586712676348426,-0.0004753249285259,0.0933183636375245,6.079565908678729,5.456991507248713,NORMAL
09:22:50,,,step_27,다마신_포토,IDLE,1.2586712676348426,-0.0004753249285259,0.0933183636375245,6.079565908678729,5.456991507248713,NORMAL
09:22:55,,,step_27,다마신_포토,IDLE,1.2586712676348426,-0.0004753249285259,0.0933183636375245,6.079565908678729,5.456991507248713,NORMAL
09:23:00,,,step_27,다마신_포토,IDLE,1.2586712676348426,-0.0004753249285259,0.0933183636375245,6.079565908678729,5.456991507248713,NORMAL
09:23:05,,,step_27,다마신_포토,IDLE,1.2586712676348426,-0.0004753249285259,0.0933183636375245,6.079565908678729,5.456991507248713,NORMAL
09:23:10,,,step_27,다마신_포토,IDLE,1.2586712676348426,-0.0004753249285259,0.0933183636375245,6.079565908678729,5.456991507248713,NORMAL
09:23:15,,,step_27,다마신_포토,IDLE,1.2586712676348426,-0.0004753249285259,0.0933183636375245,6.079565908678729,5.456991507248713,NORMAL
09:23:20,,,step_27,다마신_포토,IDLE,1.2586712676348426,-0.0004753249285259,0.0933183636375245,6.079565908678729,5.456991507248713,NORMAL
09:23:25,,,step_27,다마신_포토,IDLE,1.2586712676348426,-0.0004753249285259,0.0933183636375245,6.079565908678729,5.456991507248713,NORMAL
09:23:30,,,step_27,다마신_포토,IDLE,1.2586712676348426,-0.0004753249285259,0.0933183636375245,6.079565908678729,5.456991507248713,NORMAL
09:23:35,,,step_27,다마신_포토,IDLE,1.2586712676348426,-0.0004753249285259,0.0933183636375245,6.079565908678729,5.456991507248713,NORMAL
09:23:40,,,step_27,다마신_포토,IDLE,1.2586712676348426,-0.0004753249285259,0.0933183636375245,6.079565908678729,5.456991507248713,NORMAL
09:23:45,,,step_27,다마신_포토,IDLE,1.2586712676348426,-0.0004753249285259,0.0933183636375245,6.079565908678729,5.456991507248713,NORMAL
09:23:50,,,step_27,다마신_포토,IDLE,1.2586712676348426,-0.0004753249285259,0.0933183636375245,6.079565908678729,5.456991507248713,NORMAL
09:23:55,,,step_27,다마신_포토,IDLE,1.2586712676348426,-0.0004753249285259,0.0933183636375245,6.079565908678729,5.456991507248713,NORMAL
09:24:00,,,step_27,다마신_포토,IDLE,1.2586712676348426,-0.0004753249285259,0.0933183636375245,6.079565908678729,5.456991507248713,NORMAL
09:24:05,,,step_27,다마신_포토,IDLE,1.2586712676348426,-0.0004753249285259,0.0933183636375245,6.079565908678729,5.456991507248713,NORMAL
09:24:10,,,step_27,다마신_포토,IDLE,1.2586712676348426,-0.0004753249285259,0.0933183636375245,6.079565908678729,5.456991507248713,NORMAL
09:24:15,,,step_27,다마신_포토,IDLE,1.2586712676348426,-0.0004753249285259,0.0933183636375245,6.079565908678729,5.456991507248713,NORMAL
09:24:20,,,step_27,다마신_포토,IDLE,1.2586712676348426,-0.0004753249285259,0.0933183636375245,6.079565908678729,5.456991507248713,NORMAL
09:24:25,,,step_27,다마신_포토,IDLE,1.2586712676348426,-0.0004753249285259,0.0933183636375245,6.079565908678729,5.456991507248713,NORMAL
09:24:30,,,step_27,다마신_포토,IDLE,1.2586712676348426,-0.0004753249285259,0.0933183636375245,6.079565908678729,5.456991507248713,NORMAL
09:24:35,,,step_27,다마신_포토,IDLE,1.2586712676348426,-0.0004753249285259,0.0933183636375245,6.079565908678729,5.456991507248713,NORMAL
09:24:40,,,step_27,다마신_포토,IDLE,1.2586712676348426,-0.0004753249285259,0.0933183636375245,6.079565908678729,5.456991507248713,NORMAL
09:24:45,,,step_27,다마신_포토,IDLE,1.2586712676348426,-0.0004753249285259,0.0933183636375245,6.079565908678729,5.456991507248713,NORMAL
09:24:50,,,step_27,다마신_포토,IDLE,1.2586712676348426,-0.0004753249285259,0.0933183636375245,6.079565908678729,5.456991507248713,NORMAL
09:24:55,,,step_27,다마신_포토,IDLE,1.2586712676348426,-0.0004753249285259,0.0933183636375245,6.079565908678729,5.456991507248713,NORMAL
09:25:00,,,step_27,다마신_포토,IDLE,1.2586712676348426,-0.0004753249285259,0.0933183636375245,6.079565908678729,5.456991507248713,NORMAL
09:25:05,,,step_27,다마신_포토,IDLE,1.2586712676348426,-0.0004753249285259,0.0933183636375245,6.079565908678729,5.456991507248713,NORMAL
09:25:10,,,step_27,다마신_포토,IDLE,1.2586712676348426,-0.0004753249285259,0.0933183636375245,6.079565908678729,5.456991507248713,NORMAL
09:25:15,,,step_27,다마신_포토,IDLE,1.2586712676348426,-0.0004753249285259,0.0933183636375245,6.079565908678729,5.456991507248713,NORMAL
09:25:20,,,step_27,다마신_포토,IDLE,1.2586712676348426,-0.0004753249285259,0.0933183636375245,6.079565908678729,5.456991507248713,NORMAL
09:25:25,,,step_27,다마신_포토,IDLE,1.2586712676348426,-0.0004753249285259,0.0933183636375245,6.079565908678729,5.456991507248713,NORMAL
09:25:30,,,step_27,다마신_포토,IDLE,1.2586712676348426,-0.0004753249285259,0.0933183636375245,6.079565908678729,5.456991507248713,NORMAL
09:25:35,,,step_27,다마신_포토,IDLE,1.2586712676348426,-0.0004753249285259,0.0933183636375245,6.079565908678729,5.456991507248713,NORMAL
09:25:40,,,step_27,다마신_포토,IDLE,1.2586712676348426,-0.0004753249285259,0.0933183636375245,6.079565908678729,5.456991507248713,NORMAL
09:25:45,,,step_27,다마신_포토,IDLE,1.2586712676348426,-0.0004753249285259,0.0933183636375245,6.079565908678729,5.456991507248713,NORMAL
09:25:50,,,step_27,다마신_포토,IDLE,1.2586712676348426,-0.0004753249285259,0.0933183636375245,6.079565908678729,5.456991507248713,NORMAL
09:25:55,,,step_27,다마신_포토,IDLE,1.2586712676348426,-0.0004753249285259,0.0933183636375245,6.079565908678729,5.456991507248713,NORMAL
09:26:00,,,step_27,다마신_포토,IDLE,1.2586712676348426,-0.0004753249285259,0.0933183636375245,6.079565908678729,5.456991507248713,NORMAL
09:26:05,,,step_27,다마신_포토,IDLE,1.2586712676348426,-0.0004753249285259,0.0933183636375245,6.079565908678729,5.456991507248713,NORMAL
09:26:10,,,step_27,다마신_포토,IDLE,1.2586712676348426,-0.0004753249285259,0.0933183636375245,6.079565908678729,5.456991507248713,NORMAL
09:26:15,,,step_27,다마신_포토,IDLE,1.2586712676348426,-0.0004753249285259,0.0933183636375245,6.079565908678729,5.456991507248713,NORMAL
09:26:20,,,step_27,다마신_포토,IDLE,1.2586712676348426,-0.0004753249285259,0.0933183636375245,6.079565908678729,5.456991507248713,NORMAL
09:26:25,,,step_27,다마신_포토,IDLE,1.2586712676348426,-0.0004753249285259,0.0933183636375245,6.079565908678729,5.456991507248713,NORMAL
09:26:30,,,step_27,다마신_포토,IDLE,1.2586712676348426,-0.0004753249285259,0.0933183636375245,6.079565908678729,5.456991507248713,NORMAL
09:26:35,,,step_27,다마신_포토,IDLE,1.2586712676348426,-0.0004753249285259,0.0933183636375245,6.079565908678729,5.456991507248713,NORMAL
09:26:40,,,step_27,다마신_포토,IDLE,1.2586712676348426,-0.0004753249285259,0.0933183636375245,6.079565908678729,5.456991507248713,NORMAL
09:26:45,,,step_27,다마신_포토,IDLE,1.2586712676348426,-0.0004753249285259,0.0933183636375245,6.079565908678729,5.456991507248713,NORMAL
09:26:50,,,step_27,다마신_포토,IDLE,1.2586712676348426,-0.0004753249285259,0.0933183636375245,6.079565908678729,5.456991507248713,NORMAL
09:26:55,,,step_27,다마신_포토,IDLE,1.2586712676348426,-0.0004753249285259,0.0933183636375245,6.079565908678729,5.456991507248713,NORMAL
09:27:00,,,step_27,다마신_포토,IDLE,1.2586712676348426,-0.0004753249285259,0.0933183636375245,6.079565908678729,5.456991507248713,NORMAL
09:27:05,,,step_27,다마신_포토,IDLE,1.2586712676348426,-0.0004753249285259,0.0933183636375245,6.079565908678729,5.456991507248713,NORMAL
09:27:10,,,step_27,다마신_포토,IDLE,1.2586712676348426,-0.0004753249285259,0.0933183636375245,6.079565908678729,5.456991507248713,NORMAL
09:27:15,,,step_27,다마신_포토,IDLE,1.2586712676348426,-0.0004753249285259,0.0933183636375245,6.079565908678729,5.456991507248713,NORMAL
09:27:20,,,step_27,다마신_포토,IDLE,1.2586712676348426,-0.0004753249285259,0.0933183636375245,6.079565908678729,5.456991507248713,NORMAL
09:27:25,,,step_27,다마신_포토,IDLE,1.2586712676348426,-0.0004753249285259,0.0933183636375245,6.079565908678729,5.456991507248713,NORMAL
09:27:30,,,step_27,다마신_포토,IDLE,1.2586712676348426,-0.0004753249285259,0.0933183636375245,6.079565908678729,5.456991507248713,NORMAL
09:27:35,,,step_27,다마신_포토,IDLE,1.2586712676348426,-0.0004753249285259,0.0933183636375245,6.079565908678729,5.456991507248713,NORMAL
09:27:40,,,step_27,다마신_포토,IDLE,1.2586712676348426,-0.0004753249285259,0.0933183636375245,6.079565908678729,5.456991507248713,NORMAL
09:27:45,,,step_27,다마신_포토,IDLE,1.2586712676348426,-0.0004753249285259,0.0933183636375245,6.079565908678729,5.456991507248713,NORMAL
09:27:50,,,step_27,다마신_포토,IDLE,1.2586712676348426,-0.0004753249285259,0.0933183636375245,6.079565908678729,5.456991507248713,NORMAL
09:27:55,,,step_27,다마신_포토,IDLE,1.2586712676348426,-0.0004753249285259,0.0933183636375245,6.079565908678729,5.456991507248713,NORMAL
09:28:00,,,step_27,다마신_포토,IDLE,1.2586712676348426,-0.0004753249285259,0.0933183636375245,6.079565908678729,5.456991507248713,NORMAL
09:28:05,,,step_27,다마신_포토,IDLE,1.2586712676348426,-0.0004753249285259,0.0933183636375245,6.079565908678729,5.456991507248713,NORMAL
09:28:10,,,step_27,다마신_포토,IDLE,1.2586712676348426,-0.0004753249285259,0.0933183636375245,6.079565908678729,5.456991507248713,NORMAL
09:28:15,,,step_27,다마신_포토,IDLE,1.2586712676348426,-0.0004753249285259,0.0933183636375245,6.079565908678729,5.456991507248713,NORMAL
09:28:20,,,step_27,다마신_포토,IDLE,1.2586712676348426,-0.0004753249285259,0.0933183636375245,6.079565908678729,5.456991507248713,NORMAL
09:28:25,,,step_27,다마신_포토,IDLE,1.2586712676348426,-0.0004753249285259,0.0933183636375245,6.079565908678729,5.456991507248713,NORMAL
09:28:30,,,step_27,다마신_포토,IDLE,1.2586712676348426,-0.0004753249285259,0.0933183636375245,6.079565908678729,5.456991507248713,NORMAL
09:28:35,,,step_27,다마신_포토,IDLE,1.2586712676348426,-0.0004753249285259,0.0933183636375245,6.079565908678729,5.456991507248713,NORMAL
09:28:40,,,step_27,다마신_포토,IDLE,1.2586712676348426,-0.0004753249285259,0.0933183636375245,6.079565908678729,5.456991507248713,NORMAL
09:28:45,,,step_27,다마신_포토,IDLE,1.2586712676348426,-0.0004753249285259,0.0933183636375245,6.079565908678729,5.456991507248713,NORMAL
09:28:50,,,step_27,다마신_포토,IDLE,1.2586712676348426,-0.0004753249285259,0.0933183636375245,6.079565908678729,5.456991507248713,NORMAL
09:28:55,,,step_27,다마신_포토,IDLE,1.2586712676348426,-0.0004753249285259,0.0933183636375245,6.079565908678729,5.456991507248713,NORMAL
09:29:00,,,step_27,다마신_포토,IDLE,1.2586712676348426,-0.0004753249285259,0.0933183636375245,6.079565908678729,5.456991507248713,NORMAL
09:29:05,,,step_27,다마신_포토,IDLE,1.2586712676348426,-0.0004753249285259,0.0933183636375245,6.079565908678729,5.456991507248713,NORMAL
09:29:10,,,step_27,다마신_포토,IDLE,1.2586712676348426,-0.0004753249285259,0.0933183636375245,6.079565908678729,5.456991507248713,NORMAL
09:29:15,,,step_27,다마신_포토,IDLE,1.2586712676348426,-0.0004753249285259,0.0933183636375245,6.079565908678729,5.456991507248713,NORMAL
09:29:20,,,step_27,다마신_포토,IDLE,1.2586712676348426,-0.0004753249285259,0.0933183636375245,6.079565908678729,5.456991507248713,NORMAL
09:29:25,,,step_27,다마신_포토,IDLE,1.2586712676348426,-0.0004753249285259,0.0933183636375245,6.079565908678729,5.456991507248713,NORMAL
09:29:30,,,step_27,다마신_포토,IDLE,1.2586712676348426,-0.0004753249285259,0.0933183636375245,6.079565908678729,5.456991507248713,NORMAL
09:29:35,,,step_27,다마신_포토,IDLE,1.2586712676348426,-0.0004753249285259,0.0933183636375245,6.079565908678729,5.456991507248713,NORMAL
09:29:40,,,step_27,다마신_포토,IDLE,1.2586712676348426,-0.0004753249285259,0.0933183636375245,6.079565908678729,5.456991507248713,NORMAL
09:29:45,,,step_27,다마신_포토,IDLE,1.2586712676348426,-0.0004753249285259,0.0933183636375245,6.079565908678729,5.456991507248713,NORMAL
09:29:50,,,step_27,다마신_포토,IDLE,1.2586712676348426,-0.0004753249285259,0.0933183636375245,6.079565908678729,5.456991507248713,NORMAL
09:29:55,,,step_27,다마신_포토,IDLE,1.2586712676348426,-0.0004753249285259,0.0933183636375245,6.079565908678729,5.456991507248713,NORMAL
09:30:00,,,step_27,다마신_포토,IDLE,1.2586712676348426,-0.0004753249285259,0.0933183636375245,6.079565908678729,5.456991507248713,NORMAL
09:30:05,,,step_27,다마신_포토,IDLE,1.2586712676348426,-0.0004753249285259,0.0933183636375245,6.079565908678729,5.456991507248713,NORMAL
09:30:10,,,step_27,다마신_포토,IDLE,1.2586712676348426,-0.0004753249285259,0.0933183636375245,6.079565908678729,5.456991507248713,NORMAL
09:30:15,,,step_27,다마신_포토,IDLE,1.2586712676348426,-0.0004753249285259,0.0933183636375245,6.079565908678729,5.456991507248713,NORMAL
09:30:20,,,step_27,다마신_포토,IDLE,1.2586712676348426,-0.0004753249285259,0.0933183636375245,6.079565908678729,5.456991507248713,NORMAL
09:30:25,,,step_27,다마신_포토,IDLE,1.2586712676348426,-0.0004753249285259,0.0933183636375245,6.079565908678729,5.456991507248713,NORMAL
09:30:30,,,step_27,다마신_포토,IDLE,1.2586712676348426,-0.0004753249285259,0.0933183636375245,6.079565908678729,5.456991507248713,NORMAL
09:30:35,,,step_27,다마신_포토,IDLE,1.2586712676348426,-0.0004753249285259,0.0933183636375245,6.079565908678729,5.456991507248713,NORMAL
09:30:40,,,step_27,다마신_포토,IDLE,1.2586712676348426,-0.0004753249285259,0.0933183636375245,6.079565908678729,5.456991507248713,NORMAL
09:30:45,,,step_27,다마신_포토,IDLE,1.2586712676348426,-0.0004753249285259,0.0933183636375245,6.079565908678729,5.456991507248713,NORMAL
09:30:50,,,step_27,다마신_포토,IDLE,1.2586712676348426,-0.0004753249285259,0.0933183636375245,6.079565908678729,5.456991507248713,NORMAL
09:30:55,,,step_27,다마신_포토,IDLE,1.2586712676348426,-0.0004753249285259,0.0933183636375245,6.079565908678729,5.456991507248713,NORMAL
09:31:00,,,step_27,다마신_포토,IDLE,1.2586712676348426,-0.0004753249285259,0.0933183636375245,6.079565908678729,5.456991507248713,NORMAL
09:31:05,,,step_27,다마신_포토,IDLE,1.2586712676348426,-0.0004753249285259,0.0933183636375245,6.079565908678729,5.456991507248713,NORMAL
09:31:10,,,step_27,다마신_포토,IDLE,1.2586712676348426,-0.0004753249285259,0.0933183636375245,6.079565908678729,5.456991507248713,NORMAL
09:31:15,,,step_27,다마신_포토,IDLE,1.2586712676348426,-0.0004753249285259,0.0933183636375245,6.079565908678729,5.456991507248713,NORMAL
09:31:20,,,step_27,다마신_포토,IDLE,1.2586712676348426,-0.0004753249285259,0.0933183636375245,6.079565908678729,5.456991507248713,NORMAL
09:31:25,,,step_27,다마신_포토,IDLE,1.2586712676348426,-0.0004753249285259,0.0933183636375245,6.079565908678729,5.456991507248713,NORMAL
09:31:30,,,step_27,다마신_포토,IDLE,1.2586712676348426,-0.0004753249285259,0.0933183636375245,6.079565908678729,5.456991507248713,NORMAL
09:31:35,,,step_27,다마신_포토,IDLE,1.2586712676348426,-0.0004753249285259,0.0933183636375245,6.079565908678729,5.456991507248713,NORMAL
09:31:40,,,step_27,다마신_포토,IDLE,1.2586712676348426,-0.0004753249285259,0.0933183636375245,6.079565908678729,5.456991507248713,NORMAL
09:31:45,,,step_27,다마신_포토,IDLE,1.2586712676348426,-0.0004753249285259,0.0933183636375245,6.079565908678729,5.456991507248713,NORMAL
09:31:50,,,step_27,다마신_포토,IDLE,1.2586712676348426,-0.0004753249285259,0.0933183636375245,6.079565908678729,5.456991507248713,NORMAL
09:31:55,,,step_27,다마신_포토,IDLE,1.2586712676348426,-0.0004753249285259,0.0933183636375245,6.079565908678729,5.456991507248713,NORMAL
09:32:00,,,step_27,다마신_포토,IDLE,1.2586712676348426,-0.0004753249285259,0.0933183636375245,6.079565908678729,5.456991507248713,NORMAL
09:32:05,,,step_27,다마신_포토,IDLE,1.2586712676348426,-0.0004753249285259,0.0933183636375245,6.079565908678729,5.456991507248713,NORMAL
09:32:10,,,step_27,다마신_포토,IDLE,1.2586712676348426,-0.0004753249285259,0.0933183636375245,6.079565908678729,5.456991507248713,NORMAL
09:32:15,,,step_27,다마신_포토,IDLE,1.2586712676348426,-0.0004753249285259,0.0933183636375245,6.079565908678729,5.456991507248713,NORMAL
09:32:20,,,step_27,다마신_포토,IDLE,1.2586712676348426,-0.0004753249285259,0.0933183636375245,6.079565908678729,5.456991507248713,NORMAL
09:32:25,,,step_27,다마신_포토,IDLE,1.2586712676348426,-0.0004753249285259,0.0933183636375245,6.079565908678729,5.456991507248713,NORMAL
09:32:30,,,step_27,다마신_포토,IDLE,1.2586712676348426,-0.0004753249285259,0.0933183636375245,6.079565908678729,5.456991507248713,NORMAL
09:32:35,,,step_27,다마신_포토,IDLE,1.2586712676348426,-0.0004753249285259,0.0933183636375245,6.079565908678729,5.456991507248713,NORMAL
09:32:40,,,step_27,다마신_포토,IDLE,1.2586712676348426,-0.0004753249285259,0.0933183636375245,6.079565908678729,5.456991507248713,NORMAL
09:32:45,,,step_27,다마신_포토,IDLE,1.2586712676348426,-0.0004753249285259,0.0933183636375245,6.079565908678729,5.456991507248713,NORMAL
09:32:50,,,step_27,다마신_포토,IDLE,1.2586712676348426,-0.0004753249285259,0.0933183636375245,6.079565908678729,5.456991507248713,NORMAL
09:32:55,,,step_27,다마신_포토,IDLE,1.2586712676348426,-0.0004753249285259,0.0933183636375245,6.079565908678729,5.456991507248713,NORMAL
09:33:00,,,step_27,다마신_포토,IDLE,1.2586712676348426,-0.0004753249285259,0.0933183636375245,6.079565908678729,5.456991507248713,NORMAL
09:33:05,,,step_27,다마신_포토,IDLE,1.2586712676348426,-0.0004753249285259,0.0933183636375245,6.079565908678729,5.456991507248713,NORMAL
09:33:10,,,step_27,다마신_포토,IDLE,1.2586712676348426,-0.0004753249285259,0.0933183636375245,6.079565908678729,5.456991507248713,NORMAL
09:33:15,,,step_27,다마신_포토,IDLE,1.2586712676348426,-0.0004753249285259,0.0933183636375245,6.079565908678729,5.456991507248713,NORMAL
09:33:20,,,step_27,다마신_포토,IDLE,1.2586712676348426,-0.0004753249285259,0.0933183636375245,6.079565908678729,5.456991507248713,NORMAL
09:33:25,,,step_27,다마신_포토,IDLE,1.2586712676348426,-0.0004753249285259,0.0933183636375245,6.079565908678729,5.456991507248713,NORMAL
09:33:30,,,step_27,다마신_포토,IDLE,1.2586712676348426,-0.0004753249285259,0.0933183636375245,6.079565908678729,5.456991507248713,NORMAL
09:33:35,,,step_27,다마신_포토,IDLE,1.2586712676348426,-0.0004753249285259,0.0933183636375245,6.079565908678729,5.456991507248713,NORMAL
09:33:40,,,step_27,다마신_포토,IDLE,1.2586712676348426,-0.0004753249285259,0.0933183636375245,6.079565908678729,5.456991507248713,NORMAL
09:33:45,,,step_27,다마신_포토,IDLE,1.2586712676348426,-0.0004753249285259,0.0933183636375245,6.079565908678729,5.456991507248713,NORMAL
09:33:50,,,step_27,다마신_포토,IDLE,1.2586712676348426,-0.0004753249285259,0.0933183636375245,6.079565908678729,5.456991507248713,NORMAL
09:33:55,,,step_27,다마신_포토,IDLE,1.2586712676348426,-0.0004753249285259,0.0933183636375245,6.079565908678729,5.456991507248713,NORMAL
09:34:00,,,step_27,다마신_포토,IDLE,1.2586712676348426,-0.0004753249285259,0.0933183636375245,6.079565908678729,5.456991507248713,NORMAL
09:34:05,,,step_27,다마신_포토,IDLE,1.2586712676348426,-0.0004753249285259,0.0933183636375245,6.079565908678729,5.456991507248713,NORMAL
09:34:10,,,step_27,다마신_포토,IDLE,1.2586712676348426,-0.0004753249285259,0.0933183636375245,6.079565908678729,5.456991507248713,NORMAL
09:34:15,,,step_27,다마신_포토,IDLE,1.2586712676348426,-0.0004753249285259,0.0933183636375245,6.079565908678729,5.456991507248713,NORMAL
09:34:20,,,step_27,다마신_포토,IDLE,1.2586712676348426,-0.0004753249285259,0.0933183636375245,6.079565908678729,5.456991507248713,NORMAL
09:34:25,,,step_27,다마신_포토,IDLE,1.2586712676348426,-0.0004753249285259,0.0933183636375245,6.079565908678729,5.456991507248713,NORMAL
09:34:30,,,step_27,다마신_포토,IDLE,1.2586712676348426,-0.0004753249285259,0.0933183636375245,6.079565908678729,5.456991507248713,NORMAL
09:34:35,,,step_27,다마신_포토,IDLE,1.2586712676348426,-0.0004753249285259,0.0933183636375245,6.079565908678729,5.456991507248713,NORMAL
09:34:40,,,step_27,다마신_포토,IDLE,1.2586712676348426,-0.0004753249285259,0.0933183636375245,6.079565908678729,5.456991507248713,NORMAL
09:34:45,,,step_27,다마신_포토,IDLE,1.2586712676348426,-0.0004753249285259,0.0933183636375245,6.079565908678729,5.456991507248713,NORMAL
09:34:50,,,step_27,다마신_포토,IDLE,1.2586712676348426,-0.0004753249285259,0.0933183636375245,6.079565908678729,5.456991507248713,NORMAL
09:34:55,,,step_27,다마신_포토,IDLE,1.2586712676348426,-0.0004753249285259,0.0933183636375245,6.079565908678729,5.456991507248713,NORMAL
09:35:00,,,step_27,다마신_포토,IDLE,1.2586712676348426,-0.0004753249285259,0.0933183636375245,6.079565908678729,5.456991507248713,NORMAL
09:35:05,,,step_27,다마신_포토,IDLE,1.2586712676348426,-0.0004753249285259,0.0933183636375245,6.079565908678729,5.456991507248713,NORMAL
09:35:10,,,step_27,다마신_포토,IDLE,1.2586712676348426,-0.0004753249285259,0.0933183636375245,6.079565908678729,5.456991507248713,NORMAL
09:35:15,,,step_27,다마신_포토,IDLE,1.2586712676348426,-0.0004753249285259,0.0933183636375245,6.079565908678729,5.456991507248713,NORMAL
09:35:20,,,step_27,다마신_포토,IDLE,1.2586712676348426,-0.0004753249285259,0.0933183636375245,6.079565908678729,5.456991507248713,NORMAL
09:35:25,,,step_27,다마신_포토,IDLE,1.2586712676348426,-0.0004753249285259,0.0933183636375245,6.079565908678729,5.456991507248713,NORMAL
09:35:30,,,step_27,다마신_포토,IDLE,1.2586712676348426,-0.0004753249285259,0.0933183636375245,6.079565908678729,5.456991507248713,NORMAL
09:35:35,,,step_27,다마신_포토,IDLE,1.2586712676348426,-0.0004753249285259,0.0933183636375245,6.079565908678729,5.456991507248713,NORMAL
09:35:40,,,step_27,다마신_포토,IDLE,1.2586712676348426,-0.0004753249285259,0.0933183636375245,6.079565908678729,5.456991507248713,NORMAL
09:35:45,,,step_27,다마신_포토,IDLE,1.2586712676348426,-0.0004753249285259,0.0933183636375245,6.079565908678729,5.456991507248713,NORMAL
09:35:50,,,step_27,다마신_포토,IDLE,1.2586712676348426,-0.0004753249285259,0.0933183636375245,6.079565908678729,5.456991507248713,NORMAL
09:35:55,,,step_27,다마신_포토,IDLE,1.2586712676348426,-0.0004753249285259,0.0933183636375245,6.079565908678729,5.456991507248713,NORMAL
09:36:00,,,step_27,다마신_포토,IDLE,1.2586712676348426,-0.0004753249285259,0.0933183636375245,6.079565908678729,5.456991507248713,NORMAL
09:36:05,,,step_27,다마신_포토,IDLE,1.2586712676348426,-0.0004753249285259,0.0933183636375245,6.079565908678729,5.456991507248713,NORMAL
09:36:10,,,step_27,다마신_포토,IDLE,1.2586712676348426,-0.0004753249285259,0.0933183636375245,6.079565908678729,5.456991507248713,NORMAL
09:36:15,,,step_27,다마신_포토,IDLE,1.2586712676348426,-0.0004753249285259,0.0933183636375245,6.079565908678729,5.456991507248713,NORMAL
09:36:20,,,step_27,다마신_포토,IDLE,1.2586712676348426,-0.0004753249285259,0.0933183636375245,6.079565908678729,5.456991507248713,NORMAL
09:36:25,,,step_27,다마신_포토,IDLE,1.2586712676348426,-0.0004753249285259,0.0933183636375245,6.079565908678729,5.456991507248713,NORMAL
09:36:30,,,step_27,다마신_포토,IDLE,1.2586712676348426,-0.0004753249285259,0.0933183636375245,6.079565908678729,5.456991507248713,NORMAL
09:36:35,,,step_27,다마신_포토,IDLE,1.2586712676348426,-0.0004753249285259,0.0933183636375245,6.079565908678729,5.456991507248713,NORMAL
09:36:40,,,step_27,다마신_포토,IDLE,1.2586712676348426,-0.0004753249285259,0.0933183636375245,6.079565908678729,5.456991507248713,NORMAL
09:36:45,,,step_27,다마신_포토,IDLE,1.2586712676348426,-0.0004753249285259,0.0933183636375245,6.079565908678729,5.456991507248713,NORMAL
09:36:50,,,step_27,다마신_포토,IDLE,1.2586712676348426,-0.0004753249285259,0.0933183636375245,6.079565908678729,5.456991507248713,NORMAL
09:36:55,,,step_27,다마신_포토,IDLE,1.2586712676348426,-0.0004753249285259,0.0933183636375245,6.079565908678729,5.456991507248713,NORMAL
09:37:00,,,step_27,다마신_포토,IDLE,1.2586712676348426,-0.0004753249285259,0.0933183636375245,6.079565908678729,5.456991507248713,NORMAL
09:37:05,,,step_27,다마신_포토,IDLE,1.2586712676348426,-0.0004753249285259,0.0933183636375245,6.079565908678729,5.456991507248713,NORMAL
09:37:10,,,step_27,다마신_포토,IDLE,1.2586712676348426,-0.0004753249285259,0.0933183636375245,6.079565908678729,5.456991507248713,NORMAL
09:37:15,,,step_27,다마신_포토,IDLE,1.2586712676348426,-0.0004753249285259,0.0933183636375245,6.079565908678729,5.456991507248713,NORMAL
09:37:20,,,step_27,다마신_포토,IDLE,1.2586712676348426,-0.0004753249285259,0.0933183636375245,6.079565908678729,5.456991507248713,NORMAL
09:37:25,,,step_27,다마신_포토,IDLE,1.2586712676348426,-0.0004753249285259,0.0933183636375245,6.079565908678729,5.456991507248713,NORMAL
09:37:30,,,step_27,다마신_포토,IDLE,1.2586712676348426,-0.0004753249285259,0.0933183636375245,6.079565908678729,5.456991507248713,NORMAL
09:37:35,,,step_27,다마신_포토,IDLE,1.2586712676348426,-0.0004753249285259,0.0933183636375245,6.079565908678729,5.456991507248713,NORMAL
09:37:40,,,step_27,다마신_포토,IDLE,1.2586712676348426,-0.0004753249285259,0.0933183636375245,6.079565908678729,5.456991507248713,NORMAL
09:37:45,,,step_27,다마신_포토,IDLE,1.2586712676348426,-0.0004753249285259,0.0933183636375245,6.079565908678729,5.456991507248713,NORMAL
09:37:50,,,step_27,다마신_포토,IDLE,1.2586712676348426,-0.0004753249285259,0.0933183636375245,6.079565908678729,5.456991507248713,NORMAL
09:37:55,,,step_27,다마신_포토,IDLE,1.2586712676348426,-0.0004753249285259,0.0933183636375245,6.079565908678729,5.456991507248713,NORMAL
09:38:00,,,step_27,다마신_포토,IDLE,1.2586712676348426,-0.0004753249285259,0.0933183636375245,6.079565908678729,5.456991507248713,NORMAL
09:38:05,,,step_27,다마신_포토,IDLE,1.2586712676348426,-0.0004753249285259,0.0933183636375245,6.079565908678729,5.456991507248713,NORMAL
09:38:10,,,step_27,다마신_포토,IDLE,1.2586712676348426,-0.0004753249285259,0.0933183636375245,6.079565908678729,5.456991507248713,NORMAL
09:38:15,,,step_27,다마신_포토,IDLE,1.2586712676348426,-0.0004753249285259,0.0933183636375245,6.079565908678729,5.456991507248713,NORMAL
09:38:20,,,step_27,다마신_포토,IDLE,1.2586712676348426,-0.0004753249285259,0.0933183636375245,6.079565908678729,5.456991507248713,NORMAL
09:38:25,,,step_27,다마신_포토,IDLE,1.2586712676348426,-0.0004753249285259,0.0933183636375245,6.079565908678729,5.456991507248713,NORMAL
09:38:30,,,step_27,다마신_포토,IDLE,1.2586712676348426,-0.0004753249285259,0.0933183636375245,6.079565908678729,5.456991507248713,NORMAL
09:38:35,,,step_27,다마신_포토,IDLE,1.2586712676348426,-0.0004753249285259,0.0933183636375245,6.079565908678729,5.456991507248713,NORMAL
09:38:40,,,step_27,다마신_포토,IDLE,1.2586712676348426,-0.0004753249285259,0.0933183636375245,6.079565908678729,5.456991507248713,NORMAL
09:38:45,,,step_27,다마신_포토,IDLE,1.2586712676348426,-0.0004753249285259,0.0933183636375245,6.079565908678729,5.456991507248713,NORMAL
09:38:50,,,step_27,다마신_포토,IDLE,1.2586712676348426,-0.0004753249285259,0.0933183636375245,6.079565908678729,5.456991507248713,NORMAL
09:38:55,,,step_27,다마신_포토,IDLE,1.2586712676348426,-0.0004753249285259,0.0933183636375245,6.079565908678729,5.456991507248713,NORMAL
09:39:00,,,step_27,다마신_포토,IDLE,1.2586712676348426,-0.0004753249285259,0.0933183636375245,6.079565908678729,5.456991507248713,NORMAL
09:39:05,,,step_27,다마신_포토,IDLE,1.2586712676348426,-0.0004753249285259,0.0933183636375245,6.079565908678729,5.456991507248713,NORMAL
09:39:10,,,step_27,다마신_포토,IDLE,1.2586712676348426,-0.0004753249285259,0.0933183636375245,6.079565908678729,5.456991507248713,NORMAL
09:39:15,,,step_27,다마신_포토,IDLE,1.2586712676348426,-0.0004753249285259,0.0933183636375245,6.079565908678729,5.456991507248713,NORMAL
09:39:20,,,step_27,다마신_포토,IDLE,1.2586712676348426,-0.0004753249285259,0.0933183636375245,6.079565908678729,5.456991507248713,NORMAL
09:39:25,,,step_27,다마신_포토,IDLE,1.2586712676348426,-0.0004753249285259,0.0933183636375245,6.079565908678729,5.456991507248713,NORMAL
09:39:30,,,step_27,다마신_포토,IDLE,1.2586712676348426,-0.0004753249285259,0.0933183636375245,6.079565908678729,5.456991507248713,NORMAL
09:39:35,,,step_27,다마신_포토,IDLE,1.2586712676348426,-0.0004753249285259,0.0933183636375245,6.079565908678729,5.456991507248713,NORMAL
09:39:40,,,step_27,다마신_포토,IDLE,1.2586712676348426,-0.0004753249285259,0.0933183636375245,6.079565908678729,5.456991507248713,NORMAL
09:39:45,,,step_27,다마신_포토,IDLE,1.2586712676348426,-0.0004753249285259,0.0933183636375245,6.079565908678729,5.456991507248713,NORMAL
09:39:50,,,step_27,다마신_포토,IDLE,1.2586712676348426,-0.0004753249285259,0.0933183636375245,6.079565908678729,5.456991507248713,NORMAL
09:39:55,,,step_27,다마신_포토,IDLE,1.2586712676348426,-0.0004753249285259,0.0933183636375245,6.079565908678729,5.456991507248713,NORMAL
09:40:00,,,step_27,다마신_포토,IDLE,1.2586712676348426,-0.0004753249285259,0.0933183636375245,6.079565908678729,5.456991507248713,NORMAL
09:40:05,,,step_27,다마신_포토,IDLE,1.2586712676348426,-0.0004753249285259,0.0933183636375245,6.079565908678729,5.456991507248713,NORMAL
09:40:10,,,step_27,다마신_포토,IDLE,1.2586712676348426,-0.0004753249285259,0.0933183636375245,6.079565908678729,5.456991507248713,NORMAL
09:40:15,,,step_27,다마신_포토,IDLE,1.2586712676348426,-0.0004753249285259,0.0933183636375245,6.079565908678729,5.456991507248713,NORMAL
09:40:20,,,step_27,다마신_포토,IDLE,1.2586712676348426,-0.0004753249285259,0.0933183636375245,6.079565908678729,5.456991507248713,NORMAL
09:40:25,,,step_27,다마신_포토,IDLE,1.2586712676348426,-0.0004753249285259,0.0933183636375245,6.079565908678729,5.456991507248713,NORMAL
09:40:30,,,step_27,다마신_포토,IDLE,1.2586712676348426,-0.0004753249285259,0.0933183636375245,6.079565908678729,5.456991507248713,NORMAL
09:40:35,,,step_27,다마신_포토,IDLE,1.2586712676348426,-0.0004753249285259,0.0933183636375245,6.079565908678729,5.456991507248713,NORMAL
09:40:40,,,step_27,다마신_포토,IDLE,1.2586712676348426,-0.0004753249285259,0.0933183636375245,6.079565908678729,5.456991507248713,NORMAL
09:40:45,,,step_27,다마신_포토,IDLE,1.2586712676348426,-0.0004753249285259,0.0933183636375245,6.079565908678729,5.456991507248713,NORMAL
09:40:50,,,step_27,다마신_포토,IDLE,1.2586712676348426,-0.0004753249285259,0.0933183636375245,6.079565908678729,5.456991507248713,NORMAL
09:40:55,,,step_27,다마신_포토,IDLE,1.2586712676348426,-0.0004753249285259,0.0933183636375245,6.079565908678729,5.456991507248713,NORMAL
09:41:00,,,step_27,다마신_포토,IDLE,1.2586712676348426,-0.0004753249285259,0.0933183636375245,6.079565908678729,5.456991507248713,NORMAL
09:41:05,,,step_27,다마신_포토,IDLE,1.2586712676348426,-0.0004753249285259,0.0933183636375245,6.079565908678729,5.456991507248713,NORMAL
09:41:10,,,step_27,다마신_포토,IDLE,1.2586712676348426,-0.0004753249285259,0.0933183636375245,6.079565908678729,5.456991507248713,NORMAL
09:41:15,,,step_27,다마신_포토,IDLE,1.2586712676348426,-0.0004753249285259,0.0933183636375245,6.079565908678729,5.456991507248713,NORMAL
09:41:20,,,step_27,다마신_포토,IDLE,1.2586712676348426,-0.0004753249285259,0.0933183636375245,6.079565908678729,5.456991507248713,NORMAL
09:41:25,,,step_27,다마신_포토,IDLE,1.2586712676348426,-0.0004753249285259,0.0933183636375245,6.079565908678729,5.456991507248713,NORMAL
09:41:30,,,step_27,다마신_포토,IDLE,1.2586712676348426,-0.0004753249285259,0.0933183636375245,6.079565908678729,5.456991507248713,NORMAL
09:41:35,,,step_27,다마신_포토,IDLE,1.2586712676348426,-0.0004753249285259,0.0933183636375245,6.079565908678729,5.456991507248713,NORMAL
09:41:40,,,step_27,다마신_포토,IDLE,1.2586712676348426,-0.0004753249285259,0.0933183636375245,6.079565908678729,5.456991507248713,NORMAL
09:41:45,,,step_27,다마신_포토,IDLE,1.2586712676348426,-0.0004753249285259,0.0933183636375245,6.079565908678729,5.456991507248713,NORMAL
09:41:50,,,step_27,다마신_포토,IDLE,1.2586712676348426,-0.0004753249285259,0.0933183636375245,6.079565908678729,5.456991507248713,NORMAL
09:41:55,,,step_27,다마신_포토,IDLE,1.2586712676348426,-0.0004753249285259,0.0933183636375245,6.079565908678729,5.456991507248713,NORMAL
09:42:00,,,step_27,다마신_포토,IDLE,1.2586712676348426,-0.0004753249285259,0.0933183636375245,6.079565908678729,5.456991507248713,NORMAL
09:42:05,,,step_27,다마신_포토,IDLE,1.2586712676348426,-0.0004753249285259,0.0933183636375245,6.079565908678729,5.456991507248713,NORMAL
09:42:10,,,step_27,다마신_포토,IDLE,1.2586712676348426,-0.0004753249285259,0.0933183636375245,6.079565908678729,5.456991507248713,NORMAL
09:42:15,,,step_27,다마신_포토,IDLE,1.2586712676348426,-0.0004753249285259,0.0933183636375245,6.079565908678729,5.456991507248713,NORMAL
09:42:20,,,step_27,다마신_포토,IDLE,1.2586712676348426,-0.0004753249285259,0.0933183636375245,6.079565908678729,5.456991507248713,NORMAL
09:42:25,,,step_27,다마신_포토,IDLE,1.2586712676348426,-0.0004753249285259,0.0933183636375245,6.079565908678729,5.456991507248713,NORMAL
09:42:30,,,step_27,다마신_포토,IDLE,1.2586712676348426,-0.0004753249285259,0.0933183636375245,6.079565908678729,5.456991507248713,NORMAL
09:42:35,,,step_27,다마신_포토,IDLE,1.2586712676348426,-0.0004753249285259,0.0933183636375245,6.079565908678729,5.456991507248713,NORMAL
09:42:40,,,step_27,다마신_포토,IDLE,1.2586712676348426,-0.0004753249285259,0.0933183636375245,6.079565908678729,5.456991507248713,NORMAL
09:42:45,,,step_27,다마신_포토,IDLE,1.2586712676348426,-0.0004753249285259,0.0933183636375245,6.079565908678729,5.456991507248713,NORMAL
09:42:50,,,step_27,다마신_포토,IDLE,1.2586712676348426,-0.0004753249285259,0.0933183636375245,6.079565908678729,5.456991507248713,NORMAL
09:42:55,,,step_27,다마신_포토,IDLE,1.2586712676348426,-0.0004753249285259,0.0933183636375245,6.079565908678729,5.456991507248713,NORMAL
09:43:00,,,step_27,다마신_포토,IDLE,1.2586712676348426,-0.0004753249285259,0.0933183636375245,6.079565908678729,5.456991507248713,NORMAL
09:43:05,,,step_27,다마신_포토,IDLE,1.2586712676348426,-0.0004753249285259,0.0933183636375245,6.079565908678729,5.456991507248713,NORMAL
09:43:10,,,step_27,다마신_포토,IDLE,1.2586712676348426,-0.0004753249285259,0.0933183636375245,6.079565908678729,5.456991507248713,NORMAL
09:43:15,,,step_27,다마신_포토,IDLE,1.2586712676348426,-0.0004753249285259,0.0933183636375245,6.079565908678729,5.456991507248713,NORMAL
09:43:20,,,step_27,다마신_포토,IDLE,1.2586712676348426,-0.0004753249285259,0.0933183636375245,6.079565908678729,5.456991507248713,NORMAL
09:43:25,,,step_27,다마신_포토,IDLE,1.2586712676348426,-0.0004753249285259,0.0933183636375245,6.079565908678729,5.456991507248713,NORMAL
09:43:30,,,step_27,다마신_포토,IDLE,1.2586712676348426,-0.0004753249285259,0.0933183636375245,6.079565908678729,5.456991507248713,NORMAL
09:43:35,,,step_27,다마신_포토,IDLE,1.2586712676348426,-0.0004753249285259,0.0933183636375245,6.079565908678729,5.456991507248713,NORMAL
09:43:40,,,step_27,다마신_포토,IDLE,1.2586712676348426,-0.0004753249285259,0.0933183636375245,6.079565908678729,5.456991507248713,NORMAL
09:43:45,,,step_27,다마신_포토,IDLE,1.2586712676348426,-0.0004753249285259,0.0933183636375245,6.079565908678729,5.456991507248713,NORMAL
09:43:50,,,step_27,다마신_포토,IDLE,1.2586712676348426,-0.0004753249285259,0.0933183636375245,6.079565908678729,5.456991507248713,NORMAL
09:43:55,,,step_27,다마신_포토,IDLE,1.2586712676348426,-0.0004753249285259,0.0933183636375245,6.079565908678729,5.456991507248713,NORMAL
09:44:00,,,step_27,다마신_포토,IDLE,1.2586712676348426,-0.0004753249285259,0.0933183636375245,6.079565908678729,5.456991507248713,NORMAL
09:44:05,,,step_27,다마신_포토,IDLE,1.2586712676348426,-0.0004753249285259,0.0933183636375245,6.079565908678729,5.456991507248713,NORMAL
09:44:10,,,step_27,다마신_포토,IDLE,1.2586712676348426,-0.0004753249285259,0.0933183636375245,6.079565908678729,5.456991507248713,NORMAL
09:44:15,,,step_27,다마신_포토,IDLE,1.2586712676348426,-0.0004753249285259,0.0933183636375245,6.079565908678729,5.456991507248713,NORMAL
09:44:20,,,step_27,다마신_포토,IDLE,1.2586712676348426,-0.0004753249285259,0.0933183636375245,6.079565908678729,5.456991507248713,NORMAL
09:44:25,,,step_27,다마신_포토,IDLE,1.2586712676348426,-0.0004753249285259,0.0933183636375245,6.079565908678729,5.456991507248713,NORMAL
09:44:30,,,step_27,다마신_포토,IDLE,1.2586712676348426,-0.0004753249285259,0.0933183636375245,6.079565908678729,5.456991507248713,NORMAL
09:44:35,,,step_27,다마신_포토,IDLE,1.2586712676348426,-0.0004753249285259,0.0933183636375245,6.079565908678729,5.456991507248713,NORMAL
09:44:40,,,step_27,다마신_포토,IDLE,1.2586712676348426,-0.0004753249285259,0.0933183636375245,6.079565908678729,5.456991507248713,NORMAL
09:44:45,,,step_27,다마신_포토,IDLE,1.2586712676348426,-0.0004753249285259,0.0933183636375245,6.079565908678729,5.456991507248713,NORMAL
09:44:50,,,step_27,다마신_포토,IDLE,1.2586712676348426,-0.0004753249285259,0.0933183636375245,6.079565908678729,5.456991507248713,NORMAL
09:44:55,,,step_27,다마신_포토,IDLE,1.2586712676348426,-0.0004753249285259,0.0933183636375245,6.079565908678729,5.456991507248713,NORMAL
09:45:00,,,step_27,다마신_포토,IDLE,1.2586712676348426,-0.0004753249285259,0.0933183636375245,6.079565908678729,5.456991507248713,NORMAL
09:45:05,,,step_27,다마신_포토,IDLE,1.2586712676348426,-0.0004753249285259,0.0933183636375245,6.079565908678729,5.456991507248713,NORMAL
09:45:10,,,step_27,다마신_포토,IDLE,1.2586712676348426,-0.0004753249285259,0.0933183636375245,6.079565908678729,5.456991507248713,NORMAL
09:45:15,,,step_27,다마신_포토,IDLE,1.2586712676348426,-0.0004753249285259,0.0933183636375245,6.079565908678729,5.456991507248713,NORMAL
09:45:20,,,step_27,다마신_포토,IDLE,1.2586712676348426,-0.0004753249285259,0.0933183636375245,6.079565908678729,5.456991507248713,NORMAL
09:45:25,,,step_27,다마신_포토,IDLE,1.2586712676348426,-0.0004753249285259,0.0933183636375245,6.079565908678729,5.456991507248713,NORMAL
09:45:30,,,step_27,다마신_포토,IDLE,1.2586712676348426,-0.0004753249285259,0.0933183636375245,6.079565908678729,5.456991507248713,NORMAL
09:45:35,,,step_27,다마신_포토,IDLE,1.2586712676348426,-0.0004753249285259,0.0933183636375245,6.079565908678729,5.456991507248713,NORMAL
09:45:40,,,step_27,다마신_포토,IDLE,1.2586712676348426,-0.0004753249285259,0.0933183636375245,6.079565908678729,5.456991507248713,NORMAL
09:45:45,,,step_27,다마신_포토,IDLE,1.2586712676348426,-0.0004753249285259,0.0933183636375245,6.079565908678729,5.456991507248713,NORMAL
09:45:50,,,step_27,다마신_포토,IDLE,1.2586712676348426,-0.0004753249285259,0.0933183636375245,6.079565908678729,5.456991507248713,NORMAL
09:45:55,,,step_27,다마신_포토,IDLE,1.2586712676348426,-0.0004753249285259,0.0933183636375245,6.079565908678729,5.456991507248713,NORMAL
09:46:00,,,step_27,다마신_포토,IDLE,1.2586712676348426,-0.0004753249285259,0.0933183636375245,6.079565908678729,5.456991507248713,NORMAL
09:46:05,,,step_27,다마신_포토,IDLE,1.2586712676348426,-0.0004753249285259,0.0933183636375245,6.079565908678729,5.456991507248713,NORMAL
09:46:10,,,step_27,다마신_포토,IDLE,1.2586712676348426,-0.0004753249285259,0.0933183636375245,6.079565908678729,5.456991507248713,NORMAL
09:46:15,,,step_27,다마신_포토,IDLE,1.2586712676348426,-0.0004753249285259,0.0933183636375245,6.079565908678729,5.456991507248713,NORMAL
09:46:20,,,step_27,다마신_포토,IDLE,1.2586712676348426,-0.0004753249285259,0.0933183636375245,6.079565908678729,5.456991507248713,NORMAL
09:46:25,,,step_27,다마신_포토,IDLE,1.2586712676348426,-0.0004753249285259,0.0933183636375245,6.079565908678729,5.456991507248713,NORMAL
09:46:30,,,step_27,다마신_포토,IDLE,1.2586712676348426,-0.0004753249285259,0.0933183636375245,6.079565908678729,5.456991507248713,NORMAL
09:46:35,,,step_27,다마신_포토,IDLE,1.2586712676348426,-0.0004753249285259,0.0933183636375245,6.079565908678729,5.456991507248713,NORMAL
09:46:40,,,step_27,다마신_포토,IDLE,1.2586712676348426,-0.0004753249285259,0.0933183636375245,6.079565908678729,5.456991507248713,NORMAL
09:46:45,,,step_27,다마신_포토,IDLE,1.2586712676348426,-0.0004753249285259,0.0933183636375245,6.079565908678729,5.456991507248713,NORMAL
09:46:50,,,step_27,다마신_포토,IDLE,1.2586712676348426,-0.0004753249285259,0.0933183636375245,6.079565908678729,5.456991507248713,NORMAL
09:46:55,,,step_27,다마신_포토,IDLE,1.2586712676348426,-0.0004753249285259,0.0933183636375245,6.079565908678729,5.456991507248713,NORMAL
09:47:00,,,step_27,다마신_포토,IDLE,1.2586712676348426,-0.0004753249285259,0.0933183636375245,6.079565908678729,5.456991507248713,NORMAL
09:47:05,,,step_27,다마신_포토,IDLE,1.2586712676348426,-0.0004753249285259,0.0933183636375245,6.079565908678729,5.456991507248713,NORMAL
09:47:10,,,step_27,다마신_포토,IDLE,1.2586712676348426,-0.0004753249285259,0.0933183636375245,6.079565908678729,5.456991507248713,NORMAL
09:47:15,,,step_27,다마신_포토,IDLE,1.2586712676348426,-0.0004753249285259,0.0933183636375245,6.079565908678729,5.456991507248713,NORMAL
09:47:20,,,step_27,다마신_포토,IDLE,1.2586712676348426,-0.0004753249285259,0.0933183636375245,6.079565908678729,5.456991507248713,NORMAL
09:47:25,,,step_27,다마신_포토,IDLE,1.2586712676348426,-0.0004753249285259,0.0933183636375245,6.079565908678729,5.456991507248713,NORMAL
09:47:30,,,step_27,다마신_포토,IDLE,1.2586712676348426,-0.0004753249285259,0.0933183636375245,6.079565908678729,5.456991507248713,NORMAL
09:47:35,,,step_27,다마신_포토,IDLE,1.2586712676348426,-0.0004753249285259,0.0933183636375245,6.079565908678729,5.456991507248713,NORMAL
09:47:40,,,step_27,다마신_포토,IDLE,1.2586712676348426,-0.0004753249285259,0.0933183636375245,6.079565908678729,5.456991507248713,NORMAL
09:47:45,,,step_27,다마신_포토,IDLE,1.2586712676348426,-0.0004753249285259,0.0933183636375245,6.079565908678729,5.456991507248713,NORMAL
09:47:50,,,step_27,다마신_포토,IDLE,1.2586712676348426,-0.0004753249285259,0.0933183636375245,6.079565908678729,5.456991507248713,NORMAL
09:47:55,,,step_27,다마신_포토,IDLE,1.2586712676348426,-0.0004753249285259,0.0933183636375245,6.079565908678729,5.456991507248713,NORMAL
09:48:00,,,step_27,다마신_포토,IDLE,1.2586712676348426,-0.0004753249285259,0.0933183636375245,6.079565908678729,5.456991507248713,NORMAL
09:48:05,,,step_27,다마신_포토,IDLE,1.2586712676348426,-0.0004753249285259,0.0933183636375245,6.079565908678729,5.456991507248713,NORMAL
09:48:10,,,step_27,다마신_포토,IDLE,1.2586712676348426,-0.0004753249285259,0.0933183636375245,6.079565908678729,5.456991507248713,NORMAL
09:48:15,,,step_27,다마신_포토,IDLE,1.2586712676348426,-0.0004753249285259,0.0933183636375245,6.079565908678729,5.456991507248713,NORMAL
09:48:20,,,step_27,다마신_포토,IDLE,1.2586712676348426,-0.0004753249285259,0.0933183636375245,6.079565908678729,5.456991507248713,NORMAL
09:48:25,,,step_27,다마신_포토,IDLE,1.2586712676348426,-0.0004753249285259,0.0933183636375245,6.079565908678729,5.456991507248713,NORMAL
09:48:30,,,step_27,다마신_포토,IDLE,1.2586712676348426,-0.0004753249285259,0.0933183636375245,6.079565908678729,5.456991507248713,NORMAL
09:48:35,,,step_27,다마신_포토,IDLE,1.2586712676348426,-0.0004753249285259,0.0933183636375245,6.079565908678729,5.456991507248713,NORMAL
09:48:40,,,step_27,다마신_포토,IDLE,1.2586712676348426,-0.0004753249285259,0.0933183636375245,6.079565908678729,5.456991507248713,NORMAL
09:48:45,,,step_27,다마신_포토,IDLE,1.2586712676348426,-0.0004753249285259,0.0933183636375245,6.079565908678729,5.456991507248713,NORMAL
09:48:50,,,step_27,다마신_포토,IDLE,1.2586712676348426,-0.0004753249285259,0.0933183636375245,6.079565908678729,5.456991507248713,NORMAL
09:48:55,,,step_27,다마신_포토,IDLE,1.2586712676348426,-0.0004753249285259,0.0933183636375245,6.079565908678729,5.456991507248713,NORMAL
09:49:00,,,step_27,다마신_포토,IDLE,1.2586712676348426,-0.0004753249285259,0.0933183636375245,6.079565908678729,5.456991507248713,NORMAL
09:49:05,,,step_27,다마신_포토,IDLE,1.2586712676348426,-0.0004753249285259,0.0933183636375245,6.079565908678729,5.456991507248713,NORMAL
09:49:10,,,step_27,다마신_포토,IDLE,1.2586712676348426,-0.0004753249285259,0.0933183636375245,6.079565908678729,5.456991507248713,NORMAL
09:49:15,,,step_27,다마신_포토,IDLE,1.2586712676348426,-0.0004753249285259,0.0933183636375245,6.079565908678729,5.456991507248713,NORMAL
09:49:20,,,step_27,다마신_포토,IDLE,1.2586712676348426,-0.0004753249285259,0.0933183636375245,6.079565908678729,5.456991507248713,NORMAL
09:49:25,,,step_27,다마신_포토,IDLE,1.2586712676348426,-0.0004753249285259,0.0933183636375245,6.079565908678729,5.456991507248713,NORMAL
09:49:30,,,step_27,다마신_포토,IDLE,1.2586712676348426,-0.0004753249285259,0.0933183636375245,6.079565908678729,5.456991507248713,NORMAL
09:49:35,,,step_27,다마신_포토,IDLE,1.2586712676348426,-0.0004753249285259,0.0933183636375245,6.079565908678729,5.456991507248713,NORMAL
09:49:40,,,step_27,다마신_포토,IDLE,1.2586712676348426,-0.0004753249285259,0.0933183636375245,6.079565908678729,5.456991507248713,NORMAL
09:49:45,,,step_27,다마신_포토,IDLE,1.2586712676348426,-0.0004753249285259,0.0933183636375245,6.079565908678729,5.456991507248713,NORMAL
09:49:50,,,step_27,다마신_포토,IDLE,1.2586712676348426,-0.0004753249285259,0.0933183636375245,6.079565908678729,5.456991507248713,NORMAL
09:49:55,,,step_27,다마신_포토,IDLE,1.2586712676348426,-0.0004753249285259,0.0933183636375245,6.079565908678729,5.456991507248713,NORMAL
09:50:00,,,step_27,다마신_포토,IDLE,1.2586712676348426,-0.0004753249285259,0.0933183636375245,6.079565908678729,5.456991507248713,NORMAL
09:50:05,,,step_27,다마신_포토,IDLE,1.2586712676348426,-0.0004753249285259,0.0933183636375245,6.079565908678729,5.456991507248713,NORMAL
09:50:10,,,step_27,다마신_포토,IDLE,1.2586712676348426,-0.0004753249285259,0.0933183636375245,6.079565908678729,5.456991507248713,NORMAL
09:50:15,,,step_27,다마신_포토,IDLE,1.2586712676348426,-0.0004753249285259,0.0933183636375245,6.079565908678729,5.456991507248713,NORMAL
09:50:20,,,step_27,다마신_포토,IDLE,1.2586712676348426,-0.0004753249285259,0.0933183636375245,6.079565908678729,5.456991507248713,NORMAL
09:50:25,,,step_27,다마신_포토,IDLE,1.2586712676348426,-0.0004753249285259,0.0933183636375245,6.079565908678729,5.456991507248713,NORMAL
09:50:30,,,step_27,다마신_포토,IDLE,1.2586712676348426,-0.0004753249285259,0.0933183636375245,6.079565908678729,5.456991507248713,NORMAL
09:50:35,,,step_27,다마신_포토,IDLE,1.2586712676348426,-0.0004753249285259,0.0933183636375245,6.079565908678729,5.456991507248713,NORMAL
09:50:40,,,step_27,다마신_포토,IDLE,1.2586712676348426,-0.0004753249285259,0.0933183636375245,6.079565908678729,5.456991507248713,NORMAL
09:50:45,,,step_27,다마신_포토,IDLE,1.2586712676348426,-0.0004753249285259,0.0933183636375245,6.079565908678729,5.456991507248713,NORMAL
09:50:50,,,step_27,다마신_포토,IDLE,1.2586712676348426,-0.0004753249285259,0.0933183636375245,6.079565908678729,5.456991507248713,NORMAL
09:50:55,,,step_27,다마신_포토,IDLE,1.2586712676348426,-0.0004753249285259,0.0933183636375245,6.079565908678729,5.456991507248713,NORMAL
09:51:00,,,step_27,다마신_포토,IDLE,1.2586712676348426,-0.0004753249285259,0.0933183636375245,6.079565908678729,5.456991507248713,NORMAL
09:51:05,,,step_27,다마신_포토,IDLE,1.2586712676348426,-0.0004753249285259,0.0933183636375245,6.079565908678729,5.456991507248713,NORMAL
09:51:10,,,step_27,다마신_포토,IDLE,1.2586712676348426,-0.0004753249285259,0.0933183636375245,6.079565908678729,5.456991507248713,NORMAL
09:51:15,,,step_27,다마신_포토,IDLE,1.2586712676348426,-0.0004753249285259,0.0933183636375245,6.079565908678729,5.456991507248713,NORMAL
09:51:20,,,step_27,다마신_포토,IDLE,1.2586712676348426,-0.0004753249285259,0.0933183636375245,6.079565908678729,5.456991507248713,NORMAL
09:51:25,,,step_27,다마신_포토,IDLE,1.2586712676348426,-0.0004753249285259,0.0933183636375245,6.079565908678729,5.456991507248713,NORMAL
09:51:30,,,step_27,다마신_포토,IDLE,1.2586712676348426,-0.0004753249285259,0.0933183636375245,6.079565908678729,5.456991507248713,NORMAL
09:51:35,,,step_27,다마신_포토,IDLE,1.2586712676348426,-0.0004753249285259,0.0933183636375245,6.079565908678729,5.456991507248713,NORMAL
09:51:40,,,step_27,다마신_포토,IDLE,1.2586712676348426,-0.0004753249285259,0.0933183636375245,6.079565908678729,5.456991507248713,NORMAL
09:51:45,,,step_27,다마신_포토,IDLE,1.2586712676348426,-0.0004753249285259,0.0933183636375245,6.079565908678729,5.456991507248713,NORMAL
09:51:50,,,step_27,다마신_포토,IDLE,1.2586712676348426,-0.0004753249285259,0.0933183636375245,6.079565908678729,5.456991507248713,NORMAL
09:51:55,,,step_27,다마신_포토,IDLE,1.2586712676348426,-0.0004753249285259,0.0933183636375245,6.079565908678729,5.456991507248713,NORMAL
09:52:00,,,step_27,다마신_포토,IDLE,1.2586712676348426,-0.0004753249285259,0.0933183636375245,6.079565908678729,5.456991507248713,NORMAL
09:52:05,,,step_27,다마신_포토,IDLE,1.2586712676348426,-0.0004753249285259,0.0933183636375245,6.079565908678729,5.456991507248713,NORMAL
09:52:10,,,step_27,다마신_포토,IDLE,1.2586712676348426,-0.0004753249285259,0.0933183636375245,6.079565908678729,5.456991507248713,NORMAL
09:52:15,,,step_27,다마신_포토,IDLE,1.2586712676348426,-0.0004753249285259,0.0933183636375245,6.079565908678729,5.456991507248713,NORMAL
09:52:20,,,step_27,다마신_포토,IDLE,1.2586712676348426,-0.0004753249285259,0.0933183636375245,6.079565908678729,5.456991507248713,NORMAL
09:52:25,,,step_27,다마신_포토,IDLE,1.2586712676348426,-0.0004753249285259,0.0933183636375245,6.079565908678729,5.456991507248713,NORMAL
09:52:30,,,step_27,다마신_포토,IDLE,1.2586712676348426,-0.0004753249285259,0.0933183636375245,6.079565908678729,5.456991507248713,NORMAL
09:52:35,,,step_27,다마신_포토,IDLE,1.2586712676348426,-0.0004753249285259,0.0933183636375245,6.079565908678729,5.456991507248713,NORMAL
09:52:40,,,step_27,다마신_포토,IDLE,1.2586712676348426,-0.0004753249285259,0.0933183636375245,6.079565908678729,5.456991507248713,NORMAL
09:52:45,,,step_27,다마신_포토,IDLE,1.2586712676348426,-0.0004753249285259,0.0933183636375245,6.079565908678729,5.456991507248713,NORMAL
09:52:50,,,step_27,다마신_포토,IDLE,1.2586712676348426,-0.0004753249285259,0.0933183636375245,6.079565908678729,5.456991507248713,NORMAL
09:52:55,,,step_27,다마신_포토,IDLE,1.2586712676348426,-0.0004753249285259,0.0933183636375245,6.079565908678729,5.456991507248713,NORMAL
09:53:00,,,step_27,다마신_포토,IDLE,1.2586712676348426,-0.0004753249285259,0.0933183636375245,6.079565908678729,5.456991507248713,NORMAL
09:53:05,,,step_27,다마신_포토,IDLE,1.2586712676348426,-0.0004753249285259,0.0933183636375245,6.079565908678729,5.456991507248713,NORMAL
09:53:10,,,step_27,다마신_포토,IDLE,1.2586712676348426,-0.0004753249285259,0.0933183636375245,6.079565908678729,5.456991507248713,NORMAL
09:53:15,,,step_27,다마신_포토,IDLE,1.2586712676348426,-0.0004753249285259,0.0933183636375245,6.079565908678729,5.456991507248713,NORMAL
09:53:20,,,step_27,다마신_포토,IDLE,1.2586712676348426,-0.0004753249285259,0.0933183636375245,6.079565908678729,5.456991507248713,NORMAL
09:53:25,,,step_27,다마신_포토,IDLE,1.2586712676348426,-0.0004753249285259,0.0933183636375245,6.079565908678729,5.456991507248713,NORMAL
09:53:30,,,step_27,다마신_포토,IDLE,1.2586712676348426,-0.0004753249285259,0.0933183636375245,6.079565908678729,5.456991507248713,NORMAL
09:53:35,,,step_27,다마신_포토,IDLE,1.2586712676348426,-0.0004753249285259,0.0933183636375245,6.079565908678729,5.456991507248713,NORMAL
09:53:40,,,step_27,다마신_포토,IDLE,1.2586712676348426,-0.0004753249285259,0.0933183636375245,6.079565908678729,5.456991507248713,NORMAL
09:53:45,,,step_27,다마신_포토,IDLE,1.2586712676348426,-0.0004753249285259,0.0933183636375245,6.079565908678729,5.456991507248713,NORMAL
09:53:50,,,step_27,다마신_포토,IDLE,1.2586712676348426,-0.0004753249285259,0.0933183636375245,6.079565908678729,5.456991507248713,NORMAL
09:53:55,,,step_27,다마신_포토,IDLE,1.2586712676348426,-0.0004753249285259,0.0933183636375245,6.079565908678729,5.456991507248713,NORMAL
09:54:00,,,step_27,다마신_포토,IDLE,1.2586712676348426,-0.0004753249285259,0.0933183636375245,6.079565908678729,5.456991507248713,NORMAL
09:54:05,,,step_27,다마신_포토,IDLE,1.2586712676348426,-0.0004753249285259,0.0933183636375245,6.079565908678729,5.456991507248713,NORMAL
09:54:10,,,step_27,다마신_포토,IDLE,1.2586712676348426,-0.0004753249285259,0.0933183636375245,6.079565908678729,5.456991507248713,NORMAL
09:54:15,,,step_27,다마신_포토,IDLE,1.2586712676348426,-0.0004753249285259,0.0933183636375245,6.079565908678729,5.456991507248713,NORMAL
09:54:20,,,step_27,다마신_포토,IDLE,1.2586712676348426,-0.0004753249285259,0.0933183636375245,6.079565908678729,5.456991507248713,NORMAL
09:54:25,,,step_27,다마신_포토,IDLE,1.2586712676348426,-0.0004753249285259,0.0933183636375245,6.079565908678729,5.456991507248713,NORMAL
09:54:30,,,step_27,다마신_포토,IDLE,1.2586712676348426,-0.0004753249285259,0.0933183636375245,6.079565908678729,5.456991507248713,NORMAL
09:54:35,,,step_27,다마신_포토,IDLE,1.2586712676348426,-0.0004753249285259,0.0933183636375245,6.079565908678729,5.456991507248713,NORMAL
09:54:40,,,step_27,다마신_포토,IDLE,1.2586712676348426,-0.0004753249285259,0.0933183636375245,6.079565908678729,5.456991507248713,NORMAL
09:54:45,,,step_27,다마신_포토,IDLE,1.2586712676348426,-0.0004753249285259,0.0933183636375245,6.079565908678729,5.456991507248713,NORMAL
09:54:50,,,step_27,다마신_포토,IDLE,1.2586712676348426,-0.0004753249285259,0.0933183636375245,6.079565908678729,5.456991507248713,NORMAL
09:54:55,,,step_27,다마신_포토,IDLE,1.2586712676348426,-0.0004753249285259,0.0933183636375245,6.079565908678729,5.456991507248713,NORMAL
09:55:00,,,step_27,다마신_포토,IDLE,1.2586712676348426,-0.0004753249285259,0.0933183636375245,6.079565908678729,5.456991507248713,NORMAL
09:55:05,,,step_27,다마신_포토,IDLE,1.2586712676348426,-0.0004753249285259,0.0933183636375245,6.079565908678729,5.456991507248713,NORMAL
09:55:10,,,step_27,다마신_포토,IDLE,1.2586712676348426,-0.0004753249285259,0.0933183636375245,6.079565908678729,5.456991507248713,NORMAL
09:55:15,,,step_27,다마신_포토,IDLE,1.2586712676348426,-0.0004753249285259,0.0933183636375245,6.079565908678729,5.456991507248713,NORMAL
09:55:20,,,step_27,다마신_포토,IDLE,1.2586712676348426,-0.0004753249285259,0.0933183636375245,6.079565908678729,5.456991507248713,NORMAL
09:55:25,,,step_27,다마신_포토,IDLE,1.2586712676348426,-0.0004753249285259,0.0933183636375245,6.079565908678729,5.456991507248713,NORMAL
09:55:30,,,step_27,다마신_포토,IDLE,1.2586712676348426,-0.0004753249285259,0.0933183636375245,6.079565908678729,5.456991507248713,NORMAL
09:55:35,,,step_27,다마신_포토,IDLE,1.2586712676348426,-0.0004753249285259,0.0933183636375245,6.079565908678729,5.456991507248713,NORMAL
09:55:40,,,step_27,다마신_포토,IDLE,1.2586712676348426,-0.0004753249285259,0.0933183636375245,6.079565908678729,5.456991507248713,NORMAL
09:55:45,,,step_27,다마신_포토,IDLE,1.2586712676348426,-0.0004753249285259,0.0933183636375245,6.079565908678729,5.456991507248713,NORMAL
09:55:50,,,step_27,다마신_포토,IDLE,1.2586712676348426,-0.0004753249285259,0.0933183636375245,6.079565908678729,5.456991507248713,NORMAL
09:55:55,,,step_27,다마신_포토,IDLE,1.2586712676348426,-0.0004753249285259,0.0933183636375245,6.079565908678729,5.456991507248713,NORMAL
09:56:00,,,step_27,다마신_포토,IDLE,1.2586712676348426,-0.0004753249285259,0.0933183636375245,6.079565908678729,5.456991507248713,NORMAL
09:56:05,,,step_27,다마신_포토,IDLE,1.2586712676348426,-0.0004753249285259,0.0933183636375245,6.079565908678729,5.456991507248713,NORMAL
09:56:10,,,step_27,다마신_포토,IDLE,1.2586712676348426,-0.0004753249285259,0.0933183636375245,6.079565908678729,5.456991507248713,NORMAL
09:56:15,,,step_27,다마신_포토,IDLE,1.2586712676348426,-0.0004753249285259,0.0933183636375245,6.079565908678729,5.456991507248713,NORMAL
09:56:20,,,step_27,다마신_포토,IDLE,1.2586712676348426,-0.0004753249285259,0.0933183636375245,6.079565908678729,5.456991507248713,NORMAL
09:56:25,,,step_27,다마신_포토,IDLE,1.2586712676348426,-0.0004753249285259,0.0933183636375245,6.079565908678729,5.456991507248713,NORMAL
09:56:30,,,step_27,다마신_포토,IDLE,1.2586712676348426,-0.0004753249285259,0.0933183636375245,6.079565908678729,5.456991507248713,NORMAL
09:56:35,,,step_27,다마신_포토,IDLE,1.2586712676348426,-0.0004753249285259,0.0933183636375245,6.079565908678729,5.456991507248713,NORMAL
09:56:40,,,step_27,다마신_포토,IDLE,1.2586712676348426,-0.0004753249285259,0.0933183636375245,6.079565908678729,5.456991507248713,NORMAL
09:56:45,,,step_27,다마신_포토,IDLE,1.2586712676348426,-0.0004753249285259,0.0933183636375245,6.079565908678729,5.456991507248713,NORMAL
09:56:50,,,step_27,다마신_포토,IDLE,1.2586712676348426,-0.0004753249285259,0.0933183636375245,6.079565908678729,5.456991507248713,NORMAL
09:56:55,,,step_27,다마신_포토,IDLE,1.2586712676348426,-0.0004753249285259,0.0933183636375245,6.079565908678729,5.456991507248713,NORMAL
09:57:00,,,step_27,다마신_포토,IDLE,1.2586712676348426,-0.0004753249285259,0.0933183636375245,6.079565908678729,5.456991507248713,NORMAL
09:57:05,,,step_27,다마신_포토,IDLE,1.2586712676348426,-0.0004753249285259,0.0933183636375245,6.079565908678729,5.456991507248713,NORMAL
09:57:10,,,step_27,다마신_포토,IDLE,1.2586712676348426,-0.0004753249285259,0.0933183636375245,6.079565908678729,5.456991507248713,NORMAL
09:57:15,,,step_27,다마신_포토,IDLE,1.2586712676348426,-0.0004753249285259,0.0933183636375245,6.079565908678729,5.456991507248713,NORMAL
09:57:20,,,step_27,다마신_포토,IDLE,1.2586712676348426,-0.0004753249285259,0.0933183636375245,6.079565908678729,5.456991507248713,NORMAL
09:57:25,,,step_27,다마신_포토,IDLE,1.2586712676348426,-0.0004753249285259,0.0933183636375245,6.079565908678729,5.456991507248713,NORMAL
09:57:30,,,step_27,다마신_포토,IDLE,1.2586712676348426,-0.0004753249285259,0.0933183636375245,6.079565908678729,5.456991507248713,NORMAL
09:57:35,,,step_27,다마신_포토,IDLE,1.2586712676348426,-0.0004753249285259,0.0933183636375245,6.079565908678729,5.456991507248713,NORMAL
09:57:40,,,step_27,다마신_포토,IDLE,1.2586712676348426,-0.0004753249285259,0.0933183636375245,6.079565908678729,5.456991507248713,NORMAL
09:57:45,,,step_27,다마신_포토,IDLE,1.2586712676348426,-0.0004753249285259,0.0933183636375245,6.079565908678729,5.456991507248713,NORMAL
09:57:50,,,step_27,다마신_포토,IDLE,1.2586712676348426,-0.0004753249285259,0.0933183636375245,6.079565908678729,5.456991507248713,NORMAL
09:57:55,,,step_27,다마신_포토,IDLE,1.2586712676348426,-0.0004753249285259,0.0933183636375245,6.079565908678729,5.456991507248713,NORMAL
09:58:00,,,step_27,다마신_포토,IDLE,1.2586712676348426,-0.0004753249285259,0.0933183636375245,6.079565908678729,5.456991507248713,NORMAL
09:58:05,,,step_27,다마신_포토,IDLE,1.2586712676348426,-0.0004753249285259,0.0933183636375245,6.079565908678729,5.456991507248713,NORMAL
09:58:10,,,step_27,다마신_포토,IDLE,1.2586712676348426,-0.0004753249285259,0.0933183636375245,6.079565908678729,5.456991507248713,NORMAL
09:58:15,,,step_27,다마신_포토,IDLE,1.2586712676348426,-0.0004753249285259,0.0933183636375245,6.079565908678729,5.456991507248713,NORMAL
09:58:20,,,step_27,다마신_포토,IDLE,1.2586712676348426,-0.0004753249285259,0.0933183636375245,6.079565908678729,5.456991507248713,NORMAL
09:58:25,,,step_27,다마신_포토,IDLE,1.2586712676348426,-0.0004753249285259,0.0933183636375245,6.079565908678729,5.456991507248713,NORMAL
09:58:30,,,step_27,다마신_포토,IDLE,1.2586712676348426,-0.0004753249285259,0.0933183636375245,6.079565908678729,5.456991507248713,NORMAL
09:58:35,,,step_27,다마신_포토,IDLE,1.2586712676348426,-0.0004753249285259,0.0933183636375245,6.079565908678729,5.456991507248713,NORMAL
09:58:40,,,step_27,다마신_포토,IDLE,1.2586712676348426,-0.0004753249285259,0.0933183636375245,6.079565908678729,5.456991507248713,NORMAL
09:58:45,,,step_27,다마신_포토,IDLE,1.2586712676348426,-0.0004753249285259,0.0933183636375245,6.079565908678729,5.456991507248713,NORMAL
09:58:50,,,step_27,다마신_포토,IDLE,1.2586712676348426,-0.0004753249285259,0.0933183636375245,6.079565908678729,5.456991507248713,NORMAL
09:58:55,,,step_27,다마신_포토,IDLE,1.2586712676348426,-0.0004753249285259,0.0933183636375245,6.079565908678729,5.456991507248713,NORMAL
09:59:00,,,step_27,다마신_포토,IDLE,1.2586712676348426,-0.0004753249285259,0.0933183636375245,6.079565908678729,5.456991507248713,NORMAL
09:59:05,,,step_27,다마신_포토,IDLE,1.2586712676348426,-0.0004753249285259,0.0933183636375245,6.079565908678729,5.456991507248713,NORMAL
09:59:10,,,step_27,다마신_포토,IDLE,1.2586712676348426,-0.0004753249285259,0.0933183636375245,6.079565908678729,5.456991507248713,NORMAL
09:59:15,,,step_27,다마신_포토,IDLE,1.2586712676348426,-0.0004753249285259,0.0933183636375245,6.079565908678729,5.456991507248713,NORMAL
09:59:20,,,step_27,다마신_포토,IDLE,1.2586712676348426,-0.0004753249285259,0.0933183636375245,6.079565908678729,5.456991507248713,NORMAL
09:59:25,,,step_27,다마신_포토,IDLE,1.2586712676348426,-0.0004753249285259,0.0933183636375245,6.079565908678729,5.456991507248713,NORMAL
09:59:30,,,step_27,다마신_포토,IDLE,1.2586712676348426,-0.0004753249285259,0.0933183636375245,6.079565908678729,5.456991507248713,NORMAL
09:59:35,,,step_27,다마신_포토,IDLE,1.2586712676348426,-0.0004753249285259,0.0933183636375245,6.079565908678729,5.456991507248713,NORMAL
09:59:40,,,step_27,다마신_포토,IDLE,1.2586712676348426,-0.0004753249285259,0.0933183636375245,6.079565908678729,5.456991507248713,NORMAL
09:59:45,,,step_27,다마신_포토,IDLE,1.2586712676348426,-0.0004753249285259,0.0933183636375245,6.079565908678729,5.456991507248713,NORMAL
09:59:50,,,step_27,다마신_포토,IDLE,1.2586712676348426,-0.0004753249285259,0.0933183636375245,6.079565908678729,5.456991507248713,NORMAL
09:59:55,,,step_27,다마신_포토,IDLE,1.2586712676348426,-0.0004753249285259,0.0933183636375245,6.079565908678729,5.456991507248713,NORMAL
10:00:00,,,step_27,다마신_포토,IDLE,1.2586712676348426,-0.0004753249285259,0.0933183636375245,6.079565908678729,5.456991507248713,NORMAL
10:00:05,,,step_27,다마신_포토,IDLE,1.2586712676348426,-0.0004753249285259,0.0933183636375245,6.079565908678729,5.456991507248713,NORMAL
10:00:10,,,step_27,다마신_포토,IDLE,1.2586712676348426,-0.0004753249285259,0.0933183636375245,6.079565908678729,5.456991507248713,NORMAL
10:00:15,,,step_27,다마신_포토,IDLE,1.2586712676348426,-0.0004753249285259,0.0933183636375245,6.079565908678729,5.456991507248713,NORMAL
10:00:20,,,step_27,다마신_포토,IDLE,1.2586712676348426,-0.0004753249285259,0.0933183636375245,6.079565908678729,5.456991507248713,NORMAL
10:00:25,,,step_27,다마신_포토,IDLE,1.2586712676348426,-0.0004753249285259,0.0933183636375245,6.079565908678729,5.456991507248713,NORMAL
10:00:30,,,step_27,다마신_포토,IDLE,1.2586712676348426,-0.0004753249285259,0.0933183636375245,6.079565908678729,5.456991507248713,NORMAL
10:00:35,,,step_27,다마신_포토,IDLE,1.2586712676348426,-0.0004753249285259,0.0933183636375245,6.079565908678729,5.456991507248713,NORMAL
10:00:40,,,step_27,다마신_포토,IDLE,1.2586712676348426,-0.0004753249285259,0.0933183636375245,6.079565908678729,5.456991507248713,NORMAL
10:00:45,,,step_27,다마신_포토,IDLE,1.2586712676348426,-0.0004753249285259,0.0933183636375245,6.079565908678729,5.456991507248713,NORMAL
10:00:50,,,step_27,다마신_포토,IDLE,1.2586712676348426,-0.0004753249285259,0.0933183636375245,6.079565908678729,5.456991507248713,NORMAL
10:00:55,,,step_27,다마신_포토,IDLE,1.2586712676348426,-0.0004753249285259,0.0933183636375245,6.079565908678729,5.456991507248713,NORMAL
10:01:00,,,step_27,다마신_포토,IDLE,1.2586712676348426,-0.0004753249285259,0.0933183636375245,6.079565908678729,5.456991507248713,NORMAL
10:01:05,,,step_27,다마신_포토,IDLE,1.2586712676348426,-0.0004753249285259,0.0933183636375245,6.079565908678729,5.456991507248713,NORMAL
10:01:10,,,step_27,다마신_포토,IDLE,1.2586712676348426,-0.0004753249285259,0.0933183636375245,6.079565908678729,5.456991507248713,NORMAL
10:01:15,,,step_27,다마신_포토,IDLE,1.2586712676348426,-0.0004753249285259,0.0933183636375245,6.079565908678729,5.456991507248713,NORMAL
10:01:20,,,step_27,다마신_포토,IDLE,1.2586712676348426,-0.0004753249285259,0.0933183636375245,6.079565908678729,5.456991507248713,NORMAL
10:01:25,,,step_27,다마신_포토,IDLE,1.2586712676348426,-0.0004753249285259,0.0933183636375245,6.079565908678729,5.456991507248713,NORMAL
10:01:30,,,step_27,다마신_포토,IDLE,1.2586712676348426,-0.0004753249285259,0.0933183636375245,6.079565908678729,5.456991507248713,NORMAL
10:01:35,,,step_27,다마신_포토,IDLE,1.2586712676348426,-0.0004753249285259,0.0933183636375245,6.079565908678729,5.456991507248713,NORMAL
10:01:40,,,step_27,다마신_포토,IDLE,1.2586712676348426,-0.0004753249285259,0.0933183636375245,6.079565908678729,5.456991507248713,NORMAL
10:01:45,,,step_27,다마신_포토,IDLE,1.2586712676348426,-0.0004753249285259,0.0933183636375245,6.079565908678729,5.456991507248713,NORMAL
10:01:50,,,step_27,다마신_포토,IDLE,1.2586712676348426,-0.0004753249285259,0.0933183636375245,6.079565908678729,5.456991507248713,NORMAL
10:01:55,,,step_27,다마신_포토,IDLE,1.2586712676348426,-0.0004753249285259,0.0933183636375245,6.079565908678729,5.456991507248713,NORMAL
10:02:00,,,step_27,다마신_포토,IDLE,1.2586712676348426,-0.0004753249285259,0.0933183636375245,6.079565908678729,5.456991507248713,NORMAL
10:02:05,,,step_27,다마신_포토,IDLE,1.2586712676348426,-0.0004753249285259,0.0933183636375245,6.079565908678729,5.456991507248713,NORMAL
10:02:10,,,step_27,다마신_포토,IDLE,1.2586712676348426,-0.0004753249285259,0.0933183636375245,6.079565908678729,5.456991507248713,NORMAL
10:02:15,,,step_27,다마신_포토,IDLE,1.2586712676348426,-0.0004753249285259,0.0933183636375245,6.079565908678729,5.456991507248713,NORMAL
10:02:20,,,step_27,다마신_포토,IDLE,1.2586712676348426,-0.0004753249285259,0.0933183636375245,6.079565908678729,5.456991507248713,NORMAL
10:02:25,,,step_27,다마신_포토,IDLE,1.2586712676348426,-0.0004753249285259,0.0933183636375245,6.079565908678729,5.456991507248713,NORMAL
10:02:30,,,step_27,다마신_포토,IDLE,1.2586712676348426,-0.0004753249285259,0.0933183636375245,6.079565908678729,5.456991507248713,NORMAL
10:02:35,,,step_27,다마신_포토,IDLE,1.2586712676348426,-0.0004753249285259,0.0933183636375245,6.079565908678729,5.456991507248713,NORMAL
10:02:40,,,step_27,다마신_포토,IDLE,1.2586712676348426,-0.0004753249285259,0.0933183636375245,6.079565908678729,5.456991507248713,NORMAL
10:02:45,,,step_27,다마신_포토,IDLE,1.2586712676348426,-0.0004753249285259,0.0933183636375245,6.079565908678729,5.456991507248713,NORMAL
10:02:50,,,step_27,다마신_포토,IDLE,1.2586712676348426,-0.0004753249285259,0.0933183636375245,6.079565908678729,5.456991507248713,NORMAL
10:02:55,,,step_27,다마신_포토,IDLE,1.2586712676348426,-0.0004753249285259,0.0933183636375245,6.079565908678729,5.456991507248713,NORMAL
10:03:00,,,step_27,다마신_포토,IDLE,1.2586712676348426,-0.0004753249285259,0.0933183636375245,6.079565908678729,5.456991507248713,NORMAL
10:03:05,,,step_27,다마신_포토,IDLE,1.2586712676348426,-0.0004753249285259,0.0933183636375245,6.079565908678729,5.456991507248713,NORMAL
10:03:10,,,step_27,다마신_포토,IDLE,1.2586712676348426,-0.0004753249285259,0.0933183636375245,6.079565908678729,5.456991507248713,NORMAL
10:03:15,,,step_27,다마신_포토,IDLE,1.2586712676348426,-0.0004753249285259,0.0933183636375245,6.079565908678729,5.456991507248713,NORMAL
10:03:20,,,step_27,다마신_포토,IDLE,1.2586712676348426,-0.0004753249285259,0.0933183636375245,6.079565908678729,5.456991507248713,NORMAL
10:03:25,,,step_27,다마신_포토,IDLE,1.2586712676348426,-0.0004753249285259,0.0933183636375245,6.079565908678729,5.456991507248713,NORMAL
10:03:30,,,step_27,다마신_포토,IDLE,1.2586712676348426,-0.0004753249285259,0.0933183636375245,6.079565908678729,5.456991507248713,NORMAL
10:03:35,,,step_27,다마신_포토,IDLE,1.2586712676348426,-0.0004753249285259,0.0933183636375245,6.079565908678729,5.456991507248713,NORMAL
10:03:40,,,step_27,다마신_포토,IDLE,1.2586712676348426,-0.0004753249285259,0.0933183636375245,6.079565908678729,5.456991507248713,NORMAL
10:03:45,,,step_27,다마신_포토,IDLE,1.2586712676348426,-0.0004753249285259,0.0933183636375245,6.079565908678729,5.456991507248713,NORMAL
10:03:50,,,step_27,다마신_포토,IDLE,1.2586712676348426,-0.0004753249285259,0.0933183636375245,6.079565908678729,5.456991507248713,NORMAL
10:03:55,,,step_27,다마신_포토,IDLE,1.2586712676348426,-0.0004753249285259,0.0933183636375245,6.079565908678729,5.456991507248713,NORMAL
10:04:00,,,step_27,다마신_포토,IDLE,1.2586712676348426,-0.0004753249285259,0.0933183636375245,6.079565908678729,5.456991507248713,NORMAL
10:04:05,,,step_27,다마신_포토,IDLE,1.2586712676348426,-0.0004753249285259,0.0933183636375245,6.079565908678729,5.456991507248713,NORMAL
10:04:10,,,step_27,다마신_포토,IDLE,1.2586712676348426,-0.0004753249285259,0.0933183636375245,6.079565908678729,5.456991507248713,NORMAL
10:04:15,,,step_27,다마신_포토,IDLE,1.2586712676348426,-0.0004753249285259,0.0933183636375245,6.079565908678729,5.456991507248713,NORMAL
10:04:20,,,step_27,다마신_포토,IDLE,1.2586712676348426,-0.0004753249285259,0.0933183636375245,6.079565908678729,5.456991507248713,NORMAL
10:04:25,,,step_27,다마신_포토,IDLE,1.2586712676348426,-0.0004753249285259,0.0933183636375245,6.079565908678729,5.456991507248713,NORMAL
10:04:30,,,step_27,다마신_포토,IDLE,1.2586712676348426,-0.0004753249285259,0.0933183636375245,6.079565908678729,5.456991507248713,NORMAL
10:04:35,,,step_27,다마신_포토,IDLE,1.2586712676348426,-0.0004753249285259,0.0933183636375245,6.079565908678729,5.456991507248713,NORMAL
10:04:40,,,step_27,다마신_포토,IDLE,1.2586712676348426,-0.0004753249285259,0.0933183636375245,6.079565908678729,5.456991507248713,NORMAL
10:04:45,,,step_27,다마신_포토,IDLE,1.2586712676348426,-0.0004753249285259,0.0933183636375245,6.079565908678729,5.456991507248713,NORMAL
10:04:50,,,step_27,다마신_포토,IDLE,1.2586712676348426,-0.0004753249285259,0.0933183636375245,6.079565908678729,5.456991507248713,NORMAL
10:04:55,,,step_27,다마신_포토,IDLE,1.2586712676348426,-0.0004753249285259,0.0933183636375245,6.079565908678729,5.456991507248713,NORMAL
10:05:00,LOT-20260812-A01,W01,step_27,다마신_포토,IDLE,1.2586712676348426,-0.0004753249285259,0.0933183636375245,6.079565908678729,5.456991507248713,NORMAL
10:05:05,LOT-20260812-A01,W02,step_27,다마신_포토,IDLE,1.2642114897248369,-0.0004753249285259,0.0981039207471412,6.052693839581241,5.547762552629311,NORMAL
10:05:10,LOT-20260812-A01,W03,step_27,다마신_포토,IDLE,1.236150214195645,-0.0004753249285259,0.0981039207471412,6.039692192262192,5.536653664930755,NORMAL
10:05:15,LOT-20260812-A01,W04,step_27,다마신_포토,IDLE,1.234489957336123,-0.0004521383466465,0.0981039207471412,5.990361020103268,5.518004650196695,NORMAL
10:05:20,LOT-20260812-A01,W05,step_27,다마신_포토,IDLE,1.233930429035467,-0.0004753249285259,0.0935963025561213,6.106441541236356,5.513345155577934,NORMAL
10:05:25,LOT-20260812-A01,W06,step_27,다마신_포토,IDLE,1.231804959494366,-0.0004753249285259,0.0981039207471412,6.051490709425313,5.512023696554612,NORMAL
10:05:30,LOT-20260812-A01,W07,step_27,다마신_포토,IDLE,1.233858607309796,-0.0004587694845257,0.0933183636375245,6.001870943396471,5.478962531208427,NORMAL
10:05:35,LOT-20260812-A01,W08,step_27,다마신_포토,IDLE,1.2638718231372998,-0.0004753249285259,0.0933183636375245,6.011020535779535,5.600046753117272,NORMAL
10:05:40,LOT-20260812-A01,W09,step_27,다마신_포토,IDLE,1.2583677473189598,-0.0004521383466465,0.0933183636375245,5.977057517263048,5.488575058379107,NORMAL
10:05:45,LOT-20260812-A01,W10,step_27,다마신_포토,IDLE,1.224559967192126,-0.0004521383466465,0.0933183636375245,6.019668584557915,5.482931832260863,NORMAL
10:05:50,LOT-20260812-A01,W11,step_27,다마신_포토,IDLE,1.2423474952189062,-0.0004753249285259,0.0933183636375245,6.029653751686346,5.544824252481806,NORMAL
10:05:55,LOT-20260812-A01,W12,step_27,다마신_포토,IDLE,1.2326324511691509,-0.0004521383466465,0.0956515643115391,6.035130404227355,5.498831769103026,NORMAL
10:06:00,LOT-20260812-A01,W13,step_27,다마신_포토,IDLE,1.262922952947633,-0.0004521383466465,0.0960956676538036,5.990965805390478,5.499240219389886,NORMAL
10:06:05,LOT-20260812-A01,W14,step_27,다마신_포토,IDLE,1.243255313957209,-0.0004521383466465,0.0935016171770896,5.926315033118616,5.556582774883192,NORMAL
10:06:10,LOT-20260812-A01,W15,step_27,다마신_포토,IDLE,1.2268335886576918,-0.0004753249285259,0.0933183636375245,6.012089417308991,5.527144609822015,NORMAL
10:06:15,LOT-20260812-A01,W16,step_27,다마신_포토,IDLE,1.2525524760165587,-0.0004753249285259,0.0981039207471412,6.03533967529653,5.529176741870971,NORMAL
10:06:20,LOT-20260812-A01,W17,step_27,다마신_포토,IDLE,1.2590973816219704,-0.0004753249285259,0.0973532524654866,5.95107233298224,5.443291580232291,NORMAL
10:06:25,LOT-20260812-A01,W18,step_27,다마신_포토,IDLE,1.2356945235014234,-0.0004521383466465,0.0933183636375245,5.995458371100232,5.516021607144362,NORMAL
10:06:30,LOT-20260812-A01,W19,step_27,다마신_포토,IDLE,1.2460262612497788,-0.0004521383466465,0.0981039207471412,6.06707329126202,5.459775682576205,NORMAL
10:06:35,LOT-20260812-A01,W20,step_27,다마신_포토,IDLE,1.2364640677303964,-0.0004753249285259,0.0975783463544463,5.939826247096498,5.481800239730204,NORMAL
10:06:40,LOT-20260812-A01,W21,step_27,다마신_포토,RAMP,1.324642843527127,-0.0015485454320671,0.102341269298247,5.943253130042307,5.528102603130051,NORMAL
10:06:45,LOT-20260812-A01,W22,step_27,다마신_포토,RAMP,2.474118511787684,-0.002001020832735,0.2318340060713253,12.29742782958767,10.994206431667909,NORMAL
10:06:50,LOT-20260812-A01,W23,step_27,다마신_포토,RAMP,3.706689708164256,0.0078187811348689,0.2404055663109002,18.031543070822757,16.604674928964602,NORMAL
10:06:55,LOT-20260812-A01,W24,step_27,다마신_포토,RAMP,4.996920470369052,0.0011692527212064,0.3990955978532839,23.894797634351956,22.123311944294656,NORMAL
10:07:00,LOT-20260812-A01,W25,step_27,다마신_포토,RAMP,6.237547040201986,-0.0043097536761221,0.531701914160665,29.99859368137792,27.63530141428522,NORMAL
10:07:05,LOT-20260812-A01,W01,step_27,다마신_포토,RAMP,7.54130960363196,-0.0031071916904066,0.5963468438920435,36.165183426455656,32.78492784909757,NORMAL
10:07:10,LOT-20260812-A01,W02,step_27,다마신_포토,RAMP,8.822962833555733,-0.0015141815967815,0.6478662965325763,41.95929889296325,38.878025321925904,NORMAL
10:07:15,LOT-20260812-A01,W03,step_27,다마신_포토,RAMP,10.07341739506135,0.0014494703015661,0.780700982202189,48.119516422987815,43.99606738099586,NORMAL
10:07:20,LOT-20260812-A01,W04,step_27,다마신_포토,RAMP,11.227085558364452,0.0019396837846489,0.9075594658297458,54.04699803173515,49.69406933658675,NORMAL
10:07:25,LOT-20260812-A01,W05,step_27,다마신_포토,RAMP,12.51830681798886,0.0008019305707657,0.9157248843940344,60.06341568206973,54.59770994435478,NORMAL
10:07:30,LOT-20260812-B02,W01,step_27,다마신_포토,RAMP,13.839309994617429,-0.000839060982545,1.04589356019595,66.13230830220162,60.45754739203781,NORMAL
10:07:35,LOT-20260812-B02,W02,step_27,다마신_포토,RAMP,15.0916199285025,-0.0005440012967613,1.2789414758374045,71.94103438340534,65.76629086437265,NORMAL
10:07:40,LOT-20260812-B02,W03,step_27,다마신_포토,RAMP,16.197445630718388,-0.0005158769056564,1.3193836091073965,77.81109784942554,71.36218154080656,NORMAL
10:07:45,LOT-20260812-B02,W04,step_27,다마신_포토,RAMP,17.5355347129986,-0.0071316395891435,1.4593388224286512,84.09487912108942,77.00808892025341,NORMAL
10:07:50,LOT-20260812-B02,W05,step_27,다마신_포토,RAMP,18.77539233436631,-0.0002451664865747,1.5346527080603154,89.97351917744464,82.44644008983666,NORMAL
10:07:55,LOT-20260812-B02,W06,step_27,다마신_포토,RAMP,20.055583252666683,-0.0023090162231774,1.615759345726965,95.91037775481732,88.21024272114097,NORMAL
10:08:00,LOT-20260812-B02,W07,step_27,다마신_포토,RAMP,21.324617054070263,-0.0066113208831389,1.6876368304422598,102.1052770578616,93.78303871951572,NORMAL
10:08:05,LOT-20260812-B02,W08,step_27,다마신_포토,RAMP,22.43754143944235,0.0096715303121459,1.8152485549753927,108.25546941623874,98.84530652596288,NORMAL
10:08:10,LOT-20260812-B02,W09,step_27,다마신_포토,RAMP,23.708559301697925,0.0012452144239484,1.9579985676344944,113.96908432339625,104.42195757354114,NORMAL
10:08:15,LOT-20260812-B02,W10,step_27,다마신_포토,RAMP,25.054456525378452,5.241303311318823e-05,2.0330215569266974,120.00168990771162,109.83502588188288,NORMAL
10:08:20,LOT-20260812-B02,W11,step_27,다마신_포토,ACTIVE,25.013322767936497,-0.0008193342638255,2.0100086182908066,119.64546983426207,110.2774160430602,NORMAL
10:08:25,LOT-20260812-B02,W12,step_27,다마신_포토,ACTIVE,24.799548291319976,-0.0007793667387609,1.989659175848021,119.93319161747644,110.0381704651337,NORMAL
10:08:30,LOT-20260812-B02,W13,step_27,다마신_포토,ACTIVE,24.85003458020688,-0.0008193342638255,2.029899415248252,120.06638713405526,110.00775948079097,NORMAL
10:08:35,LOT-20260812-B02,W14,step_27,다마신_포토,ACTIVE,25.059631582716907,-0.0008193342638255,1.9680774435625656,119.99386677039368,110.07499193857456,NORMAL
10:08:40,LOT-20260812-B02,W15,step_27,다마신_포토,ACTIVE,25.075519983031448,-0.0008193342638255,2.0299084646248677,119.89135325014377,109.92531898614816,NORMAL
10:08:45,LOT-20260812-B02,W16,step_27,다마신_포토,ACTIVE,24.878546106614777,-0.0007793667387609,1.958122670540237,120.21775250104008,109.79444719379924,NORMAL
10:08:50,LOT-20260812-B02,W17,step_27,다마신_포토,ACTIVE,25.098925080591503,-0.0008193342638255,1.9787647467508749,120.01740230357348,110.0122531409098,NORMAL
10:08:55,LOT-20260812-B02,W18,step_27,다마신_포토,ACTIVE,24.982256740201752,-0.0007793667387609,1.943336587363389,120.7766409355145,109.935917992391,NORMAL
10:09:00,LOT-20260812-B02,W19,step_27,다마신_포토,ACTIVE,24.90797732831908,-0.0007793667387609,1.9736142173543405,120.06231577945682,110.08328577854591,NORMAL
10:09:05,LOT-20260812-B02,W20,step_27,다마신_포토,ACTIVE,24.94957336989563,-0.0007793667387609,1.9589763404908251,119.17604914419287,109.60832514355516,NORMAL
10:09:10,LOT-20260812-B02,W21,step_27,다마신_포토,ACTIVE,24.889953109655607,-0.0007793667387609,2.0429948738948447,119.66639051737944,110.0447260598512,NORMAL
10:09:15,LOT-20260812-B02,W22,step_27,다마신_포토,ACTIVE,24.944568011495704,-0.0007793667387609,1.9463302545663328,120.15963578378091,109.8345809586072,NORMAL
10:09:20,LOT-20260812-B02,W23,step_27,다마신_포토,ACTIVE,24.831799182620024,-0.0008193342638255,2.0230901177364733,119.80700706001768,110.03631318497924,NORMAL
10:09:25,LOT-20260812-B02,W24,step_27,다마신_포토,ACTIVE,24.99335503459017,-0.0007793667387609,1.943336587363389,119.82563091965112,110.21722150624898,NORMAL
10:09:30,LOT-20260812-B02,W25,step_27,다마신_포토,ACTIVE,25.05284068191352,-0.0008193342638255,2.002813762200567,119.62823104681418,109.86650053973236,NORMAL
10:09:35,LOT-20260812-B02,W01,step_27,다마신_포토,ACTIVE,24.87873175292872,-0.0007793667387609,2.0173949241172635,119.8569802588049,110.28721292378484,NORMAL
10:09:40,LOT-20260812-B02,W02,step_27,다마신_포토,ACTIVE,25.001531824356064,-0.0008193342638255,1.943336587363389,120.05817832676227,109.58221697959767,NORMAL
10:09:45,LOT-20260812-B02,W03,step_27,다마신_포토,ACTIVE,24.92758131746412,-0.0008193342638255,1.943336587363389,120.11575071431638,110.37051891932514,NORMAL
10:09:50,LOT-20260812-B02,W04,step_27,다마신_포토,ACTIVE,25.06019207518278,-0.0008193342638255,1.943336587363389,119.69403130455066,110.2972385725635,NORMAL
10:09:55,LOT-20260812-B02,W05,step_27,다마신_포토,ACTIVE,24.7917033617831,-0.0008193342638255,1.943336587363389,120.24162183399494,109.7872184873815,NORMAL
10:10:00,LOT-20260812-B02,W06,step_27,다마신_포토,ACTIVE,25.06406999632441,-0.0008193342638255,2.005045112116731,119.64258927305852,109.78922590109238,NORMAL
10:10:05,LOT-20260812-B02,W07,step_27,다마신_포토,ACTIVE,24.836401906229227,-0.0008193342638255,2.014554812525292,120.13138683269736,109.64121057125858,NORMAL
10:10:10,LOT-20260812-B02,W08,step_27,다마신_포토,ACTIVE,24.98110536883989,-0.0007793667387609,1.943336587363389,120.101114032391,110.22113091010895,NORMAL
10:10:15,LOT-20260812-B02,W09,step_27,다마신_포토,ACTIVE,24.93619736951656,-0.0008193342638255,2.007451906215953,119.71969254448966,109.92070140495628,NORMAL
10:10:20,LOT-20260812-B02,W10,step_27,다마신_포토,ACTIVE,24.967536736587203,-0.0008193342638255,1.9745552831737168,119.6840053421748,109.90309522398589,NORMAL
10:10:25,LOT-20260812-B02,W11,step_27,다마신_포토,ACTIVE,24.86235483189003,-0.0008193342638255,1.9940314379858668,120.11468713218146,109.73052440894274,NORMAL
10:10:30,LOT-20260812-C03,W01,step_27,다마신_포토,ACTIVE,25.14941238764624,-0.0007793667387609,1.962294602623645,119.8320352444192,110.4348737346645,NORMAL
10:10:35,LOT-20260812-C03,W02,step_27,다마신_포토,ACTIVE,24.88420932301507,-0.0007793667387609,2.0292594039477287,119.94285019640704,109.76653737688405,NORMAL
10:10:40,LOT-20260812-C03,W03,step_27,다마신_포토,ACTIVE,24.891311175462185,-0.0007793667387609,2.0429948738948447,120.20620074537445,110.00579987329404,NORMAL
10:10:45,LOT-20260812-C03,W04,step_27,다마신_포토,ACTIVE,25.161533852657698,-0.0007793667387609,2.0429948738948447,120.14374114836929,110.05183273033416,NORMAL
10:10:50,LOT-20260812-C03,W05,step_27,다마신_포토,ACTIVE,25.02904314724681,-0.0007793667387609,2.0429948738948447,119.72521664547163,109.90431891611784,NORMAL
10:10:55,LOT-20260812-C03,W06,step_27,다마신_포토,ACTIVE,24.887116912888548,-0.0007793667387609,1.943336587363389,119.98392624291095,109.85578622824998,NORMAL
10:11:00,LOT-20260812-C03,W07,step_27,다마신_포토,ACTIVE,24.988409109168654,-0.0008193342638255,1.9594574538636116,119.71958543943217,109.91137725335037,NORMAL
10:11:05,LOT-20260812-C03,W08,step_27,다마신_포토,ACTIVE,24.97878434776428,-0.0007793667387609,2.033914149967881,120.2609816849869,110.13567999986071,NORMAL
10:11:10,LOT-20260812-C03,W09,step_27,다마신_포토,ACTIVE,24.848111424618285,-0.0008193342638255,2.0429948738948447,120.46095505928452,109.91670628279716,NORMAL
10:11:15,LOT-20260812-C03,W10,step_27,다마신_포토,ACTIVE,24.93175636653836,-0.0008193342638255,2.0390264256143946,119.74647140544198,110.3901309649519,NORMAL
10:11:20,LOT-20260812-C03,W11,step_27,다마신_포토,ACTIVE,24.997625735931223,-0.0008193342638255,1.943336587363389,119.9906498688101,109.81351071540712,NORMAL
10:11:25,LOT-20260812-C03,W12,step_27,다마신_포토,ACTIVE,25.113977611525375,-0.0007793667387609,1.9739205599108671,120.27523830339932,110.18098562064088,NORMAL
10:11:30,LOT-20260812-C03,W13,step_27,다마신_포토,ACTIVE,24.983005314109658,-0.0008193342638255,2.0200042661952886,120.00726330249849,109.5784643091597,NORMAL
10:11:35,LOT-20260812-C03,W14,step_27,다마신_포토,ACTIVE,24.98977193131474,-0.0007793667387609,1.9901204287021552,120.16845158621412,109.81353799163936,NORMAL
10:11:40,LOT-20260812-C03,W15,step_27,다마신_포토,ACTIVE,24.926634999613583,-0.0008193342638255,1.9520736525368976,120.01548189945328,109.804089880141,NORMAL
10:11:45,LOT-20260812-C03,W16,step_27,다마신_포토,ACTIVE,25.09863017030874,-0.0007793667387609,1.9825847333993345,119.68295888763387,109.73506075204072,NORMAL
10:11:50,LOT-20260812-C03,W17,step_27,다마신_포토,ACTIVE,25.081208957635084,-0.0007793667387609,1.9991338388744253,120.03567750515336,110.06803340174136,NORMAL
10:11:55,LOT-20260812-C03,W18,step_27,다마신_포토,ACTIVE,25.07104012956834,-0.0007793667387609,1.943336587363389,120.33818509176992,109.97355507353788,NORMAL
10:12:00,LOT-20260812-C03,W19,step_27,다마신_포토,ACTIVE,25.010065497856264,-0.0007793667387609,2.0429948738948447,120.09428762094228,109.4530813477153,NORMAL
10:12:05,LOT-20260812-C03,W20,step_27,다마신_포토,ACTIVE,24.856128379428668,-0.0008193342638255,1.9736231106464577,120.48710228513676,110.4789285054206,NORMAL
10:12:10,LOT-20260812-C03,W21,step_27,다마신_포토,ACTIVE,25.097800290895872,-0.0007793667387609,1.9956454264213523,119.46854884229356,110.04224388664252,NORMAL
10:12:15,LOT-20260812-C03,W22,step_27,다마신_포토,ACTIVE,25.0051596773144,-0.0008193342638255,2.0429948738948447,120.11371423489206,110.00028256508378,NORMAL
10:12:20,LOT-20260812-C03,W23,step_27,다마신_포토,ACTIVE,24.972226763066228,-0.0007793667387609,1.9925000800336428,119.80559760444504,110.31442852366328,NORMAL
10:12:25,LOT-20260812-C03,W24,step_27,다마신_포토,ACTIVE,25.040361315570337,-0.0008193342638255,2.0429948738948447,119.73731065166228,110.23732661345396,NORMAL
10:12:30,LOT-20260812-C03,W25,step_27,다마신_포토,ACTIVE,25.02017707334452,-0.0008193342638255,1.943336587363389,120.40032558257153,109.92843840946436,NORMAL
10:12:35,LOT-20260812-C03,W01,step_27,다마신_포토,ACTIVE,24.90377218057943,-0.0008193342638255,2.025977354876977,119.9234985066932,109.53139686567172,NORMAL
10:12:40,LOT-20260812-C03,W02,step_27,다마신_포토,ACTIVE,24.971128192466256,-0.0007793667387609,2.0429948738948447,119.8945364216,110.13545255486852,NORMAL
10:12:45,LOT-20260812-C03,W03,step_27,다마신_포토,ACTIVE,24.82863164868259,-0.0008193342638255,1.950207920091257,120.10307276553569,109.76891691806031,NORMAL
10:12:50,LOT-20260812-C03,W04,step_27,다마신_포토,ACTIVE,25.007742397113905,-0.0007793667387609,1.989297824458016,119.35424446408612,110.29742347006146,NORMAL
10:12:55,LOT-20260812-C03,W05,step_27,다마신_포토,ACTIVE,25.119711499057104,-0.0008193342638255,1.9905394649221653,120.4064597819651,109.81372072097656,NORMAL
10:13:00,LOT-20260812-C03,W06,step_27,다마신_포토,ACTIVE,24.83839463762784,-0.0007793667387609,2.0125783530289825,120.57132909423424,109.8915519451544,NORMAL
10:13:05,LOT-20260812-C03,W07,step_27,다마신_포토,ACTIVE,25.011576526283037,-0.0008193342638255,2.0284880970403862,120.27453403350668,109.67763653728656,NORMAL
10:13:10,LOT-20260812-C03,W08,step_27,다마신_포토,ACTIVE,25.060163068041508,-0.0007793667387609,1.9453276280826612,120.12359692217142,109.69704911335933,NORMAL
10:13:15,LOT-20260812-C03,W09,step_27,다마신_포토,ACTIVE,25.0734721285352,-0.0007793667387609,1.996396708501921,119.93502737185756,109.97382190863226,NORMAL
10:13:20,,,step_27,다마신_포토,IDLE,25.0734721285352,-0.0007793667387609,1.996396708501921,119.93502737185756,109.97382190863226,NORMAL
10:13:25,,,step_27,다마신_포토,IDLE,25.0734721285352,-0.0007793667387609,1.996396708501921,119.93502737185756,109.97382190863226,NORMAL
10:13:30,,,step_27,다마신_포토,IDLE,25.0734721285352,-0.0007793667387609,1.996396708501921,119.93502737185756,109.97382190863226,NORMAL
10:13:35,,,step_27,다마신_포토,IDLE,25.0734721285352,-0.0007793667387609,1.996396708501921,119.93502737185756,109.97382190863226,NORMAL
10:13:40,,,step_27,다마신_포토,IDLE,25.0734721285352,-0.0007793667387609,1.996396708501921,119.93502737185756,109.97382190863226,NORMAL
10:13:45,,,step_27,다마신_포토,IDLE,25.0734721285352,-0.0007793667387609,1.996396708501921,119.93502737185756,109.97382190863226,NORMAL
10:13:50,,,step_27,다마신_포토,IDLE,25.0734721285352,-0.0007793667387609,1.996396708501921,119.93502737185756,109.97382190863226,NORMAL
10:13:55,,,step_27,다마신_포토,IDLE,25.0734721285352,-0.0007793667387609,1.996396708501921,119.93502737185756,109.97382190863226,NORMAL
10:14:00,,,step_27,다마신_포토,IDLE,25.0734721285352,-0.0007793667387609,1.996396708501921,119.93502737185756,109.97382190863226,NORMAL
10:14:05,,,step_27,다마신_포토,IDLE,25.0734721285352,-0.0007793667387609,1.996396708501921,119.93502737185756,109.97382190863226,NORMAL
10:14:10,,,step_27,다마신_포토,IDLE,25.0734721285352,-0.0007793667387609,1.996396708501921,119.93502737185756,109.97382190863226,NORMAL
10:14:15,,,step_27,다마신_포토,IDLE,25.0734721285352,-0.0007793667387609,1.996396708501921,119.93502737185756,109.97382190863226,NORMAL
10:14:20,,,step_27,다마신_포토,IDLE,25.0734721285352,-0.0007793667387609,1.996396708501921,119.93502737185756,109.97382190863226,NORMAL
10:14:25,,,step_27,다마신_포토,IDLE,25.0734721285352,-0.0007793667387609,1.996396708501921,119.93502737185756,109.97382190863226,NORMAL
10:14:30,,,step_27,다마신_포토,IDLE,25.0734721285352,-0.0007793667387609,1.996396708501921,119.93502737185756,109.97382190863226,NORMAL
10:14:35,,,step_27,다마신_포토,IDLE,25.0734721285352,-0.0007793667387609,1.996396708501921,119.93502737185756,109.97382190863226,NORMAL
10:14:40,,,step_27,다마신_포토,IDLE,25.0734721285352,-0.0007793667387609,1.996396708501921,119.93502737185756,109.97382190863226,NORMAL
10:14:45,,,step_27,다마신_포토,IDLE,25.0734721285352,-0.0007793667387609,1.996396708501921,119.93502737185756,109.97382190863226,NORMAL
10:14:50,,,step_27,다마신_포토,IDLE,25.0734721285352,-0.0007793667387609,1.996396708501921,119.93502737185756,109.97382190863226,NORMAL
10:14:55,,,step_27,다마신_포토,IDLE,25.0734721285352,-0.0007793667387609,1.996396708501921,119.93502737185756,109.97382190863226,NORMAL
10:15:00,,,step_27,다마신_포토,IDLE,25.0734721285352,-0.0007793667387609,1.996396708501921,119.93502737185756,109.97382190863226,NORMAL
10:15:05,,,step_27,다마신_포토,IDLE,25.0734721285352,-0.0007793667387609,1.996396708501921,119.93502737185756,109.97382190863226,NORMAL
10:15:10,,,step_27,다마신_포토,IDLE,25.0734721285352,-0.0007793667387609,1.996396708501921,119.93502737185756,109.97382190863226,NORMAL
10:15:15,,,step_27,다마신_포토,IDLE,25.0734721285352,-0.0007793667387609,1.996396708501921,119.93502737185756,109.97382190863226,NORMAL
10:15:20,,,step_27,다마신_포토,IDLE,25.0734721285352,-0.0007793667387609,1.996396708501921,119.93502737185756,109.97382190863226,NORMAL
10:15:25,,,step_27,다마신_포토,IDLE,25.0734721285352,-0.0007793667387609,1.996396708501921,119.93502737185756,109.97382190863226,NORMAL
10:15:30,,,step_27,다마신_포토,IDLE,25.0734721285352,-0.0007793667387609,1.996396708501921,119.93502737185756,109.97382190863226,NORMAL
10:15:35,,,step_27,다마신_포토,IDLE,25.0734721285352,-0.0007793667387609,1.996396708501921,119.93502737185756,109.97382190863226,NORMAL
10:15:40,,,step_27,다마신_포토,IDLE,25.0734721285352,-0.0007793667387609,1.996396708501921,119.93502737185756,109.97382190863226,NORMAL
10:15:45,,,step_27,다마신_포토,IDLE,25.0734721285352,-0.0007793667387609,1.996396708501921,119.93502737185756,109.97382190863226,NORMAL
10:15:50,,,step_27,다마신_포토,IDLE,25.0734721285352,-0.0007793667387609,1.996396708501921,119.93502737185756,109.97382190863226,NORMAL
10:15:55,,,step_27,다마신_포토,IDLE,25.0734721285352,-0.0007793667387609,1.996396708501921,119.93502737185756,109.97382190863226,NORMAL
10:16:00,,,step_27,다마신_포토,IDLE,25.0734721285352,-0.0007793667387609,1.996396708501921,119.93502737185756,109.97382190863226,NORMAL
10:16:05,,,step_27,다마신_포토,IDLE,25.0734721285352,-0.0007793667387609,1.996396708501921,119.93502737185756,109.97382190863226,NORMAL
10:16:10,,,step_27,다마신_포토,IDLE,25.0734721285352,-0.0007793667387609,1.996396708501921,119.93502737185756,109.97382190863226,NORMAL
10:16:15,,,step_27,다마신_포토,IDLE,25.0734721285352,-0.0007793667387609,1.996396708501921,119.93502737185756,109.97382190863226,NORMAL
10:16:20,,,step_27,다마신_포토,IDLE,25.0734721285352,-0.0007793667387609,1.996396708501921,119.93502737185756,109.97382190863226,NORMAL
10:16:25,,,step_27,다마신_포토,IDLE,25.0734721285352,-0.0007793667387609,1.996396708501921,119.93502737185756,109.97382190863226,NORMAL
10:16:30,,,step_27,다마신_포토,IDLE,25.0734721285352,-0.0007793667387609,1.996396708501921,119.93502737185756,109.97382190863226,NORMAL
10:16:35,,,step_27,다마신_포토,IDLE,25.0734721285352,-0.0007793667387609,1.996396708501921,119.93502737185756,109.97382190863226,NORMAL
10:16:40,,,step_27,다마신_포토,IDLE,25.0734721285352,-0.0007793667387609,1.996396708501921,119.93502737185756,109.97382190863226,NORMAL
10:16:45,,,step_27,다마신_포토,IDLE,25.0734721285352,-0.0007793667387609,1.996396708501921,119.93502737185756,109.97382190863226,NORMAL
10:16:50,,,step_27,다마신_포토,IDLE,25.0734721285352,-0.0007793667387609,1.996396708501921,119.93502737185756,109.97382190863226,NORMAL
10:16:55,,,step_27,다마신_포토,IDLE,25.0734721285352,-0.0007793667387609,1.996396708501921,119.93502737185756,109.97382190863226,NORMAL
10:17:00,,,step_27,다마신_포토,IDLE,25.0734721285352,-0.0007793667387609,1.996396708501921,119.93502737185756,109.97382190863226,NORMAL
10:17:05,,,step_27,다마신_포토,IDLE,25.0734721285352,-0.0007793667387609,1.996396708501921,119.93502737185756,109.97382190863226,NORMAL
10:17:10,,,step_27,다마신_포토,IDLE,25.0734721285352,-0.0007793667387609,1.996396708501921,119.93502737185756,109.97382190863226,NORMAL
10:17:15,,,step_27,다마신_포토,IDLE,25.0734721285352,-0.0007793667387609,1.996396708501921,119.93502737185756,109.97382190863226,NORMAL
10:17:20,,,step_27,다마신_포토,IDLE,25.0734721285352,-0.0007793667387609,1.996396708501921,119.93502737185756,109.97382190863226,NORMAL
10:17:25,,,step_27,다마신_포토,IDLE,25.0734721285352,-0.0007793667387609,1.996396708501921,119.93502737185756,109.97382190863226,NORMAL
10:17:30,,,step_27,다마신_포토,IDLE,25.0734721285352,-0.0007793667387609,1.996396708501921,119.93502737185756,109.97382190863226,NORMAL
10:17:35,,,step_27,다마신_포토,IDLE,25.0734721285352,-0.0007793667387609,1.996396708501921,119.93502737185756,109.97382190863226,NORMAL
10:17:40,,,step_27,다마신_포토,IDLE,25.0734721285352,-0.0007793667387609,1.996396708501921,119.93502737185756,109.97382190863226,NORMAL
10:17:45,,,step_27,다마신_포토,IDLE,25.0734721285352,-0.0007793667387609,1.996396708501921,119.93502737185756,109.97382190863226,NORMAL
10:17:50,,,step_27,다마신_포토,IDLE,25.0734721285352,-0.0007793667387609,1.996396708501921,119.93502737185756,109.97382190863226,NORMAL
10:17:55,,,step_27,다마신_포토,IDLE,25.0734721285352,-0.0007793667387609,1.996396708501921,119.93502737185756,109.97382190863226,NORMAL
10:18:00,,,step_27,다마신_포토,IDLE,25.0734721285352,-0.0007793667387609,1.996396708501921,119.93502737185756,109.97382190863226,NORMAL
10:18:05,,,step_27,다마신_포토,IDLE,25.0734721285352,-0.0007793667387609,1.996396708501921,119.93502737185756,109.97382190863226,NORMAL
10:18:10,,,step_27,다마신_포토,IDLE,25.0734721285352,-0.0007793667387609,1.996396708501921,119.93502737185756,109.97382190863226,NORMAL
10:18:15,,,step_27,다마신_포토,IDLE,25.0734721285352,-0.0007793667387609,1.996396708501921,119.93502737185756,109.97382190863226,NORMAL
10:18:20,,,step_27,다마신_포토,IDLE,25.0734721285352,-0.0007793667387609,1.996396708501921,119.93502737185756,109.97382190863226,NORMAL
10:18:25,,,step_27,다마신_포토,IDLE,25.0734721285352,-0.0007793667387609,1.996396708501921,119.93502737185756,109.97382190863226,NORMAL
10:18:30,,,step_27,다마신_포토,IDLE,25.0734721285352,-0.0007793667387609,1.996396708501921,119.93502737185756,109.97382190863226,NORMAL
10:18:35,,,step_27,다마신_포토,IDLE,25.0734721285352,-0.0007793667387609,1.996396708501921,119.93502737185756,109.97382190863226,NORMAL
10:18:40,,,step_27,다마신_포토,IDLE,25.0734721285352,-0.0007793667387609,1.996396708501921,119.93502737185756,109.97382190863226,NORMAL
10:18:45,,,step_27,다마신_포토,IDLE,25.0734721285352,-0.0007793667387609,1.996396708501921,119.93502737185756,109.97382190863226,NORMAL
10:18:50,,,step_27,다마신_포토,IDLE,25.0734721285352,-0.0007793667387609,1.996396708501921,119.93502737185756,109.97382190863226,NORMAL
10:18:55,,,step_27,다마신_포토,IDLE,25.0734721285352,-0.0007793667387609,1.996396708501921,119.93502737185756,109.97382190863226,NORMAL
10:19:00,,,step_27,다마신_포토,IDLE,25.0734721285352,-0.0007793667387609,1.996396708501921,119.93502737185756,109.97382190863226,NORMAL
10:19:05,,,step_27,다마신_포토,IDLE,25.0734721285352,-0.0007793667387609,1.996396708501921,119.93502737185756,109.97382190863226,NORMAL
10:19:10,,,step_27,다마신_포토,IDLE,25.0734721285352,-0.0007793667387609,1.996396708501921,119.93502737185756,109.97382190863226,NORMAL
10:19:15,,,step_27,다마신_포토,IDLE,25.0734721285352,-0.0007793667387609,1.996396708501921,119.93502737185756,109.97382190863226,NORMAL
10:19:20,,,step_27,다마신_포토,IDLE,25.0734721285352,-0.0007793667387609,1.996396708501921,119.93502737185756,109.97382190863226,NORMAL
10:19:25,,,step_27,다마신_포토,IDLE,25.0734721285352,-0.0007793667387609,1.996396708501921,119.93502737185756,109.97382190863226,NORMAL
10:19:30,,,step_27,다마신_포토,IDLE,25.0734721285352,-0.0007793667387609,1.996396708501921,119.93502737185756,109.97382190863226,NORMAL
10:19:35,,,step_27,다마신_포토,IDLE,25.0734721285352,-0.0007793667387609,1.996396708501921,119.93502737185756,109.97382190863226,NORMAL
10:19:40,,,step_27,다마신_포토,IDLE,25.0734721285352,-0.0007793667387609,1.996396708501921,119.93502737185756,109.97382190863226,NORMAL
10:19:45,,,step_27,다마신_포토,IDLE,25.0734721285352,-0.0007793667387609,1.996396708501921,119.93502737185756,109.97382190863226,NORMAL
10:19:50,,,step_27,다마신_포토,IDLE,25.0734721285352,-0.0007793667387609,1.996396708501921,119.93502737185756,109.97382190863226,NORMAL
10:19:55,,,step_27,다마신_포토,IDLE,25.0734721285352,-0.0007793667387609,1.996396708501921,119.93502737185756,109.97382190863226,NORMAL
10:20:00,,,step_27,다마신_포토,IDLE,25.0734721285352,-0.0007793667387609,1.996396708501921,119.93502737185756,109.97382190863226,NORMAL
10:20:05,,,step_27,다마신_포토,IDLE,25.0734721285352,-0.0007793667387609,1.996396708501921,119.93502737185756,109.97382190863226,NORMAL
10:20:10,,,step_27,다마신_포토,IDLE,25.0734721285352,-0.0007793667387609,1.996396708501921,119.93502737185756,109.97382190863226,NORMAL
10:20:15,,,step_27,다마신_포토,IDLE,25.0734721285352,-0.0007793667387609,1.996396708501921,119.93502737185756,109.97382190863226,NORMAL
10:20:20,,,step_27,다마신_포토,IDLE,25.0734721285352,-0.0007793667387609,1.996396708501921,119.93502737185756,109.97382190863226,NORMAL
10:20:25,,,step_27,다마신_포토,IDLE,25.0734721285352,-0.0007793667387609,1.996396708501921,119.93502737185756,109.97382190863226,NORMAL
10:20:30,,,step_27,다마신_포토,IDLE,25.0734721285352,-0.0007793667387609,1.996396708501921,119.93502737185756,109.97382190863226,NORMAL
10:20:35,,,step_27,다마신_포토,IDLE,25.0734721285352,-0.0007793667387609,1.996396708501921,119.93502737185756,109.97382190863226,NORMAL
10:20:40,,,step_27,다마신_포토,IDLE,25.0734721285352,-0.0007793667387609,1.996396708501921,119.93502737185756,109.97382190863226,NORMAL
10:20:45,,,step_27,다마신_포토,IDLE,25.0734721285352,-0.0007793667387609,1.996396708501921,119.93502737185756,109.97382190863226,NORMAL
10:20:50,,,step_27,다마신_포토,IDLE,25.0734721285352,-0.0007793667387609,1.996396708501921,119.93502737185756,109.97382190863226,NORMAL
10:20:55,,,step_27,다마신_포토,IDLE,25.0734721285352,-0.0007793667387609,1.996396708501921,119.93502737185756,109.97382190863226,NORMAL
10:21:00,,,step_27,다마신_포토,IDLE,25.0734721285352,-0.0007793667387609,1.996396708501921,119.93502737185756,109.97382190863226,NORMAL
10:21:05,,,step_27,다마신_포토,IDLE,25.0734721285352,-0.0007793667387609,1.996396708501921,119.93502737185756,109.97382190863226,NORMAL
10:21:10,,,step_27,다마신_포토,IDLE,25.0734721285352,-0.0007793667387609,1.996396708501921,119.93502737185756,109.97382190863226,NORMAL
10:21:15,,,step_27,다마신_포토,IDLE,25.0734721285352,-0.0007793667387609,1.996396708501921,119.93502737185756,109.97382190863226,NORMAL
10:21:20,,,step_27,다마신_포토,IDLE,25.0734721285352,-0.0007793667387609,1.996396708501921,119.93502737185756,109.97382190863226,NORMAL
10:21:25,,,step_27,다마신_포토,IDLE,25.0734721285352,-0.0007793667387609,1.996396708501921,119.93502737185756,109.97382190863226,NORMAL
10:21:30,,,step_27,다마신_포토,IDLE,25.0734721285352,-0.0007793667387609,1.996396708501921,119.93502737185756,109.97382190863226,NORMAL
10:21:35,,,step_27,다마신_포토,IDLE,25.0734721285352,-0.0007793667387609,1.996396708501921,119.93502737185756,109.97382190863226,NORMAL
10:21:40,,,step_27,다마신_포토,IDLE,25.0734721285352,-0.0007793667387609,1.996396708501921,119.93502737185756,109.97382190863226,NORMAL
10:21:45,,,step_27,다마신_포토,IDLE,25.0734721285352,-0.0007793667387609,1.996396708501921,119.93502737185756,109.97382190863226,NORMAL
10:21:50,,,step_27,다마신_포토,IDLE,25.0734721285352,-0.0007793667387609,1.996396708501921,119.93502737185756,109.97382190863226,NORMAL
10:21:55,,,step_27,다마신_포토,IDLE,25.0734721285352,-0.0007793667387609,1.996396708501921,119.93502737185756,109.97382190863226,NORMAL
10:22:00,,,step_27,다마신_포토,IDLE,25.0734721285352,-0.0007793667387609,1.996396708501921,119.93502737185756,109.97382190863226,NORMAL
10:22:05,,,step_27,다마신_포토,IDLE,25.0734721285352,-0.0007793667387609,1.996396708501921,119.93502737185756,109.97382190863226,NORMAL
10:22:10,,,step_27,다마신_포토,IDLE,25.0734721285352,-0.0007793667387609,1.996396708501921,119.93502737185756,109.97382190863226,NORMAL
10:22:15,,,step_27,다마신_포토,IDLE,25.0734721285352,-0.0007793667387609,1.996396708501921,119.93502737185756,109.97382190863226,NORMAL
10:22:20,,,step_27,다마신_포토,IDLE,25.0734721285352,-0.0007793667387609,1.996396708501921,119.93502737185756,109.97382190863226,NORMAL
10:22:25,,,step_27,다마신_포토,IDLE,25.0734721285352,-0.0007793667387609,1.996396708501921,119.93502737185756,109.97382190863226,NORMAL
10:22:30,,,step_27,다마신_포토,IDLE,25.0734721285352,-0.0007793667387609,1.996396708501921,119.93502737185756,109.97382190863226,NORMAL
10:22:35,,,step_27,다마신_포토,IDLE,25.0734721285352,-0.0007793667387609,1.996396708501921,119.93502737185756,109.97382190863226,NORMAL
10:22:40,,,step_27,다마신_포토,IDLE,25.0734721285352,-0.0007793667387609,1.996396708501921,119.93502737185756,109.97382190863226,NORMAL
10:22:45,,,step_27,다마신_포토,IDLE,25.0734721285352,-0.0007793667387609,1.996396708501921,119.93502737185756,109.97382190863226,NORMAL
10:22:50,,,step_27,다마신_포토,IDLE,25.0734721285352,-0.0007793667387609,1.996396708501921,119.93502737185756,109.97382190863226,NORMAL
10:22:55,,,step_27,다마신_포토,IDLE,25.0734721285352,-0.0007793667387609,1.996396708501921,119.93502737185756,109.97382190863226,NORMAL
10:23:00,,,step_27,다마신_포토,IDLE,25.0734721285352,-0.0007793667387609,1.996396708501921,119.93502737185756,109.97382190863226,NORMAL
10:23:05,,,step_27,다마신_포토,IDLE,25.0734721285352,-0.0007793667387609,1.996396708501921,119.93502737185756,109.97382190863226,NORMAL
10:23:10,,,step_27,다마신_포토,IDLE,25.0734721285352,-0.0007793667387609,1.996396708501921,119.93502737185756,109.97382190863226,NORMAL
10:23:15,,,step_27,다마신_포토,IDLE,25.0734721285352,-0.0007793667387609,1.996396708501921,119.93502737185756,109.97382190863226,NORMAL
10:23:20,,,step_27,다마신_포토,IDLE,25.0734721285352,-0.0007793667387609,1.996396708501921,119.93502737185756,109.97382190863226,NORMAL
10:23:25,,,step_27,다마신_포토,IDLE,25.0734721285352,-0.0007793667387609,1.996396708501921,119.93502737185756,109.97382190863226,NORMAL
10:23:30,,,step_27,다마신_포토,IDLE,25.0734721285352,-0.0007793667387609,1.996396708501921,119.93502737185756,109.97382190863226,NORMAL
10:23:35,,,step_27,다마신_포토,IDLE,25.0734721285352,-0.0007793667387609,1.996396708501921,119.93502737185756,109.97382190863226,NORMAL
10:23:40,,,step_27,다마신_포토,IDLE,25.0734721285352,-0.0007793667387609,1.996396708501921,119.93502737185756,109.97382190863226,NORMAL
10:23:45,,,step_27,다마신_포토,IDLE,25.0734721285352,-0.0007793667387609,1.996396708501921,119.93502737185756,109.97382190863226,NORMAL
10:23:50,,,step_27,다마신_포토,IDLE,25.0734721285352,-0.0007793667387609,1.996396708501921,119.93502737185756,109.97382190863226,NORMAL
10:23:55,,,step_27,다마신_포토,IDLE,25.0734721285352,-0.0007793667387609,1.996396708501921,119.93502737185756,109.97382190863226,NORMAL
10:24:00,,,step_27,다마신_포토,IDLE,25.0734721285352,-0.0007793667387609,1.996396708501921,119.93502737185756,109.97382190863226,NORMAL
10:24:05,,,step_27,다마신_포토,IDLE,25.0734721285352,-0.0007793667387609,1.996396708501921,119.93502737185756,109.97382190863226,NORMAL
10:24:10,,,step_27,다마신_포토,IDLE,25.0734721285352,-0.0007793667387609,1.996396708501921,119.93502737185756,109.97382190863226,NORMAL
10:24:15,,,step_27,다마신_포토,IDLE,25.0734721285352,-0.0007793667387609,1.996396708501921,119.93502737185756,109.97382190863226,NORMAL
10:24:20,,,step_27,다마신_포토,IDLE,25.0734721285352,-0.0007793667387609,1.996396708501921,119.93502737185756,109.97382190863226,NORMAL
10:24:25,,,step_27,다마신_포토,IDLE,25.0734721285352,-0.0007793667387609,1.996396708501921,119.93502737185756,109.97382190863226,NORMAL
10:24:30,,,step_27,다마신_포토,IDLE,25.0734721285352,-0.0007793667387609,1.996396708501921,119.93502737185756,109.97382190863226,NORMAL
10:24:35,,,step_27,다마신_포토,IDLE,25.0734721285352,-0.0007793667387609,1.996396708501921,119.93502737185756,109.97382190863226,NORMAL
10:24:40,,,step_27,다마신_포토,IDLE,25.0734721285352,-0.0007793667387609,1.996396708501921,119.93502737185756,109.97382190863226,NORMAL
10:24:45,,,step_27,다마신_포토,IDLE,25.0734721285352,-0.0007793667387609,1.996396708501921,119.93502737185756,109.97382190863226,NORMAL
10:24:50,,,step_27,다마신_포토,IDLE,25.0734721285352,-0.0007793667387609,1.996396708501921,119.93502737185756,109.97382190863226,NORMAL
10:24:55,,,step_27,다마신_포토,IDLE,25.0734721285352,-0.0007793667387609,1.996396708501921,119.93502737185756,109.97382190863226,NORMAL
10:25:00,,,step_27,다마신_포토,IDLE,25.0734721285352,-0.0007793667387609,1.996396708501921,119.93502737185756,109.97382190863226,NORMAL
10:25:05,,,step_27,다마신_포토,IDLE,25.0734721285352,-0.0007793667387609,1.996396708501921,119.93502737185756,109.97382190863226,NORMAL
10:25:10,,,step_27,다마신_포토,IDLE,25.0734721285352,-0.0007793667387609,1.996396708501921,119.93502737185756,109.97382190863226,NORMAL
10:25:15,,,step_27,다마신_포토,IDLE,25.0734721285352,-0.0007793667387609,1.996396708501921,119.93502737185756,109.97382190863226,NORMAL
10:25:20,,,step_27,다마신_포토,IDLE,25.0734721285352,-0.0007793667387609,1.996396708501921,119.93502737185756,109.97382190863226,NORMAL
10:25:25,,,step_27,다마신_포토,IDLE,25.0734721285352,-0.0007793667387609,1.996396708501921,119.93502737185756,109.97382190863226,NORMAL
10:25:30,,,step_27,다마신_포토,IDLE,25.0734721285352,-0.0007793667387609,1.996396708501921,119.93502737185756,109.97382190863226,NORMAL
10:25:35,,,step_27,다마신_포토,IDLE,25.0734721285352,-0.0007793667387609,1.996396708501921,119.93502737185756,109.97382190863226,NORMAL
10:25:40,,,step_27,다마신_포토,IDLE,25.0734721285352,-0.0007793667387609,1.996396708501921,119.93502737185756,109.97382190863226,NORMAL
10:25:45,,,step_27,다마신_포토,IDLE,25.0734721285352,-0.0007793667387609,1.996396708501921,119.93502737185756,109.97382190863226,NORMAL
10:25:50,,,step_27,다마신_포토,IDLE,25.0734721285352,-0.0007793667387609,1.996396708501921,119.93502737185756,109.97382190863226,NORMAL
10:25:55,,,step_27,다마신_포토,IDLE,25.0734721285352,-0.0007793667387609,1.996396708501921,119.93502737185756,109.97382190863226,NORMAL
10:26:00,,,step_27,다마신_포토,IDLE,25.0734721285352,-0.0007793667387609,1.996396708501921,119.93502737185756,109.97382190863226,NORMAL
10:26:05,,,step_27,다마신_포토,IDLE,25.0734721285352,-0.0007793667387609,1.996396708501921,119.93502737185756,109.97382190863226,NORMAL
10:26:10,,,step_27,다마신_포토,IDLE,25.0734721285352,-0.0007793667387609,1.996396708501921,119.93502737185756,109.97382190863226,NORMAL
10:26:15,,,step_27,다마신_포토,IDLE,25.0734721285352,-0.0007793667387609,1.996396708501921,119.93502737185756,109.97382190863226,NORMAL
10:26:20,,,step_27,다마신_포토,IDLE,25.0734721285352,-0.0007793667387609,1.996396708501921,119.93502737185756,109.97382190863226,NORMAL
10:26:25,,,step_27,다마신_포토,IDLE,25.0734721285352,-0.0007793667387609,1.996396708501921,119.93502737185756,109.97382190863226,NORMAL
10:26:30,,,step_27,다마신_포토,IDLE,25.0734721285352,-0.0007793667387609,1.996396708501921,119.93502737185756,109.97382190863226,NORMAL
10:26:35,,,step_27,다마신_포토,IDLE,25.0734721285352,-0.0007793667387609,1.996396708501921,119.93502737185756,109.97382190863226,NORMAL
10:26:40,,,step_27,다마신_포토,IDLE,25.0734721285352,-0.0007793667387609,1.996396708501921,119.93502737185756,109.97382190863226,NORMAL
10:26:45,,,step_27,다마신_포토,IDLE,25.0734721285352,-0.0007793667387609,1.996396708501921,119.93502737185756,109.97382190863226,NORMAL
10:26:50,,,step_27,다마신_포토,IDLE,25.0734721285352,-0.0007793667387609,1.996396708501921,119.93502737185756,109.97382190863226,NORMAL
10:26:55,,,step_27,다마신_포토,IDLE,25.0734721285352,-0.0007793667387609,1.996396708501921,119.93502737185756,109.97382190863226,NORMAL
10:27:00,,,step_27,다마신_포토,IDLE,25.0734721285352,-0.0007793667387609,1.996396708501921,119.93502737185756,109.97382190863226,NORMAL
10:27:05,,,step_27,다마신_포토,IDLE,25.0734721285352,-0.0007793667387609,1.996396708501921,119.93502737185756,109.97382190863226,NORMAL
10:27:10,,,step_27,다마신_포토,IDLE,25.0734721285352,-0.0007793667387609,1.996396708501921,119.93502737185756,109.97382190863226,NORMAL
10:27:15,,,step_27,다마신_포토,IDLE,25.0734721285352,-0.0007793667387609,1.996396708501921,119.93502737185756,109.97382190863226,NORMAL
10:27:20,,,step_27,다마신_포토,IDLE,25.0734721285352,-0.0007793667387609,1.996396708501921,119.93502737185756,109.97382190863226,NORMAL
10:27:25,,,step_27,다마신_포토,IDLE,25.0734721285352,-0.0007793667387609,1.996396708501921,119.93502737185756,109.97382190863226,NORMAL
10:27:30,,,step_27,다마신_포토,IDLE,25.0734721285352,-0.0007793667387609,1.996396708501921,119.93502737185756,109.97382190863226,NORMAL
10:27:35,,,step_27,다마신_포토,IDLE,25.0734721285352,-0.0007793667387609,1.996396708501921,119.93502737185756,109.97382190863226,NORMAL
10:27:40,,,step_27,다마신_포토,IDLE,25.0734721285352,-0.0007793667387609,1.996396708501921,119.93502737185756,109.97382190863226,NORMAL
10:27:45,,,step_27,다마신_포토,IDLE,25.0734721285352,-0.0007793667387609,1.996396708501921,119.93502737185756,109.97382190863226,NORMAL
10:27:50,,,step_27,다마신_포토,IDLE,25.0734721285352,-0.0007793667387609,1.996396708501921,119.93502737185756,109.97382190863226,NORMAL
10:27:55,,,step_27,다마신_포토,IDLE,25.0734721285352,-0.0007793667387609,1.996396708501921,119.93502737185756,109.97382190863226,NORMAL
10:28:00,,,step_27,다마신_포토,IDLE,25.0734721285352,-0.0007793667387609,1.996396708501921,119.93502737185756,109.97382190863226,NORMAL
10:28:05,,,step_27,다마신_포토,IDLE,25.0734721285352,-0.0007793667387609,1.996396708501921,119.93502737185756,109.97382190863226,NORMAL
10:28:10,,,step_27,다마신_포토,IDLE,25.0734721285352,-0.0007793667387609,1.996396708501921,119.93502737185756,109.97382190863226,NORMAL
10:28:15,,,step_27,다마신_포토,IDLE,25.0734721285352,-0.0007793667387609,1.996396708501921,119.93502737185756,109.97382190863226,NORMAL
10:28:20,,,step_27,다마신_포토,IDLE,25.0734721285352,-0.0007793667387609,1.996396708501921,119.93502737185756,109.97382190863226,NORMAL
10:28:25,,,step_27,다마신_포토,IDLE,25.0734721285352,-0.0007793667387609,1.996396708501921,119.93502737185756,109.97382190863226,NORMAL
10:28:30,,,step_27,다마신_포토,IDLE,25.0734721285352,-0.0007793667387609,1.996396708501921,119.93502737185756,109.97382190863226,NORMAL
10:28:35,,,step_27,다마신_포토,IDLE,25.0734721285352,-0.0007793667387609,1.996396708501921,119.93502737185756,109.97382190863226,NORMAL
10:28:40,,,step_27,다마신_포토,IDLE,25.0734721285352,-0.0007793667387609,1.996396708501921,119.93502737185756,109.97382190863226,NORMAL
10:28:45,,,step_27,다마신_포토,IDLE,25.0734721285352,-0.0007793667387609,1.996396708501921,119.93502737185756,109.97382190863226,NORMAL
10:28:50,,,step_27,다마신_포토,IDLE,25.0734721285352,-0.0007793667387609,1.996396708501921,119.93502737185756,109.97382190863226,NORMAL
10:28:55,,,step_27,다마신_포토,IDLE,25.0734721285352,-0.0007793667387609,1.996396708501921,119.93502737185756,109.97382190863226,NORMAL
10:29:00,,,step_27,다마신_포토,IDLE,25.0734721285352,-0.0007793667387609,1.996396708501921,119.93502737185756,109.97382190863226,NORMAL
10:29:05,,,step_27,다마신_포토,IDLE,25.0734721285352,-0.0007793667387609,1.996396708501921,119.93502737185756,109.97382190863226,NORMAL
10:29:10,,,step_27,다마신_포토,IDLE,25.0734721285352,-0.0007793667387609,1.996396708501921,119.93502737185756,109.97382190863226,NORMAL
10:29:15,,,step_27,다마신_포토,IDLE,25.0734721285352,-0.0007793667387609,1.996396708501921,119.93502737185756,109.97382190863226,NORMAL
10:29:20,,,step_27,다마신_포토,IDLE,25.0734721285352,-0.0007793667387609,1.996396708501921,119.93502737185756,109.97382190863226,NORMAL
10:29:25,,,step_27,다마신_포토,IDLE,25.0734721285352,-0.0007793667387609,1.996396708501921,119.93502737185756,109.97382190863226,NORMAL
10:29:30,,,step_27,다마신_포토,IDLE,25.0734721285352,-0.0007793667387609,1.996396708501921,119.93502737185756,109.97382190863226,NORMAL
10:29:35,,,step_27,다마신_포토,IDLE,25.0734721285352,-0.0007793667387609,1.996396708501921,119.93502737185756,109.97382190863226,NORMAL
10:29:40,,,step_27,다마신_포토,IDLE,25.0734721285352,-0.0007793667387609,1.996396708501921,119.93502737185756,109.97382190863226,NORMAL
10:29:45,,,step_27,다마신_포토,IDLE,25.0734721285352,-0.0007793667387609,1.996396708501921,119.93502737185756,109.97382190863226,NORMAL
10:29:50,,,step_27,다마신_포토,IDLE,25.0734721285352,-0.0007793667387609,1.996396708501921,119.93502737185756,109.97382190863226,NORMAL
10:29:55,,,step_27,다마신_포토,IDLE,25.0734721285352,-0.0007793667387609,1.996396708501921,119.93502737185756,109.97382190863226,NORMAL
10:30:00,,,step_27,다마신_포토,IDLE,25.0734721285352,-0.0007793667387609,1.996396708501921,119.93502737185756,109.97382190863226,NORMAL
10:30:05,,,step_27,다마신_포토,IDLE,25.0734721285352,-0.0007793667387609,1.996396708501921,119.93502737185756,109.97382190863226,NORMAL
10:30:10,,,step_27,다마신_포토,IDLE,25.0734721285352,-0.0007793667387609,1.996396708501921,119.93502737185756,109.97382190863226,NORMAL
10:30:15,,,step_27,다마신_포토,IDLE,25.0734721285352,-0.0007793667387609,1.996396708501921,119.93502737185756,109.97382190863226,NORMAL
10:30:20,,,step_27,다마신_포토,IDLE,25.0734721285352,-0.0007793667387609,1.996396708501921,119.93502737185756,109.97382190863226,NORMAL
10:30:25,,,step_27,다마신_포토,IDLE,25.0734721285352,-0.0007793667387609,1.996396708501921,119.93502737185756,109.97382190863226,NORMAL
10:30:30,,,step_27,다마신_포토,IDLE,25.0734721285352,-0.0007793667387609,1.996396708501921,119.93502737185756,109.97382190863226,NORMAL
10:30:35,,,step_27,다마신_포토,IDLE,25.0734721285352,-0.0007793667387609,1.996396708501921,119.93502737185756,109.97382190863226,NORMAL
10:30:40,,,step_27,다마신_포토,IDLE,25.0734721285352,-0.0007793667387609,1.996396708501921,119.93502737185756,109.97382190863226,NORMAL
10:30:45,,,step_27,다마신_포토,IDLE,25.0734721285352,-0.0007793667387609,1.996396708501921,119.93502737185756,109.97382190863226,NORMAL
10:30:50,,,step_27,다마신_포토,IDLE,25.0734721285352,-0.0007793667387609,1.996396708501921,119.93502737185756,109.97382190863226,NORMAL
10:30:55,,,step_27,다마신_포토,IDLE,25.0734721285352,-0.0007793667387609,1.996396708501921,119.93502737185756,109.97382190863226,NORMAL
10:31:00,,,step_27,다마신_포토,IDLE,25.0734721285352,-0.0007793667387609,1.996396708501921,119.93502737185756,109.97382190863226,NORMAL
10:31:05,,,step_27,다마신_포토,IDLE,25.0734721285352,-0.0007793667387609,1.996396708501921,119.93502737185756,109.97382190863226,NORMAL
10:31:10,,,step_27,다마신_포토,IDLE,25.0734721285352,-0.0007793667387609,1.996396708501921,119.93502737185756,109.97382190863226,NORMAL
10:31:15,,,step_27,다마신_포토,IDLE,25.0734721285352,-0.0007793667387609,1.996396708501921,119.93502737185756,109.97382190863226,NORMAL
10:31:20,,,step_27,다마신_포토,IDLE,25.0734721285352,-0.0007793667387609,1.996396708501921,119.93502737185756,109.97382190863226,NORMAL
10:31:25,,,step_27,다마신_포토,IDLE,25.0734721285352,-0.0007793667387609,1.996396708501921,119.93502737185756,109.97382190863226,NORMAL
10:31:30,,,step_27,다마신_포토,IDLE,25.0734721285352,-0.0007793667387609,1.996396708501921,119.93502737185756,109.97382190863226,NORMAL
10:31:35,,,step_27,다마신_포토,IDLE,25.0734721285352,-0.0007793667387609,1.996396708501921,119.93502737185756,109.97382190863226,NORMAL
10:31:40,,,step_27,다마신_포토,IDLE,25.0734721285352,-0.0007793667387609,1.996396708501921,119.93502737185756,109.97382190863226,NORMAL
10:31:45,,,step_27,다마신_포토,IDLE,25.0734721285352,-0.0007793667387609,1.996396708501921,119.93502737185756,109.97382190863226,NORMAL
10:31:50,,,step_27,다마신_포토,IDLE,25.0734721285352,-0.0007793667387609,1.996396708501921,119.93502737185756,109.97382190863226,NORMAL
10:31:55,,,step_27,다마신_포토,IDLE,25.0734721285352,-0.0007793667387609,1.996396708501921,119.93502737185756,109.97382190863226,NORMAL
10:32:00,,,step_27,다마신_포토,IDLE,25.0734721285352,-0.0007793667387609,1.996396708501921,119.93502737185756,109.97382190863226,NORMAL
10:32:05,,,step_27,다마신_포토,IDLE,25.0734721285352,-0.0007793667387609,1.996396708501921,119.93502737185756,109.97382190863226,NORMAL
10:32:10,,,step_27,다마신_포토,IDLE,25.0734721285352,-0.0007793667387609,1.996396708501921,119.93502737185756,109.97382190863226,NORMAL
10:32:15,,,step_27,다마신_포토,IDLE,25.0734721285352,-0.0007793667387609,1.996396708501921,119.93502737185756,109.97382190863226,NORMAL
10:32:20,,,step_27,다마신_포토,IDLE,25.0734721285352,-0.0007793667387609,1.996396708501921,119.93502737185756,109.97382190863226,NORMAL
10:32:25,,,step_27,다마신_포토,IDLE,25.0734721285352,-0.0007793667387609,1.996396708501921,119.93502737185756,109.97382190863226,NORMAL
10:32:30,,,step_27,다마신_포토,IDLE,25.0734721285352,-0.0007793667387609,1.996396708501921,119.93502737185756,109.97382190863226,NORMAL
10:32:35,,,step_27,다마신_포토,IDLE,25.0734721285352,-0.0007793667387609,1.996396708501921,119.93502737185756,109.97382190863226,NORMAL
10:32:40,,,step_27,다마신_포토,IDLE,25.0734721285352,-0.0007793667387609,1.996396708501921,119.93502737185756,109.97382190863226,NORMAL
10:32:45,,,step_27,다마신_포토,IDLE,25.0734721285352,-0.0007793667387609,1.996396708501921,119.93502737185756,109.97382190863226,NORMAL
10:32:50,,,step_27,다마신_포토,IDLE,25.0734721285352,-0.0007793667387609,1.996396708501921,119.93502737185756,109.97382190863226,NORMAL
10:32:55,,,step_27,다마신_포토,IDLE,25.0734721285352,-0.0007793667387609,1.996396708501921,119.93502737185756,109.97382190863226,NORMAL
10:33:00,,,step_27,다마신_포토,IDLE,25.0734721285352,-0.0007793667387609,1.996396708501921,119.93502737185756,109.97382190863226,NORMAL
10:33:05,,,step_27,다마신_포토,IDLE,25.0734721285352,-0.0007793667387609,1.996396708501921,119.93502737185756,109.97382190863226,NORMAL
10:33:10,,,step_27,다마신_포토,IDLE,25.0734721285352,-0.0007793667387609,1.996396708501921,119.93502737185756,109.97382190863226,NORMAL
10:33:15,,,step_27,다마신_포토,IDLE,25.0734721285352,-0.0007793667387609,1.996396708501921,119.93502737185756,109.97382190863226,NORMAL
