Timestamp,Lot_ID,Wafer_ID,Address,Step_Name,Phase,Current_Density_mA_cm2,Bath_Temp_C,Additive_Conc_ppm,Plating_Time_sec,Status
09:00:00,,,step_30,구리_전해도금,IDLE,0.2258966171450994,1.279942417124134,0.4878290448555816,9.03604319099244,NORMAL
09:00:05,,,step_30,구리_전해도금,IDLE,0.2258966171450994,1.279942417124134,0.4878290448555816,9.03604319099244,NORMAL
09:00:10,,,step_30,구리_전해도금,IDLE,0.2258966171450994,1.279942417124134,0.4878290448555816,9.03604319099244,NORMAL
09:00:15,,,step_30,구리_전해도금,IDLE,0.2258966171450994,1.279942417124134,0.4878290448555816,9.03604319099244,NORMAL
09:00:20,,,step_30,구리_전해도금,IDLE,0.2258966171450994,1.279942417124134,0.4878290448555816,9.03604319099244,NORMAL
09:00:25,,,step_30,구리_전해도금,IDLE,0.2258966171450994,1.279942417124134,0.4878290448555816,9.03604319099244,NORMAL
09:00:30,,,step_30,구리_전해도금,IDLE,0.2258966171450994,1.279942417124134,0.4878290448555816,9.03604319099244,NORMAL
09:00:35,,,step_30,구리_전해도금,IDLE,0.2258966171450994,1.279942417124134,0.4878290448555816,9.03604319099244,NORMAL
09:00:40,,,step_30,구리_전해도금,IDLE,0.2258966171450994,1.279942417124134,0.4878290448555816,9.03604319099244,NORMAL
09:00:45,,,step_30,구리_전해도금,IDLE,0.2258966171450994,1.279942417124134,0.4878290448555816,9.03604319099244,NORMAL
09:00:50,,,step_30,구리_전해도금,IDLE,0.2258966171450994,1.279942417124134,0.4878290448555816,9.03604319099244,NORMAL
09:00:55,,,step_30,구리_전해도금,IDLE,0.2258966171450994,1.279942417124134,0.4878290448555816,9.03604319099244,NORMAL
09:01:00,,,step_30,구리_전해도금,IDLE,0.2258966171450994,1.279942417124134,0.4878290448555816,9.03604319099244,NORMAL
09:01:05,,,step_30,구리_전해도금,IDLE,0.2258966171450994,1.279942417124134,0.4878290448555816,9.03604319099244,NORMAL
09:01:10,,,step_30,구리_전해도금,IDLE,0.2258966171450994,1.279942417124134,0.4878290448555816,9.03604319099244,NORMAL
09:01:15,,,step_30,구리_전해도금,IDLE,0.2258966171450994,1.279942417124134,0.4878290448555816,9.03604319099244,NORMAL
09:01:20,,,step_30,구리_전해도금,IDLE,0.2258966171450994,1.279942417124134,0.4878290448555816,9.03604319099244,NORMAL
09:01:25,,,step_30,구리_전해도금,IDLE,0.2258966171450994,1.279942417124134,0.4878290448555816,9.03604319099244,NORMAL
09:01:30,,,step_30,구리_전해도금,IDLE,0.2258966171450994,1.279942417124134,0.4878290448555816,9.03604319099244,NORMAL
09:01:35,,,step_30,구리_전해도금,IDLE,0.2258966171450994,1.279942417124134,0.4878290448555816,9.03604319099244,NORMAL
09:01:40,,,step_30,구리_전해도금,IDLE,0.2258966171450994,1.279942417124134,0.4878290448555816,9.03604319099244,NORMAL
09:01:45,,,step_30,구리_전해도금,IDLE,0.2258966171450994,1.279942417124134,0.4878290448555816,9.03604319099244,NORMAL
09:01:50,,,step_30,구리_전해도금,IDLE,0.2258966171450994,1.279942417124134,0.4878290448555816,9.03604319099244,NORMAL
09:01:55,,,step_30,구리_전해도금,IDLE,0.2258966171450994,1.279942417124134,0.4878290448555816,9.03604319099244,NORMAL
09:02:00,,,step_30,구리_전해도금,IDLE,0.2258966171450994,1.279942417124134,0.4878290448555816,9.03604319099244,NORMAL
09:02:05,,,step_30,구리_전해도금,IDLE,0.2258966171450994,1.279942417124134,0.4878290448555816,9.03604319099244,NORMAL
09:02:10,,,step_30,구리_전해도금,IDLE,0.2258966171450994,1.279942417124134,0.4878290448555816,9.03604319099244,NORMAL
09:02:15,,,step_30,구리_전해도금,IDLE,0.2258966171450994,1.279942417124134,0.4878290448555816,9.03604319099244,NORMAL
09:02:20,,,step_30,구리_전해도금,IDLE,0.2258966171450994,1.279942417124134,0.4878290448555816,9.03604319099244,NORMAL
09:02:25,,,step_30,구리_전해도금,IDLE,0.2258966171450994,1.279942417124134,0.4878290448555816,9.03604319099244,NORMAL
09:02:30,,,step_30,구리_전해도금,IDLE,0.2258966171450994,1.279942417124134,0.4878290448555816,9.03604319099244,NORMAL
09:02:35,,,step_30,구리_전해도금,IDLE,0.2258966171450994,1.279942417124134,0.4878290448555816,9.03604319099244,NORMAL
09:02:40,,,step_30,구리_전해도금,IDLE,0.2258966171450994,1.279942417124134,0.4878290448555816,9.03604319099244,NORMAL
09:02:45,,,step_30,구리_전해도금,IDLE,0.2258966171450994,1.279942417124134,0.4878290448555816,9.03604319099244,NORMAL
09:02:50,,,step_30,구리_전해도금,IDLE,0.2258966171450994,1.279942417124134,0.4878290448555816,9.03604319099244,NORMAL
09:02:55,,,step_30,구리_전해도금,IDLE,0.2258966171450994,1.279942417124134,0.4878290448555816,9.03604319099244,NORMAL
09:03:00,,,step_30,구리_전해도금,IDLE,0.2258966171450994,1.279942417124134,0.4878290448555816,9.03604319099244,NORMAL
09:03:05,,,step_30,구리_전해도금,IDLE,0.2258966171450994,1.279942417124134,0.4878290448555816,9.03604319099244,NORMAL
09:03:10,,,step_30,구리_전해도금,IDLE,0.2258966171450994,1.279942417124134,0.4878290448555816,9.03604319099244,NORMAL
09:03:15,,,step_30,구리_전해도금,IDLE,0.2258966171450994,1.279942417124134,0.4878290448555816,9.03604319099244,NORMAL
09:03:20,,,step_30,구리_전해도금,IDLE,0.2258966171450994,1.279942417124134,0.4878290448555816,9.03604319099244,NORMAL
09:03:25,,,step_30,구리_전해도금,IDLE,0.2258966171450994,1.279942417124134,0.4878290448555816,9.03604319099244,NORMAL
09:03:30,,,step_30,구리_전해도금,IDLE,0.2258966171450994,1.279942417124134,0.4878290448555816,9.03604319099244,NORMAL
09:03:35,,,step_30,구리_전해도금,IDLE,0.2258966171450994,1.279942417124134,0.4878290448555816,9.03604319099244,NORMAL
09:03:40,,,step_30,구리_전해도금,IDLE,0.2258966171450994,1.279942417124134,0.4878290448555816,9.03604319099244,NORMAL
09:03:45,,,step_30,구리_전해도금,IDLE,0.2258966171450994,1.279942417124134,0.4878290448555816,9.03604319099244,NORMAL
09:03:50,,,step_30,구리_전해도금,IDLE,0.2258966171450994,1.279942417124134,0.4878290448555816,9.03604319099244,NORMAL
09:03:55,,,step_30,구리_전해도금,IDLE,0.2258966171450994,1.279942417124134,0.4878290448555816,9.03604319099244,NORMAL
09:04:00,,,step_30,구리_전해도금,IDLE,0.2258966171450994,1.279942417124134,0.4878290448555816,9.03604319099244,NORMAL
09:04:05,,,step_30,구리_전해도금,IDLE,0.2258966171450994,1.279942417124134,0.4878290448555816,9.03604319099244,NORMAL
09:04:10,,,step_30,구리_전해도금,IDLE,0.2258966171450994,1.279942417124134,0.4878290448555816,9.03604319099244,NORMAL
09:04:15,,,step_30,구리_전해도금,IDLE,0.2258966171450994,1.279942417124134,0.4878290448555816,9.03604319099244,NORMAL
09:04:20,,,step_30,구리_전해도금,IDLE,0.2258966171450994,1.279942417124134,0.4878290448555816,9.03604319099244,NORMAL
09:04:25,,,step_30,구리_전해도금,IDLE,0.2258966171450994,1.279942417124134,0.4878290448555816,9.03604319099244,NORMAL
09:04:30,,,step_30,구리_전해도금,IDLE,0.2258966171450994,1.279942417124134,0.4878290448555816,9.03604319099244,NORMAL
09:04:35,,,step_30,구리_전해도금,IDLE,0.2258966171450994,1.279942417124134,0.4878290448555816,9.03604319099244,NORMAL
09:04:40,,,step_30,구리_전해도금,IDLE,0.2258966171450994,1.279942417124134,0.4878290448555816,9.03604319099244,NORMAL
09:04:45,,,step_30,구리_전해도금,IDLE,0.2258966171450994,1.279942417124134,0.4878290448555816,9.03604319099244,NORMAL
09:04:50,,,step_30,구리_전해도금,IDLE,0.2258966171450994,1.279942417124134,0.4878290448555816,9.03604319099244,NORMAL
09:04:55,,,step_30,구리_전해도금,IDLE,0.2258966171450994,1.279942417124134,0.4878290448555816,9.03604319099244,NORMAL
09:05:00,,,step_30,구리_전해도금,IDLE,0.2258966171450994,1.279942417124134,0.4878290448555816,9.03604319099244,NORMAL
09:05:05,,,step_30,구리_전해도금,IDLE,0.2258966171450994,1.279942417124134,0.4878290448555816,9.03604319099244,NORMAL
09:05:10,,,step_30,구리_전해도금,IDLE,0.2258966171450994,1.279942417124134,0.4878290448555816,9.03604319099244,NORMAL
09:05:15,,,step_30,구리_전해도금,IDLE,0.2258966171450994,1.279942417124134,0.4878290448555816,9.03604319099244,NORMAL
09:05:20,,,step_30,구리_전해도금,IDLE,0.2258966171450994,1.279942417124134,0.4878290448555816,9.03604319099244,NORMAL
09:05:25,,,step_30,구리_전해도금,IDLE,0.2258966171450994,1.279942417124134,0.4878290448555816,9.03604319099244,NORMAL
09:05:30,,,step_30,구리_전해도금,IDLE,0.2258966171450994,1.279942417124134,0.4878290448555816,9.03604319099244,NORMAL
09:05:35,,,step_30,구리_전해도금,IDLE,0.2258966171450994,1.279942417124134,0.4878290448555816,9.03604319099244,NORMAL
09:05:40,,,step_30,구리_전해도금,IDLE,0.2258966171450994,1.279942417124134,0.4878290448555816,9.03604319099244,NORMAL
09:05:45,,,step_30,구리_전해도금,IDLE,0.2258966171450994,1.279942417124134,0.4878290448555816,9.03604319099244,NORMAL
09:05:50,,,step_30,구리_전해도금,IDLE,0.2258966171450994,1.279942417124134,0.4878290448555816,9.03604319099244,NORMAL
09:05:55,,,step_30,구리_전해도금,IDLE,0.2258966171450994,1.279942417124134,0.4878290448555816,9.03604319099244,NORMAL
09:06:00,,,step_30,구리_전해도금,IDLE,0.2258966171450994,1.279942417124134,0.4878290448555816,9.03604319099244,NORMAL
09:06:05,,,step_30,구리_전해도금,IDLE,0.2258966171450994,1.279942417124134,0.4878290448555816,9.03604319099244,NORMAL
09:06:10,,,step_30,구리_전해도금,IDLE,0.2258966171450994,1.279942417124134,0.4878290448555816,9.03604319099244,NORMAL
09:06:15,,,step_30,구리_전해도금,IDLE,0.2258966171450994,1.279942417124134,0.4878290448555816,9.03604319099244,NORMAL
09:06:20,,,step_30,구리_전해도금,IDLE,0.2258966171450994,1.279942417124134,0.4878290448555816,9.03604319099244,NORMAL
09:06:25,,,step_30,구리_전해도금,IDLE,0.2258966171450994,1.279942417124134,0.4878290448555816,9.03604319099244,NORMAL
09:06:30,,,step_30,구리_전해도금,IDLE,0.2258966171450994,1.279942417124134,0.4878290448555816,9.03604319099244,NORMAL
09:06:35,,,step_30,구리_전해도금,IDLE,0.2258966171450994,1.279942417124134,0.4878290448555816,9.03604319099244,NORMAL
09:06:40,,,step_30,구리_전해도금,IDLE,0.2258966171450994,1.279942417124134,0.4878290448555816,9.03604319099244,NORMAL
09:06:45,,,step_30,구리_전해도금,IDLE,0.2258966171450994,1.279942417124134,0.4878290448555816,9.03604319099244,NORMAL
09:06:50,,,step_30,구리_전해도금,IDLE,0.2258966171450994,1.279942417124134,0.4878290448555816,9.03604319099244,NORMAL
09:06:55,,,step_30,구리_전해도금,IDLE,0.2258966171450994,1.279942417124134,0.4878290448555816,9.03604319099244,NORMAL
09:07:00,,,step_30,구리_전해도금,IDLE,0.2258966171450994,1.279942417124134,0.4878290448555816,9.03604319099244,NORMAL
09:07:05,,,step_30,구리_전해도금,IDLE,0.2258966171450994,1.279942417124134,0.4878290448555816,9.03604319099244,NORMAL
09:07:10,,,step_30,구리_전해도금,IDLE,0.2258966171450994,1.279942417124134,0.4878290448555816,9.03604319099244,NORMAL
09:07:15,,,step_30,구리_전해도금,IDLE,0.2258966171450994,1.279942417124134,0.4878290448555816,9.03604319099244,NORMAL
09:07:20,,,step_30,구리_전해도금,IDLE,0.2258966171450994,1.279942417124134,0.4878290448555816,9.03604319099244,NORMAL
09:07:25,,,step_30,구리_전해도금,IDLE,0.2258966171450994,1.279942417124134,0.4878290448555816,9.03604319099244,NORMAL
09:07:30,,,step_30,구리_전해도금,IDLE,0.2258966171450994,1.279942417124134,0.4878290448555816,9.03604319099244,NORMAL
09:07:35,,,step_30,구리_전해도금,IDLE,0.2258966171450994,1.279942417124134,0.4878290448555816,9.03604319099244,NORMAL
09:07:40,,,step_30,구리_전해도금,IDLE,0.2258966171450994,1.279942417124134,0.4878290448555816,9.03604319099244,NORMAL
09:07:45,,,step_30,구리_전해도금,IDLE,0.2258966171450994,1.279942417124134,0.4878290448555816,9.03604319099244,NORMAL
09:07:50,,,step_30,구리_전해도금,IDLE,0.2258966171450994,1.279942417124134,0.4878290448555816,9.03604319099244,NORMAL
09:07:55,,,step_30,구리_전해도금,IDLE,0.2258966171450994,1.279942417124134,0.4878290448555816,9.03604319099244,NORMAL
09:08:00,,,step_30,구리_전해도금,IDLE,0.2258966171450994,1.279942417124134,0.4878290448555816,9.03604319099244,NORMAL
09:08:05,,,step_30,구리_전해도금,IDLE,0.2258966171450994,1.279942417124134,0.4878290448555816,9.03604319099244,NORMAL
09:08:10,,,step_30,구리_전해도금,IDLE,0.2258966171450994,1.279942417124134,0.4878290448555816,9.03604319099244,NORMAL
09:08:15,,,step_30,구리_전해도금,IDLE,0.2258966171450994,1.279942417124134,0.4878290448555816,9.03604319099244,NORMAL
09:08:20,,,step_30,구리_전해도금,IDLE,0.2258966171450994,1.279942417124134,0.4878290448555816,9.03604319099244,NORMAL
09:08:25,,,step_30,구리_전해도금,IDLE,0.2258966171450994,1.279942417124134,0.4878290448555816,9.03604319099244,NORMAL
09:08:30,,,step_30,구리_전해도금,IDLE,0.2258966171450994,1.279942417124134,0.4878290448555816,9.03604319099244,NORMAL
09:08:35,,,step_30,구리_전해도금,IDLE,0.2258966171450994,1.279942417124134,0.4878290448555816,9.03604319099244,NORMAL
09:08:40,,,step_30,구리_전해도금,IDLE,0.2258966171450994,1.279942417124134,0.4878290448555816,9.03604319099244,NORMAL
09:08:45,,,step_30,구리_전해도금,IDLE,0.2258966171450994,1.279942417124134,0.4878290448555816,9.03604319099244,NORMAL
09:08:50,,,step_30,구리_전해도금,IDLE,0.2258966171450994,1.279942417124134,0.4878290448555816,9.03604319099244,NORMAL
09:08:55,,,step_30,구리_전해도금,IDLE,0.2258966171450994,1.279942417124134,0.4878290448555816,9.03604319099244,NORMAL
09:09:00,,,step_30,구리_전해도금,IDLE,0.2258966171450994,1.279942417124134,0.4878290448555816,9.03604319099244,NORMAL
09:09:05,,,step_30,구리_전해도금,IDLE,0.2258966171450994,1.279942417124134,0.4878290448555816,9.03604319099244,NORMAL
09:09:10,,,step_30,구리_전해도금,IDLE,0.2258966171450994,1.279942417124134,0.4878290448555816,9.03604319099244,NORMAL
09:09:15,,,step_30,구리_전해도금,IDLE,0.2258966171450994,1.279942417124134,0.4878290448555816,9.03604319099244,NORMAL
09:09:20,,,step_30,구리_전해도금,IDLE,0.2258966171450994,1.279942417124134,0.4878290448555816,9.03604319099244,NORMAL
09:09:25,,,step_30,구리_전해도금,IDLE,0.2258966171450994,1.279942417124134,0.4878290448555816,9.03604319099244,NORMAL
09:09:30,,,step_30,구리_전해도금,IDLE,0.2258966171450994,1.279942417124134,0.4878290448555816,9.03604319099244,NORMAL
09:09:35,,,step_30,구리_전해도금,IDLE,0.2258966171450994,1.279942417124134,0.4878290448555816,9.03604319099244,NORMAL
09:09:40,,,step_30,구리_전해도금,IDLE,0.2258966171450994,1.279942417124134,0.4878290448555816,9.03604319099244,NORMAL
09:09:45,,,step_30,구리_전해도금,IDLE,0.2258966171450994,1.279942417124134,0.4878290448555816,9.03604319099244,NORMAL
09:09:50,,,step_30,구리_전해도금,IDLE,0.2258966171450994,1.279942417124134,0.4878290448555816,9.03604319099244,NORMAL
09:09:55,,,step_30,구리_전해도금,IDLE,0.2258966171450994,1.279942417124134,0.4878290448555816,9.03604319099244,NORMAL
09:10:00,,,step_30,구리_전해도금,IDLE,0.2258966171450994,1.279942417124134,0.4878290448555816,9.03604319099244,NORMAL
09:10:05,,,step_30,구리_전해도금,IDLE,0.2258966171450994,1.279942417124134,0.4878290448555816,9.03604319099244,NORMAL
09:10:10,,,step_30,구리_전해도금,IDLE,0.2258966171450994,1.279942417124134,0.4878290448555816,9.03604319099244,NORMAL
09:10:15,,,step_30,구리_전해도금,IDLE,0.2258966171450994,1.279942417124134,0.4878290448555816,9.03604319099244,NORMAL
09:10:20,,,step_30,구리_전해도금,IDLE,0.2258966171450994,1.279942417124134,0.4878290448555816,9.03604319099244,NORMAL
09:10:25,,,step_30,구리_전해도금,IDLE,0.2258966171450994,1.279942417124134,0.4878290448555816,9.03604319099244,NORMAL
09:10:30,,,step_30,구리_전해도금,IDLE,0.2258966171450994,1.279942417124134,0.4878290448555816,9.03604319099244,NORMAL
09:10:35,,,step_30,구리_전해도금,IDLE,0.2258966171450994,1.279942417124134,0.4878290448555816,9.03604319099244,NORMAL
09:10:40,,,step_30,구리_전해도금,IDLE,0.2258966171450994,1.279942417124134,0.4878290448555816,9.03604319099244,NORMAL
09:10:45,,,step_30,구리_전해도금,IDLE,0.2258966171450994,1.279942417124134,0.4878290448555816,9.03604319099244,NORMAL
09:10:50,,,step_30,구리_전해도금,IDLE,0.2258966171450994,1.279942417124134,0.4878290448555816,9.03604319099244,NORMAL
09:10:55,,,step_30,구리_전해도금,IDLE,0.2258966171450994,1.279942417124134,0.4878290448555816,9.03604319099244,NORMAL
09:11:00,,,step_30,구리_전해도금,IDLE,0.2258966171450994,1.279942417124134,0.4878290448555816,9.03604319099244,NORMAL
09:11:05,,,step_30,구리_전해도금,IDLE,0.2258966171450994,1.279942417124134,0.4878290448555816,9.03604319099244,NORMAL
09:11:10,,,step_30,구리_전해도금,IDLE,0.2258966171450994,1.279942417124134,0.4878290448555816,9.03604319099244,NORMAL
09:11:15,,,step_30,구리_전해도금,IDLE,0.2258966171450994,1.279942417124134,0.4878290448555816,9.03604319099244,NORMAL
09:11:20,,,step_30,구리_전해도금,IDLE,0.2258966171450994,1.279942417124134,0.4878290448555816,9.03604319099244,NORMAL
09:11:25,,,step_30,구리_전해도금,IDLE,0.2258966171450994,1.279942417124134,0.4878290448555816,9.03604319099244,NORMAL
09:11:30,,,step_30,구리_전해도금,IDLE,0.2258966171450994,1.279942417124134,0.4878290448555816,9.03604319099244,NORMAL
09:11:35,,,step_30,구리_전해도금,IDLE,0.2258966171450994,1.279942417124134,0.4878290448555816,9.03604319099244,NORMAL
09:11:40,,,step_30,구리_전해도금,IDLE,0.2258966171450994,1.279942417124134,0.4878290448555816,9.03604319099244,NORMAL
09:11:45,,,step_30,구리_전해도금,IDLE,0.2258966171450994,1.279942417124134,0.4878290448555816,9.03604319099244,NORMAL
09:11:50,,,step_30,구리_전해도금,IDLE,0.2258966171450994,1.279942417124134,0.4878290448555816,9.03604319099244,NORMAL
09:11:55,,,step_30,구리_전해도금,IDLE,0.2258966171450994,1.279942417124134,0.4878290448555816,9.03604319099244,NORMAL
09:12:00,,,step_30,구리_전해도금,IDLE,0.2258966171450994,1.279942417124134,0.4878290448555816,9.03604319099244,NORMAL
09:12:05,,,step_30,구리_전해도금,IDLE,0.2258966171450994,1.279942417124134,0.4878290448555816,9.03604319099244,NORMAL
09:12:10,,,step_30,구리_전해도금,IDLE,0.2258966171450994,1.279942417124134,0.4878290448555816,9.03604319099244,NORMAL
09:12:15,,,step_30,구리_전해도금,IDLE,0.2258966171450994,1.279942417124134,0.4878290448555816,9.03604319099244,NORMAL
09:12:20,,,step_30,구리_전해도금,IDLE,0.2258966171450994,1.279942417124134,0.4878290448555816,9.03604319099244,NORMAL
09:12:25,,,step_30,구리_전해도금,IDLE,0.2258966171450994,1.279942417124134,0.4878290448555816,9.03604319099244,NORMAL
09:12:30,,,step_30,구리_전해도금,IDLE,0.2258966171450994,1.279942417124134,0.4878290448555816,9.03604319099244,NORMAL
09:12:35,,,step_30,구리_전해도금,IDLE,0.2258966171450994,1.279942417124134,0.4878290448555816,9.03604319099244,NORMAL
09:12:40,,,step_30,구리_전해도금,IDLE,0.2258966171450994,1.279942417124134,0.4878290448555816,9.03604319099244,NORMAL
09:12:45,,,step_30,구리_전해도금,IDLE,0.2258966171450994,1.279942417124134,0.4878290448555816,9.03604319099244,NORMAL
09:12:50,,,step_30,구리_전해도금,IDLE,0.2258966171450994,1.279942417124134,0.4878290448555816,9.03604319099244,NORMAL
09:12:55,,,step_30,구리_전해도금,IDLE,0.2258966171450994,1.279942417124134,0.4878290448555816,9.03604319099244,NORMAL
09:13:00,,,step_30,구리_전해도금,IDLE,0.2258966171450994,1.279942417124134,0.4878290448555816,9.03604319099244,NORMAL
09:13:05,,,step_30,구리_전해도금,IDLE,0.2258966171450994,1.279942417124134,0.4878290448555816,9.03604319099244,NORMAL
09:13:10,,,step_30,구리_전해도금,IDLE,0.2258966171450994,1.279942417124134,0.4878290448555816,9.03604319099244,NORMAL
09:13:15,,,step_30,구리_전해도금,IDLE,0.2258966171450994,1.279942417124134,0.4878290448555816,9.03604319099244,NORMAL
09:13:20,,,step_30,구리_전해도금,IDLE,0.2258966171450994,1.279942417124134,0.4878290448555816,9.03604319099244,NORMAL
09:13:25,,,step_30,구리_전해도금,IDLE,0.2258966171450994,1.279942417124134,0.4878290448555816,9.03604319099244,NORMAL
09:13:30,,,step_30,구리_전해도금,IDLE,0.2258966171450994,1.279942417124134,0.4878290448555816,9.03604319099244,NORMAL
09:13:35,,,step_30,구리_전해도금,IDLE,0.2258966171450994,1.279942417124134,0.4878290448555816,9.03604319099244,NORMAL
09:13:40,,,step_30,구리_전해도금,IDLE,0.2258966171450994,1.279942417124134,0.4878290448555816,9.03604319099244,NORMAL
09:13:45,,,step_30,구리_전해도금,IDLE,0.2258966171450994,1.279942417124134,0.4878290448555816,9.03604319099244,NORMAL
09:13:50,,,step_30,구리_전해도금,IDLE,0.2258966171450994,1.279942417124134,0.4878290448555816,9.03604319099244,NORMAL
09:13:55,,,step_30,구리_전해도금,IDLE,0.2258966171450994,1.279942417124134,0.4878290448555816,9.03604319099244,NORMAL
09:14:00,,,step_30,구리_전해도금,IDLE,0.2258966171450994,1.279942417124134,0.4878290448555816,9.03604319099244,NORMAL
09:14:05,,,step_30,구리_전해도금,IDLE,0.2258966171450994,1.279942417124134,0.4878290448555816,9.03604319099244,NORMAL
09:14:10,,,step_30,구리_전해도금,IDLE,0.2258966171450994,1.279942417124134,0.4878290448555816,9.03604319099244,NORMAL
09:14:15,,,step_30,구리_전해도금,IDLE,0.2258966171450994,1.279942417124134,0.4878290448555816,9.03604319099244,NORMAL
09:14:20,,,step_30,구리_전해도금,IDLE,0.2258966171450994,1.279942417124134,0.4878290448555816,9.03604319099244,NORMAL
09:14:25,,,step_30,구리_전해도금,IDLE,0.2258966171450994,1.279942417124134,0.4878290448555816,9.03604319099244,NORMAL
09:14:30,,,step_30,구리_전해도금,IDLE,0.2258966171450994,1.279942417124134,0.4878290448555816,9.03604319099244,NORMAL
09:14:35,,,step_30,구리_전해도금,IDLE,0.2258966171450994,1.279942417124134,0.4878290448555816,9.03604319099244,NORMAL
09:14:40,,,step_30,구리_전해도금,IDLE,0.2258966171450994,1.279942417124134,0.4878290448555816,9.03604319099244,NORMAL
09:14:45,,,step_30,구리_전해도금,IDLE,0.2258966171450994,1.279942417124134,0.4878290448555816,9.03604319099244,NORMAL
09:14:50,,,step_30,구리_전해도금,IDLE,0.2258966171450994,1.279942417124134,0.4878290448555816,9.03604319099244,NORMAL
09:14:55,,,step_30,구리_전해도금,IDLE,0.2258966171450994,1.279942417124134,0.4878290448555816,9.03604319099244,NORMAL
09:15:00,,,step_30,구리_전해도금,IDLE,0.2258966171450994,1.279942417124134,0.4878290448555816,9.03604319099244,NORMAL
09:15:05,,,step_30,구리_전해도금,IDLE,0.2258966171450994,1.279942417124134,0.4878290448555816,9.03604319099244,NORMAL
09:15:10,,,step_30,구리_전해도금,IDLE,0.2258966171450994,1.279942417124134,0.4878290448555816,9.03604319099244,NORMAL
09:15:15,,,step_30,구리_전해도금,IDLE,0.2258966171450994,1.279942417124134,0.4878290448555816,9.03604319099244,NORMAL
09:15:20,,,step_30,구리_전해도금,IDLE,0.2258966171450994,1.279942417124134,0.4878290448555816,9.03604319099244,NORMAL
09:15:25,,,step_30,구리_전해도금,IDLE,0.2258966171450994,1.279942417124134,0.4878290448555816,9.03604319099244,NORMAL
09:15:30,,,step_30,구리_전해도금,IDLE,0.2258966171450994,1.279942417124134,0.4878290448555816,9.03604319099244,NORMAL
09:15:35,,,step_30,구리_전해도금,IDLE,0.2258966171450994,1.279942417124134,0.4878290448555816,9.03604319099244,NORMAL
09:15:40,,,step_30,구리_전해도금,IDLE,0.2258966171450994,1.279942417124134,0.4878290448555816,9.03604319099244,NORMAL
09:15:45,,,step_30,구리_전해도금,IDLE,0.2258966171450994,1.279942417124134,0.4878290448555816,9.03604319099244,NORMAL
09:15:50,,,step_30,구리_전해도금,IDLE,0.2258966171450994,1.279942417124134,0.4878290448555816,9.03604319099244,NORMAL
09:15:55,,,step_30,구리_전해도금,IDLE,0.2258966171450994,1.279942417124134,0.4878290448555816,9.03604319099244,NORMAL
09:16:00,,,step_30,구리_전해도금,IDLE,0.2258966171450994,1.279942417124134,0.4878290448555816,9.03604319099244,NORMAL
09:16:05,,,step_30,구리_전해도금,IDLE,0.2258966171450994,1.279942417124134,0.4878290448555816,9.03604319099244,NORMAL
09:16:10,,,step_30,구리_전해도금,IDLE,0.2258966171450994,1.279942417124134,0.4878290448555816,9.03604319099244,NORMAL
09:16:15,,,step_30,구리_전해도금,IDLE,0.2258966171450994,1.279942417124134,0.4878290448555816,9.03604319099244,NORMAL
09:16:20,,,step_30,구리_전해도금,IDLE,0.2258966171450994,1.279942417124134,0.4878290448555816,9.03604319099244,NORMAL
09:16:25,,,step_30,구리_전해도금,IDLE,0.2258966171450994,1.279942417124134,0.4878290448555816,9.03604319099244,NORMAL
09:16:30,,,step_30,구리_전해도금,IDLE,0.2258966171450994,1.279942417124134,0.4878290448555816,9.03604319099244,NORMAL
09:16:35,,,step_30,구리_전해도금,IDLE,0.2258966171450994,1.279942417124134,0.4878290448555816,9.03604319099244,NORMAL
09:16:40,,,step_30,구리_전해도금,IDLE,0.2258966171450994,1.279942417124134,0.4878290448555816,9.03604319099244,NORMAL
09:16:45,,,step_30,구리_전해도금,IDLE,0.2258966171450994,1.279942417124134,0.4878290448555816,9.03604319099244,NORMAL
09:16:50,,,step_30,구리_전해도금,IDLE,0.2258966171450994,1.279942417124134,0.4878290448555816,9.03604319099244,NORMAL
09:16:55,,,step_30,구리_전해도금,IDLE,0.2258966171450994,1.279942417124134,0.4878290448555816,9.03604319099244,NORMAL
09:17:00,,,step_30,구리_전해도금,IDLE,0.2258966171450994,1.279942417124134,0.4878290448555816,9.03604319099244,NORMAL
09:17:05,,,step_30,구리_전해도금,IDLE,0.2258966171450994,1.279942417124134,0.4878290448555816,9.03604319099244,NORMAL
09:17:10,,,step_30,구리_전해도금,IDLE,0.2258966171450994,1.279942417124134,0.4878290448555816,9.03604319099244,NORMAL
09:17:15,,,step_30,구리_전해도금,IDLE,0.2258966171450994,1.279942417124134,0.4878290448555816,9.03604319099244,NORMAL
09:17:20,,,step_30,구리_전해도금,IDLE,0.2258966171450994,1.279942417124134,0.4878290448555816,9.03604319099244,NORMAL
09:17:25,,,step_30,구리_전해도금,IDLE,0.2258966171450994,1.279942417124134,0.4878290448555816,9.03604319099244,NORMAL
09:17:30,,,step_30,구리_전해도금,IDLE,0.2258966171450994,1.279942417124134,0.4878290448555816,9.03604319099244,NORMAL
09:17:35,,,step_30,구리_전해도금,IDLE,0.2258966171450994,1.279942417124134,0.4878290448555816,9.03604319099244,NORMAL
09:17:40,,,step_30,구리_전해도금,IDLE,0.2258966171450994,1.279942417124134,0.4878290448555816,9.03604319099244,NORMAL
09:17:45,,,step_30,구리_전해도금,IDLE,0.2258966171450994,1.279942417124134,0.4878290448555816,9.03604319099244,NORMAL
09:17:50,,,step_30,구리_전해도금,IDLE,0.2258966171450994,1.279942417124134,0.4878290448555816,9.03604319099244,NORMAL
09:17:55,,,step_30,구리_전해도금,IDLE,0.2258966171450994,1.279942417124134,0.4878290448555816,9.03604319099244,NORMAL
09:18:00,,,step_30,구리_전해도금,IDLE,0.2258966171450994,1.279942417124134,0.4878290448555816,9.03604319099244,NORMAL
09:18:05,,,step_30,구리_전해도금,IDLE,0.2258966171450994,1.279942417124134,0.4878290448555816,9.03604319099244,NORMAL
09:18:10,,,step_30,구리_전해도금,IDLE,0.2258966171450994,1.279942417124134,0.4878290448555816,9.03604319099244,NORMAL
09:18:15,,,step_30,구리_전해도금,IDLE,0.2258966171450994,1.279942417124134,0.4878290448555816,9.03604319099244,NORMAL
09:18:20,,,step_30,구리_전해도금,IDLE,0.2258966171450994,1.279942417124134,0.4878290448555816,9.03604319099244,NORMAL
09:18:25,,,step_30,구리_전해도금,IDLE,0.2258966171450994,1.279942417124134,0.4878290448555816,9.03604319099244,NORMAL
09:18:30,,,step_30,구리_전해도금,IDLE,0.2258966171450994,1.279942417124134,0.4878290448555816,9.03604319099244,NORMAL
09:18:35,,,step_30,구리_전해도금,IDLE,0.2258966171450994,1.279942417124134,0.4878290448555816,9.03604319099244,NORMAL
09:18:40,,,step_30,구리_전해도금,IDLE,0.2258966171450994,1.279942417124134,0.4878290448555816,9.03604319099244,NORMAL
09:18:45,,,step_30,구리_전해도금,IDLE,0.2258966171450994,1.279942417124134,0.4878290448555816,9.03604319099244,NORMAL
09:18:50,,,step_30,구리_전해도금,IDLE,0.2258966171450994,1.279942417124134,0.4878290448555816,9.03604319099244,NORMAL
09:18:55,,,step_30,구리_전해도금,IDLE,0.2258966171450994,1.279942417124134,0.4878290448555816,9.03604319099244,NORMAL
09:19:00,,,step_30,구리_전해도금,IDLE,0.2258966171450994,1.279942417124134,0.4878290448555816,9.03604319099244,NORMAL
09:19:05,,,step_30,구리_전해도금,IDLE,0.2258966171450994,1.279942417124134,0.4878290448555816,9.03604319099244,NORMAL
09:19:10,,,step_30,구리_전해도금,IDLE,0.2258966171450994,1.279942417124134,0.4878290448555816,9.03604319099244,NORMAL
09:19:15,,,step_30,구리_전해도금,IDLE,0.2258966171450994,1.279942417124134,0.4878290448555816,9.03604319099244,NORMAL
09:19:20,,,step_30,구리_전해도금,IDLE,0.2258966171450994,1.279942417124134,0.4878290448555816,9.03604319099244,NORMAL
09:19:25,,,step_30,구리_전해도금,IDLE,0.2258966171450994,1.279942417124134,0.4878290448555816,9.03604319099244,NORMAL
09:19:30,,,step_30,구리_전해도금,IDLE,0.2258966171450994,1.279942417124134,0.4878290448555816,9.03604319099244,NORMAL
09:19:35,,,step_30,구리_전해도금,IDLE,0.2258966171450994,1.279942417124134,0.4878290448555816,9.03604319099244,NORMAL
09:19:40,,,step_30,구리_전해도금,IDLE,0.2258966171450994,1.279942417124134,0.4878290448555816,9.03604319099244,NORMAL
09:19:45,,,step_30,구리_전해도금,IDLE,0.2258966171450994,1.279942417124134,0.4878290448555816,9.03604319099244,NORMAL
09:19:50,,,step_30,구리_전해도금,IDLE,0.2258966171450994,1.279942417124134,0.4878290448555816,9.03604319099244,NORMAL
09:19:55,,,step_30,구리_전해도금,IDLE,0.2258966171450994,1.279942417124134,0.4878290448555816,9.03604319099244,NORMAL
09:20:00,,,step_30,구리_전해도금,IDLE,0.2258966171450994,1.279942417124134,0.4878290448555816,9.03604319099244,NORMAL
09:20:05,,,step_30,구리_전해도금,IDLE,0.2258966171450994,1.279942417124134,0.4878290448555816,9.03604319099244,NORMAL
09:20:10,,,step_30,구리_전해도금,IDLE,0.2258966171450994,1.279942417124134,0.4878290448555816,9.03604319099244,NORMAL
09:20:15,,,step_30,구리_전해도금,IDLE,0.2258966171450994,1.279942417124134,0.4878290448555816,9.03604319099244,NORMAL
09:20:20,,,step_30,구리_전해도금,IDLE,0.2258966171450994,1.279942417124134,0.4878290448555816,9.03604319099244,NORMAL
09:20:25,,,step_30,구리_전해도금,IDLE,0.2258966171450994,1.279942417124134,0.4878290448555816,9.03604319099244,NORMAL
09:20:30,,,step_30,구리_전해도금,IDLE,0.2258966171450994,1.279942417124134,0.4878290448555816,9.03604319099244,NORMAL
09:20:35,,,step_30,구리_전해도금,IDLE,0.2258966171450994,1.279942417124134,0.4878290448555816,9.03604319099244,NORMAL
09:20:40,,,step_30,구리_전해도금,IDLE,0.2258966171450994,1.279942417124134,0.4878290448555816,9.03604319099244,NORMAL
09:20:45,,,step_30,구리_전해도금,IDLE,0.2258966171450994,1.279942417124134,0.4878290448555816,9.03604319099244,NORMAL
09:20:50,,,step_30,구리_전해도금,IDLE,0.2258966171450994,1.279942417124134,0.4878290448555816,9.03604319099244,NORMAL
09:20:55,,,step_30,구리_전해도금,IDLE,0.2258966171450994,1.279942417124134,0.4878290448555816,9.03604319099244,NORMAL
09:21:00,,,step_30,구리_전해도금,IDLE,0.2258966171450994,1.279942417124134,0.4878290448555816,9.03604319099244,NORMAL
09:21:05,,,step_30,구리_전해도금,IDLE,0.2258966171450994,1.279942417124134,0.4878290448555816,9.03604319099244,NORMAL
09:21:10,,,step_30,구리_전해도금,IDLE,0.2258966171450994,1.279942417124134,0.4878290448555816,9.03604319099244,NORMAL
09:21:15,,,step_30,구리_전해도금,IDLE,0.2258966171450994,1.279942417124134,0.4878290448555816,9.03604319099244,NORMAL
09:21:20,,,step_30,구리_전해도금,IDLE,0.2258966171450994,1.279942417124134,0.4878290448555816,9.03604319099244,NORMAL
09:21:25,,,step_30,구리_전해도금,IDLE,0.2258966171450994,1.279942417124134,0.4878290448555816,9.03604319099244,NORMAL
09:21:30,,,step_30,구리_전해도금,IDLE,0.2258966171450994,1.279942417124134,0.4878290448555816,9.03604319099244,NORMAL
09:21:35,,,step_30,구리_전해도금,IDLE,0.2258966171450994,1.279942417124134,0.4878290448555816,9.03604319099244,NORMAL
09:21:40,,,step_30,구리_전해도금,IDLE,0.2258966171450994,1.279942417124134,0.4878290448555816,9.03604319099244,NORMAL
09:21:45,,,step_30,구리_전해도금,IDLE,0.2258966171450994,1.279942417124134,0.4878290448555816,9.03604319099244,NORMAL
09:21:50,,,step_30,구리_전해도금,IDLE,0.2258966171450994,1.279942417124134,0.4878290448555816,9.03604319099244,NORMAL
09:21:55,,,step_30,구리_전해도금,IDLE,0.2258966171450994,1.279942417124134,0.4878290448555816,9.03604319099244,NORMAL
09:22:00,,,step_30,구리_전해도금,IDLE,0.2258966171450994,1.279942417124134,0.4878290448555816,9.03604319099244,NORMAL
09:22:05,,,step_30,구리_전해도금,IDLE,0.2258966171450994,1.279942417124134,0.4878290448555816,9.03604319099244,NORMAL
09:22:10,,,step_30,구리_전해도금,IDLE,0.2258966171450994,1.279942417124134,0.4878290448555816,9.03604319099244,NORMAL
09:22:15,,,step_30,구리_전해도금,IDLE,0.2258966171450994,1.279942417124134,0.4878290448555816,9.03604319099244,NORMAL
09:22:20,,,step_30,구리_전해도금,IDLE,0.2258966171450994,1.279942417124134,0.4878290448555816,9.03604319099244,NORMAL
09:22:25,,,step_30,구리_전해도금,IDLE,0.2258966171450994,1.279942417124134,0.4878290448555816,9.03604319099244,NORMAL
09:22:30,,,step_30,구리_전해도금,IDLE,0.2258966171450994,1.279942417124134,0.4878290448555816,9.03604319099244,NORMAL
09:22:35,,,step_30,구리_전해도금,IDLE,0.2258966171450994,1.279942417124134,0.4878290448555816,9.03604319099244,NORMAL
09:22:40,,,step_30,구리_전해도금,IDLE,0.2258966171450994,1.279942417124134,0.4878290448555816,9.03604319099244,NORMAL
09:22:45,,,step_30,구리_전해도금,IDLE,0.2258966171450994,1.279942417124134,0.4878290448555816,9.03604319099244,NORMAL
09:22:50,,,step_30,구리_전해도금,IDLE,0.2258966171450994,1.279942417124134,0.4878290448555816,9.03604319099244,NORMAL
09:22:55,,,step_30,구리_전해도금,IDLE,0.2258966171450994,1.279942417124134,0.4878290448555816,9.03604319099244,NORMAL
09:23:00,,,step_30,구리_전해도금,IDLE,0.2258966171450994,1.279942417124134,0.4878290448555816,9.03604319099244,NORMAL
09:23:05,,,step_30,구리_전해도금,IDLE,0.2258966171450994,1.279942417124134,0.4878290448555816,9.03604319099244,NORMAL
09:23:10,,,step_30,구리_전해도금,IDLE,0.2258966171450994,1.279942417124134,0.4878290448555816,9.03604319099244,NORMAL
09:23:15,,,step_30,구리_전해도금,IDLE,0.2258966171450994,1.279942417124134,0.4878290448555816,9.03604319099244,NORMAL
09:23:20,,,step_30,구리_전해도금,IDLE,0.2258966171450994,1.279942417124134,0.4878290448555816,9.03604319099244,NORMAL
09:23:25,,,step_30,구리_전해도금,IDLE,0.2258966171450994,1.279942417124134,0.4878290448555816,9.03604319099244,NORMAL
09:23:30,,,step_30,구리_전해도금,IDLE,0.2258966171450994,1.279942417124134,0.4878290448555816,9.03604319099244,NORMAL
09:23:35,,,step_30,구리_전해도금,IDLE,0.2258966171450994,1.279942417124134,0.4878290448555816,9.03604319099244,NORMAL
09:23:40,,,step_30,구리_전해도금,IDLE,0.2258966171450994,1.279942417124134,0.4878290448555816,9.03604319099244,NORMAL
09:23:45,,,step_30,구리_전해도금,IDLE,0.2258966171450994,1.279942417124134,0.4878290448555816,9.03604319099244,NORMAL
09:23:50,,,step_30,구리_전해도금,IDLE,0.2258966171450994,1.279942417124134,0.4878290448555816,9.03604319099244,NORMAL
09:23:55,,,step_30,구리_전해도금,IDLE,0.2258966171450994,1.279942417124134,0.4878290448555816,9.03604319099244,NORMAL
09:24:00,,,step_30,구리_전해도금,IDLE,0.2258966171450994,1.279942417124134,0.4878290448555816,9.03604319099244,NORMAL
09:24:05,,,step_30,구리_전해도금,IDLE,0.2258966171450994,1.279942417124134,0.4878290448555816,9.03604319099244,NORMAL
09:24:10,,,step_30,구리_전해도금,IDLE,0.2258966171450994,1.279942417124134,0.4878290448555816,9.03604319099244,NORMAL
09:24:15,,,step_30,구리_전해도금,IDLE,0.2258966171450994,1.279942417124134,0.4878290448555816,9.03604319099244,NORMAL
09:24:20,,,step_30,구리_전해도금,IDLE,0.2258966171450994,1.279942417124134,0.4878290448555816,9.03604319099244,NORMAL
09:24:25,,,step_30,구리_전해도금,IDLE,0.2258966171450994,1.279942417124134,0.4878290448555816,9.03604319099244,NORMAL
09:24:30,,,step_30,구리_전해도금,IDLE,0.2258966171450994,1.279942417124134,0.4878290448555816,9.03604319099244,NORMAL
09:24:35,,,step_30,구리_전해도금,IDLE,0.2258966171450994,1.279942417124134,0.4878290448555816,9.03604319099244,NORMAL
09:24:40,,,step_30,구리_전해도금,IDLE,0.2258966171450994,1.279942417124134,0.4878290448555816,9.03604319099244,NORMAL
09:24:45,,,step_30,구리_전해도금,IDLE,0.2258966171450994,1.279942417124134,0.4878290448555816,9.03604319099244,NORMAL
09:24:50,,,step_30,구리_전해도금,IDLE,0.2258966171450994,1.279942417124134,0.4878290448555816,9.03604319099244,NORMAL
09:24:55,,,step_30,구리_전해도금,IDLE,0.2258966171450994,1.279942417124134,0.4878290448555816,9.03604319099244,NORMAL
09:25:00,,,step_30,구리_전해도금,IDLE,0.2258966171450994,1.279942417124134,0.4878290448555816,9.03604319099244,NORMAL
09:25:05,,,step_30,구리_전해도금,IDLE,0.2258966171450994,1.279942417124134,0.4878290448555816,9.03604319099244,NORMAL
09:25:10,,,step_30,구리_전해도금,IDLE,0.2258966171450994,1.279942417124134,0.4878290448555816,9.03604319099244,NORMAL
09:25:15,,,step_30,구리_전해도금,IDLE,0.2258966171450994,1.279942417124134,0.4878290448555816,9.03604319099244,NORMAL
09:25:20,,,step_30,구리_전해도금,IDLE,0.2258966171450994,1.279942417124134,0.4878290448555816,9.03604319099244,NORMAL
09:25:25,,,step_30,구리_전해도금,IDLE,0.2258966171450994,1.279942417124134,0.4878290448555816,9.03604319099244,NORMAL
09:25:30,,,step_30,구리_전해도금,IDLE,0.2258966171450994,1.279942417124134,0.4878290448555816,9.03604319099244,NORMAL
09:25:35,,,step_30,구리_전해도금,IDLE,0.2258966171450994,1.279942417124134,0.4878290448555816,9.03604319099244,NORMAL
09:25:40,,,step_30,구리_전해도금,IDLE,0.2258966171450994,1.279942417124134,0.4878290448555816,9.03604319099244,NORMAL
09:25:45,,,step_30,구리_전해도금,IDLE,0.2258966171450994,1.279942417124134,0.4878290448555816,9.03604319099244,NORMAL
09:25:50,,,step_30,구리_전해도금,IDLE,0.2258966171450994,1.279942417124134,0.4878290448555816,9.03604319099244,NORMAL
09:25:55,,,step_30,구리_전해도금,IDLE,0.2258966171450994,1.279942417124134,0.4878290448555816,9.03604319099244,NORMAL
09:26:00,,,step_30,구리_전해도금,IDLE,0.2258966171450994,1.279942417124134,0.4878290448555816,9.03604319099244,NORMAL
09:26:05,,,step_30,구리_전해도금,IDLE,0.2258966171450994,1.279942417124134,0.4878290448555816,9.03604319099244,NORMAL
09:26:10,,,step_30,구리_전해도금,IDLE,0.2258966171450994,1.279942417124134,0.4878290448555816,9.03604319099244,NORMAL
09:26:15,,,step_30,구리_전해도금,IDLE,0.2258966171450994,1.279942417124134,0.4878290448555816,9.03604319099244,NORMAL
09:26:20,,,step_30,구리_전해도금,IDLE,0.2258966171450994,1.279942417124134,0.4878290448555816,9.03604319099244,NORMAL
09:26:25,,,step_30,구리_전해도금,IDLE,0.2258966171450994,1.279942417124134,0.4878290448555816,9.03604319099244,NORMAL
09:26:30,,,step_30,구리_전해도금,IDLE,0.2258966171450994,1.279942417124134,0.4878290448555816,9.03604319099244,NORMAL
09:26:35,,,step_30,구리_전해도금,IDLE,0.2258966171450994,1.279942417124134,0.4878290448555816,9.03604319099244,NORMAL
09:26:40,,,step_30,구리_전해도금,IDLE,0.2258966171450994,1.279942417124134,0.4878290448555816,9.03604319099244,NORMAL
09:26:45,,,step_30,구리_전해도금,IDLE,0.2258966171450994,1.279942417124134,0.4878290448555816,9.03604319099244,NORMAL
09:26:50,,,step_30,구리_전해도금,IDLE,0.2258966171450994,1.279942417124134,0.4878290448555816,9.03604319099244,NORMAL
09:26:55,,,step_30,구리_전해도금,IDLE,0.2258966171450994,1.279942417124134,0.4878290448555816,9.03604319099244,NORMAL
09:27:00,,,step_30,구리_전해도금,IDLE,0.2258966171450994,1.279942417124134,0.4878290448555816,9.03604319099244,NORMAL
09:27:05,,,step_30,구리_전해도금,IDLE,0.2258966171450994,1.279942417124134,0.4878290448555816,9.03604319099244,NORMAL
09:27:10,,,step_30,구리_전해도금,IDLE,0.2258966171450994,1.279942417124134,0.4878290448555816,9.03604319099244,NORMAL
09:27:15,,,step_30,구리_전해도금,IDLE,0.2258966171450994,1.279942417124134,0.4878290448555816,9.03604319099244,NORMAL
09:27:20,,,step_30,구리_전해도금,IDLE,0.2258966171450994,1.279942417124134,0.4878290448555816,9.03604319099244,NORMAL
09:27:25,,,step_30,구리_전해도금,IDLE,0.2258966171450994,1.279942417124134,0.4878290448555816,9.03604319099244,NORMAL
09:27:30,,,step_30,구리_전해도금,IDLE,0.2258966171450994,1.279942417124134,0.4878290448555816,9.03604319099244,NORMAL
09:27:35,,,step_30,구리_전해도금,IDLE,0.2258966171450994,1.279942417124134,0.4878290448555816,9.03604319099244,NORMAL
09:27:40,,,step_30,구리_전해도금,IDLE,0.2258966171450994,1.279942417124134,0.4878290448555816,9.03604319099244,NORMAL
09:27:45,,,step_30,구리_전해도금,IDLE,0.2258966171450994,1.279942417124134,0.4878290448555816,9.03604319099244,NORMAL
09:27:50,,,step_30,구리_전해도금,IDLE,0.2258966171450994,1.279942417124134,0.4878290448555816,9.03604319099244,NORMAL
09:27:55,,,step_30,구리_전해도금,IDLE,0.2258966171450994,1.279942417124134,0.4878290448555816,9.03604319099244,NORMAL
09:28:00,,,step_30,구리_전해도금,IDLE,0.2258966171450994,1.279942417124134,0.4878290448555816,9.03604319099244,NORMAL
09:28:05,,,step_30,구리_전해도금,IDLE,0.2258966171450994,1.279942417124134,0.4878290448555816,9.03604319099244,NORMAL
09:28:10,,,step_30,구리_전해도금,IDLE,0.2258966171450994,1.279942417124134,0.4878290448555816,9.03604319099244,NORMAL
09:28:15,,,step_30,구리_전해도금,IDLE,0.2258966171450994,1.279942417124134,0.4878290448555816,9.03604319099244,NORMAL
09:28:20,,,step_30,구리_전해도금,IDLE,0.2258966171450994,1.279942417124134,0.4878290448555816,9.03604319099244,NORMAL
09:28:25,,,step_30,구리_전해도금,IDLE,0.2258966171450994,1.279942417124134,0.4878290448555816,9.03604319099244,NORMAL
09:28:30,,,step_30,구리_전해도금,IDLE,0.2258966171450994,1.279942417124134,0.4878290448555816,9.03604319099244,NORMAL
09:28:35,,,step_30,구리_전해도금,IDLE,0.2258966171450994,1.279942417124134,0.4878290448555816,9.03604319099244,NORMAL
09:28:40,,,step_30,구리_전해도금,IDLE,0.2258966171450994,1.279942417124134,0.4878290448555816,9.03604319099244,NORMAL
09:28:45,,,step_30,구리_전해도금,IDLE,0.2258966171450994,1.279942417124134,0.4878290448555816,9.03604319099244,NORMAL
09:28:50,,,step_30,구리_전해도금,IDLE,0.2258966171450994,1.279942417124134,0.4878290448555816,9.03604319099244,NORMAL
09:28:55,,,step_30,구리_전해도금,IDLE,0.2258966171450994,1.279942417124134,0.4878290448555816,9.03604319099244,NORMAL
09:29:00,,,step_30,구리_전해도금,IDLE,0.2258966171450994,1.279942417124134,0.4878290448555816,9.03604319099244,NORMAL
09:29:05,,,step_30,구리_전해도금,IDLE,0.2258966171450994,1.279942417124134,0.4878290448555816,9.03604319099244,NORMAL
09:29:10,,,step_30,구리_전해도금,IDLE,0.2258966171450994,1.279942417124134,0.4878290448555816,9.03604319099244,NORMAL
09:29:15,,,step_30,구리_전해도금,IDLE,0.2258966171450994,1.279942417124134,0.4878290448555816,9.03604319099244,NORMAL
09:29:20,,,step_30,구리_전해도금,IDLE,0.2258966171450994,1.279942417124134,0.4878290448555816,9.03604319099244,NORMAL
09:29:25,,,step_30,구리_전해도금,IDLE,0.2258966171450994,1.279942417124134,0.4878290448555816,9.03604319099244,NORMAL
09:29:30,,,step_30,구리_전해도금,IDLE,0.2258966171450994,1.279942417124134,0.4878290448555816,9.03604319099244,NORMAL
09:29:35,,,step_30,구리_전해도금,IDLE,0.2258966171450994,1.279942417124134,0.4878290448555816,9.03604319099244,NORMAL
09:29:40,,,step_30,구리_전해도금,IDLE,0.2258966171450994,1.279942417124134,0.4878290448555816,9.03604319099244,NORMAL
09:29:45,,,step_30,구리_전해도금,IDLE,0.2258966171450994,1.279942417124134,0.4878290448555816,9.03604319099244,NORMAL
09:29:50,,,step_30,구리_전해도금,IDLE,0.2258966171450994,1.279942417124134,0.4878290448555816,9.03604319099244,NORMAL
09:29:55,,,step_30,구리_전해도금,IDLE,0.2258966171450994,1.279942417124134,0.4878290448555816,9.03604319099244,NORMAL
09:30:00,,,step_30,구리_전해도금,IDLE,0.2258966171450994,1.279942417124134,0.4878290448555816,9.03604319099244,NORMAL
09:30:05,,,step_30,구리_전해도금,IDLE,0.2258966171450994,1.279942417124134,0.4878290448555816,9.03604319099244,NORMAL
09:30:10,,,step_30,구리_전해도금,IDLE,0.2258966171450994,1.279942417124134,0.4878290448555816,9.03604319099244,NORMAL
09:30:15,,,step_30,구리_전해도금,IDLE,0.2258966171450994,1.279942417124134,0.4878290448555816,9.03604319099244,NORMAL
09:30:20,,,step_30,구리_전해도금,IDLE,0.2258966171450994,1.279942417124134,0.4878290448555816,9.03604319099244,NORMAL
09:30:25,,,step_30,구리_전해도금,IDLE,0.2258966171450994,1.279942417124134,0.4878290448555816,9.03604319099244,NORMAL
09:30:30,,,step_30,구리_전해도금,IDLE,0.2258966171450994,1.279942417124134,0.4878290448555816,9.03604319099244,NORMAL
09:30:35,,,step_30,구리_전해도금,IDLE,0.2258966171450994,1.279942417124134,0.4878290448555816,9.03604319099244,NORMAL
09:30:40,,,step_30,구리_전해도금,IDLE,0.2258966171450994,1.279942417124134,0.4878290448555816,9.03604319099244,NORMAL
09:30:45,,,step_30,구리_전해도금,IDLE,0.2258966171450994,1.279942417124134,0.4878290448555816,9.03604319099244,NORMAL
09:30:50,,,step_30,구리_전해도금,IDLE,0.2258966171450994,1.279942417124134,0.4878290448555816,9.03604319099244,NORMAL
09:30:55,,,step_30,구리_전해도금,IDLE,0.2258966171450994,1.279942417124134,0.4878290448555816,9.03604319099244,NORMAL
09:31:00,,,step_30,구리_전해도금,IDLE,0.2258966171450994,1.279942417124134,0.4878290448555816,9.03604319099244,NORMAL
09:31:05,,,step_30,구리_전해도금,IDLE,0.2258966171450994,1.279942417124134,0.4878290448555816,9.03604319099244,NORMAL
09:31:10,,,step_30,구리_전해도금,IDLE,0.2258966171450994,1.279942417124134,0.4878290448555816,9.03604319099244,NORMAL
09:31:15,,,step_30,구리_전해도금,IDLE,0.2258966171450994,1.279942417124134,0.4878290448555816,9.03604319099244,NORMAL
09:31:20,,,step_30,구리_전해도금,IDLE,0.2258966171450994,1.279942417124134,0.4878290448555816,9.03604319099244,NORMAL
09:31:25,,,step_30,구리_전해도금,IDLE,0.2258966171450994,1.279942417124134,0.4878290448555816,9.03604319099244,NORMAL
09:31:30,,,step_30,구리_전해도금,IDLE,0.2258966171450994,1.279942417124134,0.4878290448555816,9.03604319099244,NORMAL
09:31:35,,,step_30,구리_전해도금,IDLE,0.2258966171450994,1.279942417124134,0.4878290448555816,9.03604319099244,NORMAL
09:31:40,,,step_30,구리_전해도금,IDLE,0.2258966171450994,1.279942417124134,0.4878290448555816,9.03604319099244,NORMAL
09:31:45,,,step_30,구리_전해도금,IDLE,0.2258966171450994,1.279942417124134,0.4878290448555816,9.03604319099244,NORMAL
09:31:50,,,step_30,구리_전해도금,IDLE,0.2258966171450994,1.279942417124134,0.4878290448555816,9.03604319099244,NORMAL
09:31:55,,,step_30,구리_전해도금,IDLE,0.2258966171450994,1.279942417124134,0.4878290448555816,9.03604319099244,NORMAL
09:32:00,,,step_30,구리_전해도금,IDLE,0.2258966171450994,1.279942417124134,0.4878290448555816,9.03604319099244,NORMAL
09:32:05,,,step_30,구리_전해도금,IDLE,0.2258966171450994,1.279942417124134,0.4878290448555816,9.03604319099244,NORMAL
09:32:10,,,step_30,구리_전해도금,IDLE,0.2258966171450994,1.279942417124134,0.4878290448555816,9.03604319099244,NORMAL
09:32:15,,,step_30,구리_전해도금,IDLE,0.2258966171450994,1.279942417124134,0.4878290448555816,9.03604319099244,NORMAL
09:32:20,,,step_30,구리_전해도금,IDLE,0.2258966171450994,1.279942417124134,0.4878290448555816,9.03604319099244,NORMAL
09:32:25,,,step_30,구리_전해도금,IDLE,0.2258966171450994,1.279942417124134,0.4878290448555816,9.03604319099244,NORMAL
09:32:30,,,step_30,구리_전해도금,IDLE,0.2258966171450994,1.279942417124134,0.4878290448555816,9.03604319099244,NORMAL
09:32:35,,,step_30,구리_전해도금,IDLE,0.2258966171450994,1.279942417124134,0.4878290448555816,9.03604319099244,NORMAL
09:32:40,,,step_30,구리_전해도금,IDLE,0.2258966171450994,1.279942417124134,0.4878290448555816,9.03604319099244,NORMAL
09:32:45,,,step_30,구리_전해도금,IDLE,0.2258966171450994,1.279942417124134,0.4878290448555816,9.03604319099244,NORMAL
09:32:50,,,step_30,구리_전해도금,IDLE,0.2258966171450994,1.279942417124134,0.4878290448555816,9.03604319099244,NORMAL
09:32:55,,,step_30,구리_전해도금,IDLE,0.2258966171450994,1.279942417124134,0.4878290448555816,9.03604319099244,NORMAL
09:33:00,,,step_30,구리_전해도금,IDLE,0.2258966171450994,1.279942417124134,0.4878290448555816,9.03604319099244,NORMAL
09:33:05,,,step_30,구리_전해도금,IDLE,0.2258966171450994,1.279942417124134,0.4878290448555816,9.03604319099244,NORMAL
09:33:10,,,step_30,구리_전해도금,IDLE,0.2258966171450994,1.279942417124134,0.4878290448555816,9.03604319099244,NORMAL
09:33:15,,,step_30,구리_전해도금,IDLE,0.2258966171450994,1.279942417124134,0.4878290448555816,9.03604319099244,NORMAL
09:33:20,,,step_30,구리_전해도금,IDLE,0.2258966171450994,1.279942417124134,0.4878290448555816,9.03604319099244,NORMAL
09:33:25,,,step_30,구리_전해도금,IDLE,0.2258966171450994,1.279942417124134,0.4878290448555816,9.03604319099244,NORMAL
09:33:30,,,step_30,구리_전해도금,IDLE,0.2258966171450994,1.279942417124134,0.4878290448555816,9.03604319099244,NORMAL
09:33:35,,,step_30,구리_전해도금,IDLE,0.2258966171450994,1.279942417124134,0.4878290448555816,9.03604319099244,NORMAL
09:33:40,,,step_30,구리_전해도금,IDLE,0.2258966171450994,1.279942417124134,0.4878290448555816,9.03604319099244,NORMAL
09:33:45,,,step_30,구리_전해도금,IDLE,0.2258966171450994,1.279942417124134,0.4878290448555816,9.03604319099244,NORMAL
09:33:50,,,step_30,구리_전해도금,IDLE,0.2258966171450994,1.279942417124134,0.4878290448555816,9.03604319099244,NORMAL
09:33:55,,,step_30,구리_전해도금,IDLE,0.2258966171450994,1.279942417124134,0.4878290448555816,9.03604319099244,NORMAL
09:34:00,,,step_30,구리_전해도금,IDLE,0.2258966171450994,1.279942417124134,0.4878290448555816,9.03604319099244,NORMAL
09:34:05,,,step_30,구리_전해도금,IDLE,0.2258966171450994,1.279942417124134,0.4878290448555816,9.03604319099244,NORMAL
09:34:10,,,step_30,구리_전해도금,IDLE,0.2258966171450994,1.279942417124134,0.4878290448555816,9.03604319099244,NORMAL
09:34:15,,,step_30,구리_전해도금,IDLE,0.2258966171450994,1.279942417124134,0.4878290448555816,9.03604319099244,NORMAL
09:34:20,,,step_30,구리_전해도금,IDLE,0.2258966171450994,1.279942417124134,0.4878290448555816,9.03604319099244,NORMAL
09:34:25,,,step_30,구리_전해도금,IDLE,0.2258966171450994,1.279942417124134,0.4878290448555816,9.03604319099244,NORMAL
09:34:30,,,step_30,구리_전해도금,IDLE,0.2258966171450994,1.279942417124134,0.4878290448555816,9.03604319099244,NORMAL
09:34:35,,,step_30,구리_전해도금,IDLE,0.2258966171450994,1.279942417124134,0.4878290448555816,9.03604319099244,NORMAL
09:34:40,,,step_30,구리_전해도금,IDLE,0.2258966171450994,1.279942417124134,0.4878290448555816,9.03604319099244,NORMAL
09:34:45,,,step_30,구리_전해도금,IDLE,0.2258966171450994,1.279942417124134,0.4878290448555816,9.03604319099244,NORMAL
09:34:50,,,step_30,구리_전해도금,IDLE,0.2258966171450994,1.279942417124134,0.4878290448555816,9.03604319099244,NORMAL
09:34:55,,,step_30,구리_전해도금,IDLE,0.2258966171450994,1.279942417124134,0.4878290448555816,9.03604319099244,NORMAL
09:35:00,,,step_30,구리_전해도금,IDLE,0.2258966171450994,1.279942417124134,0.4878290448555816,9.03604319099244,NORMAL
09:35:05,,,step_30,구리_전해도금,IDLE,0.2258966171450994,1.279942417124134,0.4878290448555816,9.03604319099244,NORMAL
09:35:10,,,step_30,구리_전해도금,IDLE,0.2258966171450994,1.279942417124134,0.4878290448555816,9.03604319099244,NORMAL
09:35:15,,,step_30,구리_전해도금,IDLE,0.2258966171450994,1.279942417124134,0.4878290448555816,9.03604319099244,NORMAL
09:35:20,,,step_30,구리_전해도금,IDLE,0.2258966171450994,1.279942417124134,0.4878290448555816,9.03604319099244,NORMAL
09:35:25,,,step_30,구리_전해도금,IDLE,0.2258966171450994,1.279942417124134,0.4878290448555816,9.03604319099244,NORMAL
09:35:30,,,step_30,구리_전해도금,IDLE,0.2258966171450994,1.279942417124134,0.4878290448555816,9.03604319099244,NORMAL
09:35:35,,,step_30,구리_전해도금,IDLE,0.2258966171450994,1.279942417124134,0.4878290448555816,9.03604319099244,NORMAL
09:35:40,,,step_30,구리_전해도금,IDLE,0.2258966171450994,1.279942417124134,0.4878290448555816,9.03604319099244,NORMAL
09:35:45,,,step_30,구리_전해도금,IDLE,0.2258966171450994,1.279942417124134,0.4878290448555816,9.03604319099244,NORMAL
09:35:50,,,step_30,구리_전해도금,IDLE,0.2258966171450994,1.279942417124134,0.4878290448555816,9.03604319099244,NORMAL
09:35:55,,,step_30,구리_전해도금,IDLE,0.2258966171450994,1.279942417124134,0.4878290448555816,9.03604319099244,NORMAL
09:36:00,,,step_30,구리_전해도금,IDLE,0.2258966171450994,1.279942417124134,0.4878290448555816,9.03604319099244,NORMAL
09:36:05,,,step_30,구리_전해도금,IDLE,0.2258966171450994,1.279942417124134,0.4878290448555816,9.03604319099244,NORMAL
09:36:10,,,step_30,구리_전해도금,IDLE,0.2258966171450994,1.279942417124134,0.4878290448555816,9.03604319099244,NORMAL
09:36:15,,,step_30,구리_전해도금,IDLE,0.2258966171450994,1.279942417124134,0.4878290448555816,9.03604319099244,NORMAL
09:36:20,,,step_30,구리_전해도금,IDLE,0.2258966171450994,1.279942417124134,0.4878290448555816,9.03604319099244,NORMAL
09:36:25,,,step_30,구리_전해도금,IDLE,0.2258966171450994,1.279942417124134,0.4878290448555816,9.03604319099244,NORMAL
09:36:30,,,step_30,구리_전해도금,IDLE,0.2258966171450994,1.279942417124134,0.4878290448555816,9.03604319099244,NORMAL
09:36:35,,,step_30,구리_전해도금,IDLE,0.2258966171450994,1.279942417124134,0.4878290448555816,9.03604319099244,NORMAL
09:36:40,,,step_30,구리_전해도금,IDLE,0.2258966171450994,1.279942417124134,0.4878290448555816,9.03604319099244,NORMAL
09:36:45,,,step_30,구리_전해도금,IDLE,0.2258966171450994,1.279942417124134,0.4878290448555816,9.03604319099244,NORMAL
09:36:50,,,step_30,구리_전해도금,IDLE,0.2258966171450994,1.279942417124134,0.4878290448555816,9.03604319099244,NORMAL
09:36:55,,,step_30,구리_전해도금,IDLE,0.2258966171450994,1.279942417124134,0.4878290448555816,9.03604319099244,NORMAL
09:37:00,,,step_30,구리_전해도금,IDLE,0.2258966171450994,1.279942417124134,0.4878290448555816,9.03604319099244,NORMAL
09:37:05,,,step_30,구리_전해도금,IDLE,0.2258966171450994,1.279942417124134,0.4878290448555816,9.03604319099244,NORMAL
09:37:10,,,step_30,구리_전해도금,IDLE,0.2258966171450994,1.279942417124134,0.4878290448555816,9.03604319099244,NORMAL
09:37:15,,,step_30,구리_전해도금,IDLE,0.2258966171450994,1.279942417124134,0.4878290448555816,9.03604319099244,NORMAL
09:37:20,,,step_30,구리_전해도금,IDLE,0.2258966171450994,1.279942417124134,0.4878290448555816,9.03604319099244,NORMAL
09:37:25,,,step_30,구리_전해도금,IDLE,0.2258966171450994,1.279942417124134,0.4878290448555816,9.03604319099244,NORMAL
09:37:30,,,step_30,구리_전해도금,IDLE,0.2258966171450994,1.279942417124134,0.4878290448555816,9.03604319099244,NORMAL
09:37:35,,,step_30,구리_전해도금,IDLE,0.2258966171450994,1.279942417124134,0.4878290448555816,9.03604319099244,NORMAL
09:37:40,,,step_30,구리_전해도금,IDLE,0.2258966171450994,1.279942417124134,0.4878290448555816,9.03604319099244,NORMAL
09:37:45,,,step_30,구리_전해도금,IDLE,0.2258966171450994,1.279942417124134,0.4878290448555816,9.03604319099244,NORMAL
09:37:50,,,step_30,구리_전해도금,IDLE,0.2258966171450994,1.279942417124134,0.4878290448555816,9.03604319099244,NORMAL
09:37:55,,,step_30,구리_전해도금,IDLE,0.2258966171450994,1.279942417124134,0.4878290448555816,9.03604319099244,NORMAL
09:38:00,,,step_30,구리_전해도금,IDLE,0.2258966171450994,1.279942417124134,0.4878290448555816,9.03604319099244,NORMAL
09:38:05,,,step_30,구리_전해도금,IDLE,0.2258966171450994,1.279942417124134,0.4878290448555816,9.03604319099244,NORMAL
09:38:10,,,step_30,구리_전해도금,IDLE,0.2258966171450994,1.279942417124134,0.4878290448555816,9.03604319099244,NORMAL
09:38:15,,,step_30,구리_전해도금,IDLE,0.2258966171450994,1.279942417124134,0.4878290448555816,9.03604319099244,NORMAL
09:38:20,,,step_30,구리_전해도금,IDLE,0.2258966171450994,1.279942417124134,0.4878290448555816,9.03604319099244,NORMAL
09:38:25,,,step_30,구리_전해도금,IDLE,0.2258966171450994,1.279942417124134,0.4878290448555816,9.03604319099244,NORMAL
09:38:30,,,step_30,구리_전해도금,IDLE,0.2258966171450994,1.279942417124134,0.4878290448555816,9.03604319099244,NORMAL
09:38:35,,,step_30,구리_전해도금,IDLE,0.2258966171450994,1.279942417124134,0.4878290448555816,9.03604319099244,NORMAL
09:38:40,,,step_30,구리_전해도금,IDLE,0.2258966171450994,1.279942417124134,0.4878290448555816,9.03604319099244,NORMAL
09:38:45,,,step_30,구리_전해도금,IDLE,0.2258966171450994,1.279942417124134,0.4878290448555816,9.03604319099244,NORMAL
09:38:50,,,step_30,구리_전해도금,IDLE,0.2258966171450994,1.279942417124134,0.4878290448555816,9.03604319099244,NORMAL
09:38:55,,,step_30,구리_전해도금,IDLE,0.2258966171450994,1.279942417124134,0.4878290448555816,9.03604319099244,NORMAL
09:39:00,,,step_30,구리_전해도금,IDLE,0.2258966171450994,1.279942417124134,0.4878290448555816,9.03604319099244,NORMAL
09:39:05,,,step_30,구리_전해도금,IDLE,0.2258966171450994,1.279942417124134,0.4878290448555816,9.03604319099244,NORMAL
09:39:10,,,step_30,구리_전해도금,IDLE,0.2258966171450994,1.279942417124134,0.4878290448555816,9.03604319099244,NORMAL
09:39:15,,,step_30,구리_전해도금,IDLE,0.2258966171450994,1.279942417124134,0.4878290448555816,9.03604319099244,NORMAL
09:39:20,,,step_30,구리_전해도금,IDLE,0.2258966171450994,1.279942417124134,0.4878290448555816,9.03604319099244,NORMAL
09:39:25,,,step_30,구리_전해도금,IDLE,0.2258966171450994,1.279942417124134,0.4878290448555816,9.03604319099244,NORMAL
09:39:30,,,step_30,구리_전해도금,IDLE,0.2258966171450994,1.279942417124134,0.4878290448555816,9.03604319099244,NORMAL
09:39:35,,,step_30,구리_전해도금,IDLE,0.2258966171450994,1.279942417124134,0.4878290448555816,9.03604319099244,NORMAL
09:39:40,,,step_30,구리_전해도금,IDLE,0.2258966171450994,1.279942417124134,0.4878290448555816,9.03604319099244,NORMAL
09:39:45,,,step_30,구리_전해도금,IDLE,0.2258966171450994,1.279942417124134,0.4878290448555816,9.03604319099244,NORMAL
09:39:50,,,step_30,구리_전해도금,IDLE,0.2258966171450994,1.279942417124134,0.4878290448555816,9.03604319099244,NORMAL
09:39:55,,,step_30,구리_전해도금,IDLE,0.2258966171450994,1.279942417124134,0.4878290448555816,9.03604319099244,NORMAL
09:40:00,,,step_30,구리_전해도금,IDLE,0.2258966171450994,1.279942417124134,0.4878290448555816,9.03604319099244,NORMAL
09:40:05,,,step_30,구리_전해도금,IDLE,0.2258966171450994,1.279942417124134,0.4878290448555816,9.03604319099244,NORMAL
09:40:10,,,step_30,구리_전해도금,IDLE,0.2258966171450994,1.279942417124134,0.4878290448555816,9.03604319099244,NORMAL
09:40:15,,,step_30,구리_전해도금,IDLE,0.2258966171450994,1.279942417124134,0.4878290448555816,9.03604319099244,NORMAL
09:40:20,,,step_30,구리_전해도금,IDLE,0.2258966171450994,1.279942417124134,0.4878290448555816,9.03604319099244,NORMAL
09:40:25,,,step_30,구리_전해도금,IDLE,0.2258966171450994,1.279942417124134,0.4878290448555816,9.03604319099244,NORMAL
09:40:30,,,step_30,구리_전해도금,IDLE,0.2258966171450994,1.279942417124134,0.4878290448555816,9.03604319099244,NORMAL
09:40:35,,,step_30,구리_전해도금,IDLE,0.2258966171450994,1.279942417124134,0.4878290448555816,9.03604319099244,NORMAL
09:40:40,,,step_30,구리_전해도금,IDLE,0.2258966171450994,1.279942417124134,0.4878290448555816,9.03604319099244,NORMAL
09:40:45,,,step_30,구리_전해도금,IDLE,0.2258966171450994,1.279942417124134,0.4878290448555816,9.03604319099244,NORMAL
09:40:50,,,step_30,구리_전해도금,IDLE,0.2258966171450994,1.279942417124134,0.4878290448555816,9.03604319099244,NORMAL
09:40:55,,,step_30,구리_전해도금,IDLE,0.2258966171450994,1.279942417124134,0.4878290448555816,9.03604319099244,NORMAL
09:41:00,,,step_30,구리_전해도금,IDLE,0.2258966171450994,1.279942417124134,0.4878290448555816,9.03604319099244,NORMAL
09:41:05,,,step_30,구리_전해도금,IDLE,0.2258966171450994,1.279942417124134,0.4878290448555816,9.03604319099244,NORMAL
09:41:10,,,step_30,구리_전해도금,IDLE,0.2258966171450994,1.279942417124134,0.4878290448555816,9.03604319099244,NORMAL
09:41:15,,,step_30,구리_전해도금,IDLE,0.2258966171450994,1.279942417124134,0.4878290448555816,9.03604319099244,NORMAL
09:41:20,,,step_30,구리_전해도금,IDLE,0.2258966171450994,1.279942417124134,0.4878290448555816,9.03604319099244,NORMAL
09:41:25,,,step_30,구리_전해도금,IDLE,0.2258966171450994,1.279942417124134,0.4878290448555816,9.03604319099244,NORMAL
09:41:30,,,step_30,구리_전해도금,IDLE,0.2258966171450994,1.279942417124134,0.4878290448555816,9.03604319099244,NORMAL
09:41:35,,,step_30,구리_전해도금,IDLE,0.2258966171450994,1.279942417124134,0.4878290448555816,9.03604319099244,NORMAL
09:41:40,,,step_30,구리_전해도금,IDLE,0.2258966171450994,1.279942417124134,0.4878290448555816,9.03604319099244,NORMAL
09:41:45,,,step_30,구리_전해도금,IDLE,0.2258966171450994,1.279942417124134,0.4878290448555816,9.03604319099244,NORMAL
09:41:50,,,step_30,구리_전해도금,IDLE,0.2258966171450994,1.279942417124134,0.4878290448555816,9.03604319099244,NORMAL
09:41:55,,,step_30,구리_전해도금,IDLE,0.2258966171450994,1.279942417124134,0.4878290448555816,9.03604319099244,NORMAL
09:42:00,,,step_30,구리_전해도금,IDLE,0.2258966171450994,1.279942417124134,0.4878290448555816,9.03604319099244,NORMAL
09:42:05,,,step_30,구리_전해도금,IDLE,0.2258966171450994,1.279942417124134,0.4878290448555816,9.03604319099244,NORMAL
09:42:10,,,step_30,구리_전해도금,IDLE,0.2258966171450994,1.279942417124134,0.4878290448555816,9.03604319099244,NORMAL
09:42:15,,,step_30,구리_전해도금,IDLE,0.2258966171450994,1.279942417124134,0.4878290448555816,9.03604319099244,NORMAL
09:42:20,,,step_30,구리_전해도금,IDLE,0.2258966171450994,1.279942417124134,0.4878290448555816,9.03604319099244,NORMAL
09:42:25,,,step_30,구리_전해도금,IDLE,0.2258966171450994,1.279942417124134,0.4878290448555816,9.03604319099244,NORMAL
09:42:30,,,step_30,구리_전해도금,IDLE,0.2258966171450994,1.279942417124134,0.4878290448555816,9.03604319099244,NORMAL
09:42:35,,,step_30,구리_전해도금,IDLE,0.2258966171450994,1.279942417124134,0.4878290448555816,9.03604319099244,NORMAL
09:42:40,,,step_30,구리_전해도금,IDLE,0.2258966171450994,1.279942417124134,0.4878290448555816,9.03604319099244,NORMAL
09:42:45,,,step_30,구리_전해도금,IDLE,0.2258966171450994,1.279942417124134,0.4878290448555816,9.03604319099244,NORMAL
09:42:50,,,step_30,구리_전해도금,IDLE,0.2258966171450994,1.279942417124134,0.4878290448555816,9.03604319099244,NORMAL
09:42:55,,,step_30,구리_전해도금,IDLE,0.2258966171450994,1.279942417124134,0.4878290448555816,9.03604319099244,NORMAL
09:43:00,,,step_30,구리_전해도금,IDLE,0.2258966171450994,1.279942417124134,0.4878290448555816,9.03604319099244,NORMAL
09:43:05,,,step_30,구리_전해도금,IDLE,0.2258966171450994,1.279942417124134,0.4878290448555816,9.03604319099244,NORMAL
09:43:10,,,step_30,구리_전해도금,IDLE,0.2258966171450994,1.279942417124134,0.4878290448555816,9.03604319099244,NORMAL
09:43:15,,,step_30,구리_전해도금,IDLE,0.2258966171450994,1.279942417124134,0.4878290448555816,9.03604319099244,NORMAL
09:43:20,,,step_30,구리_전해도금,IDLE,0.2258966171450994,1.279942417124134,0.4878290448555816,9.03604319099244,NORMAL
09:43:25,,,step_30,구리_전해도금,IDLE,0.2258966171450994,1.279942417124134,0.4878290448555816,9.03604319099244,NORMAL
09:43:30,,,step_30,구리_전해도금,IDLE,0.2258966171450994,1.279942417124134,0.4878290448555816,9.03604319099244,NORMAL
09:43:35,,,step_30,구리_전해도금,IDLE,0.2258966171450994,1.279942417124134,0.4878290448555816,9.03604319099244,NORMAL
09:43:40,,,step_30,구리_전해도금,IDLE,0.2258966171450994,1.279942417124134,0.4878290448555816,9.03604319099244,NORMAL
09:43:45,,,step_30,구리_전해도금,IDLE,0.2258966171450994,1.279942417124134,0.4878290448555816,9.03604319099244,NORMAL
09:43:50,,,step_30,구리_전해도금,IDLE,0.2258966171450994,1.279942417124134,0.4878290448555816,9.03604319099244,NORMAL
09:43:55,,,step_30,구리_전해도금,IDLE,0.2258966171450994,1.279942417124134,0.4878290448555816,9.03604319099244,NORMAL
09:44:00,,,step_30,구리_전해도금,IDLE,0.2258966171450994,1.279942417124134,0.4878290448555816,9.03604319099244,NORMAL
09:44:05,,,step_30,구리_전해도금,IDLE,0.2258966171450994,1.279942417124134,0.4878290448555816,9.03604319099244,NORMAL
09:44:10,,,step_30,구리_전해도금,IDLE,0.2258966171450994,1.279942417124134,0.4878290448555816,9.03604319099244,NORMAL
09:44:15,,,step_30,구리_전해도금,IDLE,0.2258966171450994,1.279942417124134,0.4878290448555816,9.03604319099244,NORMAL
09:44:20,,,step_30,구리_전해도금,IDLE,0.2258966171450994,1.279942417124134,0.4878290448555816,9.03604319099244,NORMAL
09:44:25,,,step_30,구리_전해도금,IDLE,0.2258966171450994,1.279942417124134,0.4878290448555816,9.03604319099244,NORMAL
09:44:30,,,step_30,구리_전해도금,IDLE,0.2258966171450994,1.279942417124134,0.4878290448555816,9.03604319099244,NORMAL
09:44:35,,,step_30,구리_전해도금,IDLE,0.2258966171450994,1.279942417124134,0.4878290448555816,9.03604319099244,NORMAL
09:44:40,,,step_30,구리_전해도금,IDLE,0.2258966171450994,1.279942417124134,0.4878290448555816,9.03604319099244,NORMAL
09:44:45,,,step_30,구리_전해도금,IDLE,0.2258966171450994,1.279942417124134,0.4878290448555816,9.03604319099244,NORMAL
09:44:50,,,step_30,구리_전해도금,IDLE,0.2258966171450994,1.279942417124134,0.4878290448555816,9.03604319099244,NORMAL
09:44:55,,,step_30,구리_전해도금,IDLE,0.2258966171450994,1.279942417124134,0.4878290448555816,9.03604319099244,NORMAL
09:45:00,,,step_30,구리_전해도금,IDLE,0.2258966171450994,1.279942417124134,0.4878290448555816,9.03604319099244,NORMAL
09:45:05,,,step_30,구리_전해도금,IDLE,0.2258966171450994,1.279942417124134,0.4878290448555816,9.03604319099244,NORMAL
09:45:10,,,step_30,구리_전해도금,IDLE,0.2258966171450994,1.279942417124134,0.4878290448555816,9.03604319099244,NORMAL
09:45:15,,,step_30,구리_전해도금,IDLE,0.2258966171450994,1.279942417124134,0.4878290448555816,9.03604319099244,NORMAL
09:45:20,,,step_30,구리_전해도금,IDLE,0.2258966171450994,1.279942417124134,0.4878290448555816,9.03604319099244,NORMAL
09:45:25,,,step_30,구리_전해도금,IDLE,0.2258966171450994,1.279942417124134,0.4878290448555816,9.03604319099244,NORMAL
09:45:30,,,step_30,구리_전해도금,IDLE,0.2258966171450994,1.279942417124134,0.4878290448555816,9.03604319099244,NORMAL
09:45:35,,,step_30,구리_전해도금,IDLE,0.2258966171450994,1.279942417124134,0.4878290448555816,9.03604319099244,NORMAL
09:45:40,,,step_30,구리_전해도금,IDLE,0.2258966171450994,1.279942417124134,0.4878290448555816,9.03604319099244,NORMAL
09:45:45,,,step_30,구리_전해도금,IDLE,0.2258966171450994,1.279942417124134,0.4878290448555816,9.03604319099244,NORMAL
09:45:50,,,step_30,구리_전해도금,IDLE,0.2258966171450994,1.279942417124134,0.4878290448555816,9.03604319099244,NORMAL
09:45:55,,,step_30,구리_전해도금,IDLE,0.2258966171450994,1.279942417124134,0.4878290448555816,9.03604319099244,NORMAL
09:46:00,,,step_30,구리_전해도금,IDLE,0.2258966171450994,1.279942417124134,0.4878290448555816,9.03604319099244,NORMAL
09:46:05,,,step_30,구리_전해도금,IDLE,0.2258966171450994,1.279942417124134,0.4878290448555816,9.03604319099244,NORMAL
09:46:10,,,step_30,구리_전해도금,IDLE,0.2258966171450994,1.279942417124134,0.4878290448555816,9.03604319099244,NORMAL
09:46:15,,,step_30,구리_전해도금,IDLE,0.2258966171450994,1.279942417124134,0.4878290448555816,9.03604319099244,NORMAL
09:46:20,,,step_30,구리_전해도금,IDLE,0.2258966171450994,1.279942417124134,0.4878290448555816,9.03604319099244,NORMAL
09:46:25,,,step_30,구리_전해도금,IDLE,0.2258966171450994,1.279942417124134,0.4878290448555816,9.03604319099244,NORMAL
09:46:30,,,step_30,구리_전해도금,IDLE,0.2258966171450994,1.279942417124134,0.4878290448555816,9.03604319099244,NORMAL
09:46:35,,,step_30,구리_전해도금,IDLE,0.2258966171450994,1.279942417124134,0.4878290448555816,9.03604319099244,NORMAL
09:46:40,,,step_30,구리_전해도금,IDLE,0.2258966171450994,1.279942417124134,0.4878290448555816,9.03604319099244,NORMAL
09:46:45,,,step_30,구리_전해도금,IDLE,0.2258966171450994,1.279942417124134,0.4878290448555816,9.03604319099244,NORMAL
09:46:50,,,step_30,구리_전해도금,IDLE,0.2258966171450994,1.279942417124134,0.4878290448555816,9.03604319099244,NORMAL
09:46:55,,,step_30,구리_전해도금,IDLE,0.2258966171450994,1.279942417124134,0.4878290448555816,9.03604319099244,NORMAL
09:47:00,,,step_30,구리_전해도금,IDLE,0.2258966171450994,1.279942417124134,0.4878290448555816,9.03604319099244,NORMAL
09:47:05,,,step_30,구리_전해도금,IDLE,0.2258966171450994,1.279942417124134,0.4878290448555816,9.03604319099244,NORMAL
09:47:10,,,step_30,구리_전해도금,IDLE,0.2258966171450994,1.279942417124134,0.4878290448555816,9.03604319099244,NORMAL
09:47:15,,,step_30,구리_전해도금,IDLE,0.2258966171450994,1.279942417124134,0.4878290448555816,9.03604319099244,NORMAL
09:47:20,,,step_30,구리_전해도금,IDLE,0.2258966171450994,1.279942417124134,0.4878290448555816,9.03604319099244,NORMAL
09:47:25,,,step_30,구리_전해도금,IDLE,0.2258966171450994,1.279942417124134,0.4878290448555816,9.03604319099244,NORMAL
09:47:30,,,step_30,구리_전해도금,IDLE,0.2258966171450994,1.279942417124134,0.4878290448555816,9.03604319099244,NORMAL
09:47:35,,,step_30,구리_전해도금,IDLE,0.2258966171450994,1.279942417124134,0.4878290448555816,9.03604319099244,NORMAL
09:47:40,,,step_30,구리_전해도금,IDLE,0.2258966171450994,1.279942417124134,0.4878290448555816,9.03604319099244,NORMAL
09:47:45,,,step_30,구리_전해도금,IDLE,0.2258966171450994,1.279942417124134,0.4878290448555816,9.03604319099244,NORMAL
09:47:50,,,step_30,구리_전해도금,IDLE,0.2258966171450994,1.279942417124134,0.4878290448555816,9.03604319099244,NORMAL
09:47:55,,,step_30,구리_전해도금,IDLE,0.2258966171450994,1.279942417124134,0.4878290448555816,9.03604319099244,NORMAL
09:48:00,,,step_30,구리_전해도금,IDLE,0.2258966171450994,1.279942417124134,0.4878290448555816,9.03604319099244,NORMAL
09:48:05,,,step_30,구리_전해도금,IDLE,0.2258966171450994,1.279942417124134,0.4878290448555816,9.03604319099244,NORMAL
09:48:10,,,step_30,구리_전해도금,IDLE,0.2258966171450994,1.279942417124134,0.4878290448555816,9.03604319099244,NORMAL
09:48:15,,,step_30,구리_전해도금,IDLE,0.2258966171450994,1.279942417124134,0.4878290448555816,9.03604319099244,NORMAL
09:48:20,,,step_30,구리_전해도금,IDLE,0.2258966171450994,1.279942417124134,0.4878290448555816,9.03604319099244,NORMAL
09:48:25,,,step_30,구리_전해도금,IDLE,0.2258966171450994,1.279942417124134,0.4878290448555816,9.03604319099244,NORMAL
09:48:30,,,step_30,구리_전해도금,IDLE,0.2258966171450994,1.279942417124134,0.4878290448555816,9.03604319099244,NORMAL
09:48:35,,,step_30,구리_전해도금,IDLE,0.2258966171450994,1.279942417124134,0.4878290448555816,9.03604319099244,NORMAL
09:48:40,,,step_30,구리_전해도금,IDLE,0.2258966171450994,1.279942417124134,0.4878290448555816,9.03604319099244,NORMAL
09:48:45,,,step_30,구리_전해도금,IDLE,0.2258966171450994,1.279942417124134,0.4878290448555816,9.03604319099244,NORMAL
09:48:50,,,step_30,구리_전해도금,IDLE,0.2258966171450994,1.279942417124134,0.4878290448555816,9.03604319099244,NORMAL
09:48:55,,,step_30,구리_전해도금,IDLE,0.2258966171450994,1.279942417124134,0.4878290448555816,9.03604319099244,NORMAL
09:49:00,,,step_30,구리_전해도금,IDLE,0.2258966171450994,1.279942417124134,0.4878290448555816,9.03604319099244,NORMAL
09:49:05,,,step_30,구리_전해도금,IDLE,0.2258966171450994,1.279942417124134,0.4878290448555816,9.03604319099244,NORMAL
09:49:10,,,step_30,구리_전해도금,IDLE,0.2258966171450994,1.279942417124134,0.4878290448555816,9.03604319099244,NORMAL
09:49:15,,,step_30,구리_전해도금,IDLE,0.2258966171450994,1.279942417124134,0.4878290448555816,9.03604319099244,NORMAL
09:49:20,,,step_30,구리_전해도금,IDLE,0.2258966171450994,1.279942417124134,0.4878290448555816,9.03604319099244,NORMAL
09:49:25,,,step_30,구리_전해도금,IDLE,0.2258966171450994,1.279942417124134,0.4878290448555816,9.03604319099244,NORMAL
09:49:30,,,step_30,구리_전해도금,IDLE,0.2258966171450994,1.279942417124134,0.4878290448555816,9.03604319099244,NORMAL
09:49:35,,,step_30,구리_전해도금,IDLE,0.2258966171450994,1.279942417124134,0.4878290448555816,9.03604319099244,NORMAL
09:49:40,,,step_30,구리_전해도금,IDLE,0.2258966171450994,1.279942417124134,0.4878290448555816,9.03604319099244,NORMAL
09:49:45,,,step_30,구리_전해도금,IDLE,0.2258966171450994,1.279942417124134,0.4878290448555816,9.03604319099244,NORMAL
09:49:50,,,step_30,구리_전해도금,IDLE,0.2258966171450994,1.279942417124134,0.4878290448555816,9.03604319099244,NORMAL
09:49:55,,,step_30,구리_전해도금,IDLE,0.2258966171450994,1.279942417124134,0.4878290448555816,9.03604319099244,NORMAL
09:50:00,,,step_30,구리_전해도금,IDLE,0.2258966171450994,1.279942417124134,0.4878290448555816,9.03604319099244,NORMAL
09:50:05,,,step_30,구리_전해도금,IDLE,0.2258966171450994,1.279942417124134,0.4878290448555816,9.03604319099244,NORMAL
09:50:10,,,step_30,구리_전해도금,IDLE,0.2258966171450994,1.279942417124134,0.4878290448555816,9.03604319099244,NORMAL
09:50:15,,,step_30,구리_전해도금,IDLE,0.2258966171450994,1.279942417124134,0.4878290448555816,9.03604319099244,NORMAL
09:50:20,,,step_30,구리_전해도금,IDLE,0.2258966171450994,1.279942417124134,0.4878290448555816,9.03604319099244,NORMAL
09:50:25,,,step_30,구리_전해도금,IDLE,0.2258966171450994,1.279942417124134,0.4878290448555816,9.03604319099244,NORMAL
09:50:30,,,step_30,구리_전해도금,IDLE,0.2258966171450994,1.279942417124134,0.4878290448555816,9.03604319099244,NORMAL
09:50:35,,,step_30,구리_전해도금,IDLE,0.2258966171450994,1.279942417124134,0.4878290448555816,9.03604319099244,NORMAL
09:50:40,,,step_30,구리_전해도금,IDLE,0.2258966171450994,1.279942417124134,0.4878290448555816,9.03604319099244,NORMAL
09:50:45,,,step_30,구리_전해도금,IDLE,0.2258966171450994,1.279942417124134,0.4878290448555816,9.03604319099244,NORMAL
09:50:50,,,step_30,구리_전해도금,IDLE,0.2258966171450994,1.279942417124134,0.4878290448555816,9.03604319099244,NORMAL
09:50:55,,,step_30,구리_전해도금,IDLE,0.2258966171450994,1.279942417124134,0.4878290448555816,9.03604319099244,NORMAL
09:51:00,,,step_30,구리_전해도금,IDLE,0.2258966171450994,1.279942417124134,0.4878290448555816,9.03604319099244,NORMAL
09:51:05,,,step_30,구리_전해도금,IDLE,0.2258966171450994,1.279942417124134,0.4878290448555816,9.03604319099244,NORMAL
09:51:10,,,step_30,구리_전해도금,IDLE,0.2258966171450994,1.279942417124134,0.4878290448555816,9.03604319099244,NORMAL
09:51:15,,,step_30,구리_전해도금,IDLE,0.2258966171450994,1.279942417124134,0.4878290448555816,9.03604319099244,NORMAL
09:51:20,,,step_30,구리_전해도금,IDLE,0.2258966171450994,1.279942417124134,0.4878290448555816,9.03604319099244,NORMAL
09:51:25,,,step_30,구리_전해도금,IDLE,0.2258966171450994,1.279942417124134,0.4878290448555816,9.03604319099244,NORMAL
09:51:30,,,step_30,구리_전해도금,IDLE,0.2258966171450994,1.279942417124134,0.4878290448555816,9.03604319099244,NORMAL
09:51:35,,,step_30,구리_전해도금,IDLE,0.2258966171450994,1.279942417124134,0.4878290448555816,9.03604319099244,NORMAL
09:51:40,,,step_30,구리_전해도금,IDLE,0.2258966171450994,1.279942417124134,0.4878290448555816,9.03604319099244,NORMAL
09:51:45,,,step_30,구리_전해도금,IDLE,0.2258966171450994,1.279942417124134,0.4878290448555816,9.03604319099244,NORMAL
09:51:50,,,step_30,구리_전해도금,IDLE,0.2258966171450994,1.279942417124134,0.4878290448555816,9.03604319099244,NORMAL
09:51:55,,,step_30,구리_전해도금,IDLE,0.2258966171450994,1.279942417124134,0.4878290448555816,9.03604319099244,NORMAL
09:52:00,,,step_30,구리_전해도금,IDLE,0.2258966171450994,1.279942417124134,0.4878290448555816,9.03604319099244,NORMAL
09:52:05,,,step_30,구리_전해도금,IDLE,0.2258966171450994,1.279942417124134,0.4878290448555816,9.03604319099244,NORMAL
09:52:10,,,step_30,구리_전해도금,IDLE,0.2258966171450994,1.279942417124134,0.4878290448555816,9.03604319099244,NORMAL
09:52:15,,,step_30,구리_전해도금,IDLE,0.2258966171450994,1.279942417124134,0.4878290448555816,9.03604319099244,NORMAL
09:52:20,,,step_30,구리_전해도금,IDLE,0.2258966171450994,1.279942417124134,0.4878290448555816,9.03604319099244,NORMAL
09:52:25,,,step_30,구리_전해도금,IDLE,0.2258966171450994,1.279942417124134,0.4878290448555816,9.03604319099244,NORMAL
09:52:30,,,step_30,구리_전해도금,IDLE,0.2258966171450994,1.279942417124134,0.4878290448555816,9.03604319099244,NORMAL
09:52:35,,,step_30,구리_전해도금,IDLE,0.2258966171450994,1.279942417124134,0.4878290448555816,9.03604319099244,NORMAL
09:52:40,,,step_30,구리_전해도금,IDLE,0.2258966171450994,1.279942417124134,0.4878290448555816,9.03604319099244,NORMAL
09:52:45,,,step_30,구리_전해도금,IDLE,0.2258966171450994,1.279942417124134,0.4878290448555816,9.03604319099244,NORMAL
09:52:50,,,step_30,구리_전해도금,IDLE,0.2258966171450994,1.279942417124134,0.4878290448555816,9.03604319099244,NORMAL
09:52:55,,,step_30,구리_전해도금,IDLE,0.2258966171450994,1.279942417124134,0.4878290448555816,9.03604319099244,NORMAL
09:53:00,,,step_30,구리_전해도금,IDLE,0.2258966171450994,1.279942417124134,0.4878290448555816,9.03604319099244,NORMAL
09:53:05,,,step_30,구리_전해도금,IDLE,0.2258966171450994,1.279942417124134,0.4878290448555816,9.03604319099244,NORMAL
09:53:10,,,step_30,구리_전해도금,IDLE,0.2258966171450994,1.279942417124134,0.4878290448555816,9.03604319099244,NORMAL
09:53:15,,,step_30,구리_전해도금,IDLE,0.2258966171450994,1.279942417124134,0.4878290448555816,9.03604319099244,NORMAL
09:53:20,,,step_30,구리_전해도금,IDLE,0.2258966171450994,1.279942417124134,0.4878290448555816,9.03604319099244,NORMAL
09:53:25,,,step_30,구리_전해도금,IDLE,0.2258966171450994,1.279942417124134,0.4878290448555816,9.03604319099244,NORMAL
09:53:30,,,step_30,구리_전해도금,IDLE,0.2258966171450994,1.279942417124134,0.4878290448555816,9.03604319099244,NORMAL
09:53:35,,,step_30,구리_전해도금,IDLE,0.2258966171450994,1.279942417124134,0.4878290448555816,9.03604319099244,NORMAL
09:53:40,,,step_30,구리_전해도금,IDLE,0.2258966171450994,1.279942417124134,0.4878290448555816,9.03604319099244,NORMAL
09:53:45,,,step_30,구리_전해도금,IDLE,0.2258966171450994,1.279942417124134,0.4878290448555816,9.03604319099244,NORMAL
09:53:50,,,step_30,구리_전해도금,IDLE,0.2258966171450994,1.279942417124134,0.4878290448555816,9.03604319099244,NORMAL
09:53:55,,,step_30,구리_전해도금,IDLE,0.2258966171450994,1.279942417124134,0.4878290448555816,9.03604319099244,NORMAL
09:54:00,,,step_30,구리_전해도금,IDLE,0.2258966171450994,1.279942417124134,0.4878290448555816,9.03604319099244,NORMAL
09:54:05,,,step_30,구리_전해도금,IDLE,0.2258966171450994,1.279942417124134,0.4878290448555816,9.03604319099244,NORMAL
09:54:10,,,step_30,구리_전해도금,IDLE,0.2258966171450994,1.279942417124134,0.4878290448555816,9.03604319099244,NORMAL
09:54:15,,,step_30,구리_전해도금,IDLE,0.2258966171450994,1.279942417124134,0.4878290448555816,9.03604319099244,NORMAL
09:54:20,,,step_30,구리_전해도금,IDLE,0.2258966171450994,1.279942417124134,0.4878290448555816,9.03604319099244,NORMAL
09:54:25,,,step_30,구리_전해도금,IDLE,0.2258966171450994,1.279942417124134,0.4878290448555816,9.03604319099244,NORMAL
09:54:30,,,step_30,구리_전해도금,IDLE,0.2258966171450994,1.279942417124134,0.4878290448555816,9.03604319099244,NORMAL
09:54:35,,,step_30,구리_전해도금,IDLE,0.2258966171450994,1.279942417124134,0.4878290448555816,9.03604319099244,NORMAL
09:54:40,,,step_30,구리_전해도금,IDLE,0.2258966171450994,1.279942417124134,0.4878290448555816,9.03604319099244,NORMAL
09:54:45,,,step_30,구리_전해도금,IDLE,0.2258966171450994,1.279942417124134,0.4878290448555816,9.03604319099244,NORMAL
09:54:50,,,step_30,구리_전해도금,IDLE,0.2258966171450994,1.279942417124134,0.4878290448555816,9.03604319099244,NORMAL
09:54:55,,,step_30,구리_전해도금,IDLE,0.2258966171450994,1.279942417124134,0.4878290448555816,9.03604319099244,NORMAL
09:55:00,,,step_30,구리_전해도금,IDLE,0.2258966171450994,1.279942417124134,0.4878290448555816,9.03604319099244,NORMAL
09:55:05,,,step_30,구리_전해도금,IDLE,0.2258966171450994,1.279942417124134,0.4878290448555816,9.03604319099244,NORMAL
09:55:10,,,step_30,구리_전해도금,IDLE,0.2258966171450994,1.279942417124134,0.4878290448555816,9.03604319099244,NORMAL
09:55:15,,,step_30,구리_전해도금,IDLE,0.2258966171450994,1.279942417124134,0.4878290448555816,9.03604319099244,NORMAL
09:55:20,,,step_30,구리_전해도금,IDLE,0.2258966171450994,1.279942417124134,0.4878290448555816,9.03604319099244,NORMAL
09:55:25,,,step_30,구리_전해도금,IDLE,0.2258966171450994,1.279942417124134,0.4878290448555816,9.03604319099244,NORMAL
09:55:30,,,step_30,구리_전해도금,IDLE,0.2258966171450994,1.279942417124134,0.4878290448555816,9.03604319099244,NORMAL
09:55:35,,,step_30,구리_전해도금,IDLE,0.2258966171450994,1.279942417124134,0.4878290448555816,9.03604319099244,NORMAL
09:55:40,,,step_30,구리_전해도금,IDLE,0.2258966171450994,1.279942417124134,0.4878290448555816,9.03604319099244,NORMAL
09:55:45,,,step_30,구리_전해도금,IDLE,0.2258966171450994,1.279942417124134,0.4878290448555816,9.03604319099244,NORMAL
09:55:50,,,step_30,구리_전해도금,IDLE,0.2258966171450994,1.279942417124134,0.4878290448555816,9.03604319099244,NORMAL
09:55:55,,,step_30,구리_전해도금,IDLE,0.2258966171450994,1.279942417124134,0.4878290448555816,9.03604319099244,NORMAL
09:56:00,,,step_30,구리_전해도금,IDLE,0.2258966171450994,1.279942417124134,0.4878290448555816,9.03604319099244,NORMAL
09:56:05,,,step_30,구리_전해도금,IDLE,0.2258966171450994,1.279942417124134,0.4878290448555816,9.03604319099244,NORMAL
09:56:10,,,step_30,구리_전해도금,IDLE,0.2258966171450994,1.279942417124134,0.4878290448555816,9.03604319099244,NORMAL
09:56:15,,,step_30,구리_전해도금,IDLE,0.2258966171450994,1.279942417124134,0.4878290448555816,9.03604319099244,NORMAL
09:56:20,,,step_30,구리_전해도금,IDLE,0.2258966171450994,1.279942417124134,0.4878290448555816,9.03604319099244,NORMAL
09:56:25,,,step_30,구리_전해도금,IDLE,0.2258966171450994,1.279942417124134,0.4878290448555816,9.03604319099244,NORMAL
09:56:30,,,step_30,구리_전해도금,IDLE,0.2258966171450994,1.279942417124134,0.4878290448555816,9.03604319099244,NORMAL
09:56:35,,,step_30,구리_전해도금,IDLE,0.2258966171450994,1.279942417124134,0.4878290448555816,9.03604319099244,NORMAL
09:56:40,,,step_30,구리_전해도금,IDLE,0.2258966171450994,1.279942417124134,0.4878290448555816,9.03604319099244,NORMAL
09:56:45,,,step_30,구리_전해도금,IDLE,0.2258966171450994,1.279942417124134,0.4878290448555816,9.03604319099244,NORMAL
09:56:50,,,step_30,구리_전해도금,IDLE,0.2258966171450994,1.279942417124134,0.4878290448555816,9.03604319099244,NORMAL
09:56:55,,,step_30,구리_전해도금,IDLE,0.2258966171450994,1.279942417124134,0.4878290448555816,9.03604319099244,NORMAL
09:57:00,,,step_30,구리_전해도금,IDLE,0.2258966171450994,1.279942417124134,0.4878290448555816,9.03604319099244,NORMAL
09:57:05,,,step_30,구리_전해도금,IDLE,0.2258966171450994,1.279942417124134,0.4878290448555816,9.03604319099244,NORMAL
09:57:10,,,step_30,구리_전해도금,IDLE,0.2258966171450994,1.279942417124134,0.4878290448555816,9.03604319099244,NORMAL
09:57:15,,,step_30,구리_전해도금,IDLE,0.2258966171450994,1.279942417124134,0.4878290448555816,9.03604319099244,NORMAL
09:57:20,,,step_30,구리_전해도금,IDLE,0.2258966171450994,1.279942417124134,0.4878290448555816,9.03604319099244,NORMAL
09:57:25,,,step_30,구리_전해도금,IDLE,0.2258966171450994,1.279942417124134,0.4878290448555816,9.03604319099244,NORMAL
09:57:30,,,step_30,구리_전해도금,IDLE,0.2258966171450994,1.279942417124134,0.4878290448555816,9.03604319099244,NORMAL
09:57:35,,,step_30,구리_전해도금,IDLE,0.2258966171450994,1.279942417124134,0.4878290448555816,9.03604319099244,NORMAL
09:57:40,,,step_30,구리_전해도금,IDLE,0.2258966171450994,1.279942417124134,0.4878290448555816,9.03604319099244,NORMAL
09:57:45,,,step_30,구리_전해도금,IDLE,0.2258966171450994,1.279942417124134,0.4878290448555816,9.03604319099244,NORMAL
09:57:50,,,step_30,구리_전해도금,IDLE,0.2258966171450994,1.279942417124134,0.4878290448555816,9.03604319099244,NORMAL
09:57:55,,,step_30,구리_전해도금,IDLE,0.2258966171450994,1.279942417124134,0.4878290448555816,9.03604319099244,NORMAL
09:58:00,,,step_30,구리_전해도금,IDLE,0.2258966171450994,1.279942417124134,0.4878290448555816,9.03604319099244,NORMAL
09:58:05,,,step_30,구리_전해도금,IDLE,0.2258966171450994,1.279942417124134,0.4878290448555816,9.03604319099244,NORMAL
09:58:10,,,step_30,구리_전해도금,IDLE,0.2258966171450994,1.279942417124134,0.4878290448555816,9.03604319099244,NORMAL
09:58:15,,,step_30,구리_전해도금,IDLE,0.2258966171450994,1.279942417124134,0.4878290448555816,9.03604319099244,NORMAL
09:58:20,,,step_30,구리_전해도금,IDLE,0.2258966171450994,1.279942417124134,0.4878290448555816,9.03604319099244,NORMAL
09:58:25,,,step_30,구리_전해도금,IDLE,0.2258966171450994,1.279942417124134,0.4878290448555816,9.03604319099244,NORMAL
09:58:30,,,step_30,구리_전해도금,IDLE,0.2258966171450994,1.279942417124134,0.4878290448555816,9.03604319099244,NORMAL
09:58:35,,,step_30,구리_전해도금,IDLE,0.2258966171450994,1.279942417124134,0.4878290448555816,9.03604319099244,NORMAL
09:58:40,,,step_30,구리_전해도금,IDLE,0.2258966171450994,1.279942417124134,0.4878290448555816,9.03604319099244,NORMAL
09:58:45,,,step_30,구리_전해도금,IDLE,0.2258966171450994,1.279942417124134,0.4878290448555816,9.03604319099244,NORMAL
09:58:50,,,step_30,구리_전해도금,IDLE,0.2258966171450994,1.279942417124134,0.4878290448555816,9.03604319099244,NORMAL
09:58:55,,,step_30,구리_전해도금,IDLE,0.2258966171450994,1.279942417124134,0.4878290448555816,9.03604319099244,NORMAL
09:59:00,,,step_30,구리_전해도금,IDLE,0.2258966171450994,1.279942417124134,0.4878290448555816,9.03604319099244,NORMAL
09:59:05,,,step_30,구리_전해도금,IDLE,0.2258966171450994,1.279942417124134,0.4878290448555816,9.03604319099244,NORMAL
09:59:10,,,step_30,구리_전해도금,IDLE,0.2258966171450994,1.279942417124134,0.4878290448555816,9.03604319099244,NORMAL
09:59:15,,,step_30,구리_전해도금,IDLE,0.2258966171450994,1.279942417124134,0.4878290448555816,9.03604319099244,NORMAL
09:59:20,,,step_30,구리_전해도금,IDLE,0.2258966171450994,1.279942417124134,0.4878290448555816,9.03604319099244,NORMAL
09:59:25,,,step_30,구리_전해도금,IDLE,0.2258966171450994,1.279942417124134,0.4878290448555816,9.03604319099244,NORMAL
09:59:30,,,step_30,구리_전해도금,IDLE,0.2258966171450994,1.279942417124134,0.4878290448555816,9.03604319099244,NORMAL
09:59:35,,,step_30,구리_전해도금,IDLE,0.2258966171450994,1.279942417124134,0.4878290448555816,9.03604319099244,NORMAL
09:59:40,,,step_30,구리_전해도금,IDLE,0.2258966171450994,1.279942417124134,0.4878290448555816,9.03604319099244,NORMAL
09:59:45,,,step_30,구리_전해도금,IDLE,0.2258966171450994,1.279942417124134,0.4878290448555816,9.03604319099244,NORMAL
09:59:50,,,step_30,구리_전해도금,IDLE,0.2258966171450994,1.279942417124134,0.4878290448555816,9.03604319099244,NORMAL
09:59:55,,,step_30,구리_전해도금,IDLE,0.2258966171450994,1.279942417124134,0.4878290448555816,9.03604319099244,NORMAL
10:00:00,,,step_30,구리_전해도금,IDLE,0.2258966171450994,1.279942417124134,0.4878290448555816,9.03604319099244,NORMAL
10:00:05,,,step_30,구리_전해도금,IDLE,0.2258966171450994,1.279942417124134,0.4878290448555816,9.03604319099244,NORMAL
10:00:10,,,step_30,구리_전해도금,IDLE,0.2258966171450994,1.279942417124134,0.4878290448555816,9.03604319099244,NORMAL
10:00:15,,,step_30,구리_전해도금,IDLE,0.2258966171450994,1.279942417124134,0.4878290448555816,9.03604319099244,NORMAL
10:00:20,,,step_30,구리_전해도금,IDLE,0.2258966171450994,1.279942417124134,0.4878290448555816,9.03604319099244,NORMAL
10:00:25,,,step_30,구리_전해도금,IDLE,0.2258966171450994,1.279942417124134,0.4878290448555816,9.03604319099244,NORMAL
10:00:30,,,step_30,구리_전해도금,IDLE,0.2258966171450994,1.279942417124134,0.4878290448555816,9.03604319099244,NORMAL
10:00:35,,,step_30,구리_전해도금,IDLE,0.2258966171450994,1.279942417124134,0.4878290448555816,9.03604319099244,NORMAL
10:00:40,,,step_30,구리_전해도금,IDLE,0.2258966171450994,1.279942417124134,0.4878290448555816,9.03604319099244,NORMAL
10:00:45,,,step_30,구리_전해도금,IDLE,0.2258966171450994,1.279942417124134,0.4878290448555816,9.03604319099244,NORMAL
10:00:50,,,step_30,구리_전해도금,IDLE,0.2258966171450994,1.279942417124134,0.4878290448555816,9.03604319099244,NORMAL
10:00:55,,,step_30,구리_전해도금,IDLE,0.2258966171450994,1.279942417124134,0.4878290448555816,9.03604319099244,NORMAL
10:01:00,,,step_30,구리_전해도금,IDLE,0.2258966171450994,1.279942417124134,0.4878290448555816,9.03604319099244,NORMAL
10:01:05,,,step_30,구리_전해도금,IDLE,0.2258966171450994,1.279942417124134,0.4878290448555816,9.03604319099244,NORMAL
10:01:10,,,step_30,구리_전해도금,IDLE,0.2258966171450994,1.279942417124134,0.4878290448555816,9.03604319099244,NORMAL
10:01:15,,,step_30,구리_전해도금,IDLE,0.2258966171450994,1.279942417124134,0.4878290448555816,9.03604319099244,NORMAL
10:01:20,,,step_30,구리_전해도금,IDLE,0.2258966171450994,1.279942417124134,0.4878290448555816,9.03604319099244,NORMAL
10:01:25,,,step_30,구리_전해도금,IDLE,0.2258966171450994,1.279942417124134,0.4878290448555816,9.03604319099244,NORMAL
10:01:30,,,step_30,구리_전해도금,IDLE,0.2258966171450994,1.279942417124134,0.4878290448555816,9.03604319099244,NORMAL
10:01:35,,,step_30,구리_전해도금,IDLE,0.2258966171450994,1.279942417124134,0.4878290448555816,9.03604319099244,NORMAL
10:01:40,,,step_30,구리_전해도금,IDLE,0.2258966171450994,1.279942417124134,0.4878290448555816,9.03604319099244,NORMAL
10:01:45,,,step_30,구리_전해도금,IDLE,0.2258966171450994,1.279942417124134,0.4878290448555816,9.03604319099244,NORMAL
10:01:50,,,step_30,구리_전해도금,IDLE,0.2258966171450994,1.279942417124134,0.4878290448555816,9.03604319099244,NORMAL
10:01:55,,,step_30,구리_전해도금,IDLE,0.2258966171450994,1.279942417124134,0.4878290448555816,9.03604319099244,NORMAL
10:02:00,,,step_30,구리_전해도금,IDLE,0.2258966171450994,1.279942417124134,0.4878290448555816,9.03604319099244,NORMAL
10:02:05,,,step_30,구리_전해도금,IDLE,0.2258966171450994,1.279942417124134,0.4878290448555816,9.03604319099244,NORMAL
10:02:10,,,step_30,구리_전해도금,IDLE,0.2258966171450994,1.279942417124134,0.4878290448555816,9.03604319099244,NORMAL
10:02:15,,,step_30,구리_전해도금,IDLE,0.2258966171450994,1.279942417124134,0.4878290448555816,9.03604319099244,NORMAL
10:02:20,,,step_30,구리_전해도금,IDLE,0.2258966171450994,1.279942417124134,0.4878290448555816,9.03604319099244,NORMAL
10:02:25,,,step_30,구리_전해도금,IDLE,0.2258966171450994,1.279942417124134,0.4878290448555816,9.03604319099244,NORMAL
10:02:30,,,step_30,구리_전해도금,IDLE,0.2258966171450994,1.279942417124134,0.4878290448555816,9.03604319099244,NORMAL
10:02:35,,,step_30,구리_전해도금,IDLE,0.2258966171450994,1.279942417124134,0.4878290448555816,9.03604319099244,NORMAL
10:02:40,,,step_30,구리_전해도금,IDLE,0.2258966171450994,1.279942417124134,0.4878290448555816,9.03604319099244,NORMAL
10:02:45,,,step_30,구리_전해도금,IDLE,0.2258966171450994,1.279942417124134,0.4878290448555816,9.03604319099244,NORMAL
10:02:50,,,step_30,구리_전해도금,IDLE,0.2258966171450994,1.279942417124134,0.4878290448555816,9.03604319099244,NORMAL
10:02:55,,,step_30,구리_전해도금,IDLE,0.2258966171450994,1.279942417124134,0.4878290448555816,9.03604319099244,NORMAL
10:03:00,,,step_30,구리_전해도금,IDLE,0.2258966171450994,1.279942417124134,0.4878290448555816,9.03604319099244,NORMAL
10:03:05,,,step_30,구리_전해도금,IDLE,0.2258966171450994,1.279942417124134,0.4878290448555816,9.03604319099244,NORMAL
10:03:10,,,step_30,구리_전해도금,IDLE,0.2258966171450994,1.279942417124134,0.4878290448555816,9.03604319099244,NORMAL
10:03:15,,,step_30,구리_전해도금,IDLE,0.2258966171450994,1.279942417124134,0.4878290448555816,9.03604319099244,NORMAL
10:03:20,,,step_30,구리_전해도금,IDLE,0.2258966171450994,1.279942417124134,0.4878290448555816,9.03604319099244,NORMAL
10:03:25,,,step_30,구리_전해도금,IDLE,0.2258966171450994,1.279942417124134,0.4878290448555816,9.03604319099244,NORMAL
10:03:30,,,step_30,구리_전해도금,IDLE,0.2258966171450994,1.279942417124134,0.4878290448555816,9.03604319099244,NORMAL
10:03:35,,,step_30,구리_전해도금,IDLE,0.2258966171450994,1.279942417124134,0.4878290448555816,9.03604319099244,NORMAL
10:03:40,,,step_30,구리_전해도금,IDLE,0.2258966171450994,1.279942417124134,0.4878290448555816,9.03604319099244,NORMAL
10:03:45,,,step_30,구리_전해도금,IDLE,0.2258966171450994,1.279942417124134,0.4878290448555816,9.03604319099244,NORMAL
10:03:50,,,step_30,구리_전해도금,IDLE,0.2258966171450994,1.279942417124134,0.4878290448555816,9.03604319099244,NORMAL
10:03:55,,,step_30,구리_전해도금,IDLE,0.2258966171450994,1.279942417124134,0.4878290448555816,9.03604319099244,NORMAL
10:04:00,,,step_30,구리_전해도금,IDLE,0.2258966171450994,1.279942417124134,0.4878290448555816,9.03604319099244,NORMAL
10:04:05,,,step_30,구리_전해도금,IDLE,0.2258966171450994,1.279942417124134,0.4878290448555816,9.03604319099244,NORMAL
10:04:10,,,step_30,구리_전해도금,IDLE,0.2258966171450994,1.279942417124134,0.4878290448555816,9.03604319099244,NORMAL
10:04:15,,,step_30,구리_전해도금,IDLE,0.2258966171450994,1.279942417124134,0.4878290448555816,9.03604319099244,NORMAL
10:04:20,,,step_30,구리_전해도금,IDLE,0.2258966171450994,1.279942417124134,0.4878290448555816,9.03604319099244,NORMAL
10:04:25,,,step_30,구리_전해도금,IDLE,0.2258966171450994,1.279942417124134,0.4878290448555816,9.03604319099244,NORMAL
10:04:30,,,step_30,구리_전해도금,IDLE,0.2258966171450994,1.279942417124134,0.4878290448555816,9.03604319099244,NORMAL
10:04:35,,,step_30,구리_전해도금,IDLE,0.2258966171450994,1.279942417124134,0.4878290448555816,9.03604319099244,NORMAL
10:04:40,,,step_30,구리_전해도금,IDLE,0.2258966171450994,1.279942417124134,0.4878290448555816,9.03604319099244,NORMAL
10:04:45,,,step_30,구리_전해도금,IDLE,0.2258966171450994,1.279942417124134,0.4878290448555816,9.03604319099244,NORMAL
10:04:50,,,step_30,구리_전해도금,IDLE,0.2258966171450994,1.279942417124134,0.4878290448555816,9.03604319099244,NORMAL
10:04:55,,,step_30,구리_전해도금,IDLE,0.2258966171450994,1.279942417124134,0.4878290448555816,9.03604319099244,NORMAL
10:05:00,,,step_30,구리_전해도금,IDLE,0.2258966171450994,1.279942417124134,0.4878290448555816,9.03604319099244,NORMAL
10:05:05,,,step_30,구리_전해도금,IDLE,0.2258966171450994,1.279942417124134,0.4878290448555816,9.03604319099244,NORMAL
10:05:10,,,step_30,구리_전해도금,IDLE,0.2258966171450994,1.279942417124134,0.4878290448555816,9.03604319099244,NORMAL
10:05:15,,,step_30,구리_전해도금,IDLE,0.2258966171450994,1.279942417124134,0.4878290448555816,9.03604319099244,NORMAL
10:05:20,,,step_30,구리_전해도금,IDLE,0.2258966171450994,1.279942417124134,0.4878290448555816,9.03604319099244,NORMAL
10:05:25,,,step_30,구리_전해도금,IDLE,0.2258966171450994,1.279942417124134,0.4878290448555816,9.03604319099244,NORMAL
10:05:30,,,step_30,구리_전해도금,IDLE,0.2258966171450994,1.279942417124134,0.4878290448555816,9.03604319099244,NORMAL
10:05:35,,,step_30,구리_전해도금,IDLE,0.2258966171450994,1.279942417124134,0.4878290448555816,9.03604319099244,NORMAL
10:05:40,,,step_30,구리_전해도금,IDLE,0.2258966171450994,1.279942417124134,0.4878290448555816,9.03604319099244,NORMAL
10:05:45,,,step_30,구리_전해도금,IDLE,0.2258966171450994,1.279942417124134,0.4878290448555816,9.03604319099244,NORMAL
10:05:50,,,step_30,구리_전해도금,IDLE,0.2258966171450994,1.279942417124134,0.4878290448555816,9.03604319099244,NORMAL
10:05:55,,,step_30,구리_전해도금,IDLE,0.2258966171450994,1.279942417124134,0.4878290448555816,9.03604319099244,NORMAL
10:06:00,,,step_30,구리_전해도금,IDLE,0.2258966171450994,1.279942417124134,0.4878290448555816,9.03604319099244,NORMAL
10:06:05,,,step_30,구리_전해도금,IDLE,0.2258966171450994,1.279942417124134,0.4878290448555816,9.03604319099244,NORMAL
10:06:10,,,step_30,구리_전해도금,IDLE,0.2258966171450994,1.279942417124134,0.4878290448555816,9.03604319099244,NORMAL
10:06:15,,,step_30,구리_전해도금,IDLE,0.2258966171450994,1.279942417124134,0.4878290448555816,9.03604319099244,NORMAL
10:06:20,,,step_30,구리_전해도금,IDLE,0.2258966171450994,1.279942417124134,0.4878290448555816,9.03604319099244,NORMAL
10:06:25,,,step_30,구리_전해도금,IDLE,0.2258966171450994,1.279942417124134,0.4878290448555816,9.03604319099244,NORMAL
10:06:30,,,step_30,구리_전해도금,IDLE,0.2258966171450994,1.279942417124134,0.4878290448555816,9.03604319099244,NORMAL
10:06:35,,,step_30,구리_전해도금,IDLE,0.2258966171450994,1.279942417124134,0.4878290448555816,9.03604319099244,NORMAL
10:06:40,,,step_30,구리_전해도금,IDLE,0.2258966171450994,1.279942417124134,0.4878290448555816,9.03604319099244,NORMAL
10:06:45,,,step_30,구리_전해도금,IDLE,0.2258966171450994,1.279942417124134,0.4878290448555816,9.03604319099244,NORMAL
10:06:50,,,step_30,구리_전해도금,IDLE,0.2258966171450994,1.279942417124134,0.4878290448555816,9.03604319099244,NORMAL
10:06:55,,,step_30,구리_전해도금,IDLE,0.2258966171450994,1.279942417124134,0.4878290448555816,9.03604319099244,NORMAL
10:07:00,,,step_30,구리_전해도금,IDLE,0.2258966171450994,1.279942417124134,0.4878290448555816,9.03604319099244,NORMAL
10:07:05,,,step_30,구리_전해도금,IDLE,0.2258966171450994,1.279942417124134,0.4878290448555816,9.03604319099244,NORMAL
10:07:10,,,step_30,구리_전해도금,IDLE,0.2258966171450994,1.279942417124134,0.4878290448555816,9.03604319099244,NORMAL
10:07:15,,,step_30,구리_전해도금,IDLE,0.2258966171450994,1.279942417124134,0.4878290448555816,9.03604319099244,NORMAL
10:07:20,,,step_30,구리_전해도금,IDLE,0.2258966171450994,1.279942417124134,0.4878290448555816,9.03604319099244,NORMAL
10:07:25,,,step_30,구리_전해도금,IDLE,0.2258966171450994,1.279942417124134,0.4878290448555816,9.03604319099244,NORMAL
10:07:30,,,step_30,구리_전해도금,IDLE,0.2258966171450994,1.279942417124134,0.4878290448555816,9.03604319099244,NORMAL
10:07:35,,,step_30,구리_전해도금,IDLE,0.2258966171450994,1.279942417124134,0.4878290448555816,9.03604319099244,NORMAL
10:07:40,,,step_30,구리_전해도금,IDLE,0.2258966171450994,1.279942417124134,0.4878290448555816,9.03604319099244,NORMAL
10:07:45,,,step_30,구리_전해도금,IDLE,0.2258966171450994,1.279942417124134,0.4878290448555816,9.03604319099244,NORMAL
10:07:50,,,step_30,구리_전해도금,IDLE,0.2258966171450994,1.279942417124134,0.4878290448555816,9.03604319099244,NORMAL
10:07:55,,,step_30,구리_전해도금,IDLE,0.2258966171450994,1.279942417124134,0.4878290448555816,9.03604319099244,NORMAL
10:08:00,,,step_30,구리_전해도금,IDLE,0.2258966171450994,1.279942417124134,0.4878290448555816,9.03604319099244,NORMAL
10:08:05,,,step_30,구리_전해도금,IDLE,0.2258966171450994,1.279942417124134,0.4878290448555816,9.03604319099244,NORMAL
10:08:10,,,step_30,구리_전해도금,IDLE,0.2258966171450994,1.279942417124134,0.4878290448555816,9.03604319099244,NORMAL
10:08:15,,,step_30,구리_전해도금,IDLE,0.2258966171450994,1.279942417124134,0.4878290448555816,9.03604319099244,NORMAL
10:08:20,,,step_30,구리_전해도금,IDLE,0.2258966171450994,1.279942417124134,0.4878290448555816,9.03604319099244,NORMAL
10:08:25,,,step_30,구리_전해도금,IDLE,0.2258966171450994,1.279942417124134,0.4878290448555816,9.03604319099244,NORMAL
10:08:30,,,step_30,구리_전해도금,IDLE,0.2258966171450994,1.279942417124134,0.4878290448555816,9.03604319099244,NORMAL
10:08:35,,,step_30,구리_전해도금,IDLE,0.2258966171450994,1.279942417124134,0.4878290448555816,9.03604319099244,NORMAL
10:08:40,,,step_30,구리_전해도금,IDLE,0.2258966171450994,1.279942417124134,0.4878290448555816,9.03604319099244,NORMAL
10:08:45,,,step_30,구리_전해도금,IDLE,0.2258966171450994,1.279942417124134,0.4878290448555816,9.03604319099244,NORMAL
10:08:50,,,step_30,구리_전해도금,IDLE,0.2258966171450994,1.279942417124134,0.4878290448555816,9.03604319099244,NORMAL
10:08:55,,,step_30,구리_전해도금,IDLE,0.2258966171450994,1.279942417124134,0.4878290448555816,9.03604319099244,NORMAL
10:09:00,,,step_30,구리_전해도금,IDLE,0.2258966171450994,1.279942417124134,0.4878290448555816,9.03604319099244,NORMAL
10:09:05,,,step_30,구리_전해도금,IDLE,0.2258966171450994,1.279942417124134,0.4878290448555816,9.03604319099244,NORMAL
10:09:10,,,step_30,구리_전해도금,IDLE,0.2258966171450994,1.279942417124134,0.4878290448555816,9.03604319099244,NORMAL
10:09:15,,,step_30,구리_전해도금,IDLE,0.2258966171450994,1.279942417124134,0.4878290448555816,9.03604319099244,NORMAL
10:09:20,,,step_30,구리_전해도금,IDLE,0.2258966171450994,1.279942417124134,0.4878290448555816,9.03604319099244,NORMAL
10:09:25,,,step_30,구리_전해도금,IDLE,0.2258966171450994,1.279942417124134,0.4878290448555816,9.03604319099244,NORMAL
10:09:30,,,step_30,구리_전해도금,IDLE,0.2258966171450994,1.279942417124134,0.4878290448555816,9.03604319099244,NORMAL
10:09:35,,,step_30,구리_전해도금,IDLE,0.2258966171450994,1.279942417124134,0.4878290448555816,9.03604319099244,NORMAL
10:09:40,,,step_30,구리_전해도금,IDLE,0.2258966171450994,1.279942417124134,0.4878290448555816,9.03604319099244,NORMAL
10:09:45,,,step_30,구리_전해도금,IDLE,0.2258966171450994,1.279942417124134,0.4878290448555816,9.03604319099244,NORMAL
10:09:50,,,step_30,구리_전해도금,IDLE,0.2258966171450994,1.279942417124134,0.4878290448555816,9.03604319099244,NORMAL
10:09:55,,,step_30,구리_전해도금,IDLE,0.2258966171450994,1.279942417124134,0.4878290448555816,9.03604319099244,NORMAL
10:10:00,,,step_30,구리_전해도금,IDLE,0.2258966171450994,1.279942417124134,0.4878290448555816,9.03604319099244,NORMAL
10:10:05,,,step_30,구리_전해도금,IDLE,0.2258966171450994,1.279942417124134,0.4878290448555816,9.03604319099244,NORMAL
10:10:10,,,step_30,구리_전해도금,IDLE,0.2258966171450994,1.279942417124134,0.4878290448555816,9.03604319099244,NORMAL
10:10:15,,,step_30,구리_전해도금,IDLE,0.2258966171450994,1.279942417124134,0.4878290448555816,9.03604319099244,NORMAL
10:10:20,,,step_30,구리_전해도금,IDLE,0.2258966171450994,1.279942417124134,0.4878290448555816,9.03604319099244,NORMAL
10:10:25,,,step_30,구리_전해도금,IDLE,0.2258966171450994,1.279942417124134,0.4878290448555816,9.03604319099244,NORMAL
10:10:30,,,step_30,구리_전해도금,IDLE,0.2258966171450994,1.279942417124134,0.4878290448555816,9.03604319099244,NORMAL
10:10:35,,,step_30,구리_전해도금,IDLE,0.2258966171450994,1.279942417124134,0.4878290448555816,9.03604319099244,NORMAL
10:10:40,,,step_30,구리_전해도금,IDLE,0.2258966171450994,1.279942417124134,0.4878290448555816,9.03604319099244,NORMAL
10:10:45,,,step_30,구리_전해도금,IDLE,0.2258966171450994,1.279942417124134,0.4878290448555816,9.03604319099244,NORMAL
10:10:50,,,step_30,구리_전해도금,IDLE,0.2258966171450994,1.279942417124134,0.4878290448555816,9.03604319099244,NORMAL
10:10:55,,,step_30,구리_전해도금,IDLE,0.2258966171450994,1.279942417124134,0.4878290448555816,9.03604319099244,NORMAL
10:11:00,,,step_30,구리_전해도금,IDLE,0.2258966171450994,1.279942417124134,0.4878290448555816,9.03604319099244,NORMAL
10:11:05,,,step_30,구리_전해도금,IDLE,0.2258966171450994,1.279942417124134,0.4878290448555816,9.03604319099244,NORMAL
10:11:10,,,step_30,구리_전해도금,IDLE,0.2258966171450994,1.279942417124134,0.4878290448555816,9.03604319099244,NORMAL
10:11:15,,,step_30,구리_전해도금,IDLE,0.2258966171450994,1.279942417124134,0.4878290448555816,9.03604319099244,NORMAL
10:11:20,,,step_30,구리_전해도금,IDLE,0.2258966171450994,1.279942417124134,0.4878290448555816,9.03604319099244,NORMAL
10:11:25,,,step_30,구리_전해도금,IDLE,0.2258966171450994,1.279942417124134,0.4878290448555816,9.03604319099244,NORMAL
10:11:30,,,step_30,구리_전해도금,IDLE,0.2258966171450994,1.279942417124134,0.4878290448555816,9.03604319099244,NORMAL
10:11:35,,,step_30,구리_전해도금,IDLE,0.2258966171450994,1.279942417124134,0.4878290448555816,9.03604319099244,NORMAL
10:11:40,,,step_30,구리_전해도금,IDLE,0.2258966171450994,1.279942417124134,0.4878290448555816,9.03604319099244,NORMAL
10:11:45,,,step_30,구리_전해도금,IDLE,0.2258966171450994,1.279942417124134,0.4878290448555816,9.03604319099244,NORMAL
10:11:50,,,step_30,구리_전해도금,IDLE,0.2258966171450994,1.279942417124134,0.4878290448555816,9.03604319099244,NORMAL
10:11:55,,,step_30,구리_전해도금,IDLE,0.2258966171450994,1.279942417124134,0.4878290448555816,9.03604319099244,NORMAL
10:12:00,,,step_30,구리_전해도금,IDLE,0.2258966171450994,1.279942417124134,0.4878290448555816,9.03604319099244,NORMAL
10:12:05,,,step_30,구리_전해도금,IDLE,0.2258966171450994,1.279942417124134,0.4878290448555816,9.03604319099244,NORMAL
10:12:10,,,step_30,구리_전해도금,IDLE,0.2258966171450994,1.279942417124134,0.4878290448555816,9.03604319099244,NORMAL
10:12:15,,,step_30,구리_전해도금,IDLE,0.2258966171450994,1.279942417124134,0.4878290448555816,9.03604319099244,NORMAL
10:12:20,,,step_30,구리_전해도금,IDLE,0.2258966171450994,1.279942417124134,0.4878290448555816,9.03604319099244,NORMAL
10:12:25,,,step_30,구리_전해도금,IDLE,0.2258966171450994,1.279942417124134,0.4878290448555816,9.03604319099244,NORMAL
10:12:30,LOT-20260812-A01,W01,step_30,구리_전해도금,IDLE,0.2258966171450994,1.279942417124134,0.4878290448555816,9.03604319099244,NORMAL
10:12:35,LOT-20260812-A01,W02,step_30,구리_전해도금,IDLE,0.2255805360910518,1.2537105591286335,0.5128459189507396,9.018511931349792,NORMAL
10:12:40,LOT-20260812-A01,W03,step_30,구리_전해도금,IDLE,0.2260044279311424,1.2352358857994177,0.4950996346890482,8.990530558879003,NORMAL
10:12:45,LOT-20260812-A01,W04,step_30,구리_전해도금,IDLE,0.2230681867359682,1.237403676715244,0.5070838492629628,8.964241586793216,NORMAL
10:12:50,LOT-20260812-A01,W05,step_30,구리_전해도금,IDLE,0.2278569410628333,1.272089370230402,0.4938577644078343,9.025995250777177,NORMAL
10:12:55,LOT-20260812-A01,W06,step_30,구리_전해도금,IDLE,0.2264130461195551,1.2602574373090567,0.5128459189507396,9.02115813288023,NORMAL
10:13:00,LOT-20260812-A01,W07,step_30,구리_전해도금,IDLE,0.2280060133924367,1.226654765582891,0.4996883699683391,9.02835955683094,NORMAL
10:13:05,LOT-20260812-A01,W08,step_30,구리_전해도금,IDLE,0.2222116403229782,1.2259171215454034,0.4878290448555816,8.921778300758454,NORMAL
10:13:10,LOT-20260812-A01,W09,step_30,구리_전해도금,IDLE,0.2223585335639336,1.2503758182669935,0.5047007642495509,9.01696390714855,NORMAL
10:13:15,LOT-20260812-A01,W10,step_30,구리_전해도금,IDLE,0.2301484874736485,1.2592473256218226,0.5128459189507396,8.984566657632932,NORMAL
10:13:20,LOT-20260812-A01,W11,step_30,구리_전해도금,IDLE,0.2278678232256788,1.239829285348304,0.5118826317537237,8.956070139686487,NORMAL
10:13:25,LOT-20260812-A01,W12,step_30,구리_전해도금,IDLE,0.2229622808668555,1.2247974462606446,0.500935003701818,9.036421347211,NORMAL
10:13:30,LOT-20260812-A01,W13,step_30,구리_전해도금,IDLE,0.2271703815280342,1.2331224239763154,0.5081207532355665,9.008863519514945,NORMAL
10:13:35,LOT-20260812-A01,W14,step_30,구리_전해도금,IDLE,0.2238354644438115,1.2746862664596157,0.4957843192096024,9.117706169319687,NORMAL
10:13:40,LOT-20260812-A01,W15,step_30,구리_전해도금,IDLE,0.2207532261852577,1.2574545501804888,0.5059103765455101,9.024224108054968,NORMAL
10:13:45,LOT-20260812-A01,W16,step_30,구리_전해도금,IDLE,0.2198958373515954,1.2650012309506762,0.5036281291612827,8.985138968604195,NORMAL
10:13:50,LOT-20260812-A01,W17,step_30,구리_전해도금,IDLE,0.2249450279102116,1.267474899764533,0.4878290448555816,8.994585724877805,NORMAL
10:13:55,LOT-20260812-A01,W18,step_30,구리_전해도금,IDLE,0.2289020028920752,1.2406099068836849,0.4899939449211873,8.94140493651836,NORMAL
10:14:00,LOT-20260812-A01,W19,step_30,구리_전해도금,IDLE,0.2288034702407145,1.244404474995696,0.5020784460109847,9.061542408925986,NORMAL
10:14:05,LOT-20260812-A01,W20,step_30,구리_전해도금,IDLE,0.2281503623874214,1.2474799192161767,0.5016499473175635,9.015749264285295,NORMAL
10:14:10,LOT-20260812-A01,W21,step_30,구리_전해도금,RAMP,0.2333001110654931,1.2750010901448845,0.4988369003589607,9.066425936058629,NORMAL
10:14:15,LOT-20260812-A01,W22,step_30,구리_전해도금,RAMP,0.4531736466041214,2.565370290605766,1.003574984745692,17.787156307162064,NORMAL
10:14:20,LOT-20260812-A01,W23,step_30,구리_전해도금,RAMP,0.6865196408934561,3.862192887143289,1.548306706136802,27.155800236551727,NORMAL
10:14:25,LOT-20260812-A01,W24,step_30,구리_전해도금,RAMP,0.8798911364742582,5.048858130184112,2.014164888745934,35.81292040631331,NORMAL
10:14:30,LOT-20260812-A01,W25,step_30,구리_전해도금,RAMP,1.1348978791890387,6.299295150500802,2.406694952706447,44.8892180977653,NORMAL
10:14:35,LOT-20260812-A01,W01,step_30,구리_전해도금,RAMP,1.3387899484129946,7.615597853199665,3.077908385698969,54.025087580052656,NORMAL
10:14:40,LOT-20260812-A01,W02,step_30,구리_전해도금,RAMP,1.5658727694755008,8.737696474253678,3.4237381558406232,62.88381090640759,NORMAL
10:14:45,LOT-20260812-A01,W03,step_30,구리_전해도금,RAMP,1.8069585215955324,10.071340177953308,4.038325705028349,71.84153393789488,NORMAL
10:14:50,LOT-20260812-A01,W04,step_30,구리_전해도금,RAMP,2.0342873068684706,11.284696950607591,4.437427246460345,80.98997294031359,NORMAL
10:14:55,LOT-20260812-A01,W05,step_30,구리_전해도금,RAMP,2.243902915744132,12.536897123038424,5.056937599074793,90.2020013607468,NORMAL
10:15:00,LOT-20260812-B02,W01,step_30,구리_전해도금,RAMP,2.4814619296075224,13.73712832454356,5.488880038156674,99.17901525266456,NORMAL
10:15:05,LOT-20260812-B02,W02,step_30,구리_전해도금,RAMP,2.7056293193493626,14.916346043528032,6.015371102244644,108.14148310965552,NORMAL
10:15:10,LOT-20260812-B02,W03,step_30,구리_전해도금,RAMP,2.9218935273055435,16.270690058562415,6.420553602861121,117.09724796671156,NORMAL
10:15:15,LOT-20260812-B02,W04,step_30,구리_전해도금,RAMP,3.1515385086040477,17.520945016123825,7.029182526611725,125.90488718815172,NORMAL
10:15:20,LOT-20260812-B02,W05,step_30,구리_전해도금,RAMP,3.395808840480235,18.7154734155954,7.516652088483067,135.22417451655852,NORMAL
10:15:25,LOT-20260812-B02,W06,step_30,구리_전해도금,RAMP,3.597184319719478,19.9941959096027,8.024692930671627,143.6528194926093,NORMAL
10:15:30,LOT-20260812-B02,W07,step_30,구리_전해도금,RAMP,3.8225290801007312,21.19708639254557,8.537984664944194,153.08675785432754,NORMAL
10:15:35,LOT-20260812-B02,W08,step_30,구리_전해도금,RAMP,4.051500071428856,22.447595340111462,9.007140354779946,162.16825899682314,NORMAL
10:15:40,LOT-20260812-B02,W09,step_30,구리_전해도금,RAMP,4.273170466038095,23.721142195202557,9.491571677198866,170.98194168621976,NORMAL
10:15:45,LOT-20260812-B02,W10,step_30,구리_전해도금,RAMP,4.507905023980844,24.920293705146744,9.967563726136015,179.85554164704948,NORMAL
10:15:50,LOT-20260812-B02,W11,step_30,구리_전해도금,ACTIVE,4.522038659391286,24.94748696586781,9.973413147371383,179.98888229318408,NORMAL
10:15:55,LOT-20260812-B02,W12,step_30,구리_전해도금,ACTIVE,4.496299968913006,25.064236114555577,10.07238967717132,179.77272149078556,NORMAL
10:16:00,LOT-20260812-B02,W13,step_30,구리_전해도금,ACTIVE,4.487148222833527,25.131050612560006,9.949732622566088,180.15427819730493,NORMAL
10:16:05,LOT-20260812-B02,W14,step_30,구리_전해도금,ACTIVE,4.529623619145165,25.186789403025283,9.8894142536576,180.2837200973979,NORMAL
10:16:10,LOT-20260812-B02,W15,step_30,구리_전해도금,ACTIVE,4.5017971421438085,24.963987996114746,9.940748024396076,180.1340069345906,NORMAL
10:16:15,LOT-20260812-B02,W16,step_30,구리_전해도금,ACTIVE,4.47443208386398,25.10800961415655,10.036362560781464,180.1161406650968,NORMAL
10:16:20,LOT-20260812-B02,W17,step_30,구리_전해도금,ACTIVE,4.527934111915454,25.03025565345344,9.981828865383754,180.2280952670427,NORMAL
10:16:25,LOT-20260812-B02,W18,step_30,구리_전해도금,ACTIVE,4.516892814984819,24.978638132841613,10.03626961937852,180.26276679197667,NORMAL
10:16:30,LOT-20260812-B02,W19,step_30,구리_전해도금,ACTIVE,4.524020137840677,25.036198275760203,9.879972335174116,179.76651788714386,NORMAL
10:16:35,LOT-20260812-B02,W20,step_30,구리_전해도금,ACTIVE,4.521513712860839,25.09919131372913,9.821047485255797,179.53860201701175,NORMAL
10:16:40,LOT-20260812-B02,W21,step_30,구리_전해도금,ACTIVE,4.539674820931911,24.955152903280016,10.01584651418239,180.0833659971762,NORMAL
10:16:45,LOT-20260812-B02,W22,step_30,구리_전해도금,ACTIVE,4.484445949464633,24.95308116865855,10.0602815732041,180.27731570932824,NORMAL
10:16:50,LOT-20260812-B02,W23,step_30,구리_전해도금,ACTIVE,4.48806527887943,24.963119797220862,9.89734028664418,179.52573046549668,NORMAL
10:16:55,LOT-20260812-B02,W24,step_30,구리_전해도금,ACTIVE,4.492616044798658,24.94359033571969,10.03156259316039,180.0206496229049,NORMAL
10:17:00,LOT-20260812-B02,W25,step_30,구리_전해도금,ACTIVE,4.492187306903316,25.107899426331105,10.071415814414722,180.3385007039184,NORMAL
10:17:05,LOT-20260812-B02,W01,step_30,구리_전해도금,ACTIVE,4.501844267730948,24.931253571542868,9.999736987485347,179.96506257114902,NORMAL
10:17:10,LOT-20260812-B02,W02,step_30,구리_전해도금,ACTIVE,4.492651519445121,24.94711463683255,10.054065450360172,180.4563402884219,NORMAL
10:17:15,LOT-20260812-B02,W03,step_30,구리_전해도금,ACTIVE,4.482156740967539,25.02800827914466,10.011424458049085,180.4001516772436,NORMAL
10:17:20,LOT-20260812-B02,W04,step_30,구리_전해도금,ACTIVE,4.486883437148087,25.02072932228605,9.984223937483586,179.9451862359728,NORMAL
10:17:25,LOT-20260812-B02,W05,step_30,구리_전해도금,ACTIVE,4.495593703728071,24.963113496247114,10.049260932460532,179.88967808892534,NORMAL
10:17:30,LOT-20260812-B02,W06,step_30,구리_전해도금,ACTIVE,4.517164506761112,25.151525920516857,10.114767855134948,179.89519920100102,NORMAL
10:17:35,LOT-20260812-B02,W07,step_30,구리_전해도금,ACTIVE,4.491370347110219,24.943242776857875,9.966529531466929,180.04045647870777,NORMAL
10:17:40,LOT-20260812-B02,W08,step_30,구리_전해도금,ACTIVE,4.512149517285834,24.984602263845584,9.994736099979026,179.6479489612252,NORMAL
10:17:45,LOT-20260812-B02,W09,step_30,구리_전해도금,ACTIVE,4.48018081614392,24.82659245154288,9.940558872712405,179.59248868062878,NORMAL
10:17:50,LOT-20260812-B02,W10,step_30,구리_전해도금,ACTIVE,4.45201653480175,24.9725502066545,10.009312812666767,179.31855157045106,NORMAL
10:17:55,LOT-20260812-B02,W11,step_30,구리_전해도금,ACTIVE,4.498002373540163,24.880933909682344,9.990616037832975,179.99365410803622,NORMAL
10:18:00,LOT-20260812-C03,W01,step_30,구리_전해도금,ACTIVE,4.4908498690280725,24.917536145188794,10.069507116602212,180.61166548054655,NORMAL
10:18:05,LOT-20260812-C03,W02,step_30,구리_전해도금,ACTIVE,4.486773942038926,24.823972633514217,10.085184890119892,179.40284461531706,NORMAL
10:18:10,LOT-20260812-C03,W03,step_30,구리_전해도금,ACTIVE,4.48501724592858,24.919674610639795,10.047279127197225,179.94475113675773,NORMAL
10:18:15,LOT-20260812-C03,W04,step_30,구리_전해도금,ACTIVE,4.489387272792255,24.993244490193195,10.062805860662884,179.93573777975269,NORMAL
10:18:20,LOT-20260812-C03,W05,step_30,구리_전해도금,ACTIVE,4.485189751027339,24.97802364055489,9.957709826999276,179.95438012484271,NORMAL
10:18:25,LOT-20260812-C03,W06,step_30,구리_전해도금,ACTIVE,4.486548959275512,24.9626705165326,9.942704084913988,180.37704037481905,NORMAL
10:18:30,LOT-20260812-C03,W07,step_30,구리_전해도금,ACTIVE,4.479617289726175,24.970758662546597,10.02620904254347,179.73347913727702,NORMAL
10:18:35,LOT-20260812-C03,W08,step_30,구리_전해도금,ACTIVE,4.468058990533125,24.954550862865045,10.001201215435676,179.4161240420998,NORMAL
10:18:40,LOT-20260812-C03,W09,step_30,구리_전해도금,ACTIVE,4.466858887677875,24.996885682321665,10.119951332879058,179.83971508455124,NORMAL
10:18:45,LOT-20260812-C03,W10,step_30,구리_전해도금,ACTIVE,4.536916336977542,24.990079624603798,9.884701331024274,179.7996496991855,NORMAL
10:18:50,LOT-20260812-C03,W11,step_30,구리_전해도금,ACTIVE,4.499051298132991,25.0247482469968,10.037174848372237,179.33072609758776,NORMAL
10:18:55,LOT-20260812-C03,W12,step_30,구리_전해도금,ACTIVE,4.522868136694563,24.981913397458182,10.036183047108937,180.07364601885106,NORMAL
10:19:00,LOT-20260812-C03,W13,step_30,구리_전해도금,ACTIVE,4.497336133070661,24.960970627579947,9.954282532225015,179.64419621183782,NORMAL
10:19:05,LOT-20260812-C03,W14,step_30,구리_전해도금,ACTIVE,4.497835851623304,25.07004000852437,9.94194537009981,179.97507014553307,NORMAL
10:19:10,LOT-20260812-C03,W15,step_30,구리_전해도금,ACTIVE,4.504600059361986,25.054258613149035,9.979644289705666,179.89114798235454,NORMAL
10:19:15,LOT-20260812-C03,W16,step_30,구리_전해도금,ACTIVE,4.50960105972217,24.9970816877432,9.901509327085144,179.6777952085831,NORMAL
10:19:20,LOT-20260812-C03,W17,step_30,구리_전해도금,ACTIVE,4.4812999582062,25.107559308228996,10.087439968248107,180.26718815285705,NORMAL
10:19:25,LOT-20260812-C03,W18,step_30,구리_전해도금,ACTIVE,4.494303377293527,25.00743840930197,10.162043736800833,179.91556202887756,NORMAL
10:19:30,LOT-20260812-C03,W19,step_30,구리_전해도금,ACTIVE,4.504571726422293,24.98549446203364,9.979522940297787,180.01628147010865,NORMAL
10:19:35,LOT-20260812-C03,W20,step_30,구리_전해도금,ACTIVE,4.4709971139132,24.99382676594906,9.961642289248026,180.17592187695084,NORMAL
10:19:40,LOT-20260812-C03,W21,step_30,구리_전해도금,ACTIVE,4.519460074813544,25.01486055669633,9.921348498972272,180.08655049371484,NORMAL
10:19:45,LOT-20260812-C03,W22,step_30,구리_전해도금,ACTIVE,4.515941361266139,24.91745199434921,9.934231794668989,180.04350003377496,NORMAL
10:19:50,LOT-20260812-C03,W23,step_30,구리_전해도금,ACTIVE,4.468473354293404,24.831373486758807,9.964633334699814,179.75274241089338,NORMAL
10:19:55,LOT-20260812-C03,W24,step_30,구리_전해도금,ACTIVE,4.486814992872573,25.02533240243645,10.072526076450858,179.6663264203037,NORMAL
10:20:00,LOT-20260812-C03,W25,step_30,구리_전해도금,ACTIVE,4.501572746123907,25.075063223034697,10.191580437124978,180.04735425347675,NORMAL
10:20:05,LOT-20260812-C03,W01,step_30,구리_전해도금,ACTIVE,4.512627634650065,24.909913740498208,9.956630442152491,179.71142534682085,NORMAL
10:20:10,LOT-20260812-C03,W02,step_30,구리_전해도금,ACTIVE,4.52289190794311,25.096576549032115,9.945876796162104,180.2383323326978,NORMAL
10:20:15,LOT-20260812-C03,W03,step_30,구리_전해도금,ACTIVE,4.4904398794017775,24.851818974880526,9.929920407405254,179.96113807765437,NORMAL
10:20:20,LOT-20260812-C03,W04,step_30,구리_전해도금,ACTIVE,4.535072560137112,24.949709055453525,10.02704736574455,180.1945836074952,NORMAL
10:20:25,LOT-20260812-C03,W05,step_30,구리_전해도금,ACTIVE,4.499268610133016,25.15354142399957,10.020653254710275,179.70426835911843,NORMAL
10:20:30,LOT-20260812-C03,W06,step_30,구리_전해도금,ACTIVE,4.496638081466385,25.032034283728407,10.006055548138848,179.65764056070174,NORMAL
10:20:35,LOT-20260812-C03,W07,step_30,구리_전해도금,ACTIVE,4.5084258713087335,24.97277702118545,9.973341776975868,180.50366193675043,NORMAL
10:20:40,LOT-20260812-C03,W08,step_30,구리_전해도금,ACTIVE,4.504661857750452,25.02270572517684,10.081552281949822,179.95515939167936,NORMAL
10:20:45,LOT-20260812-C03,W09,step_30,구리_전해도금,ACTIVE,4.503823258123398,25.107670887932567,10.045855661758466,180.27396487761408,NORMAL
10:20:50,,,step_30,구리_전해도금,IDLE,4.503823258123398,25.107670887932567,10.045855661758466,180.27396487761408,NORMAL
10:20:55,,,step_30,구리_전해도금,IDLE,4.503823258123398,25.107670887932567,10.045855661758466,180.27396487761408,NORMAL
10:21:00,,,step_30,구리_전해도금,IDLE,4.503823258123398,25.107670887932567,10.045855661758466,180.27396487761408,NORMAL
10:21:05,,,step_30,구리_전해도금,IDLE,4.503823258123398,25.107670887932567,10.045855661758466,180.27396487761408,NORMAL
10:21:10,,,step_30,구리_전해도금,IDLE,4.503823258123398,25.107670887932567,10.045855661758466,180.27396487761408,NORMAL
10:21:15,,,step_30,구리_전해도금,IDLE,4.503823258123398,25.107670887932567,10.045855661758466,180.27396487761408,NORMAL
10:21:20,,,step_30,구리_전해도금,IDLE,4.503823258123398,25.107670887932567,10.045855661758466,180.27396487761408,NORMAL
10:21:25,,,step_30,구리_전해도금,IDLE,4.503823258123398,25.107670887932567,10.045855661758466,180.27396487761408,NORMAL
10:21:30,,,step_30,구리_전해도금,IDLE,4.503823258123398,25.107670887932567,10.045855661758466,180.27396487761408,NORMAL
10:21:35,,,step_30,구리_전해도금,IDLE,4.503823258123398,25.107670887932567,10.045855661758466,180.27396487761408,NORMAL
10:21:40,,,step_30,구리_전해도금,IDLE,4.503823258123398,25.107670887932567,10.045855661758466,180.27396487761408,NORMAL
10:21:45,,,step_30,구리_전해도금,IDLE,4.503823258123398,25.107670887932567,10.045855661758466,180.27396487761408,NORMAL
10:21:50,,,step_30,구리_전해도금,IDLE,4.503823258123398,25.107670887932567,10.045855661758466,180.27396487761408,NORMAL
10:21:55,,,step_30,구리_전해도금,IDLE,4.503823258123398,25.107670887932567,10.045855661758466,180.27396487761408,NORMAL
10:22:00,,,step_30,구리_전해도금,IDLE,4.503823258123398,25.107670887932567,10.045855661758466,180.27396487761408,NORMAL
10:22:05,,,step_30,구리_전해도금,IDLE,4.503823258123398,25.107670887932567,10.045855661758466,180.27396487761408,NORMAL
10:22:10,,,step_30,구리_전해도금,IDLE,4.503823258123398,25.107670887932567,10.045855661758466,180.27396487761408,NORMAL
10:22:15,,,step_30,구리_전해도금,IDLE,4.503823258123398,25.107670887932567,10.045855661758466,180.27396487761408,NORMAL
10:22:20,,,step_30,구리_전해도금,IDLE,4.503823258123398,25.107670887932567,10.045855661758466,180.27396487761408,NORMAL
10:22:25,,,step_30,구리_전해도금,IDLE,4.503823258123398,25.107670887932567,10.045855661758466,180.27396487761408,NORMAL
10:22:30,,,step_30,구리_전해도금,IDLE,4.503823258123398,25.107670887932567,10.045855661758466,180.27396487761408,NORMAL
10:22:35,,,step_30,구리_전해도금,IDLE,4.503823258123398,25.107670887932567,10.045855661758466,180.27396487761408,NORMAL
10:22:40,,,step_30,구리_전해도금,IDLE,4.503823258123398,25.107670887932567,10.045855661758466,180.27396487761408,NORMAL
10:22:45,,,step_30,구리_전해도금,IDLE,4.503823258123398,25.107670887932567,10.045855661758466,180.27396487761408,NORMAL
10:22:50,,,step_30,구리_전해도금,IDLE,4.503823258123398,25.107670887932567,10.045855661758466,180.27396487761408,NORMAL
10:22:55,,,step_30,구리_전해도금,IDLE,4.503823258123398,25.107670887932567,10.045855661758466,180.27396487761408,NORMAL
10:23:00,,,step_30,구리_전해도금,IDLE,4.503823258123398,25.107670887932567,10.045855661758466,180.27396487761408,NORMAL
10:23:05,,,step_30,구리_전해도금,IDLE,4.503823258123398,25.107670887932567,10.045855661758466,180.27396487761408,NORMAL
10:23:10,,,step_30,구리_전해도금,IDLE,4.503823258123398,25.107670887932567,10.045855661758466,180.27396487761408,NORMAL
10:23:15,,,step_30,구리_전해도금,IDLE,4.503823258123398,25.107670887932567,10.045855661758466,180.27396487761408,NORMAL
10:23:20,,,step_30,구리_전해도금,IDLE,4.503823258123398,25.107670887932567,10.045855661758466,180.27396487761408,NORMAL
10:23:25,,,step_30,구리_전해도금,IDLE,4.503823258123398,25.107670887932567,10.045855661758466,180.27396487761408,NORMAL
10:23:30,,,step_30,구리_전해도금,IDLE,4.503823258123398,25.107670887932567,10.045855661758466,180.27396487761408,NORMAL
10:23:35,,,step_30,구리_전해도금,IDLE,4.503823258123398,25.107670887932567,10.045855661758466,180.27396487761408,NORMAL
10:23:40,,,step_30,구리_전해도금,IDLE,4.503823258123398,25.107670887932567,10.045855661758466,180.27396487761408,NORMAL
10:23:45,,,step_30,구리_전해도금,IDLE,4.503823258123398,25.107670887932567,10.045855661758466,180.27396487761408,NORMAL
10:23:50,,,step_30,구리_전해도금,IDLE,4.503823258123398,25.107670887932567,10.045855661758466,180.27396487761408,NORMAL
10:23:55,,,step_30,구리_전해도금,IDLE,4.503823258123398,25.107670887932567,10.045855661758466,180.27396487761408,NORMAL
10:24:00,,,step_30,구리_전해도금,IDLE,4.503823258123398,25.107670887932567,10.045855661758466,180.27396487761408,NORMAL
10:24:05,,,step_30,구리_전해도금,IDLE,4.503823258123398,25.107670887932567,10.045855661758466,180.27396487761408,NORMAL
10:24:10,,,step_30,구리_전해도금,IDLE,4.503823258123398,25.107670887932567,10.045855661758466,180.27396487761408,NORMAL
10:24:15,,,step_30,구리_전해도금,IDLE,4.503823258123398,25.107670887932567,10.045855661758466,180.27396487761408,NORMAL
10:24:20,,,step_30,구리_전해도금,IDLE,4.503823258123398,25.107670887932567,10.045855661758466,180.27396487761408,NORMAL
10:24:25,,,step_30,구리_전해도금,IDLE,4.503823258123398,25.107670887932567,10.045855661758466,180.27396487761408,NORMAL
10:24:30,,,step_30,구리_전해도금,IDLE,4.503823258123398,25.107670887932567,10.045855661758466,180.27396487761408,NORMAL
10:24:35,,,step_30,구리_전해도금,IDLE,4.503823258123398,25.107670887932567,10.045855661758466,180.27396487761408,NORMAL
10:24:40,,,step_30,구리_전해도금,IDLE,4.503823258123398,25.107670887932567,10.045855661758466,180.27396487761408,NORMAL
10:24:45,,,step_30,구리_전해도금,IDLE,4.503823258123398,25.107670887932567,10.045855661758466,180.27396487761408,NORMAL
10:24:50,,,step_30,구리_전해도금,IDLE,4.503823258123398,25.107670887932567,10.045855661758466,180.27396487761408,NORMAL
10:24:55,,,step_30,구리_전해도금,IDLE,4.503823258123398,25.107670887932567,10.045855661758466,180.27396487761408,NORMAL
10:25:00,,,step_30,구리_전해도금,IDLE,4.503823258123398,25.107670887932567,10.045855661758466,180.27396487761408,NORMAL
10:25:05,,,step_30,구리_전해도금,IDLE,4.503823258123398,25.107670887932567,10.045855661758466,180.27396487761408,NORMAL
10:25:10,,,step_30,구리_전해도금,IDLE,4.503823258123398,25.107670887932567,10.045855661758466,180.27396487761408,NORMAL
10:25:15,,,step_30,구리_전해도금,IDLE,4.503823258123398,25.107670887932567,10.045855661758466,180.27396487761408,NORMAL
10:25:20,,,step_30,구리_전해도금,IDLE,4.503823258123398,25.107670887932567,10.045855661758466,180.27396487761408,NORMAL
10:25:25,,,step_30,구리_전해도금,IDLE,4.503823258123398,25.107670887932567,10.045855661758466,180.27396487761408,NORMAL
10:25:30,,,step_30,구리_전해도금,IDLE,4.503823258123398,25.107670887932567,10.045855661758466,180.27396487761408,NORMAL
10:25:35,,,step_30,구리_전해도금,IDLE,4.503823258123398,25.107670887932567,10.045855661758466,180.27396487761408,NORMAL
10:25:40,,,step_30,구리_전해도금,IDLE,4.503823258123398,25.107670887932567,10.045855661758466,180.27396487761408,NORMAL
10:25:45,,,step_30,구리_전해도금,IDLE,4.503823258123398,25.107670887932567,10.045855661758466,180.27396487761408,NORMAL
10:25:50,,,step_30,구리_전해도금,IDLE,4.503823258123398,25.107670887932567,10.045855661758466,180.27396487761408,NORMAL
10:25:55,,,step_30,구리_전해도금,IDLE,4.503823258123398,25.107670887932567,10.045855661758466,180.27396487761408,NORMAL
10:26:00,,,step_30,구리_전해도금,IDLE,4.503823258123398,25.107670887932567,10.045855661758466,180.27396487761408,NORMAL
10:26:05,,,step_30,구리_전해도금,IDLE,4.503823258123398,25.107670887932567,10.045855661758466,180.27396487761408,NORMAL
10:26:10,,,step_30,구리_전해도금,IDLE,4.503823258123398,25.107670887932567,10.045855661758466,180.27396487761408,NORMAL
10:26:15,,,step_30,구리_전해도금,IDLE,4.503823258123398,25.107670887932567,10.045855661758466,180.27396487761408,NORMAL
10:26:20,,,step_30,구리_전해도금,IDLE,4.503823258123398,25.107670887932567,10.045855661758466,180.27396487761408,NORMAL
10:26:25,,,step_30,구리_전해도금,IDLE,4.503823258123398,25.107670887932567,10.045855661758466,180.27396487761408,NORMAL
10:26:30,,,step_30,구리_전해도금,IDLE,4.503823258123398,25.107670887932567,10.045855661758466,180.27396487761408,NORMAL
10:26:35,,,step_30,구리_전해도금,IDLE,4.503823258123398,25.107670887932567,10.045855661758466,180.27396487761408,NORMAL
10:26:40,,,step_30,구리_전해도금,IDLE,4.503823258123398,25.107670887932567,10.045855661758466,180.27396487761408,NORMAL
10:26:45,,,step_30,구리_전해도금,IDLE,4.503823258123398,25.107670887932567,10.045855661758466,180.27396487761408,NORMAL
10:26:50,,,step_30,구리_전해도금,IDLE,4.503823258123398,25.107670887932567,10.045855661758466,180.27396487761408,NORMAL
10:26:55,,,step_30,구리_전해도금,IDLE,4.503823258123398,25.107670887932567,10.045855661758466,180.27396487761408,NORMAL
10:27:00,,,step_30,구리_전해도금,IDLE,4.503823258123398,25.107670887932567,10.045855661758466,180.27396487761408,NORMAL
10:27:05,,,step_30,구리_전해도금,IDLE,4.503823258123398,25.107670887932567,10.045855661758466,180.27396487761408,NORMAL
10:27:10,,,step_30,구리_전해도금,IDLE,4.503823258123398,25.107670887932567,10.045855661758466,180.27396487761408,NORMAL
10:27:15,,,step_30,구리_전해도금,IDLE,4.503823258123398,25.107670887932567,10.045855661758466,180.27396487761408,NORMAL
10:27:20,,,step_30,구리_전해도금,IDLE,4.503823258123398,25.107670887932567,10.045855661758466,180.27396487761408,NORMAL
10:27:25,,,step_30,구리_전해도금,IDLE,4.503823258123398,25.107670887932567,10.045855661758466,180.27396487761408,NORMAL
10:27:30,,,step_30,구리_전해도금,IDLE,4.503823258123398,25.107670887932567,10.045855661758466,180.27396487761408,NORMAL
10:27:35,,,step_30,구리_전해도금,IDLE,4.503823258123398,25.107670887932567,10.045855661758466,180.27396487761408,NORMAL
10:27:40,,,step_30,구리_전해도금,IDLE,4.503823258123398,25.107670887932567,10.045855661758466,180.27396487761408,NORMAL
10:27:45,,,step_30,구리_전해도금,IDLE,4.503823258123398,25.107670887932567,10.045855661758466,180.27396487761408,NORMAL
10:27:50,,,step_30,구리_전해도금,IDLE,4.503823258123398,25.107670887932567,10.045855661758466,180.27396487761408,NORMAL
10:27:55,,,step_30,구리_전해도금,IDLE,4.503823258123398,25.107670887932567,10.045855661758466,180.27396487761408,NORMAL
10:28:00,,,step_30,구리_전해도금,IDLE,4.503823258123398,25.107670887932567,10.045855661758466,180.27396487761408,NORMAL
10:28:05,,,step_30,구리_전해도금,IDLE,4.503823258123398,25.107670887932567,10.045855661758466,180.27396487761408,NORMAL
10:28:10,,,step_30,구리_전해도금,IDLE,4.503823258123398,25.107670887932567,10.045855661758466,180.27396487761408,NORMAL
10:28:15,,,step_30,구리_전해도금,IDLE,4.503823258123398,25.107670887932567,10.045855661758466,180.27396487761408,NORMAL
10:28:20,,,step_30,구리_전해도금,IDLE,4.503823258123398,25.107670887932567,10.045855661758466,180.27396487761408,NORMAL
10:28:25,,,step_30,구리_전해도금,IDLE,4.503823258123398,25.107670887932567,10.045855661758466,180.27396487761408,NORMAL
10:28:30,,,step_30,구리_전해도금,IDLE,4.503823258123398,25.107670887932567,10.045855661758466,180.27396487761408,NORMAL
10:28:35,,,step_30,구리_전해도금,IDLE,4.503823258123398,25.107670887932567,10.045855661758466,180.27396487761408,NORMAL
10:28:40,,,step_30,구리_전해도금,IDLE,4.503823258123398,25.107670887932567,10.045855661758466,180.27396487761408,NORMAL
10:28:45,,,step_30,구리_전해도금,IDLE,4.503823258123398,25.107670887932567,10.045855661758466,180.27396487761408,NORMAL
10:28:50,,,step_30,구리_전해도금,IDLE,4.503823258123398,25.107670887932567,10.045855661758466,180.27396487761408,NORMAL
10:28:55,,,step_30,구리_전해도금,IDLE,4.503823258123398,25.107670887932567,10.045855661758466,180.27396487761408,NORMAL
10:29:00,,,step_30,구리_전해도금,IDLE,4.503823258123398,25.107670887932567,10.045855661758466,180.27396487761408,NORMAL
10:29:05,,,step_30,구리_전해도금,IDLE,4.503823258123398,25.107670887932567,10.045855661758466,180.27396487761408,NORMAL
10:29:10,,,step_30,구리_전해도금,IDLE,4.503823258123398,25.107670887932567,10.045855661758466,180.27396487761408,NORMAL
10:29:15,,,step_30,구리_전해도금,IDLE,4.503823258123398,25.107670887932567,10.045855661758466,180.27396487761408,NORMAL
10:29:20,,,step_30,구리_전해도금,IDLE,4.503823258123398,25.107670887932567,10.045855661758466,180.27396487761408,NORMAL
10:29:25,,,step_30,구리_전해도금,IDLE,4.503823258123398,25.107670887932567,10.045855661758466,180.27396487761408,NORMAL
10:29:30,,,step_30,구리_전해도금,IDLE,4.503823258123398,25.107670887932567,10.045855661758466,180.27396487761408,NORMAL
10:29:35,,,step_30,구리_전해도금,IDLE,4.503823258123398,25.107670887932567,10.045855661758466,180.27396487761408,NORMAL
10:29:40,,,step_30,구리_전해도금,IDLE,4.503823258123398,25.107670887932567,10.045855661758466,180.27396487761408,NORMAL
10:29:45,,,step_30,구리_전해도금,IDLE,4.503823258123398,25.107670887932567,10.045855661758466,180.27396487761408,NORMAL
10:29:50,,,step_30,구리_전해도금,IDLE,4.503823258123398,25.107670887932567,10.045855661758466,180.27396487761408,NORMAL
10:29:55,,,step_30,구리_전해도금,IDLE,4.503823258123398,25.107670887932567,10.045855661758466,180.27396487761408,NORMAL
10:30:00,,,step_30,구리_전해도금,IDLE,4.503823258123398,25.107670887932567,10.045855661758466,180.27396487761408,NORMAL
10:30:05,,,step_30,구리_전해도금,IDLE,4.503823258123398,25.107670887932567,10.045855661758466,180.27396487761408,NORMAL
10:30:10,,,step_30,구리_전해도금,IDLE,4.503823258123398,25.107670887932567,10.045855661758466,180.27396487761408,NORMAL
10:30:15,,,step_30,구리_전해도금,IDLE,4.503823258123398,25.107670887932567,10.045855661758466,180.27396487761408,NORMAL
10:30:20,,,step_30,구리_전해도금,IDLE,4.503823258123398,25.107670887932567,10.045855661758466,180.27396487761408,NORMAL
10:30:25,,,step_30,구리_전해도금,IDLE,4.503823258123398,25.107670887932567,10.045855661758466,180.27396487761408,NORMAL
10:30:30,,,step_30,구리_전해도금,IDLE,4.503823258123398,25.107670887932567,10.045855661758466,180.27396487761408,NORMAL
10:30:35,,,step_30,구리_전해도금,IDLE,4.503823258123398,25.107670887932567,10.045855661758466,180.27396487761408,NORMAL
10:30:40,,,step_30,구리_전해도금,IDLE,4.503823258123398,25.107670887932567,10.045855661758466,180.27396487761408,NORMAL
10:30:45,,,step_30,구리_전해도금,IDLE,4.503823258123398,25.107670887932567,10.045855661758466,180.27396487761408,NORMAL
10:30:50,,,step_30,구리_전해도금,IDLE,4.503823258123398,25.107670887932567,10.045855661758466,180.27396487761408,NORMAL
10:30:55,,,step_30,구리_전해도금,IDLE,4.503823258123398,25.107670887932567,10.045855661758466,180.27396487761408,NORMAL
10:31:00,,,step_30,구리_전해도금,IDLE,4.503823258123398,25.107670887932567,10.045855661758466,180.27396487761408,NORMAL
10:31:05,,,step_30,구리_전해도금,IDLE,4.503823258123398,25.107670887932567,10.045855661758466,180.27396487761408,NORMAL
10:31:10,,,step_30,구리_전해도금,IDLE,4.503823258123398,25.107670887932567,10.045855661758466,180.27396487761408,NORMAL
10:31:15,,,step_30,구리_전해도금,IDLE,4.503823258123398,25.107670887932567,10.045855661758466,180.27396487761408,NORMAL
10:31:20,,,step_30,구리_전해도금,IDLE,4.503823258123398,25.107670887932567,10.045855661758466,180.27396487761408,NORMAL
10:31:25,,,step_30,구리_전해도금,IDLE,4.503823258123398,25.107670887932567,10.045855661758466,180.27396487761408,NORMAL
10:31:30,,,step_30,구리_전해도금,IDLE,4.503823258123398,25.107670887932567,10.045855661758466,180.27396487761408,NORMAL
10:31:35,,,step_30,구리_전해도금,IDLE,4.503823258123398,25.107670887932567,10.045855661758466,180.27396487761408,NORMAL
10:31:40,,,step_30,구리_전해도금,IDLE,4.503823258123398,25.107670887932567,10.045855661758466,180.27396487761408,NORMAL
10:31:45,,,step_30,구리_전해도금,IDLE,4.503823258123398,25.107670887932567,10.045855661758466,180.27396487761408,NORMAL
10:31:50,,,step_30,구리_전해도금,IDLE,4.503823258123398,25.107670887932567,10.045855661758466,180.27396487761408,NORMAL
10:31:55,,,step_30,구리_전해도금,IDLE,4.503823258123398,25.107670887932567,10.045855661758466,180.27396487761408,NORMAL
10:32:00,,,step_30,구리_전해도금,IDLE,4.503823258123398,25.107670887932567,10.045855661758466,180.27396487761408,NORMAL
10:32:05,,,step_30,구리_전해도금,IDLE,4.503823258123398,25.107670887932567,10.045855661758466,180.27396487761408,NORMAL
10:32:10,,,step_30,구리_전해도금,IDLE,4.503823258123398,25.107670887932567,10.045855661758466,180.27396487761408,NORMAL
10:32:15,,,step_30,구리_전해도금,IDLE,4.503823258123398,25.107670887932567,10.045855661758466,180.27396487761408,NORMAL
10:32:20,,,step_30,구리_전해도금,IDLE,4.503823258123398,25.107670887932567,10.045855661758466,180.27396487761408,NORMAL
10:32:25,,,step_30,구리_전해도금,IDLE,4.503823258123398,25.107670887932567,10.045855661758466,180.27396487761408,NORMAL
10:32:30,,,step_30,구리_전해도금,IDLE,4.503823258123398,25.107670887932567,10.045855661758466,180.27396487761408,NORMAL
10:32:35,,,step_30,구리_전해도금,IDLE,4.503823258123398,25.107670887932567,10.045855661758466,180.27396487761408,NORMAL
10:32:40,,,step_30,구리_전해도금,IDLE,4.503823258123398,25.107670887932567,10.045855661758466,180.27396487761408,NORMAL
10:32:45,,,step_30,구리_전해도금,IDLE,4.503823258123398,25.107670887932567,10.045855661758466,180.27396487761408,NORMAL
10:32:50,,,step_30,구리_전해도금,IDLE,4.503823258123398,25.107670887932567,10.045855661758466,180.27396487761408,NORMAL
10:32:55,,,step_30,구리_전해도금,IDLE,4.503823258123398,25.107670887932567,10.045855661758466,180.27396487761408,NORMAL
10:33:00,,,step_30,구리_전해도금,IDLE,4.503823258123398,25.107670887932567,10.045855661758466,180.27396487761408,NORMAL
10:33:05,,,step_30,구리_전해도금,IDLE,4.503823258123398,25.107670887932567,10.045855661758466,180.27396487761408,NORMAL
10:33:10,,,step_30,구리_전해도금,IDLE,4.503823258123398,25.107670887932567,10.045855661758466,180.27396487761408,NORMAL
10:33:15,,,step_30,구리_전해도금,IDLE,4.503823258123398,25.107670887932567,10.045855661758466,180.27396487761408,NORMAL
